2026/07/31 22:17:38.638, 37.67, 250.00, 0, 1140, 1215, 44, P0
2026/07/31 22:17:38.845, 37.67, 250.00, 0, 1140, 1215, 44, P0
2026/07/31 22:17:39.045, 37.57, 250.00, 0, 1140, 1215, 44, P0
2026/07/31 22:17:39.246, 37.66, 250.00, 0, 1140, 1215, 44, P0
2026/07/31 22:17:39.549, 39.82, 250.00, 0, 1140, 1215, 44, P0
2026/07/31 22:17:39.750, 51.60, 250.00, 0, 1410, 1215, 44, P0
2026/07/31 22:17:39.951, 51.00, 250.00, 11, 1410, 1215, 44, P0
2026/07/31 22:17:40.151, 51.18, 250.00, 2, 1410, 1215, 44, P0
2026/07/31 22:17:40.351, 50.89, 250.00, 0, 1410, 1215, 44, P0
2026/07/31 22:17:40.552, 51.06, 250.00, 0, 1410, 1215, 44, P0
2026/07/31 22:17:40.752, 50.99, 250.00, 0, 1410, 1215, 44, P0
2026/07/31 22:17:40.953, 50.99, 250.00, 0, 1410, 1215, 44, P0
2026/07/31 22:17:41.153, 51.36, 250.00, 0, 1410, 1215, 44, P0
2026/07/31 22:17:41.353, 51.19, 250.00, 0, 1410, 1215, 44, P0
2026/07/31 22:17:41.554, 37.83, 250.00, 2, 1140, 1215, 44, P0
2026/07/31 22:17:41.754, 37.89, 250.00, 2, 1140, 1215, 44, P0
2026/07/31 22:17:41.955, 72.21, 250.00, 18, 1140, 1215, 45, P0
2026/07/31 22:17:42.155, 215.14, 250.00, 60, 1410, 1215, 46, P0
2026/07/31 22:17:42.355, 51.58, 250.00, 45, 1410, 1215, 45, P0
2026/07/31 22:17:42.556, 51.48, 250.00, 0, 1410, 1215, 45, P0
2026/07/31 22:17:42.756, 51.48, 250.00, 0, 1410, 1215, 44, P0
2026/07/31 22:17:42.957, 51.39, 250.00, 0, 1410, 1215, 44, P0
2026/07/31 22:17:43.157, 51.29, 250.00, 0, 1410, 1215, 44, P0
2026/07/31 22:17:43.357, 51.18, 250.00, 0, 1410, 1215, 44, P0
2026/07/31 22:17:43.558, 50.97, 250.00, 0, 1410, 1215, 44, P0
2026/07/31 22:17:43.758, 50.99, 250.00, 0, 1410, 1215, 44, P0
2026/07/31 22:17:43.958, 50.97, 250.00, 0, 1410, 1215, 44, P0
2026/07/31 22:17:44.159, 38.22, 250.00, 0, 1140, 1215, 44, P0
2026/07/31 22:17:44.359, 37.65, 250.00, 0, 1140, 1215, 44, P0
2026/07/31 22:17:44.559, 37.64, 250.00, 0, 1140, 1215, 44, P0
2026/07/31 22:17:44.760, 37.56, 250.00, 0, 1140, 1215, 43, P0
2026/07/31 22:17:44.960, 37.56, 250.00, 0, 1140, 1215, 43, P0
2026/07/31 22:17:45.161, 37.47, 250.00, 0, 1140, 1215, 43, P0
2026/07/31 22:17:45.361, 37.47, 250.00, 0, 1140, 1215, 43, P0
2026/07/31 22:17:45.561, 37.55, 250.00, 0, 1140, 1215, 43, P0
2026/07/31 22:17:45.762, 37.45, 250.00, 0, 1140, 1215, 43, P0
2026/07/31 22:17:45.962, 37.38, 250.00, 0, 1140, 1215, 43, P0
2026/07/31 22:17:46.162, 37.46, 250.00, 0, 1140, 1215, 43, P0
2026/07/31 22:17:46.363, 37.35, 250.00, 0, 1140, 1215, 43, P0
2026/07/31 22:17:46.563, 37.35, 250.00, 0, 1140, 1215, 43, P0
2026/07/31 22:17:46.763, 37.47, 250.00, 0, 1140, 1215, 43, P0
2026/07/31 22:17:46.964, 37.24, 250.00, 0, 1140, 1215, 43, P0
2026/07/31 22:17:47.164, 37.35, 250.00, 0, 1140, 1215, 43, P0
2026/07/31 22:17:47.365, 37.27, 250.00, 0, 1140, 1215, 43, P0
2026/07/31 22:17:47.565, 37.28, 250.00, 0, 1140, 1215, 43, P0
2026/07/31 22:17:47.766, 37.28, 250.00, 0, 1140, 1215, 43, P0
2026/07/31 22:17:47.966, 37.28, 250.00, 0, 1140, 1215, 43, P0
2026/07/31 22:17:48.166, 37.27, 250.00, 0, 1140, 1215, 43, P0
2026/07/31 22:17:48.367, 37.79, 250.00, 0, 1140, 1215, 43, P0
2026/07/31 22:17:48.567, 37.28, 250.00, 0, 1140, 1215, 43, P0
2026/07/31 22:17:48.767, 37.25, 250.00, 0, 1140, 1215, 43, P0
2026/07/31 22:17:48.968, 37.28, 250.00, 0, 1140, 1215, 43, P0
2026/07/31 22:17:49.168, 37.27, 250.00, 0, 1140, 1215, 43, P0
2026/07/31 22:17:49.369, 37.25, 250.00, 0, 1140, 1215, 43, P0
2026/07/31 22:17:49.569, 37.16, 250.00, 0, 1140, 1215, 43, P0
2026/07/31 22:17:49.769, 37.23, 250.00, 0, 1140, 1215, 43, P0
2026/07/31 22:17:49.970, 37.15, 250.00, 0, 1140, 1215, 43, P0
2026/07/31 22:17:50.170, 37.16, 250.00, 0, 1140, 1215, 43, P0
2026/07/31 22:17:50.371, 37.18, 250.00, 0, 1140, 1215, 43, P0
2026/07/31 22:17:50.571, 37.27, 250.00, 0, 1140, 1215, 43, P0
2026/07/31 22:17:50.771, 37.28, 250.00, 0, 1140, 1215, 43, P0
2026/07/31 22:17:50.972, 37.18, 250.00, 0, 1140, 1215, 43, P0
2026/07/31 22:17:51.172, 37.07, 250.00, 0, 1140, 1215, 43, P0
2026/07/31 22:17:51.372, 37.07, 250.00, 0, 1140, 1215, 43, P0
2026/07/31 22:17:51.573, 37.18, 250.00, 0, 1140, 1215, 43, P0
2026/07/31 22:17:51.773, 37.17, 250.00, 0, 1140, 1215, 43, P0
2026/07/31 22:17:51.973, 37.18, 250.00, 0, 1140, 1215, 43, P0
2026/07/31 22:17:52.174, 37.27, 250.00, 0, 1140, 1215, 43, P0
2026/07/31 22:17:52.374, 37.05, 250.00, 0, 1140, 1215, 42, P0
2026/07/31 22:17:52.575, 37.15, 250.00, 0, 1140, 1215, 42, P0
2026/07/31 22:17:52.775, 36.97, 250.00, 0, 1140, 1215, 42, P0
2026/07/31 22:17:52.975, 37.05, 250.00, 0, 1140, 1215, 42, P0
2026/07/31 22:17:53.176, 37.04, 250.00, 0, 1140, 1215, 42, P0
2026/07/31 22:17:53.376, 37.17, 250.00, 0, 1140, 1215, 42, P0
2026/07/31 22:17:53.577, 37.07, 250.00, 0, 1140, 1215, 42, P0
2026/07/31 22:17:53.777, 37.17, 250.00, 0, 1140, 1215, 42, P0
2026/07/31 22:17:53.977, 37.07, 250.00, 0, 1140, 1215, 42, P0
2026/07/31 22:17:54.178, 37.07, 250.00, 0, 1140, 1215, 42, P0
2026/07/31 22:17:54.378, 37.07, 250.00, 0, 1140, 1215, 42, P0
2026/07/31 22:17:54.579, 36.97, 250.00, 0, 1140, 1215, 42, P0
2026/07/31 22:17:54.779, 37.07, 250.00, 0, 1140, 1215, 42, P0
2026/07/31 22:17:54.979, 37.07, 250.00, 0, 1140, 1215, 42, P0
2026/07/31 22:17:55.180, 37.07, 250.00, 0, 1140, 1215, 42, P0
2026/07/31 22:17:55.380, 37.05, 250.00, 0, 1140, 1215, 42, P0
2026/07/31 22:17:55.581, 37.05, 250.00, 0, 1140, 1215, 42, P0
2026/07/31 22:17:55.781, 37.07, 250.00, 0, 1140, 1215, 42, P0
2026/07/31 22:17:55.981, 37.05, 250.00, 0, 1140, 1215, 42, P0
2026/07/31 22:17:56.182, 37.05, 250.00, 0, 1140, 1215, 42, P0
2026/07/31 22:17:56.382, 37.07, 250.00, 0, 1140, 1215, 42, P0
2026/07/31 22:17:56.582, 37.07, 250.00, 0, 1140, 1215, 42, P0
2026/07/31 22:17:56.783, 37.06, 250.00, 0, 1140, 1215, 42, P0
2026/07/31 22:17:56.983, 37.01, 250.00, 0, 1140, 1215, 42, P0
2026/07/31 22:17:57.184, 37.07, 250.00, 0, 1140, 1215, 42, P0
2026/07/31 22:17:57.384, 37.07, 250.00, 0, 1140, 1215, 42, P0
2026/07/31 22:17:57.584, 37.07, 250.00, 0, 1140, 1215, 42, P0
2026/07/31 22:17:57.785, 37.07, 250.00, 0, 1140, 1215, 42, P0
2026/07/31 22:17:57.985, 36.95, 250.00, 0, 1140, 1215, 42, P0
2026/07/31 22:17:58.186, 36.95, 250.00, 0, 1140, 1215, 42, P0
2026/07/31 22:17:58.386, 36.96, 250.00, 0, 1140, 1215, 42, P0
2026/07/31 22:17:58.586, 36.96, 250.00, 0, 1140, 1215, 42, P0
2026/07/31 22:17:58.787, 36.97, 250.00, 0, 1140, 1215, 42, P0
2026/07/31 22:17:58.987, 37.05, 250.00, 0, 1140, 1215, 42, P0
2026/07/31 22:17:59.188, 36.95, 250.00, 0, 1140, 1215, 42, P0
2026/07/31 22:17:59.388, 36.88, 250.00, 0, 1140, 1215, 42, P0
2026/07/31 22:17:59.588, 36.86, 250.00, 0, 1140, 1215, 42, P0
2026/07/31 22:17:59.789, 36.88, 250.00, 0, 1140, 1215, 42, P0
2026/07/31 22:17:59.989, 36.88, 250.00, 0, 1140, 1215, 42, P0
2026/07/31 22:18:00.190, 36.88, 250.00, 0, 1140, 1215, 42, P0
2026/07/31 22:18:00.390, 36.96, 250.00, 0, 1140, 1215, 42, P0
2026/07/31 22:18:00.590, 36.97, 250.00, 0, 1140, 1215, 42, P0
2026/07/31 22:18:00.791, 36.97, 250.00, 0, 1140, 1215, 42, P0
2026/07/31 22:18:00.991, 36.88, 250.00, 0, 1140, 1215, 42, P0
2026/07/31 22:18:01.191, 36.96, 250.00, 0, 1140, 1215, 42, P0
2026/07/31 22:18:01.392, 36.88, 250.00, 0, 1140, 1215, 42, P0
2026/07/31 22:18:01.592, 36.95, 250.00, 0, 1140, 1215, 42, P0
2026/07/31 22:18:01.793, 36.88, 250.00, 0, 1140, 1215, 42, P0
2026/07/31 22:18:01.993, 36.95, 250.00, 0, 1140, 1215, 42, P0
2026/07/31 22:18:02.193, 36.95, 250.00, 0, 1140, 1215, 42, P0
2026/07/31 22:18:02.394, 36.96, 250.00, 0, 1140, 1215, 42, P0
2026/07/31 22:18:02.594, 37.17, 250.00, 0, 1140, 1215, 42, P0
2026/07/31 22:18:02.795, 37.07, 250.00, 0, 1140, 1215, 42, P0
2026/07/31 22:18:02.995, 37.17, 250.00, 0, 1140, 1215, 42, P0
2026/07/31 22:18:03.195, 37.17, 250.00, 0, 1140, 1215, 42, P0
2026/07/31 22:18:03.396, 37.17, 250.00, 0, 1140, 1215, 42, P0
2026/07/31 22:18:03.596, 37.07, 250.00, 0, 1140, 1215, 42, P0
2026/07/31 22:18:03.797, 37.17, 250.00, 0, 1140, 1215, 42, P0
2026/07/31 22:18:03.997, 37.16, 250.00, 0, 1140, 1215, 42, P0
2026/07/31 22:18:04.197, 37.07, 250.00, 0, 1140, 1215, 42, P0
2026/07/31 22:18:04.398, 37.07, 250.00, 0, 1140, 1215, 42, P0
2026/07/31 22:18:04.598, 37.03, 250.00, 0, 1140, 1215, 41, P0
2026/07/31 22:18:04.799, 36.97, 250.00, 0, 1140, 1215, 41, P0
2026/07/31 22:18:04.999, 37.05, 250.00, 0, 1140, 1215, 41, P0
2026/07/31 22:18:05.199, 37.05, 250.00, 0, 1140, 1215, 41, P0
2026/07/31 22:18:05.400, 37.05, 250.00, 0, 1140, 1215, 41, P0
2026/07/31 22:18:05.600, 37.07, 250.00, 0, 1140, 1215, 41, P0
2026/07/31 22:18:05.801, 36.98, 250.00, 0, 1140, 1215, 41, P0
2026/07/31 22:18:06.001, 36.98, 250.00, 0, 1140, 1215, 41, P0
2026/07/31 22:18:06.201, 36.97, 250.00, 0, 1140, 1215, 41, P0
2026/07/31 22:18:06.402, 36.97, 250.00, 0, 1140, 1215, 41, P0
2026/07/31 22:18:06.602, 162.43, 250.00, 0, 1140, 1215, 45, P0
2026/07/31 22:18:06.803, 205.14, 250.00, 73, 1410, 1215, 46, P0
2026/07/31 22:18:07.003, 216.90, 250.00, 100, 1410, 1215, 47, P0
2026/07/31 22:18:07.204, 214.61, 250.00, 100, 1410, 1215, 48, P0
2026/07/31 22:18:07.404, 218.08, 250.00, 100, 1410, 1215, 48, P0
2026/07/31 22:18:07.605, 215.93, 250.00, 100, 1410, 1215, 48, P0
2026/07/31 22:18:07.805, 215.99, 250.00, 100, 1410, 1215, 49, P0
2026/07/31 22:18:08.006, 216.32, 250.00, 100, 1410, 1215, 49, P0
2026/07/31 22:18:08.206, 215.24, 250.00, 100, 1410, 1215, 49, P0
2026/07/31 22:18:08.407, 216.91, 250.00, 100, 1410, 1215, 49, P0
2026/07/31 22:18:08.608, 215.10, 250.00, 100, 1410, 1215, 50, P0
2026/07/31 22:18:08.808, 218.39, 250.00, 100, 1410, 1215, 50, P0
2026/07/31 22:18:09.009, 216.08, 250.00, 100, 1410, 1215, 50, P0
2026/07/31 22:18:09.209, 219.93, 250.00, 100, 1410, 1215, 50, P0
2026/07/31 22:18:09.410, 216.11, 250.00, 100, 1410, 1215, 50, P0
2026/07/31 22:18:09.610, 77.96, 250.00, 100, 1410, 1215, 48, P0
2026/07/31 22:18:09.811, 214.44, 250.00, 58, 1410, 1215, 49, P0
2026/07/31 22:18:10.011, 216.81, 250.00, 63, 1410, 1215, 50, P0
2026/07/31 22:18:10.212, 217.62, 250.00, 100, 1410, 1215, 50, P0
2026/07/31 22:18:10.412, 215.12, 250.00, 100, 1410, 1215, 51, P0
2026/07/31 22:18:10.613, 217.11, 250.00, 100, 1410, 1215, 51, P0
2026/07/31 22:18:10.813, 215.92, 250.00, 100, 1410, 1215, 51, P0
2026/07/31 22:18:11.014, 216.32, 250.00, 100, 1410, 1215, 51, P0
2026/07/31 22:18:11.214, 216.05, 250.00, 100, 1410, 1215, 51, P0
2026/07/31 22:18:11.415, 216.85, 250.00, 100, 1410, 1215, 51, P0
2026/07/31 22:18:11.615, 218.02, 250.00, 100, 1410, 1215, 51, P0
2026/07/31 22:18:11.816, 217.83, 250.00, 100, 1410, 1215, 52, P0
2026/07/31 22:18:12.016, 216.34, 250.00, 100, 1410, 1215, 52, P0
2026/07/31 22:18:12.217, 218.03, 250.00, 100, 1410, 1215, 52, P0
2026/07/31 22:18:12.417, 216.59, 250.00, 100, 1410, 1215, 52, P0
2026/07/31 22:18:12.618, 218.23, 250.00, 100, 1410, 1215, 52, P0
2026/07/31 22:18:12.818, 217.18, 250.00, 100, 1410, 1215, 52, P0
2026/07/31 22:18:13.019, 219.54, 250.00, 100, 1410, 1215, 52, P0
2026/07/31 22:18:13.219, 217.04, 250.00, 100, 1410, 1215, 52, P0
2026/07/31 22:18:13.420, 219.65, 250.00, 100, 1410, 1215, 52, P0
2026/07/31 22:18:13.620, 216.92, 250.00, 100, 1410, 1215, 52, P0
2026/07/31 22:18:13.821, 221.59, 250.00, 100, 1410, 1215, 53, P0
2026/07/31 22:18:14.023, 218.07, 250.00, 100, 1410, 1215, 53, P0
2026/07/31 22:18:14.227, 222.14, 250.00, 100, 1410, 1215, 53, P0
2026/07/31 22:18:14.428, 217.45, 250.00, 100, 1410, 1215, 53, P0
2026/07/31 22:18:14.629, 220.80, 250.00, 100, 1410, 1215, 53, P0
2026/07/31 22:18:14.831, 218.20, 250.00, 100, 1410, 1215, 53, P0
2026/07/31 22:18:15.031, 98.53, 250.00, 63, 1410, 1215, 51, P0
2026/07/31 22:18:15.232, 217.95, 250.00, 65, 1410, 1215, 53, P0
2026/07/31 22:18:15.432, 221.56, 250.00, 100, 1410, 1215, 53, P0
2026/07/31 22:18:15.633, 217.81, 250.00, 100, 1410, 1215, 53, P0
2026/07/31 22:18:15.833, 221.97, 250.00, 100, 1410, 1215, 53, P0
2026/07/31 22:18:16.034, 219.05, 250.00, 100, 1410, 1215, 53, P0
2026/07/31 22:18:16.234, 217.74, 250.00, 100, 1410, 1215, 53, P0
2026/07/31 22:18:16.435, 219.88, 250.00, 100, 1410, 1215, 54, P0
2026/07/31 22:18:16.635, 217.94, 250.00, 100, 1410, 1215, 54, P0
2026/07/31 22:18:16.836, 219.58, 250.00, 100, 1410, 1215, 54, P0
2026/07/31 22:18:17.036, 218.48, 250.00, 100, 1410, 1215, 54, P0
2026/07/31 22:18:17.237, 221.59, 250.00, 100, 1410, 1215, 54, P0
2026/07/31 22:18:17.437, 218.88, 250.00, 100, 1410, 1215, 54, P0
2026/07/31 22:18:17.638, 222.76, 250.00, 100, 1410, 1215, 54, P0
2026/07/31 22:18:17.838, 219.44, 250.00, 100, 1410, 1215, 54, P0
2026/07/31 22:18:18.039, 222.87, 250.00, 100, 1410, 1215, 54, P0
2026/07/31 22:18:18.239, 219.63, 250.00, 100, 1410, 1215, 54, P0
2026/07/31 22:18:18.440, 220.28, 250.00, 100, 1410, 1215, 54, P0
2026/07/31 22:18:18.640, 220.30, 250.00, 100, 1410, 1215, 54, P0
2026/07/31 22:18:18.841, 218.58, 250.00, 100, 1410, 1215, 55, P0
2026/07/31 22:18:19.041, 220.07, 250.00, 100, 1410, 1215, 55, P0
2026/07/31 22:18:19.242, 218.70, 250.00, 100, 1410, 1215, 55, P0
2026/07/31 22:18:19.442, 221.57, 250.00, 100, 1410, 1215, 55, P0
2026/07/31 22:18:19.643, 219.13, 250.00, 100, 1410, 1215, 55, P0
2026/07/31 22:18:19.843, 222.42, 250.00, 100, 1410, 1215, 55, P0
2026/07/31 22:18:20.045, 219.32, 250.00, 100, 1410, 1215, 55, P0
2026/07/31 22:18:20.245, 223.50, 250.00, 100, 1410, 1215, 55, P0
2026/07/31 22:18:20.446, 220.62, 250.00, 100, 1410, 1215, 55, P0
2026/07/31 22:18:20.646, 219.32, 250.00, 100, 1410, 1215, 55, P0
2026/07/31 22:18:20.847, 222.45, 250.00, 100, 1410, 1215, 55, P0
2026/07/31 22:18:21.047, 220.04, 250.00, 100, 1410, 1215, 55, P0
2026/07/31 22:18:21.248, 222.97, 250.00, 100, 1410, 1215, 55, P0
2026/07/31 22:18:21.448, 219.95, 250.00, 100, 1410, 1215, 55, P0
2026/07/31 22:18:21.649, 223.64, 250.00, 100, 1410, 1215, 56, P0
2026/07/31 22:18:21.849, 220.20, 250.00, 100, 1410, 1215, 56, P0
2026/07/31 22:18:22.050, 224.13, 250.00, 100, 1410, 1215, 56, P0
2026/07/31 22:18:22.250, 220.86, 250.00, 100, 1410, 1215, 56, P0
2026/07/31 22:18:22.451, 219.78, 250.00, 100, 1410, 1215, 56, P0
2026/07/31 22:18:22.651, 221.84, 250.00, 100, 1410, 1215, 56, P0
2026/07/31 22:18:22.852, 220.00, 250.00, 100, 1410, 1215, 56, P0
2026/07/31 22:18:23.052, 221.99, 250.00, 100, 1410, 1215, 56, P0
2026/07/31 22:18:23.253, 220.09, 250.00, 100, 1410, 1215, 56, P0
2026/07/31 22:18:23.453, 222.99, 250.00, 100, 1410, 1215, 56, P0
2026/07/31 22:18:23.654, 221.35, 250.00, 100, 1410, 1215, 56, P0
2026/07/31 22:18:23.856, 222.77, 250.00, 100, 1410, 1215, 56, P0
2026/07/31 22:18:24.056, 221.12, 250.00, 100, 1410, 1215, 56, P0
2026/07/31 22:18:24.257, 224.43, 250.00, 100, 1410, 1215, 56, P0
2026/07/31 22:18:24.457, 221.13, 250.00, 100, 1410, 1215, 56, P0
2026/07/31 22:18:24.658, 225.88, 250.00, 100, 1410, 1215, 56, P0
2026/07/31 22:18:24.858, 222.63, 250.00, 100, 1410, 1215, 57, P0
2026/07/31 22:18:25.062, 222.10, 250.00, 100, 1410, 1215, 57, P0
2026/07/31 22:18:25.263, 221.90, 250.00, 100, 1410, 1215, 57, P0
2026/07/31 22:18:25.463, 220.26, 250.00, 100, 1410, 1215, 57, P0
2026/07/31 22:18:25.664, 222.36, 250.00, 100, 1410, 1215, 57, P0
2026/07/31 22:18:25.864, 220.95, 250.00, 100, 1410, 1215, 57, P0
2026/07/31 22:18:26.065, 223.48, 250.00, 100, 1410, 1215, 57, P0
2026/07/31 22:18:26.265, 220.75, 250.00, 100, 1410, 1215, 57, P0
2026/07/31 22:18:26.466, 223.94, 250.00, 100, 1410, 1215, 57, P0
2026/07/31 22:18:26.666, 221.99, 250.00, 100, 1410, 1215, 57, P0
2026/07/31 22:18:26.867, 224.92, 250.00, 100, 1410, 1215, 57, P0
2026/07/31 22:18:27.067, 222.55, 250.00, 100, 1410, 1215, 57, P0
2026/07/31 22:18:27.268, 221.56, 250.00, 100, 1410, 1215, 57, P0
2026/07/31 22:18:27.469, 223.34, 250.00, 100, 1410, 1215, 57, P0
2026/07/31 22:18:27.669, 221.59, 250.00, 100, 1410, 1215, 57, P0
2026/07/31 22:18:27.870, 223.81, 250.00, 100, 1410, 1215, 57, P0
2026/07/31 22:18:28.070, 221.51, 250.00, 100, 1410, 1215, 57, P0
2026/07/31 22:18:28.271, 224.15, 250.00, 100, 1410, 1215, 58, P0
2026/07/31 22:18:28.471, 221.96, 250.00, 100, 1410, 1215, 58, P0
2026/07/31 22:18:28.672, 225.50, 250.00, 100, 1410, 1215, 58, P0
2026/07/31 22:18:28.872, 222.48, 250.00, 100, 1410, 1215, 58, P0
2026/07/31 22:18:29.073, 226.54, 250.00, 100, 1410, 1215, 58, P0
2026/07/31 22:18:29.273, 222.59, 250.00, 100, 1410, 1215, 58, P0
2026/07/31 22:18:29.474, 221.44, 250.00, 100, 1410, 1215, 58, P0
2026/07/31 22:18:29.674, 223.50, 250.00, 100, 1410, 1215, 58, P0
2026/07/31 22:18:29.875, 222.01, 250.00, 100, 1410, 1215, 58, P0
2026/07/31 22:18:30.075, 223.57, 250.00, 100, 1410, 1215, 58, P0
2026/07/31 22:18:30.276, 222.44, 250.00, 100, 1410, 1215, 58, P0
2026/07/31 22:18:30.476, 225.29, 250.00, 100, 1410, 1215, 58, P0
2026/07/31 22:18:30.677, 223.22, 250.00, 100, 1410, 1215, 58, P0
2026/07/31 22:18:30.877, 224.74, 250.00, 100, 1410, 1215, 58, P0
2026/07/31 22:18:31.078, 223.43, 250.00, 100, 1410, 1215, 58, P0
2026/07/31 22:18:31.279, 227.74, 250.00, 100, 1410, 1215, 58, P0
2026/07/31 22:18:31.479, 223.36, 250.00, 100, 1410, 1215, 58, P0
2026/07/31 22:18:31.679, 222.50, 250.00, 100, 1410, 1215, 58, P0
2026/07/31 22:18:31.880, 224.04, 250.00, 100, 1410, 1215, 59, P0
2026/07/31 22:18:32.080, 222.75, 250.00, 100, 1410, 1215, 59, P0
2026/07/31 22:18:32.281, 225.48, 250.00, 100, 1410, 1215, 59, P0
2026/07/31 22:18:32.482, 222.51, 250.00, 100, 1410, 1215, 59, P0
2026/07/31 22:18:32.682, 226.04, 250.00, 100, 1410, 1215, 59, P0
2026/07/31 22:18:32.883, 223.14, 250.00, 100, 1410, 1215, 59, P0
2026/07/31 22:18:33.083, 227.35, 250.00, 100, 1410, 1215, 59, P0
2026/07/31 22:18:33.284, 223.74, 250.00, 100, 1410, 1215, 59, P0
2026/07/31 22:18:33.484, 226.18, 250.00, 100, 1410, 1215, 59, P0
2026/07/31 22:18:33.684, 83.84, 250.00, 100, 1410, 1215, 56, P0
2026/07/31 22:18:33.885, 226.42, 250.00, 17, 1410, 1215, 58, P0
2026/07/31 22:18:34.086, 224.56, 250.00, 96, 1410, 1215, 59, P0
2026/07/31 22:18:34.286, 222.55, 250.00, 100, 1410, 1215, 59, P0
2026/07/31 22:18:34.486, 224.84, 250.00, 100, 1410, 1215, 59, P0
2026/07/31 22:18:34.687, 223.02, 250.00, 100, 1410, 1215, 59, P0
2026/07/31 22:18:34.887, 225.31, 250.00, 100, 1410, 1215, 59, P0
2026/07/31 22:18:35.088, 223.01, 250.00, 100, 1410, 1215, 59, P0
2026/07/31 22:18:35.289, 226.06, 250.00, 100, 1410, 1215, 59, P0
2026/07/31 22:18:35.489, 222.91, 250.00, 100, 1410, 1215, 59, P0
2026/07/31 22:18:35.690, 226.73, 250.00, 100, 1410, 1215, 59, P0
2026/07/31 22:18:35.890, 223.76, 250.00, 100, 1410, 1215, 59, P0
2026/07/31 22:18:36.091, 226.83, 250.00, 100, 1410, 1215, 59, P0
2026/07/31 22:18:36.291, 223.91, 250.00, 100, 1410, 1215, 59, P0
2026/07/31 22:18:36.492, 226.84, 250.00, 100, 1410, 1215, 60, P0
2026/07/31 22:18:36.692, 224.26, 250.00, 100, 1410, 1215, 60, P0
2026/07/31 22:18:36.893, 227.54, 250.00, 100, 1410, 1215, 60, P0
2026/07/31 22:18:37.093, 225.16, 250.00, 100, 1410, 1215, 60, P0
2026/07/31 22:18:37.294, 223.60, 250.00, 100, 1410, 1215, 60, P0
2026/07/31 22:18:37.494, 225.61, 250.00, 100, 1410, 1215, 60, P0
2026/07/31 22:18:37.695, 223.68, 250.00, 100, 1410, 1215, 60, P0
2026/07/31 22:18:37.895, 225.52, 250.00, 100, 1410, 1215, 60, P0
2026/07/31 22:18:38.096, 223.61, 250.00, 100, 1410, 1215, 60, P0
2026/07/31 22:18:38.296, 227.13, 250.00, 100, 1410, 1215, 60, P0
2026/07/31 22:18:38.497, 224.17, 250.00, 100, 1410, 1215, 60, P0
2026/07/31 22:18:38.697, 227.72, 250.00, 100, 1410, 1215, 60, P0
2026/07/31 22:18:38.898, 224.26, 250.00, 100, 1410, 1215, 60, P0
2026/07/31 22:18:39.098, 227.74, 250.00, 100, 1410, 1215, 60, P0
2026/07/31 22:18:39.299, 224.84, 250.00, 100, 1410, 1215, 60, P0
2026/07/31 22:18:39.499, 223.61, 250.00, 100, 1410, 1215, 60, P0
2026/07/31 22:18:39.700, 226.61, 250.00, 100, 1410, 1215, 60, P0
2026/07/31 22:18:39.900, 224.30, 250.00, 100, 1410, 1215, 60, P0
2026/07/31 22:18:40.101, 226.20, 250.00, 100, 1410, 1215, 60, P0
2026/07/31 22:18:40.302, 224.88, 250.00, 100, 1410, 1215, 60, P0
2026/07/31 22:18:40.502, 228.76, 250.00, 100, 1410, 1215, 60, P0
2026/07/31 22:18:40.702, 225.38, 250.00, 100, 1410, 1215, 61, P0
2026/07/31 22:18:40.903, 230.12, 250.00, 100, 1410, 1215, 61, P0
2026/07/31 22:18:41.103, 225.87, 250.00, 100, 1410, 1215, 61, P0
2026/07/31 22:18:41.304, 224.28, 250.00, 100, 1410, 1215, 61, P0
2026/07/31 22:18:41.505, 226.13, 250.00, 100, 1410, 1215, 61, P0
2026/07/31 22:18:41.705, 224.15, 250.00, 100, 1410, 1215, 61, P0
2026/07/31 22:18:41.905, 227.36, 250.00, 100, 1410, 1215, 61, P0
2026/07/31 22:18:42.106, 224.88, 250.00, 100, 1410, 1215, 61, P0
2026/07/31 22:18:42.306, 227.70, 250.00, 100, 1410, 1215, 61, P0
2026/07/31 22:18:42.507, 225.30, 250.00, 100, 1410, 1215, 61, P0
2026/07/31 22:18:42.708, 228.03, 250.00, 100, 1410, 1215, 61, P0
2026/07/31 22:18:42.908, 225.29, 250.00, 100, 1410, 1215, 61, P0
2026/07/31 22:18:43.109, 228.82, 250.00, 100, 1410, 1215, 61, P0
2026/07/31 22:18:43.309, 225.22, 250.00, 100, 1410, 1215, 61, P0
2026/07/31 22:18:43.510, 227.14, 250.00, 100, 1410, 1215, 60, P0
2026/07/31 22:18:43.710, 85.40, 250.00, 48, 1410, 1215, 60, P0
2026/07/31 22:18:43.911, 227.81, 250.00, 69, 1410, 1215, 61, P0
2026/07/31 22:18:44.111, 232.14, 250.00, 100, 1410, 1215, 61, P0
2026/07/31 22:18:44.312, 228.81, 250.00, 100, 1410, 1215, 61, P0
2026/07/31 22:18:44.512, 232.79, 250.00, 100, 1410, 1215, 61, P0
2026/07/31 22:18:44.713, 228.34, 250.00, 100, 1410, 1215, 61, P0
2026/07/31 22:18:44.913, 232.12, 250.00, 100, 1410, 1215, 61, P0
2026/07/31 22:18:45.114, 229.16, 250.00, 100, 1410, 1215, 61, P0
2026/07/31 22:18:45.314, 229.40, 250.00, 100, 1410, 1215, 62, P0
2026/07/31 22:18:45.515, 229.20, 250.00, 100, 1410, 1215, 62, P0
2026/07/31 22:18:45.715, 227.72, 250.00, 100, 1410, 1215, 62, P0
2026/07/31 22:18:45.916, 228.30, 250.00, 100, 1410, 1215, 62, P0
2026/07/31 22:18:46.116, 228.11, 250.00, 100, 1410, 1215, 62, P0
2026/07/31 22:18:46.317, 229.20, 250.00, 100, 1410, 1215, 62, P0
2026/07/31 22:18:46.517, 227.98, 250.00, 100, 1410, 1215, 62, P0
2026/07/31 22:18:46.717, 230.28, 250.00, 100, 1410, 1215, 62, P0
2026/07/31 22:18:46.918, 228.30, 250.00, 100, 1410, 1215, 62, P0
2026/07/31 22:18:47.119, 231.68, 250.00, 100, 1410, 1215, 62, P0
2026/07/31 22:18:47.319, 229.16, 250.00, 100, 1410, 1215, 62, P0
2026/07/31 22:18:47.520, 231.80, 250.00, 100, 1410, 1215, 62, P0
2026/07/31 22:18:47.720, 229.05, 250.00, 100, 1410, 1215, 62, P0
2026/07/31 22:18:47.921, 232.85, 250.00, 100, 1410, 1215, 62, P0
2026/07/31 22:18:48.121, 229.66, 250.00, 100, 1410, 1215, 62, P0
2026/07/31 22:18:48.322, 231.71, 250.00, 100, 1410, 1215, 62, P0
2026/07/31 22:18:48.522, 229.56, 250.00, 100, 1410, 1215, 62, P0
2026/07/31 22:18:48.723, 228.16, 250.00, 100, 1410, 1215, 62, P0
2026/07/31 22:18:48.923, 229.87, 250.00, 100, 1410, 1215, 62, P0
2026/07/31 22:18:49.124, 228.34, 250.00, 100, 1410, 1215, 62, P0
2026/07/31 22:18:49.325, 231.91, 250.00, 100, 1410, 1215, 62, P0
2026/07/31 22:18:49.525, 229.52, 250.00, 100, 1410, 1215, 62, P0
2026/07/31 22:18:49.725, 232.27, 250.00, 100, 1410, 1215, 62, P0
2026/07/31 22:18:49.926, 229.84, 250.00, 100, 1410, 1215, 63, P0
2026/07/31 22:18:50.128, 232.82, 250.00, 100, 1410, 1215, 63, P0
2026/07/31 22:18:50.333, 229.40, 250.00, 100, 1410, 1215, 63, P0
2026/07/31 22:18:50.534, 231.42, 250.00, 100, 1410, 1215, 63, P0
2026/07/31 22:18:50.735, 229.54, 250.00, 100, 1410, 1215, 63, P0
2026/07/31 22:18:50.935, 233.88, 250.00, 100, 1410, 1215, 63, P0
2026/07/31 22:18:51.136, 230.32, 250.00, 100, 1410, 1215, 63, P0
2026/07/31 22:18:51.336, 229.37, 250.00, 100, 1410, 1215, 63, P0
2026/07/31 22:18:51.537, 231.16, 250.00, 100, 1410, 1215, 63, P0
2026/07/31 22:18:51.737, 229.54, 250.00, 100, 1410, 1215, 63, P0
2026/07/31 22:18:51.938, 231.75, 250.00, 100, 1410, 1215, 63, P0
2026/07/31 22:18:52.138, 229.54, 250.00, 100, 1410, 1215, 63, P0
2026/07/31 22:18:52.339, 232.36, 250.00, 100, 1410, 1215, 63, P0
2026/07/31 22:18:52.539, 229.89, 250.00, 100, 1410, 1215, 63, P0
2026/07/31 22:18:52.740, 232.37, 250.00, 100, 1410, 1215, 63, P0
2026/07/31 22:18:52.940, 247.15, 250.00, 100, 1305, 1215, 66, P0
2026/07/31 22:18:53.141, 209.84, 250.00, 94, 1350, 1215, 65, P0
2026/07/31 22:18:53.341, 234.11, 250.00, 100, 1410, 1215, 64, P0
2026/07/31 22:18:53.542, 230.55, 250.00, 100, 1410, 1215, 64, P0
2026/07/31 22:18:53.743, 234.06, 250.00, 100, 1410, 1215, 64, P0
2026/07/31 22:18:53.943, 231.12, 250.00, 100, 1410, 1215, 64, P0
2026/07/31 22:18:54.144, 232.86, 250.00, 100, 1410, 1215, 64, P0
2026/07/31 22:18:54.344, 231.77, 250.00, 100, 1410, 1215, 64, P0
2026/07/31 22:18:54.545, 229.75, 250.00, 100, 1410, 1215, 64, P0
2026/07/31 22:18:54.745, 232.64, 250.00, 100, 1410, 1215, 64, P0
2026/07/31 22:18:54.946, 230.61, 250.00, 100, 1410, 1215, 64, P0
2026/07/31 22:18:55.146, 233.58, 250.00, 100, 1410, 1215, 64, P0
2026/07/31 22:18:55.347, 230.84, 250.00, 100, 1410, 1215, 64, P0
2026/07/31 22:18:55.547, 234.64, 250.00, 100, 1410, 1215, 64, P0
2026/07/31 22:18:55.748, 231.11, 250.00, 100, 1410, 1215, 64, P0
2026/07/31 22:18:55.948, 233.55, 250.00, 100, 1410, 1215, 64, P0
2026/07/31 22:18:56.149, 231.54, 250.00, 100, 1410, 1215, 64, P0
2026/07/31 22:18:56.349, 230.67, 250.00, 100, 1410, 1215, 64, P0
2026/07/31 22:18:56.550, 232.59, 250.00, 100, 1410, 1215, 64, P0
2026/07/31 22:18:56.750, 230.74, 250.00, 100, 1410, 1215, 64, P0
2026/07/31 22:18:56.951, 232.97, 250.00, 100, 1410, 1215, 64, P0
2026/07/31 22:18:57.151, 231.49, 250.00, 100, 1410, 1215, 64, P0
2026/07/31 22:18:57.352, 231.31, 250.00, 100, 1410, 1215, 64, P0
2026/07/31 22:18:57.552, 231.62, 250.00, 100, 1410, 1215, 64, P0
2026/07/31 22:18:57.753, 230.18, 250.00, 100, 1410, 1215, 64, P0
2026/07/31 22:18:57.953, 232.72, 250.00, 100, 1410, 1215, 64, P0
2026/07/31 22:18:58.154, 230.91, 250.00, 100, 1410, 1215, 64, P0
2026/07/31 22:18:58.354, 233.36, 250.00, 100, 1410, 1215, 64, P0
2026/07/31 22:18:58.555, 231.40, 250.00, 100, 1410, 1215, 64, P0
2026/07/31 22:18:58.755, 235.15, 250.00, 100, 1410, 1215, 64, P0
2026/07/31 22:18:58.956, 232.01, 250.00, 100, 1410, 1215, 64, P0
2026/07/31 22:18:59.157, 232.48, 250.00, 100, 1410, 1215, 64, P0
2026/07/31 22:18:59.357, 232.31, 250.00, 100, 1410, 1215, 64, P0
2026/07/31 22:18:59.558, 231.02, 250.00, 100, 1410, 1215, 64, P0
2026/07/31 22:18:59.758, 233.43, 250.00, 100, 1410, 1215, 64, P0
2026/07/31 22:18:59.959, 231.32, 250.00, 100, 1410, 1215, 64, P0
2026/07/31 22:19:00.159, 234.52, 250.00, 100, 1410, 1215, 65, P0
2026/07/31 22:19:00.360, 231.91, 250.00, 100, 1410, 1215, 65, P0
2026/07/31 22:19:00.560, 234.61, 250.00, 100, 1410, 1215, 65, P0
2026/07/31 22:19:00.761, 231.89, 250.00, 100, 1410, 1215, 65, P0
2026/07/31 22:19:00.961, 232.78, 250.00, 100, 1410, 1215, 65, P0
2026/07/31 22:19:01.162, 232.78, 250.00, 100, 1410, 1215, 65, P0
2026/07/31 22:19:01.362, 231.41, 250.00, 100, 1410, 1215, 65, P0
2026/07/31 22:19:01.563, 233.59, 250.00, 100, 1410, 1215, 65, P0
2026/07/31 22:19:01.763, 231.54, 250.00, 100, 1410, 1215, 65, P0
2026/07/31 22:19:01.964, 234.62, 250.00, 100, 1410, 1215, 65, P0
2026/07/31 22:19:02.164, 231.90, 250.00, 100, 1410, 1215, 65, P0
2026/07/31 22:19:02.365, 236.18, 250.00, 100, 1410, 1215, 65, P0
2026/07/31 22:19:02.565, 232.53, 250.00, 100, 1410, 1215, 65, P0
2026/07/31 22:19:02.766, 231.30, 250.00, 100, 1410, 1215, 65, P0
2026/07/31 22:19:02.966, 232.89, 250.00, 100, 1410, 1215, 65, P0
2026/07/31 22:19:03.167, 231.68, 250.00, 100, 1410, 1215, 65, P0
2026/07/31 22:19:03.367, 234.32, 250.00, 100, 1410, 1215, 65, P0
2026/07/31 22:19:03.568, 232.17, 250.00, 100, 1410, 1215, 65, P0
2026/07/31 22:19:03.768, 235.03, 250.00, 100, 1410, 1215, 65, P0
2026/07/31 22:19:03.969, 232.67, 250.00, 100, 1410, 1215, 65, P0
2026/07/31 22:19:04.169, 237.20, 250.00, 100, 1410, 1215, 65, P0
2026/07/31 22:19:04.370, 233.15, 250.00, 100, 1410, 1215, 65, P0
2026/07/31 22:19:04.570, 231.79, 250.00, 100, 1410, 1215, 65, P0
2026/07/31 22:19:04.771, 233.39, 250.00, 100, 1410, 1215, 65, P0
2026/07/31 22:19:04.971, 231.56, 250.00, 100, 1410, 1215, 65, P0
2026/07/31 22:19:05.172, 234.68, 250.00, 100, 1410, 1215, 65, P0
2026/07/31 22:19:05.373, 232.31, 250.00, 100, 1410, 1215, 65, P0
2026/07/31 22:19:05.573, 235.99, 250.00, 100, 1410, 1215, 65, P0
2026/07/31 22:19:05.774, 232.79, 250.00, 100, 1410, 1215, 65, P0
2026/07/31 22:19:05.974, 231.62, 250.00, 100, 1410, 1215, 65, P0
2026/07/31 22:19:06.175, 233.78, 250.00, 100, 1410, 1215, 65, P0
2026/07/31 22:19:06.375, 231.90, 250.00, 100, 1410, 1215, 65, P0
2026/07/31 22:19:06.576, 234.24, 250.00, 100, 1410, 1215, 65, P0
2026/07/31 22:19:06.776, 232.28, 250.00, 100, 1410, 1215, 66, P0
2026/07/31 22:19:06.977, 109.97, 250.00, 100, 1410, 1215, 64, P0
2026/07/31 22:19:07.177, 226.35, 250.00, 32, 1410, 1215, 64, P0
2026/07/31 22:19:07.378, 233.30, 250.00, 95, 1410, 1215, 65, P0
2026/07/31 22:19:07.578, 231.25, 250.00, 100, 1410, 1215, 65, P0
2026/07/31 22:19:07.779, 233.61, 250.00, 100, 1410, 1215, 65, P0
2026/07/31 22:19:07.979, 232.20, 250.00, 100, 1410, 1215, 65, P0
2026/07/31 22:19:08.180, 235.00, 250.00, 100, 1410, 1215, 65, P0
2026/07/31 22:19:08.380, 232.53, 250.00, 100, 1410, 1215, 66, P0
2026/07/31 22:19:08.581, 234.69, 250.00, 100, 1410, 1215, 66, P0
2026/07/31 22:19:08.781, 232.24, 250.00, 100, 1410, 1215, 66, P0
2026/07/31 22:19:08.982, 234.99, 250.00, 100, 1410, 1215, 66, P0
2026/07/31 22:19:09.182, 232.74, 250.00, 100, 1410, 1215, 66, P0
2026/07/31 22:19:09.383, 237.07, 250.00, 100, 1410, 1215, 66, P0
2026/07/31 22:19:09.584, 233.16, 250.00, 100, 1410, 1215, 66, P0
2026/07/31 22:19:09.784, 232.43, 250.00, 100, 1410, 1215, 66, P0
2026/07/31 22:19:09.985, 234.13, 250.00, 100, 1410, 1215, 66, P0
2026/07/31 22:19:10.185, 232.47, 250.00, 100, 1410, 1215, 66, P0
2026/07/31 22:19:10.386, 234.22, 250.00, 100, 1410, 1215, 66, P0
2026/07/31 22:19:10.586, 231.83, 250.00, 100, 1410, 1215, 66, P0
2026/07/31 22:19:10.787, 234.73, 250.00, 100, 1410, 1215, 66, P0
2026/07/31 22:19:10.987, 232.47, 250.00, 100, 1410, 1215, 66, P0
2026/07/31 22:19:11.188, 236.06, 250.00, 100, 1410, 1215, 66, P0
2026/07/31 22:19:11.388, 233.00, 250.00, 100, 1410, 1215, 66, P0
2026/07/31 22:19:11.589, 235.90, 250.00, 100, 1410, 1215, 66, P0
2026/07/31 22:19:11.789, 233.05, 250.00, 100, 1410, 1215, 66, P0
2026/07/31 22:19:11.990, 235.68, 250.00, 100, 1410, 1215, 66, P0
2026/07/31 22:19:12.191, 233.45, 250.00, 100, 1410, 1215, 66, P0
2026/07/31 22:19:12.391, 232.03, 250.00, 100, 1410, 1215, 66, P0
2026/07/31 22:19:12.592, 234.24, 250.00, 100, 1410, 1215, 66, P0
2026/07/31 22:19:12.792, 232.17, 250.00, 100, 1410, 1215, 66, P0
2026/07/31 22:19:12.993, 234.96, 250.00, 100, 1410, 1215, 66, P0
2026/07/31 22:19:13.193, 232.75, 250.00, 100, 1410, 1215, 66, P0
2026/07/31 22:19:13.394, 235.04, 250.00, 100, 1410, 1215, 66, P0
2026/07/31 22:19:13.594, 233.44, 250.00, 100, 1410, 1215, 66, P0
2026/07/31 22:19:13.795, 235.98, 250.00, 100, 1410, 1215, 66, P0
2026/07/31 22:19:13.995, 232.87, 250.00, 100, 1410, 1215, 66, P0
2026/07/31 22:19:14.196, 237.69, 250.00, 100, 1410, 1215, 66, P0
2026/07/31 22:19:14.396, 233.68, 250.00, 100, 1410, 1215, 66, P0
2026/07/31 22:19:14.597, 234.29, 250.00, 100, 1410, 1215, 67, P0
2026/07/31 22:19:14.797, 234.15, 250.00, 100, 1410, 1215, 67, P0
2026/07/31 22:19:14.998, 232.46, 250.00, 100, 1410, 1215, 67, P0
2026/07/31 22:19:15.198, 233.96, 250.00, 100, 1410, 1215, 67, P0
2026/07/31 22:19:15.399, 232.86, 250.00, 100, 1410, 1215, 67, P0
2026/07/31 22:19:15.599, 235.28, 250.00, 100, 1410, 1215, 67, P0
2026/07/31 22:19:15.800, 232.84, 250.00, 100, 1410, 1215, 67, P0
2026/07/31 22:19:16.000, 236.64, 250.00, 100, 1410, 1215, 67, P0
2026/07/31 22:19:16.201, 233.71, 250.00, 100, 1410, 1215, 67, P0
2026/07/31 22:19:16.402, 232.78, 250.00, 100, 1410, 1215, 67, P0
2026/07/31 22:19:16.602, 234.93, 250.00, 100, 1410, 1215, 67, P0
2026/07/31 22:19:16.803, 232.55, 250.00, 100, 1410, 1215, 67, P0
2026/07/31 22:19:17.003, 235.37, 250.00, 100, 1410, 1215, 67, P0
2026/07/31 22:19:17.204, 233.25, 250.00, 100, 1410, 1215, 67, P0
2026/07/31 22:19:17.404, 235.19, 250.00, 100, 1410, 1215, 67, P0
2026/07/31 22:19:17.605, 233.89, 250.00, 100, 1410, 1215, 67, P0
2026/07/31 22:19:17.805, 236.64, 250.00, 100, 1410, 1215, 67, P0
2026/07/31 22:19:18.006, 233.59, 250.00, 100, 1410, 1215, 67, P0
2026/07/31 22:19:18.206, 231.81, 250.00, 100, 1410, 1215, 65, P0
2026/07/31 22:19:18.407, 209.55, 250.00, 83, 1410, 1215, 66, P0
2026/07/31 22:19:18.607, 234.23, 250.00, 45, 1410, 1215, 66, P0
2026/07/31 22:19:18.808, 232.44, 250.00, 100, 1410, 1215, 67, P0
2026/07/31 22:19:19.008, 234.74, 250.00, 100, 1410, 1215, 67, P0
2026/07/31 22:19:19.209, 232.77, 250.00, 100, 1410, 1215, 67, P0
2026/07/31 22:19:19.410, 234.43, 250.00, 100, 1410, 1215, 67, P0
2026/07/31 22:19:19.610, 233.05, 250.00, 100, 1410, 1215, 67, P0
2026/07/31 22:19:19.811, 236.02, 250.00, 100, 1410, 1215, 67, P0
2026/07/31 22:19:20.011, 233.98, 250.00, 100, 1410, 1215, 67, P0
2026/07/31 22:19:20.212, 236.82, 250.00, 100, 1410, 1215, 67, P0
2026/07/31 22:19:20.412, 233.23, 250.00, 100, 1410, 1215, 67, P0
2026/07/31 22:19:20.613, 238.00, 250.00, 100, 1410, 1215, 67, P0
2026/07/31 22:19:20.813, 145.08, 250.00, 100, 1410, 1215, 66, P0
2026/07/31 22:19:21.014, 225.46, 250.00, 79, 1410, 1215, 66, P0
2026/07/31 22:19:21.214, 235.56, 250.00, 53, 1410, 1215, 67, P0
2026/07/31 22:19:21.415, 234.48, 250.00, 100, 1410, 1215, 67, P0
2026/07/31 22:19:21.615, 232.95, 250.00, 100, 1410, 1215, 67, P0
2026/07/31 22:19:21.816, 235.44, 250.00, 100, 1410, 1215, 67, P0
2026/07/31 22:19:22.016, 233.46, 250.00, 100, 1410, 1215, 67, P0
2026/07/31 22:19:22.217, 236.13, 250.00, 100, 1410, 1215, 67, P0
2026/07/31 22:19:22.417, 233.81, 250.00, 100, 1410, 1215, 67, P0
2026/07/31 22:19:22.618, 236.17, 250.00, 100, 1410, 1215, 67, P0
2026/07/31 22:19:22.819, 234.16, 250.00, 100, 1410, 1215, 67, P0
2026/07/31 22:19:23.019, 237.16, 250.00, 100, 1410, 1215, 67, P0
2026/07/31 22:19:23.219, 234.31, 250.00, 100, 1410, 1215, 67, P0
2026/07/31 22:19:23.420, 238.66, 250.00, 100, 1410, 1215, 67, P0
2026/07/31 22:19:23.621, 234.79, 250.00, 100, 1410, 1215, 67, P0
2026/07/31 22:19:23.821, 238.16, 250.00, 100, 1410, 1215, 68, P0
2026/07/31 22:19:24.022, 235.60, 250.00, 100, 1410, 1215, 68, P0
2026/07/31 22:19:24.222, 233.84, 250.00, 100, 1410, 1215, 68, P0
2026/07/31 22:19:24.423, 235.79, 250.00, 100, 1410, 1215, 68, P0
2026/07/31 22:19:24.623, 234.05, 250.00, 100, 1410, 1215, 68, P0
2026/07/31 22:19:24.824, 236.77, 250.00, 100, 1410, 1215, 68, P0
2026/07/31 22:19:25.024, 233.95, 250.00, 100, 1410, 1215, 68, P0
2026/07/31 22:19:25.225, 236.63, 250.00, 100, 1410, 1215, 68, P0
2026/07/31 22:19:25.425, 234.59, 250.00, 100, 1410, 1215, 68, P0
2026/07/31 22:19:25.626, 238.08, 250.00, 100, 1410, 1215, 68, P0
2026/07/31 22:19:25.826, 278.95, 250.00, 100, 1410, 1215, 71, P0
2026/07/31 22:19:26.027, 219.86, 250.00, 86, 1395, 1215, 69, P0
2026/07/31 22:19:26.227, 236.64, 250.00, 91, 1410, 1215, 68, P0
2026/07/31 22:19:26.428, 235.00, 250.00, 100, 1410, 1215, 68, P0
2026/07/31 22:19:26.628, 238.08, 250.00, 100, 1410, 1215, 68, P0
2026/07/31 22:19:26.829, 234.89, 250.00, 100, 1410, 1215, 68, P0
2026/07/31 22:19:27.029, 238.58, 250.00, 100, 1410, 1215, 68, P0
2026/07/31 22:19:27.230, 235.65, 250.00, 100, 1410, 1215, 68, P0
2026/07/31 22:19:27.430, 239.80, 250.00, 100, 1410, 1215, 68, P0
2026/07/31 22:19:27.631, 236.15, 250.00, 100, 1410, 1215, 68, P0
2026/07/31 22:19:27.831, 234.59, 250.00, 100, 1410, 1215, 68, P0
2026/07/31 22:19:28.032, 236.24, 250.00, 100, 1410, 1215, 68, P0
2026/07/31 22:19:28.234, 234.81, 250.00, 100, 1410, 1215, 68, P0
2026/07/31 22:19:28.438, 236.33, 250.00, 100, 1410, 1215, 68, P0
2026/07/31 22:19:28.639, 237.32, 250.00, 100, 1410, 1215, 68, P0
2026/07/31 22:19:28.840, 236.20, 250.00, 100, 1410, 1215, 68, P0
2026/07/31 22:19:29.041, 234.98, 250.00, 100, 1410, 1215, 68, P0
2026/07/31 22:19:29.242, 236.58, 250.00, 100, 1410, 1215, 68, P0
2026/07/31 22:19:29.442, 235.60, 250.00, 100, 1410, 1215, 68, P0
2026/07/31 22:19:29.643, 238.57, 250.00, 100, 1410, 1215, 68, P0
2026/07/31 22:19:29.843, 235.34, 250.00, 100, 1410, 1215, 68, P0
2026/07/31 22:19:30.044, 239.17, 250.00, 100, 1410, 1215, 68, P0
2026/07/31 22:19:30.244, 235.47, 250.00, 100, 1410, 1215, 68, P0
2026/07/31 22:19:30.445, 240.51, 250.00, 100, 1410, 1215, 68, P0
2026/07/31 22:19:30.645, 236.73, 250.00, 100, 1410, 1215, 68, P0
2026/07/31 22:19:30.846, 234.51, 250.00, 100, 1410, 1215, 68, P0
2026/07/31 22:19:31.046, 236.67, 250.00, 100, 1410, 1215, 68, P0
2026/07/31 22:19:31.247, 235.19, 250.00, 100, 1410, 1215, 68, P0
2026/07/31 22:19:31.447, 238.18, 250.00, 100, 1410, 1215, 68, P0
2026/07/31 22:19:31.648, 235.65, 250.00, 100, 1410, 1215, 68, P0
2026/07/31 22:19:31.848, 238.38, 250.00, 100, 1410, 1215, 69, P0
2026/07/31 22:19:32.049, 235.70, 250.00, 100, 1410, 1215, 69, P0
2026/07/31 22:19:32.249, 239.20, 250.00, 100, 1410, 1215, 69, P0
2026/07/31 22:19:32.450, 236.20, 250.00, 100, 1410, 1215, 69, P0
2026/07/31 22:19:32.650, 238.51, 250.00, 100, 1410, 1215, 69, P0
2026/07/31 22:19:32.851, 236.98, 250.00, 100, 1410, 1215, 69, P0
2026/07/31 22:19:33.051, 235.03, 250.00, 100, 1410, 1215, 69, P0
2026/07/31 22:19:33.252, 237.01, 250.00, 100, 1410, 1215, 69, P0
2026/07/31 22:19:33.452, 235.67, 250.00, 100, 1410, 1215, 69, P0
2026/07/31 22:19:33.653, 238.07, 250.00, 100, 1410, 1215, 69, P0
2026/07/31 22:19:33.853, 235.85, 250.00, 100, 1410, 1215, 69, P0
2026/07/31 22:19:34.054, 238.86, 250.00, 100, 1410, 1215, 69, P0
2026/07/31 22:19:34.254, 236.01, 250.00, 100, 1410, 1215, 69, P0
2026/07/31 22:19:34.455, 238.97, 250.00, 100, 1410, 1215, 69, P0
2026/07/31 22:19:34.655, 236.85, 250.00, 100, 1410, 1215, 69, P0
2026/07/31 22:19:34.856, 238.00, 250.00, 100, 1410, 1215, 69, P0
2026/07/31 22:19:35.056, 237.11, 250.00, 100, 1410, 1215, 69, P0
2026/07/31 22:19:35.257, 236.07, 250.00, 100, 1410, 1215, 69, P0
2026/07/31 22:19:35.457, 238.25, 250.00, 100, 1410, 1215, 69, P0
2026/07/31 22:19:35.658, 236.84, 250.00, 100, 1410, 1215, 69, P0
2026/07/31 22:19:35.859, 239.57, 250.00, 100, 1410, 1215, 69, P0
2026/07/31 22:19:36.059, 237.28, 250.00, 100, 1410, 1215, 69, P0
2026/07/31 22:19:36.260, 235.57, 250.00, 100, 1410, 1215, 69, P0
2026/07/31 22:19:36.460, 237.40, 250.00, 100, 1410, 1215, 69, P0
2026/07/31 22:19:36.660, 235.48, 250.00, 100, 1410, 1215, 69, P0
2026/07/31 22:19:36.861, 238.10, 250.00, 100, 1410, 1215, 69, P0
2026/07/31 22:19:37.062, 235.86, 250.00, 100, 1410, 1215, 69, P0
2026/07/31 22:19:37.262, 239.73, 250.00, 100, 1410, 1215, 69, P0
2026/07/31 22:19:37.462, 236.51, 250.00, 100, 1410, 1215, 69, P0
2026/07/31 22:19:37.663, 240.52, 250.00, 100, 1410, 1215, 69, P0
2026/07/31 22:19:37.863, 236.93, 250.00, 100, 1410, 1215, 69, P0
2026/07/31 22:19:38.064, 237.55, 250.00, 100, 1410, 1215, 69, P0
2026/07/31 22:19:38.265, 237.79, 250.00, 100, 1410, 1215, 69, P0
2026/07/31 22:19:38.465, 235.64, 250.00, 100, 1410, 1215, 69, P0
2026/07/31 22:19:38.666, 237.46, 250.00, 100, 1410, 1215, 69, P0
2026/07/31 22:19:38.866, 235.86, 250.00, 100, 1410, 1215, 69, P0
2026/07/31 22:19:39.067, 239.45, 250.00, 100, 1410, 1215, 69, P0
2026/07/31 22:19:39.267, 236.67, 250.00, 100, 1410, 1215, 69, P0
2026/07/31 22:19:39.468, 240.38, 250.00, 100, 1410, 1215, 69, P0
2026/07/31 22:19:39.668, 236.93, 250.00, 100, 1410, 1215, 69, P0
2026/07/31 22:19:39.869, 238.87, 250.00, 100, 1410, 1215, 69, P0
2026/07/31 22:19:40.069, 237.33, 250.00, 100, 1410, 1215, 69, P0
2026/07/31 22:19:40.270, 235.87, 250.00, 100, 1410, 1215, 69, P0
2026/07/31 22:19:40.470, 238.76, 250.00, 100, 1410, 1215, 69, P0
2026/07/31 22:19:40.671, 236.24, 250.00, 100, 1410, 1215, 69, P0
2026/07/31 22:19:40.871, 238.22, 250.00, 100, 1410, 1215, 69, P0
2026/07/31 22:19:41.072, 236.08, 250.00, 100, 1410, 1215, 69, P0
2026/07/31 22:19:41.272, 239.62, 250.00, 100, 1410, 1215, 69, P0
2026/07/31 22:19:41.473, 237.44, 250.00, 100, 1410, 1215, 69, P0
2026/07/31 22:19:41.673, 241.37, 250.00, 100, 1410, 1215, 70, P0
2026/07/31 22:19:41.874, 237.58, 250.00, 100, 1410, 1215, 70, P0
2026/07/31 22:19:42.074, 236.00, 250.00, 100, 1410, 1215, 70, P0
2026/07/31 22:19:42.275, 238.37, 250.00, 100, 1410, 1215, 70, P0
2026/07/31 22:19:42.475, 236.43, 250.00, 100, 1410, 1215, 70, P0
2026/07/31 22:19:42.676, 239.16, 250.00, 100, 1410, 1215, 70, P0
2026/07/31 22:19:42.876, 236.66, 250.00, 100, 1410, 1215, 70, P0
2026/07/31 22:19:43.077, 239.59, 250.00, 100, 1410, 1215, 70, P0
2026/07/31 22:19:43.278, 236.81, 250.00, 100, 1410, 1215, 70, P0
2026/07/31 22:19:43.478, 240.49, 250.00, 100, 1410, 1215, 70, P0
2026/07/31 22:19:43.678, 237.51, 250.00, 100, 1410, 1215, 70, P0
2026/07/31 22:19:43.879, 237.91, 250.00, 100, 1410, 1215, 70, P0
2026/07/31 22:19:44.079, 238.46, 250.00, 100, 1410, 1215, 70, P0
2026/07/31 22:19:44.280, 236.62, 250.00, 100, 1410, 1215, 70, P0
2026/07/31 22:19:44.480, 239.02, 250.00, 100, 1410, 1215, 70, P0
2026/07/31 22:19:44.681, 236.66, 250.00, 100, 1410, 1215, 70, P0
2026/07/31 22:19:44.882, 239.54, 250.00, 100, 1410, 1215, 70, P0
2026/07/31 22:19:45.082, 237.04, 250.00, 100, 1410, 1215, 70, P0
2026/07/31 22:19:45.283, 208.40, 250.00, 75, 1410, 1215, 71, P0
2026/07/31 22:19:45.483, 237.13, 250.00, 84, 1410, 1215, 70, P0
2026/07/31 22:19:45.683, 149.74, 250.00, 46, 1410, 1215, 69, P0
2026/07/31 22:19:45.884, 239.78, 250.00, 100, 1410, 1215, 70, P0
2026/07/31 22:19:46.084, 237.10, 250.00, 100, 1410, 1215, 70, P0
2026/07/31 22:19:46.285, 240.57, 250.00, 100, 1410, 1215, 70, P0
2026/07/31 22:19:46.485, 237.66, 250.00, 100, 1410, 1215, 70, P0
2026/07/31 22:19:46.686, 236.31, 250.00, 100, 1410, 1215, 70, P0
2026/07/31 22:19:46.886, 238.29, 250.00, 100, 1410, 1215, 70, P0
2026/07/31 22:19:47.087, 236.65, 250.00, 100, 1410, 1215, 70, P0
2026/07/31 22:19:47.287, 238.21, 250.00, 100, 1410, 1215, 70, P0
2026/07/31 22:19:47.488, 236.43, 250.00, 100, 1410, 1215, 70, P0
2026/07/31 22:19:47.688, 238.98, 250.00, 100, 1410, 1215, 70, P0
2026/07/31 22:19:47.889, 236.56, 250.00, 100, 1410, 1215, 70, P0
2026/07/31 22:19:48.090, 240.78, 250.00, 100, 1410, 1215, 70, P0
2026/07/31 22:19:48.290, 237.29, 250.00, 100, 1410, 1215, 70, P0
2026/07/31 22:19:48.491, 240.33, 250.00, 100, 1410, 1215, 70, P0
2026/07/31 22:19:48.691, 237.89, 250.00, 100, 1410, 1215, 70, P0
2026/07/31 22:19:48.891, 239.25, 250.00, 100, 1410, 1215, 70, P0
2026/07/31 22:19:49.092, 238.40, 250.00, 100, 1410, 1215, 70, P0
2026/07/31 22:19:49.293, 236.65, 250.00, 100, 1410, 1215, 70, P0
2026/07/31 22:19:49.493, 238.49, 250.00, 100, 1410, 1215, 70, P0
2026/07/31 22:19:49.694, 236.85, 250.00, 100, 1410, 1215, 70, P0
2026/07/31 22:19:49.894, 239.26, 250.00, 100, 1410, 1215, 70, P0
2026/07/31 22:19:50.095, 236.77, 250.00, 100, 1410, 1215, 70, P0
2026/07/31 22:19:50.295, 239.71, 250.00, 100, 1410, 1215, 70, P0
2026/07/31 22:19:50.496, 236.87, 250.00, 100, 1410, 1215, 70, P0
2026/07/31 22:19:50.696, 240.05, 250.00, 100, 1410, 1215, 70, P0
2026/07/31 22:19:50.897, 237.69, 250.00, 100, 1410, 1215, 70, P0
2026/07/31 22:19:51.097, 241.73, 250.00, 100, 1410, 1215, 70, P0
2026/07/31 22:19:51.298, 237.63, 250.00, 100, 1410, 1215, 70, P0
2026/07/31 22:19:51.498, 239.34, 250.00, 100, 1410, 1215, 70, P0
2026/07/31 22:19:51.699, 238.27, 250.00, 100, 1410, 1215, 70, P0
2026/07/31 22:19:51.900, 236.45, 250.00, 100, 1410, 1215, 70, P0
2026/07/31 22:19:52.100, 239.02, 250.00, 100, 1410, 1215, 70, P0
2026/07/31 22:19:52.301, 236.63, 250.00, 100, 1410, 1215, 70, P0
2026/07/31 22:19:52.501, 238.90, 250.00, 100, 1410, 1215, 70, P0
2026/07/31 22:19:52.702, 237.24, 250.00, 100, 1410, 1215, 70, P0
2026/07/31 22:19:52.902, 240.42, 250.00, 100, 1410, 1215, 70, P0
2026/07/31 22:19:53.103, 237.58, 250.00, 100, 1410, 1215, 70, P0
2026/07/31 22:19:53.303, 239.95, 250.00, 100, 1410, 1215, 70, P0
2026/07/31 22:19:53.504, 237.82, 250.00, 100, 1410, 1215, 70, P0
2026/07/31 22:19:53.704, 241.71, 250.00, 100, 1410, 1215, 70, P0
2026/07/31 22:19:53.905, 89.87, 250.00, 100, 1410, 1215, 67, P0
2026/07/31 22:19:54.105, 240.28, 250.00, 22, 1410, 1215, 69, P0
2026/07/31 22:19:54.306, 237.76, 250.00, 99, 1410, 1215, 70, P0
2026/07/31 22:19:54.506, 239.32, 250.00, 100, 1410, 1215, 70, P0
2026/07/31 22:19:54.707, 238.62, 250.00, 100, 1410, 1215, 70, P0
2026/07/31 22:19:54.908, 237.14, 250.00, 100, 1410, 1215, 70, P0
2026/07/31 22:19:55.108, 239.25, 250.00, 100, 1410, 1215, 70, P0
2026/07/31 22:19:55.309, 237.68, 250.00, 100, 1410, 1215, 70, P0
2026/07/31 22:19:55.509, 240.14, 250.00, 100, 1410, 1215, 70, P0
2026/07/31 22:19:55.710, 237.52, 250.00, 100, 1410, 1215, 70, P0
2026/07/31 22:19:55.910, 241.48, 250.00, 100, 1410, 1215, 70, P0
2026/07/31 22:19:56.111, 237.55, 250.00, 100, 1410, 1215, 70, P0
2026/07/31 22:19:56.311, 236.60, 250.00, 100, 1410, 1215, 71, P0
2026/07/31 22:19:56.512, 239.33, 250.00, 100, 1410, 1215, 71, P0
2026/07/31 22:19:56.712, 237.43, 250.00, 100, 1410, 1215, 71, P0
2026/07/31 22:19:56.913, 240.46, 250.00, 100, 1410, 1215, 71, P0
2026/07/31 22:19:57.113, 237.69, 250.00, 100, 1410, 1215, 71, P0
2026/07/31 22:19:57.314, 240.04, 250.00, 100, 1410, 1215, 71, P0
2026/07/31 22:19:57.515, 237.25, 250.00, 100, 1410, 1215, 71, P0
2026/07/31 22:19:57.715, 239.67, 250.00, 100, 1410, 1215, 71, P0
2026/07/31 22:19:57.916, 237.77, 250.00, 100, 1410, 1215, 71, P0
2026/07/31 22:19:58.116, 242.40, 250.00, 100, 1410, 1215, 71, P0
2026/07/31 22:19:58.317, 238.76, 250.00, 100, 1410, 1215, 71, P0
2026/07/31 22:19:58.517, 240.45, 250.00, 100, 1410, 1215, 71, P0
2026/07/31 22:19:58.718, 238.04, 250.00, 100, 1410, 1215, 71, P0
2026/07/31 22:19:58.918, 237.35, 250.00, 100, 1410, 1215, 71, P0
2026/07/31 22:19:59.119, 239.45, 250.00, 100, 1410, 1215, 71, P0
2026/07/31 22:19:59.319, 237.82, 250.00, 100, 1410, 1215, 71, P0
2026/07/31 22:19:59.520, 239.90, 250.00, 100, 1410, 1215, 71, P0
2026/07/31 22:19:59.720, 237.33, 250.00, 100, 1410, 1215, 71, P0
2026/07/31 22:19:59.921, 240.94, 250.00, 100, 1410, 1215, 71, P0
2026/07/31 22:20:00.121, 238.11, 250.00, 100, 1410, 1215, 71, P0
2026/07/31 22:20:00.322, 241.58, 250.00, 100, 1410, 1215, 71, P0
2026/07/31 22:20:00.523, 238.74, 250.00, 100, 1410, 1215, 71, P0
2026/07/31 22:20:00.723, 242.13, 250.00, 100, 1410, 1215, 71, P0
2026/07/31 22:20:00.924, 238.90, 250.00, 100, 1410, 1215, 71, P0
2026/07/31 22:20:01.124, 236.89, 250.00, 100, 1410, 1215, 71, P0
2026/07/31 22:20:01.325, 238.71, 250.00, 100, 1410, 1215, 71, P0
2026/07/31 22:20:01.525, 237.60, 250.00, 100, 1410, 1215, 71, P0
2026/07/31 22:20:01.726, 240.47, 250.00, 100, 1410, 1215, 71, P0
2026/07/31 22:20:01.926, 238.09, 250.00, 100, 1410, 1215, 71, P0
2026/07/31 22:20:02.127, 240.14, 250.00, 100, 1410, 1215, 71, P0
2026/07/31 22:20:02.327, 237.43, 250.00, 100, 1410, 1215, 71, P0
2026/07/31 22:20:02.528, 241.85, 250.00, 100, 1410, 1215, 71, P0
2026/07/31 22:20:02.728, 238.85, 250.00, 100, 1410, 1215, 71, P0
2026/07/31 22:20:02.929, 242.32, 250.00, 100, 1410, 1215, 71, P0
2026/07/31 22:20:03.129, 238.90, 250.00, 100, 1410, 1215, 71, P0
2026/07/31 22:20:03.330, 239.64, 250.00, 100, 1410, 1215, 71, P0
2026/07/31 22:20:03.530, 239.63, 250.00, 100, 1410, 1215, 71, P0
2026/07/31 22:20:03.731, 237.63, 250.00, 100, 1410, 1215, 71, P0
2026/07/31 22:20:03.931, 227.34, 250.00, 64, 1410, 1215, 71, P0
2026/07/31 22:20:04.132, 240.59, 250.00, 87, 1410, 1215, 71, P0
2026/07/31 22:20:04.332, 237.98, 250.00, 100, 1410, 1215, 71, P0
2026/07/31 22:20:04.533, 242.37, 250.00, 100, 1410, 1215, 71, P0
2026/07/31 22:20:04.733, 229.96, 250.00, 86, 1410, 1215, 73, P0
2026/07/31 22:20:04.934, 238.97, 250.00, 78, 1410, 1215, 71, P0
2026/07/31 22:20:05.134, 239.64, 250.00, 100, 1410, 1215, 71, P0
2026/07/31 22:20:05.335, 239.81, 250.00, 100, 1410, 1215, 71, P0
2026/07/31 22:20:05.535, 238.13, 250.00, 100, 1410, 1215, 71, P0
2026/07/31 22:20:05.736, 239.37, 250.00, 100, 1410, 1215, 71, P0
2026/07/31 22:20:05.936, 238.45, 250.00, 100, 1410, 1215, 71, P0
2026/07/31 22:20:06.137, 240.27, 250.00, 100, 1410, 1215, 71, P0
2026/07/31 22:20:06.337, 238.57, 250.00, 100, 1410, 1215, 71, P0
2026/07/31 22:20:06.538, 241.38, 250.00, 100, 1410, 1215, 71, P0
2026/07/31 22:20:06.740, 238.41, 250.00, 100, 1410, 1215, 71, P0
2026/07/31 22:20:06.943, 239.92, 250.00, 100, 1410, 1215, 71, P0
2026/07/31 22:20:07.145, 238.20, 250.00, 100, 1410, 1215, 71, P0
2026/07/31 22:20:07.346, 241.71, 250.00, 100, 1410, 1215, 71, P0
2026/07/31 22:20:07.546, 238.36, 250.00, 100, 1410, 1215, 71, P0
2026/07/31 22:20:07.747, 242.21, 250.00, 100, 1410, 1215, 71, P0
2026/07/31 22:20:07.948, 238.57, 250.00, 100, 1410, 1215, 71, P0
2026/07/31 22:20:08.148, 241.49, 250.00, 100, 1410, 1215, 71, P0
2026/07/31 22:20:08.349, 239.31, 250.00, 100, 1410, 1215, 71, P0
2026/07/31 22:20:08.549, 241.41, 250.00, 100, 1410, 1215, 71, P0
2026/07/31 22:20:08.750, 239.46, 250.00, 100, 1410, 1215, 71, P0
2026/07/31 22:20:08.950, 238.18, 250.00, 100, 1410, 1215, 71, P0
2026/07/31 22:20:09.151, 240.69, 250.00, 100, 1410, 1215, 71, P0
2026/07/31 22:20:09.351, 238.01, 250.00, 100, 1410, 1215, 71, P0
2026/07/31 22:20:09.552, 240.33, 250.00, 100, 1410, 1215, 71, P0
2026/07/31 22:20:09.753, 238.58, 250.00, 100, 1410, 1215, 71, P0
2026/07/31 22:20:09.953, 252.22, 250.00, 100, 1305, 1215, 75, P0
2026/07/31 22:20:10.154, 234.52, 250.00, 96, 1395, 1215, 73, P0
2026/07/31 22:20:10.354, 238.59, 250.00, 100, 1410, 1215, 72, P0
2026/07/31 22:20:10.555, 241.24, 250.00, 100, 1410, 1215, 72, P0
2026/07/31 22:20:10.755, 238.68, 250.00, 100, 1410, 1215, 72, P0
2026/07/31 22:20:10.956, 242.24, 250.00, 100, 1410, 1215, 72, P0
2026/07/31 22:20:11.156, 239.00, 250.00, 100, 1410, 1215, 72, P0
2026/07/31 22:20:11.357, 242.10, 250.00, 100, 1410, 1215, 72, P0
2026/07/31 22:20:11.557, 239.64, 250.00, 100, 1410, 1215, 72, P0
2026/07/31 22:20:11.758, 243.99, 250.00, 100, 1410, 1215, 72, P0
2026/07/31 22:20:11.958, 240.02, 250.00, 100, 1410, 1215, 72, P0
2026/07/31 22:20:12.159, 238.74, 250.00, 100, 1410, 1215, 72, P0
2026/07/31 22:20:12.359, 240.72, 250.00, 100, 1410, 1215, 72, P0
2026/07/31 22:20:12.560, 239.04, 250.00, 100, 1410, 1215, 72, P0
2026/07/31 22:20:12.760, 241.57, 250.00, 100, 1410, 1215, 72, P0
2026/07/31 22:20:12.961, 238.77, 250.00, 100, 1410, 1215, 72, P0
2026/07/31 22:20:13.161, 239.15, 250.00, 100, 1410, 1215, 72, P0
2026/07/31 22:20:13.362, 240.24, 250.00, 100, 1410, 1215, 72, P0
2026/07/31 22:20:13.563, 238.76, 250.00, 100, 1410, 1215, 72, P0
2026/07/31 22:20:13.763, 241.46, 250.00, 100, 1410, 1215, 72, P0
2026/07/31 22:20:13.963, 239.05, 250.00, 100, 1410, 1215, 72, P0
2026/07/31 22:20:14.164, 241.66, 250.00, 100, 1410, 1215, 72, P0
2026/07/31 22:20:14.365, 239.42, 250.00, 100, 1410, 1215, 72, P0
2026/07/31 22:20:14.565, 242.98, 250.00, 100, 1410, 1215, 72, P0
2026/07/31 22:20:14.766, 239.81, 250.00, 100, 1410, 1215, 72, P0
2026/07/31 22:20:14.966, 243.16, 250.00, 100, 1410, 1215, 72, P0
2026/07/31 22:20:15.167, 240.68, 250.00, 100, 1410, 1215, 72, P0
2026/07/31 22:20:15.367, 238.88, 250.00, 100, 1410, 1215, 72, P0
2026/07/31 22:20:15.568, 241.20, 250.00, 100, 1410, 1215, 72, P0
2026/07/31 22:20:15.768, 238.98, 250.00, 100, 1410, 1215, 72, P0
2026/07/31 22:20:15.969, 241.85, 250.00, 100, 1410, 1215, 72, P0
2026/07/31 22:20:16.169, 239.78, 250.00, 100, 1410, 1215, 72, P0
2026/07/31 22:20:16.370, 243.12, 250.00, 100, 1410, 1215, 72, P0
2026/07/31 22:20:16.570, 240.11, 250.00, 100, 1410, 1215, 72, P0
2026/07/31 22:20:16.771, 243.49, 250.00, 100, 1410, 1215, 72, P0
2026/07/31 22:20:16.971, 240.04, 250.00, 100, 1410, 1215, 72, P0
2026/07/31 22:20:17.172, 238.96, 250.00, 100, 1410, 1215, 72, P0
2026/07/31 22:20:17.372, 241.36, 250.00, 100, 1410, 1215, 72, P0
2026/07/31 22:20:17.573, 239.46, 250.00, 100, 1410, 1215, 72, P0
2026/07/31 22:20:17.773, 242.34, 250.00, 100, 1410, 1215, 72, P0
2026/07/31 22:20:17.974, 239.62, 250.00, 100, 1410, 1215, 72, P0
2026/07/31 22:20:18.175, 243.13, 250.00, 100, 1410, 1215, 72, P0
2026/07/31 22:20:18.375, 100.64, 250.00, 100, 1410, 1215, 69, P0
2026/07/31 22:20:18.575, 237.43, 250.00, 30, 1410, 1215, 71, P0
2026/07/31 22:20:18.776, 238.49, 250.00, 93, 1410, 1215, 71, P0
2026/07/31 22:20:18.977, 242.70, 250.00, 100, 1410, 1215, 72, P0
2026/07/31 22:20:19.177, 239.92, 250.00, 100, 1410, 1215, 72, P0
2026/07/31 22:20:19.378, 243.30, 250.00, 100, 1410, 1215, 72, P0
2026/07/31 22:20:19.578, 240.10, 250.00, 100, 1410, 1215, 72, P0
2026/07/31 22:20:19.779, 243.59, 250.00, 100, 1410, 1215, 72, P0
2026/07/31 22:20:19.979, 240.56, 250.00, 100, 1410, 1215, 72, P0
2026/07/31 22:20:20.180, 239.54, 250.00, 100, 1410, 1215, 72, P0
2026/07/31 22:20:20.380, 240.80, 250.00, 100, 1410, 1215, 72, P0
2026/07/31 22:20:20.581, 238.77, 250.00, 100, 1410, 1215, 72, P0
2026/07/31 22:20:20.781, 241.64, 250.00, 100, 1410, 1215, 72, P0
2026/07/31 22:20:20.982, 238.87, 250.00, 100, 1410, 1215, 72, P0
2026/07/31 22:20:21.182, 241.12, 250.00, 100, 1410, 1215, 72, P0
2026/07/31 22:20:21.383, 238.79, 250.00, 100, 1410, 1215, 72, P0
2026/07/31 22:20:21.583, 242.82, 250.00, 100, 1410, 1215, 72, P0
2026/07/31 22:20:21.784, 239.70, 250.00, 100, 1410, 1215, 72, P0
2026/07/31 22:20:21.984, 242.75, 250.00, 100, 1410, 1215, 72, P0
2026/07/31 22:20:22.185, 239.47, 250.00, 100, 1410, 1215, 72, P0
2026/07/31 22:20:22.385, 243.51, 250.00, 100, 1410, 1215, 72, P0
2026/07/31 22:20:22.586, 239.85, 250.00, 100, 1410, 1215, 72, P0
2026/07/31 22:20:22.786, 240.80, 250.00, 100, 1410, 1215, 72, P0
2026/07/31 22:20:22.987, 239.84, 250.00, 100, 1410, 1215, 72, P0
2026/07/31 22:20:23.187, 238.43, 250.00, 100, 1410, 1215, 72, P0
2026/07/31 22:20:23.388, 241.68, 250.00, 100, 1410, 1215, 72, P0
2026/07/31 22:20:23.588, 239.57, 250.00, 100, 1410, 1215, 72, P0
2026/07/31 22:20:23.789, 242.24, 250.00, 100, 1410, 1215, 72, P0
2026/07/31 22:20:23.989, 239.53, 250.00, 100, 1410, 1215, 72, P0
2026/07/31 22:20:24.190, 242.67, 250.00, 100, 1410, 1215, 72, P0
2026/07/31 22:20:24.390, 239.11, 250.00, 100, 1410, 1215, 72, P0
2026/07/31 22:20:24.591, 242.58, 250.00, 100, 1410, 1215, 72, P0
2026/07/31 22:20:24.791, 240.20, 250.00, 100, 1410, 1215, 72, P0
2026/07/31 22:20:24.992, 242.63, 250.00, 100, 1410, 1215, 72, P0
2026/07/31 22:20:25.192, 240.11, 250.00, 100, 1410, 1215, 72, P0
2026/07/31 22:20:25.393, 239.33, 250.00, 100, 1410, 1215, 72, P0
2026/07/31 22:20:25.593, 241.45, 250.00, 100, 1410, 1215, 72, P0
2026/07/31 22:20:25.794, 239.25, 250.00, 100, 1410, 1215, 72, P0
2026/07/31 22:20:25.994, 242.26, 250.00, 100, 1410, 1215, 72, P0
2026/07/31 22:20:26.195, 239.73, 250.00, 100, 1410, 1215, 72, P0
2026/07/31 22:20:26.395, 242.47, 250.00, 100, 1410, 1215, 72, P0
2026/07/31 22:20:26.595, 239.85, 250.00, 100, 1410, 1215, 72, P0
2026/07/31 22:20:26.796, 227.73, 250.00, 90, 1350, 1215, 74, P0
2026/07/31 22:20:26.996, 239.37, 250.00, 90, 1410, 1215, 73, P0
2026/07/31 22:20:27.197, 241.18, 250.00, 100, 1410, 1215, 73, P0
2026/07/31 22:20:27.397, 239.17, 250.00, 100, 1410, 1215, 73, P0
2026/07/31 22:20:27.598, 241.72, 250.00, 100, 1410, 1215, 73, P0
2026/07/31 22:20:27.798, 239.27, 250.00, 100, 1410, 1215, 72, P0
2026/07/31 22:20:27.999, 251.17, 250.00, 100, 1275, 1215, 76, P0
2026/07/31 22:20:28.199, 209.23, 250.00, 97, 1335, 1215, 74, P0
2026/07/31 22:20:28.400, 240.58, 250.00, 100, 1410, 1215, 73, P0
2026/07/31 22:20:28.600, 242.43, 250.00, 100, 1410, 1215, 73, P0
2026/07/31 22:20:28.801, 240.33, 250.00, 100, 1410, 1215, 73, P0
2026/07/31 22:20:29.001, 242.83, 250.00, 100, 1410, 1215, 73, P0
2026/07/31 22:20:29.202, 240.91, 250.00, 100, 1410, 1215, 73, P0
2026/07/31 22:20:29.402, 244.50, 250.00, 100, 1410, 1215, 73, P0
2026/07/31 22:20:29.603, 240.83, 250.00, 100, 1410, 1215, 73, P0
2026/07/31 22:20:29.803, 243.60, 250.00, 100, 1410, 1215, 73, P0
2026/07/31 22:20:30.004, 241.60, 250.00, 100, 1410, 1215, 73, P0
2026/07/31 22:20:30.204, 240.33, 250.00, 100, 1410, 1215, 73, P0
2026/07/31 22:20:30.405, 243.23, 250.00, 100, 1410, 1215, 73, P0
2026/07/31 22:20:30.605, 241.01, 250.00, 100, 1410, 1215, 73, P0
2026/07/31 22:20:30.806, 245.04, 250.00, 100, 1410, 1215, 73, P0
2026/07/31 22:20:31.006, 241.57, 250.00, 100, 1410, 1215, 73, P0
2026/07/31 22:20:31.207, 240.23, 250.00, 100, 1410, 1215, 73, P0
2026/07/31 22:20:31.407, 242.82, 250.00, 100, 1410, 1215, 73, P0
2026/07/31 22:20:31.608, 240.30, 250.00, 100, 1410, 1215, 72, P0
2026/07/31 22:20:31.808, 150.21, 250.00, 100, 1410, 1215, 72, P0
2026/07/31 22:20:32.009, 239.36, 250.00, 42, 1410, 1215, 72, P0
2026/07/31 22:20:32.209, 243.14, 250.00, 96, 1410, 1215, 72, P0
2026/07/31 22:20:32.410, 240.03, 250.00, 100, 1410, 1215, 73, P0
2026/07/31 22:20:32.610, 242.90, 250.00, 100, 1410, 1215, 71, P0
2026/07/31 22:20:32.811, 121.68, 250.00, 96, 1410, 1215, 71, P0
2026/07/31 22:20:33.011, 241.19, 250.00, 30, 1410, 1215, 72, P0
2026/07/31 22:20:33.212, 240.00, 250.00, 100, 1410, 1215, 72, P0
2026/07/31 22:20:33.412, 241.18, 250.00, 100, 1410, 1215, 72, P0
2026/07/31 22:20:33.613, 239.95, 250.00, 100, 1410, 1215, 72, P0
2026/07/31 22:20:33.813, 241.67, 250.00, 100, 1410, 1215, 72, P0
2026/07/31 22:20:34.014, 239.53, 250.00, 100, 1410, 1215, 72, P0
2026/07/31 22:20:34.214, 241.94, 250.00, 100, 1410, 1215, 73, P0
2026/07/31 22:20:34.415, 240.26, 250.00, 100, 1410, 1215, 73, P0
2026/07/31 22:20:34.616, 242.64, 250.00, 100, 1410, 1215, 73, P0
2026/07/31 22:20:34.816, 240.49, 250.00, 100, 1410, 1215, 73, P0
2026/07/31 22:20:35.017, 243.38, 250.00, 100, 1410, 1215, 73, P0
2026/07/31 22:20:35.217, 240.62, 250.00, 100, 1410, 1215, 73, P0
2026/07/31 22:20:35.418, 244.55, 250.00, 100, 1410, 1215, 73, P0
2026/07/31 22:20:35.618, 241.29, 250.00, 100, 1410, 1215, 73, P0
2026/07/31 22:20:35.819, 245.15, 250.00, 100, 1410, 1215, 73, P0
2026/07/31 22:20:36.019, 241.24, 250.00, 100, 1410, 1215, 73, P0
2026/07/31 22:20:36.220, 242.71, 250.00, 100, 1410, 1215, 73, P0
2026/07/31 22:20:36.420, 241.47, 250.00, 100, 1410, 1215, 73, P0
2026/07/31 22:20:36.621, 239.81, 250.00, 100, 1410, 1215, 73, P0
2026/07/31 22:20:36.821, 242.71, 250.00, 100, 1410, 1215, 73, P0
2026/07/31 22:20:37.022, 239.60, 250.00, 100, 1410, 1215, 73, P0
2026/07/31 22:20:37.223, 242.70, 250.00, 100, 1410, 1215, 73, P0
2026/07/31 22:20:37.423, 240.01, 250.00, 100, 1410, 1215, 73, P0
2026/07/31 22:20:37.624, 243.98, 250.00, 100, 1410, 1215, 73, P0
2026/07/31 22:20:37.824, 240.54, 250.00, 100, 1410, 1215, 73, P0
2026/07/31 22:20:38.025, 243.25, 250.00, 100, 1410, 1215, 73, P0
2026/07/31 22:20:38.225, 241.27, 250.00, 100, 1410, 1215, 73, P0
2026/07/31 22:20:38.426, 244.07, 250.00, 100, 1410, 1215, 73, P0
2026/07/31 22:20:38.626, 241.90, 250.00, 100, 1410, 1215, 73, P0
2026/07/31 22:20:38.827, 240.12, 250.00, 100, 1410, 1215, 73, P0
2026/07/31 22:20:39.027, 241.69, 250.00, 100, 1410, 1215, 73, P0
2026/07/31 22:20:39.228, 240.21, 250.00, 100, 1410, 1215, 73, P0
2026/07/31 22:20:39.428, 243.10, 250.00, 100, 1410, 1215, 73, P0
2026/07/31 22:20:39.629, 240.47, 250.00, 100, 1410, 1215, 73, P0
2026/07/31 22:20:39.829, 244.06, 250.00, 100, 1410, 1215, 73, P0
2026/07/31 22:20:40.030, 240.77, 250.00, 100, 1410, 1215, 73, P0
2026/07/31 22:20:40.230, 244.44, 250.00, 100, 1410, 1215, 73, P0
2026/07/31 22:20:40.431, 177.91, 250.00, 100, 1410, 1215, 74, P0
2026/07/31 22:20:40.631, 241.07, 250.00, 90, 1410, 1215, 74, P0
2026/07/31 22:20:40.832, 240.32, 250.00, 73, 1410, 1215, 73, P0
2026/07/31 22:20:41.032, 241.85, 250.00, 100, 1410, 1215, 73, P0
2026/07/31 22:20:41.233, 188.36, 250.00, 100, 1410, 1215, 73, P0
2026/07/31 22:20:41.433, 239.87, 250.00, 74, 1410, 1215, 73, P0
2026/07/31 22:20:41.634, 244.17, 250.00, 78, 1410, 1215, 73, P0
2026/07/31 22:20:41.834, 241.26, 250.00, 100, 1410, 1215, 73, P0
2026/07/31 22:20:42.035, 244.85, 250.00, 100, 1410, 1215, 73, P0
2026/07/31 22:20:42.236, 240.91, 250.00, 100, 1410, 1215, 73, P0
2026/07/31 22:20:42.436, 245.04, 250.00, 100, 1410, 1215, 73, P0
2026/07/31 22:20:42.637, 242.00, 250.00, 100, 1410, 1215, 73, P0
2026/07/31 22:20:42.837, 239.92, 250.00, 100, 1410, 1215, 72, P0
2026/07/31 22:20:43.038, 208.33, 250.00, 89, 1410, 1215, 71, P0
2026/07/31 22:20:43.238, 241.31, 250.00, 39, 1410, 1215, 72, P0
2026/07/31 22:20:43.439, 240.12, 250.00, 100, 1410, 1215, 73, P0
2026/07/31 22:20:43.639, 244.02, 250.00, 100, 1410, 1215, 73, P0
2026/07/31 22:20:43.840, 240.34, 250.00, 100, 1410, 1215, 73, P0
2026/07/31 22:20:44.041, 244.62, 250.00, 100, 1410, 1215, 73, P0
2026/07/31 22:20:44.241, 241.28, 250.00, 100, 1410, 1215, 73, P0
2026/07/31 22:20:44.442, 244.38, 250.00, 100, 1410, 1215, 73, P0
2026/07/31 22:20:44.642, 241.59, 250.00, 100, 1410, 1215, 73, P0
2026/07/31 22:20:44.843, 241.86, 250.00, 100, 1410, 1215, 73, P0
2026/07/31 22:20:45.043, 241.84, 250.00, 100, 1410, 1215, 73, P0
2026/07/31 22:20:45.245, 240.52, 250.00, 100, 1410, 1215, 73, P0
2026/07/31 22:20:45.449, 240.51, 250.00, 100, 1410, 1215, 73, P0
2026/07/31 22:20:45.650, 245.47, 250.00, 100, 1410, 1215, 73, P0
2026/07/31 22:20:45.851, 241.95, 250.00, 100, 1410, 1215, 73, P0
2026/07/31 22:20:46.053, 243.22, 250.00, 100, 1410, 1215, 73, P0
2026/07/31 22:20:46.253, 242.13, 250.00, 100, 1410, 1215, 73, P0
2026/07/31 22:20:46.454, 240.69, 250.00, 100, 1410, 1215, 73, P0
2026/07/31 22:20:46.654, 242.18, 250.00, 100, 1410, 1215, 73, P0
2026/07/31 22:20:46.855, 240.04, 250.00, 100, 1410, 1215, 73, P0
2026/07/31 22:20:47.055, 243.38, 250.00, 100, 1410, 1215, 73, P0
2026/07/31 22:20:47.256, 241.25, 250.00, 100, 1410, 1215, 73, P0
2026/07/31 22:20:47.456, 244.15, 250.00, 100, 1410, 1215, 73, P0
2026/07/31 22:20:47.657, 240.93, 250.00, 100, 1410, 1215, 73, P0
2026/07/31 22:20:47.857, 243.96, 250.00, 100, 1410, 1215, 73, P0
2026/07/31 22:20:48.058, 241.76, 250.00, 100, 1410, 1215, 73, P0
2026/07/31 22:20:48.258, 245.63, 250.00, 100, 1410, 1215, 73, P0
2026/07/31 22:20:48.459, 241.94, 250.00, 100, 1410, 1215, 73, P0
2026/07/31 22:20:48.659, 241.47, 250.00, 100, 1410, 1215, 73, P0
2026/07/31 22:20:48.860, 242.59, 250.00, 100, 1410, 1215, 73, P0
2026/07/31 22:20:49.061, 240.60, 250.00, 100, 1410, 1215, 73, P0
2026/07/31 22:20:49.261, 242.50, 250.00, 100, 1410, 1215, 73, P0
2026/07/31 22:20:49.462, 240.62, 250.00, 100, 1410, 1215, 73, P0
2026/07/31 22:20:49.662, 243.21, 250.00, 100, 1410, 1215, 73, P0
2026/07/31 22:20:49.863, 241.39, 250.00, 100, 1410, 1215, 73, P0
2026/07/31 22:20:50.063, 240.80, 250.00, 100, 1410, 1215, 73, P0
2026/07/31 22:20:50.264, 242.64, 250.00, 100, 1410, 1215, 73, P0
2026/07/31 22:20:50.464, 240.32, 250.00, 100, 1410, 1215, 73, P0
2026/07/31 22:20:50.665, 243.30, 250.00, 100, 1410, 1215, 73, P0
2026/07/31 22:20:50.866, 240.93, 250.00, 100, 1410, 1215, 73, P0
2026/07/31 22:20:51.066, 242.79, 250.00, 100, 1410, 1215, 73, P0
2026/07/31 22:20:51.267, 240.92, 250.00, 100, 1410, 1215, 73, P0
2026/07/31 22:20:51.467, 244.74, 250.00, 100, 1410, 1215, 73, P0
2026/07/31 22:20:51.668, 221.25, 250.00, 77, 1410, 1215, 75, P0
2026/07/31 22:20:51.868, 242.31, 250.00, 87, 1410, 1215, 74, P0
2026/07/31 22:20:52.069, 245.91, 250.00, 100, 1410, 1215, 73, P0
2026/07/31 22:20:52.269, 241.89, 250.00, 100, 1410, 1215, 73, P0
2026/07/31 22:20:52.470, 240.55, 250.00, 100, 1410, 1215, 72, P0
2026/07/31 22:20:52.670, 129.07, 250.00, 34, 1410, 1215, 72, P0
2026/07/31 22:20:52.871, 242.14, 250.00, 100, 1410, 1215, 73, P0
2026/07/31 22:20:53.071, 240.08, 250.00, 100, 1410, 1215, 73, P0
2026/07/31 22:20:53.272, 242.78, 250.00, 100, 1410, 1215, 73, P0
2026/07/31 22:20:53.472, 240.93, 250.00, 100, 1410, 1215, 73, P0
2026/07/31 22:20:53.673, 243.90, 250.00, 100, 1410, 1215, 73, P0
2026/07/31 22:20:53.873, 240.86, 250.00, 100, 1410, 1215, 73, P0
2026/07/31 22:20:54.074, 244.70, 250.00, 100, 1410, 1215, 73, P0
2026/07/31 22:20:54.274, 241.47, 250.00, 100, 1410, 1215, 73, P0
2026/07/31 22:20:54.475, 244.94, 250.00, 100, 1410, 1215, 73, P0
2026/07/31 22:20:54.675, 241.27, 250.00, 100, 1410, 1215, 73, P0
2026/07/31 22:20:54.876, 244.01, 250.00, 100, 1410, 1215, 73, P0
2026/07/31 22:20:55.076, 242.02, 250.00, 100, 1410, 1215, 73, P0
2026/07/31 22:20:55.277, 241.27, 250.00, 100, 1410, 1215, 73, P0
2026/07/31 22:20:55.478, 242.99, 250.00, 100, 1410, 1215, 73, P0
2026/07/31 22:20:55.678, 240.80, 250.00, 100, 1410, 1215, 73, P0
2026/07/31 22:20:55.879, 242.81, 250.00, 100, 1410, 1215, 73, P0
2026/07/31 22:20:56.079, 241.44, 250.00, 100, 1410, 1215, 73, P0
2026/07/31 22:20:56.279, 243.91, 250.00, 100, 1410, 1215, 73, P0
2026/07/31 22:20:56.480, 240.93, 250.00, 100, 1410, 1215, 73, P0
2026/07/31 22:20:56.681, 245.11, 250.00, 100, 1410, 1215, 73, P0
2026/07/31 22:20:56.881, 241.65, 250.00, 100, 1410, 1215, 73, P0
2026/07/31 22:20:57.082, 245.90, 250.00, 100, 1410, 1215, 73, P0
2026/07/31 22:20:57.282, 241.50, 250.00, 100, 1410, 1215, 73, P0
2026/07/31 22:20:57.483, 244.87, 250.00, 100, 1410, 1215, 73, P0
2026/07/31 22:20:57.683, 242.42, 250.00, 100, 1410, 1215, 73, P0
2026/07/31 22:20:57.884, 242.88, 250.00, 100, 1410, 1215, 73, P0
2026/07/31 22:20:58.084, 174.78, 250.00, 88, 1410, 1215, 73, P0
2026/07/31 22:20:58.285, 232.03, 250.00, 51, 1410, 1215, 73, P0
2026/07/31 22:20:58.485, 241.66, 250.00, 100, 1410, 1215, 72, P0
2026/07/31 22:20:58.686, 97.15, 250.00, 23, 1410, 1215, 70, P0
2026/07/31 22:20:58.886, 241.43, 250.00, 100, 1410, 1215, 72, P0
2026/07/31 22:20:59.087, 244.75, 250.00, 100, 1410, 1215, 73, P0
2026/07/31 22:20:59.287, 241.21, 250.00, 100, 1410, 1215, 73, P0
2026/07/31 22:20:59.487, 245.79, 250.00, 100, 1410, 1215, 73, P0
2026/07/31 22:20:59.688, 241.96, 250.00, 100, 1410, 1215, 73, P0
2026/07/31 22:20:59.889, 240.31, 250.00, 100, 1410, 1215, 73, P0
2026/07/31 22:21:00.089, 242.61, 250.00, 100, 1410, 1215, 73, P0
2026/07/31 22:21:00.290, 240.60, 250.00, 100, 1410, 1215, 73, P0
2026/07/31 22:21:00.490, 243.55, 250.00, 100, 1410, 1215, 73, P0
2026/07/31 22:21:00.691, 241.44, 250.00, 100, 1410, 1215, 73, P0
2026/07/31 22:21:00.891, 243.27, 250.00, 100, 1410, 1215, 73, P0
2026/07/31 22:21:01.092, 240.89, 250.00, 100, 1410, 1215, 73, P0
2026/07/31 22:21:01.292, 244.07, 250.00, 100, 1410, 1215, 73, P0
2026/07/31 22:21:01.493, 241.27, 250.00, 100, 1410, 1215, 73, P0
2026/07/31 22:21:01.693, 243.84, 250.00, 100, 1410, 1215, 73, P0
2026/07/31 22:21:01.894, 241.44, 250.00, 100, 1410, 1215, 73, P0
2026/07/31 22:21:02.094, 246.25, 250.00, 100, 1410, 1215, 73, P0
2026/07/31 22:21:02.295, 242.14, 250.00, 100, 1410, 1215, 73, P0
2026/07/31 22:21:02.495, 245.82, 250.00, 100, 1410, 1215, 73, P0
2026/07/31 22:21:02.696, 241.52, 250.00, 100, 1410, 1215, 74, P0
2026/07/31 22:21:02.896, 240.63, 250.00, 100, 1410, 1215, 74, P0
2026/07/31 22:21:03.097, 243.37, 250.00, 100, 1410, 1215, 74, P0
2026/07/31 22:21:03.297, 241.48, 250.00, 100, 1410, 1215, 74, P0
2026/07/31 22:21:03.498, 244.23, 250.00, 100, 1410, 1215, 74, P0
2026/07/31 22:21:03.698, 241.82, 250.00, 100, 1410, 1215, 74, P0
2026/07/31 22:21:03.899, 245.19, 250.00, 100, 1410, 1215, 74, P0
2026/07/31 22:21:04.099, 241.75, 250.00, 100, 1410, 1215, 74, P0
2026/07/31 22:21:04.300, 246.15, 250.00, 100, 1410, 1215, 74, P0
2026/07/31 22:21:04.500, 242.07, 250.00, 100, 1410, 1215, 74, P0
2026/07/31 22:21:04.701, 245.72, 250.00, 100, 1410, 1215, 74, P0
2026/07/31 22:21:04.901, 242.69, 250.00, 100, 1410, 1215, 74, P0
2026/07/31 22:21:05.102, 241.24, 250.00, 100, 1410, 1215, 74, P0
2026/07/31 22:21:05.302, 243.27, 250.00, 100, 1410, 1215, 74, P0
2026/07/31 22:21:05.503, 241.32, 250.00, 100, 1410, 1215, 74, P0
2026/07/31 22:21:05.703, 244.18, 250.00, 100, 1410, 1215, 74, P0
2026/07/31 22:21:05.904, 241.47, 250.00, 100, 1410, 1215, 74, P0
2026/07/31 22:21:06.104, 244.07, 250.00, 100, 1410, 1215, 74, P0
2026/07/31 22:21:06.305, 241.75, 250.00, 100, 1410, 1215, 74, P0
2026/07/31 22:21:06.505, 245.42, 250.00, 100, 1410, 1215, 74, P0
2026/07/31 22:21:06.706, 242.25, 250.00, 100, 1410, 1215, 74, P0
2026/07/31 22:21:06.906, 246.47, 250.00, 100, 1410, 1215, 74, P0
2026/07/31 22:21:07.107, 242.52, 250.00, 100, 1410, 1215, 74, P0
2026/07/31 22:21:07.308, 242.91, 250.00, 100, 1410, 1215, 74, P0
2026/07/31 22:21:07.508, 243.16, 250.00, 100, 1410, 1215, 74, P0
2026/07/31 22:21:07.708, 241.43, 250.00, 100, 1410, 1215, 74, P0
2026/07/31 22:21:07.909, 243.37, 250.00, 100, 1410, 1215, 74, P0
2026/07/31 22:21:08.110, 241.44, 250.00, 100, 1410, 1215, 74, P0
2026/07/31 22:21:08.310, 97.81, 250.00, 100, 1410, 1215, 71, P0
2026/07/31 22:21:08.510, 240.04, 250.00, 49, 1410, 1215, 72, P0
2026/07/31 22:21:08.711, 243.29, 250.00, 76, 1410, 1215, 73, P0
2026/07/31 22:21:08.911, 240.90, 250.00, 100, 1410, 1215, 73, P0
2026/07/31 22:21:09.112, 243.58, 250.00, 100, 1410, 1215, 73, P0
2026/07/31 22:21:09.312, 241.84, 250.00, 100, 1410, 1215, 73, P0
2026/07/31 22:21:09.513, 245.92, 250.00, 100, 1410, 1215, 74, P0
2026/07/31 22:21:09.713, 324.41, 250.00, 100, 1260, 1215, 77, P0
2026/07/31 22:21:09.914, 251.94, 250.00, 96, 1275, 1215, 77, P0
2026/07/31 22:21:10.114, 194.89, 250.00, 100, 1275, 1215, 78, P0
2026/07/31 22:21:10.315, 238.54, 250.00, 97, 1260, 1215, 78, P0
2026/07/31 22:21:10.515, 247.12, 250.00, 100, 1365, 1215, 75, P0
2026/07/31 22:21:10.716, 146.00, 250.00, 75, 1410, 1215, 74, P0
2026/07/31 22:21:10.916, 246.18, 250.00, 69, 1410, 1215, 74, P0
2026/07/31 22:21:11.117, 244.73, 250.00, 100, 1410, 1215, 74, P0
2026/07/31 22:21:11.317, 247.72, 250.00, 100, 1410, 1215, 74, P0
2026/07/31 22:21:11.518, 245.58, 250.00, 100, 1410, 1215, 74, P0
2026/07/31 22:21:11.718, 249.27, 250.00, 100, 1410, 1215, 74, P0
2026/07/31 22:21:11.919, 246.47, 250.00, 100, 1410, 1215, 74, P0
2026/07/31 22:21:12.119, 245.20, 250.00, 100, 1410, 1215, 74, P0
2026/07/31 22:21:12.320, 247.25, 250.00, 100, 1410, 1215, 74, P0
2026/07/31 22:21:12.520, 246.16, 250.00, 100, 1410, 1215, 74, P0
2026/07/31 22:21:12.721, 249.27, 250.00, 100, 1410, 1215, 74, P0
2026/07/31 22:21:12.921, 246.46, 250.00, 100, 1410, 1215, 72, P0
2026/07/31 22:21:13.122, 69.54, 250.00, 44, 1410, 1215, 69, P0
2026/07/31 22:21:13.322, 68.32, 250.00, 0, 1410, 1215, 68, P0
2026/07/31 22:21:13.522, 67.23, 250.00, 0, 1410, 1215, 68, P0
2026/07/31 22:21:13.723, 66.63, 250.00, 0, 1410, 1215, 67, P0
2026/07/31 22:21:13.923, 66.34, 250.00, 0, 1410, 1215, 67, P0
2026/07/31 22:21:14.123, 66.15, 250.00, 0, 1410, 1215, 67, P0
2026/07/31 22:21:14.324, 66.05, 250.00, 0, 1410, 1215, 66, P0
2026/07/31 22:21:14.524, 65.76, 250.00, 0, 1410, 1215, 66, P0
2026/07/31 22:21:14.724, 65.80, 250.00, 0, 1410, 1215, 66, P0
2026/07/31 22:21:14.925, 47.97, 250.00, 0, 1140, 1215, 65, P0
2026/07/31 22:21:15.125, 47.37, 250.00, 0, 1140, 1215, 65, P0
2026/07/31 22:21:15.326, 46.89, 250.00, 0, 1140, 1215, 64, P0
2026/07/31 22:21:15.526, 46.69, 250.00, 0, 1140, 1215, 64, P0
2026/07/31 22:21:15.727, 46.69, 250.00, 0, 1140, 1215, 64, P0
2026/07/31 22:21:15.927, 46.60, 250.00, 0, 1140, 1215, 64, P0
2026/07/31 22:21:16.127, 46.38, 250.00, 0, 1140, 1215, 64, P0
2026/07/31 22:21:16.328, 46.31, 250.00, 0, 1140, 1215, 64, P0
2026/07/31 22:21:16.528, 46.22, 250.00, 0, 1140, 1215, 63, P0
2026/07/31 22:21:16.728, 46.20, 250.00, 0, 1140, 1215, 63, P0
2026/07/31 22:21:16.929, 46.00, 250.00, 0, 1140, 1215, 63, P0
2026/07/31 22:21:17.129, 45.91, 250.00, 0, 1140, 1215, 63, P0
2026/07/31 22:21:17.329, 45.83, 250.00, 0, 1140, 1215, 63, P0
2026/07/31 22:21:17.530, 45.73, 250.00, 0, 1140, 1215, 63, P0
2026/07/31 22:21:17.730, 45.79, 250.00, 0, 1140, 1215, 63, P0
2026/07/31 22:21:17.930, 45.62, 250.00, 0, 1140, 1215, 62, P0
2026/07/31 22:21:18.131, 45.51, 250.00, 0, 1140, 1215, 62, P0
2026/07/31 22:21:18.331, 45.41, 250.00, 0, 1140, 1215, 62, P0
2026/07/31 22:21:18.532, 45.53, 250.00, 0, 1140, 1215, 62, P0
2026/07/31 22:21:18.732, 45.53, 250.00, 0, 1140, 1215, 62, P0
2026/07/31 22:21:18.932, 45.42, 250.00, 0, 1140, 1215, 62, P0
2026/07/31 22:21:19.133, 45.31, 250.00, 0, 1140, 1215, 62, P0
2026/07/31 22:21:19.333, 45.24, 250.00, 0, 1140, 1215, 62, P0
2026/07/31 22:21:19.534, 45.15, 250.00, 0, 1140, 1215, 62, P0
2026/07/31 22:21:19.734, 45.15, 250.00, 0, 1140, 1215, 61, P0
2026/07/31 22:21:19.934, 44.94, 250.00, 0, 1140, 1215, 61, P0
2026/07/31 22:21:20.135, 44.94, 250.00, 0, 1140, 1215, 61, P0
2026/07/31 22:21:20.335, 44.94, 250.00, 0, 1140, 1215, 61, P0
2026/07/31 22:21:20.535, 44.83, 250.00, 0, 1140, 1215, 61, P0
2026/07/31 22:21:20.736, 44.94, 250.00, 0, 1140, 1215, 61, P0
2026/07/31 22:21:20.936, 44.66, 250.00, 0, 1140, 1215, 61, P0
2026/07/31 22:21:21.136, 44.64, 250.00, 0, 1140, 1215, 61, P0
2026/07/31 22:21:21.337, 44.53, 250.00, 0, 1140, 1215, 61, P0
2026/07/31 22:21:21.537, 44.55, 250.00, 0, 1140, 1215, 60, P0
2026/07/31 22:21:21.737, 44.53, 250.00, 0, 1140, 1215, 60, P0
2026/07/31 22:21:21.938, 44.45, 250.00, 0, 1140, 1215, 60, P0
2026/07/31 22:21:22.138, 44.56, 250.00, 0, 1140, 1215, 60, P0
2026/07/31 22:21:22.339, 44.45, 250.00, 0, 1140, 1215, 60, P0
2026/07/31 22:21:22.539, 44.35, 250.00, 0, 1140, 1215, 60, P0
2026/07/31 22:21:22.739, 44.26, 250.00, 0, 1140, 1215, 60, P0
2026/07/31 22:21:22.940, 44.26, 250.00, 0, 1140, 1215, 60, P0
2026/07/31 22:21:23.140, 44.16, 250.00, 0, 1140, 1215, 60, P0
2026/07/31 22:21:23.340, 44.13, 250.00, 0, 1140, 1215, 60, P0
2026/07/31 22:21:23.541, 44.15, 250.00, 0, 1140, 1215, 60, P0
2026/07/31 22:21:23.741, 44.05, 250.00, 0, 1140, 1215, 59, P0
2026/07/31 22:21:23.942, 43.97, 250.00, 0, 1140, 1215, 59, P0
2026/07/31 22:21:24.142, 44.04, 250.00, 0, 1140, 1215, 59, P0
2026/07/31 22:21:24.342, 43.91, 250.00, 0, 1140, 1215, 59, P0
2026/07/31 22:21:24.543, 43.84, 250.00, 0, 1140, 1215, 59, P0
2026/07/31 22:21:24.743, 43.74, 250.00, 0, 1140, 1215, 59, P0
2026/07/31 22:21:24.943, 43.76, 250.00, 0, 1140, 1215, 59, P0
2026/07/31 22:21:25.144, 43.66, 250.00, 0, 1140, 1215, 59, P0
2026/07/31 22:21:25.344, 43.63, 250.00, 0, 1140, 1215, 59, P0
2026/07/31 22:21:25.545, 43.66, 250.00, 0, 1140, 1215, 59, P0
2026/07/31 22:21:25.745, 43.55, 250.00, 0, 1140, 1215, 59, P0
2026/07/31 22:21:25.945, 43.57, 250.00, 0, 1140, 1215, 59, P0
2026/07/31 22:21:26.146, 43.47, 250.00, 0, 1140, 1215, 58, P0
2026/07/31 22:21:26.346, 43.76, 250.00, 0, 1140, 1215, 58, P0
2026/07/31 22:21:26.546, 43.73, 250.00, 0, 1140, 1215, 58, P0
2026/07/31 22:21:26.747, 43.71, 250.00, 0, 1140, 1215, 58, P0
2026/07/31 22:21:26.947, 43.74, 250.00, 0, 1140, 1215, 58, P0
2026/07/31 22:21:27.148, 43.66, 250.00, 0, 1140, 1215, 58, P0
2026/07/31 22:21:27.348, 43.44, 250.00, 0, 1140, 1215, 58, P0
2026/07/31 22:21:27.548, 43.42, 250.00, 0, 1140, 1215, 58, P0
2026/07/31 22:21:27.749, 43.36, 250.00, 0, 1140, 1215, 58, P0
2026/07/31 22:21:27.949, 43.36, 250.00, 0, 1140, 1215, 58, P0
2026/07/31 22:21:28.151, 43.48, 250.00, 0, 1140, 1215, 58, P0
2026/07/31 22:21:28.354, 43.57, 250.00, 0, 1140, 1215, 58, P0
2026/07/31 22:21:28.555, 43.18, 250.00, 0, 1140, 1215, 57, P0
2026/07/31 22:21:28.756, 43.18, 250.00, 0, 1140, 1215, 57, P0
2026/07/31 22:21:28.956, 43.08, 250.00, 0, 1140, 1215, 57, P0
2026/07/31 22:21:29.156, 43.08, 250.00, 0, 1140, 1215, 57, P0
2026/07/31 22:21:29.357, 42.98, 250.00, 0, 1140, 1215, 57, P0
2026/07/31 22:21:29.557, 42.97, 250.00, 0, 1140, 1215, 57, P0
2026/07/31 22:21:29.758, 42.89, 250.00, 0, 1140, 1215, 57, P0
2026/07/31 22:21:29.958, 42.89, 250.00, 0, 1140, 1215, 57, P0
2026/07/31 22:21:30.158, 42.76, 250.00, 0, 1140, 1215, 57, P0
2026/07/31 22:21:30.359, 42.76, 250.00, 0, 1140, 1215, 57, P0
2026/07/31 22:21:30.559, 42.77, 250.00, 0, 1140, 1215, 57, P0
2026/07/31 22:21:30.760, 42.69, 250.00, 0, 1140, 1215, 57, P0
2026/07/31 22:21:30.960, 42.69, 250.00, 0, 1140, 1215, 57, P0
2026/07/31 22:21:31.160, 42.61, 250.00, 12, 1140, 1215, 57, P0
2026/07/31 22:21:31.361, 42.69, 250.00, 0, 1140, 1215, 57, P0
2026/07/31 22:21:31.561, 42.60, 250.00, 0, 1140, 1215, 56, P0
2026/07/31 22:21:31.761, 42.60, 250.00, 0, 1140, 1215, 56, P0
2026/07/31 22:21:31.962, 42.40, 250.00, 0, 1140, 1215, 56, P0
2026/07/31 22:21:32.162, 188.26, 250.00, 12, 1140, 1215, 61, P0
2026/07/31 22:21:32.362, 254.92, 250.00, 100, 1290, 1215, 65, P0
2026/07/31 22:21:32.563, 256.95, 250.00, 100, 1290, 1215, 66, P0
2026/07/31 22:21:32.763, 257.03, 250.00, 97, 1290, 1215, 67, P0
2026/07/31 22:21:32.964, 234.06, 250.00, 100, 1290, 1215, 68, P0
2026/07/31 22:21:33.164, 256.37, 250.00, 97, 1275, 1215, 68, P0
2026/07/31 22:21:33.364, 241.86, 250.00, 100, 1290, 1215, 67, P0
2026/07/31 22:21:33.565, 253.40, 250.00, 97, 1305, 1215, 69, P0
2026/07/31 22:21:33.765, 255.60, 250.00, 100, 1290, 1215, 69, P0
2026/07/31 22:21:33.966, 253.35, 250.00, 97, 1305, 1215, 69, P0
2026/07/31 22:21:34.166, 241.14, 250.00, 100, 1290, 1215, 69, P0
2026/07/31 22:21:34.367, 187.34, 250.00, 100, 1335, 1215, 69, P0
2026/07/31 22:21:34.567, 247.89, 250.00, 97, 1290, 1215, 70, P0
2026/07/31 22:21:34.767, 249.62, 250.00, 100, 1305, 1215, 70, P0
2026/07/31 22:21:34.968, 250.32, 250.00, 97, 1305, 1215, 70, P0
2026/07/31 22:21:35.168, 241.17, 250.00, 100, 1335, 1215, 70, P0
2026/07/31 22:21:35.369, 234.01, 250.00, 100, 1410, 1215, 66, P0
2026/07/31 22:21:35.570, 267.97, 250.00, 76, 1275, 1215, 69, P0
2026/07/31 22:21:35.770, 246.95, 250.00, 100, 1290, 1215, 69, P0
2026/07/31 22:21:35.971, 258.02, 250.00, 100, 1290, 1215, 70, P0
2026/07/31 22:21:36.171, 254.97, 250.00, 97, 1290, 1215, 70, P0
2026/07/31 22:21:36.371, 242.69, 250.00, 100, 1275, 1215, 70, P0
2026/07/31 22:21:36.572, 252.05, 250.00, 96, 1290, 1215, 70, P0
2026/07/31 22:21:36.772, 244.94, 250.00, 100, 1275, 1215, 71, P0
2026/07/31 22:21:36.973, 257.25, 250.00, 97, 1290, 1215, 71, P0
2026/07/31 22:21:37.173, 250.18, 250.00, 97, 1290, 1215, 71, P0
2026/07/31 22:21:37.374, 246.10, 250.00, 97, 1290, 1215, 71, P0
2026/07/31 22:21:37.574, 254.84, 250.00, 97, 1290, 1215, 71, P0
2026/07/31 22:21:37.774, 187.98, 250.00, 100, 1290, 1215, 70, P0
2026/07/31 22:21:37.975, 252.69, 250.00, 100, 1290, 1215, 71, P0
2026/07/31 22:21:38.175, 241.85, 250.00, 97, 1260, 1215, 71, P0
2026/07/31 22:21:38.376, 245.48, 250.00, 100, 1290, 1215, 71, P0
2026/07/31 22:21:38.576, 257.46, 250.00, 98, 1290, 1215, 72, P0
2026/07/31 22:21:38.777, 249.93, 250.00, 100, 1290, 1215, 71, P0
2026/07/31 22:21:38.977, 246.34, 250.00, 100, 1290, 1215, 71, P0
2026/07/31 22:21:39.177, 250.00, 250.00, 97, 1290, 1215, 72, P0
2026/07/31 22:21:39.378, 250.22, 250.00, 100, 1365, 1215, 71, P0
2026/07/31 22:21:39.578, 250.61, 250.00, 100, 1290, 1215, 72, P0
2026/07/31 22:21:39.779, 248.28, 250.00, 95, 1290, 1215, 72, P0
2026/07/31 22:21:39.979, 221.67, 250.00, 100, 1305, 1215, 72, P0
2026/07/31 22:21:40.180, 247.87, 250.00, 97, 1305, 1215, 72, P0
2026/07/31 22:21:40.380, 252.31, 250.00, 100, 1305, 1215, 72, P0
2026/07/31 22:21:40.580, 212.42, 250.00, 100, 1395, 1215, 69, P0
2026/07/31 22:21:40.781, 240.21, 250.00, 100, 1320, 1215, 70, P0
2026/07/31 22:21:40.981, 248.27, 250.00, 91, 1290, 1215, 71, P0
2026/07/31 22:21:41.182, 253.99, 250.00, 92, 1320, 1215, 71, P0
2026/07/31 22:21:41.382, 249.75, 250.00, 100, 1290, 1215, 72, P0
2026/07/31 22:21:41.583, 252.80, 250.00, 97, 1290, 1215, 72, P0
2026/07/31 22:21:41.783, 248.18, 250.00, 100, 1290, 1215, 72, P0
2026/07/31 22:21:41.983, 251.35, 250.00, 96, 1290, 1215, 72, P0
2026/07/31 22:21:42.184, 262.69, 250.00, 100, 1305, 1215, 72, P0
2026/07/31 22:21:42.384, 249.21, 250.00, 97, 1305, 1215, 72, P0
2026/07/31 22:21:42.585, 249.10, 250.00, 100, 1305, 1215, 72, P0
2026/07/31 22:21:42.785, 246.41, 250.00, 100, 1290, 1215, 72, P0
2026/07/31 22:21:42.986, 245.71, 250.00, 97, 1290, 1215, 72, P0
2026/07/31 22:21:43.186, 259.62, 250.00, 100, 1290, 1215, 72, P0
2026/07/31 22:21:43.387, 249.24, 250.00, 97, 1290, 1215, 72, P0
2026/07/31 22:21:43.587, 248.12, 250.00, 100, 1335, 1215, 72, P0
2026/07/31 22:21:43.787, 247.64, 250.00, 100, 1305, 1215, 73, P0
2026/07/31 22:21:43.988, 254.16, 250.00, 97, 1290, 1215, 72, P0
2026/07/31 22:21:44.188, 264.35, 250.00, 100, 1305, 1215, 73, P0
2026/07/31 22:21:44.389, 250.59, 250.00, 97, 1290, 1215, 73, P0
2026/07/31 22:21:44.589, 209.62, 250.00, 100, 1395, 1215, 70, P0
2026/07/31 22:21:44.790, 240.26, 250.00, 100, 1410, 1215, 68, P0
2026/07/31 22:21:44.990, 252.24, 250.00, 100, 1290, 1215, 72, P0
2026/07/31 22:21:45.190, 249.26, 250.00, 78, 1290, 1215, 72, P0
2026/07/31 22:21:45.391, 251.69, 250.00, 100, 1290, 1215, 73, P0
2026/07/31 22:21:45.591, 253.59, 250.00, 97, 1290, 1215, 73, P0
2026/07/31 22:21:45.792, 247.78, 250.00, 100, 1290, 1215, 72, P0
2026/07/31 22:21:45.992, 251.86, 250.00, 97, 1290, 1215, 73, P0
2026/07/31 22:21:46.193, 212.82, 250.00, 100, 1290, 1215, 73, P0
2026/07/31 22:21:46.393, 249.02, 250.00, 97, 1290, 1215, 73, P0
2026/07/31 22:21:46.594, 248.18, 250.00, 100, 1290, 1215, 73, P0
2026/07/31 22:21:46.794, 256.17, 250.00, 100, 1290, 1215, 73, P0
2026/07/31 22:21:46.995, 245.23, 250.00, 97, 1290, 1215, 73, P0
2026/07/31 22:21:47.195, 270.02, 250.00, 100, 1305, 1215, 73, P0
2026/07/31 22:21:47.395, 242.41, 250.00, 97, 1290, 1215, 73, P0
2026/07/31 22:21:47.596, 248.61, 250.00, 100, 1290, 1215, 73, P0
2026/07/31 22:21:47.796, 254.89, 250.00, 100, 1290, 1215, 73, P0
2026/07/31 22:21:48.008, 252.11, 250.00, 97, 1290, 1215, 73, P0
2026/07/31 22:21:48.208, 233.45, 250.00, 100, 1320, 1215, 73, P0
2026/07/31 22:21:48.409, 254.26, 250.00, 97, 1290, 1215, 73, P0
2026/07/31 22:21:48.609, 245.32, 250.00, 100, 1290, 1215, 73, P0
2026/07/31 22:21:48.810, 195.82, 250.00, 100, 1395, 1215, 71, P0
2026/07/31 22:21:49.010, 224.48, 250.00, 75, 1410, 1215, 70, P0
2026/07/31 22:21:49.218, 312.60, 250.00, 86, 1320, 1215, 72, P0
2026/07/31 22:21:49.418, 245.75, 250.00, 85, 1290, 1215, 72, P0
2026/07/31 22:21:49.624, 236.11, 250.00, 100, 1320, 1215, 72, P0
2026/07/31 22:21:49.824, 253.28, 250.00, 97, 1290, 1215, 73, P0
2026/07/31 22:21:50.025, 248.50, 250.00, 100, 1290, 1215, 73, P0
2026/07/31 22:21:50.225, 239.46, 250.00, 100, 1275, 1215, 73, P0
2026/07/31 22:21:50.426, 251.45, 250.00, 97, 1290, 1215, 73, P0
2026/07/31 22:21:50.626, 241.85, 250.00, 100, 1290, 1215, 73, P0
2026/07/31 22:21:50.826, 252.46, 250.00, 97, 1290, 1215, 73, P0
2026/07/31 22:21:51.027, 257.04, 250.00, 100, 1320, 1215, 73, P0
2026/07/31 22:21:51.227, 244.66, 250.00, 97, 1290, 1215, 74, P0
2026/07/31 22:21:51.428, 251.20, 250.00, 100, 1290, 1215, 74, P0
2026/07/31 22:21:51.628, 270.07, 250.00, 100, 1290, 1215, 74, P0
2026/07/31 22:21:51.829, 245.64, 250.00, 97, 1290, 1215, 74, P0
2026/07/31 22:21:52.029, 249.47, 250.00, 100, 1320, 1215, 73, P0
2026/07/31 22:21:52.230, 252.35, 250.00, 97, 1290, 1215, 74, P0
2026/07/31 22:21:52.430, 252.24, 250.00, 100, 1290, 1215, 74, P0
2026/07/31 22:21:52.631, 223.50, 250.00, 100, 1305, 1215, 74, P0
2026/07/31 22:21:52.831, 250.69, 250.00, 97, 1290, 1215, 74, P0
2026/07/31 22:21:53.031, 207.90, 250.00, 100, 1395, 1215, 71, P0
2026/07/31 22:21:53.232, 235.27, 250.00, 100, 1380, 1215, 70, P0
2026/07/31 22:21:53.432, 252.62, 250.00, 78, 1275, 1215, 73, P0
2026/07/31 22:21:53.633, 251.75, 250.00, 100, 1320, 1215, 74, P0
2026/07/31 22:21:53.833, 254.36, 250.00, 97, 1290, 1215, 74, P0
2026/07/31 22:21:54.034, 248.73, 250.00, 100, 1290, 1215, 74, P0
2026/07/31 22:21:54.234, 249.94, 250.00, 99, 1290, 1215, 74, P0
2026/07/31 22:21:54.435, 249.09, 250.00, 98, 1290, 1215, 74, P0
2026/07/31 22:21:54.635, 231.31, 250.00, 100, 1290, 1215, 74, P0
2026/07/31 22:21:54.836, 251.77, 250.00, 97, 1290, 1215, 74, P0
2026/07/31 22:21:55.036, 250.99, 250.00, 100, 1335, 1215, 74, P0
2026/07/31 22:21:55.236, 248.10, 250.00, 97, 1290, 1215, 74, P0
2026/07/31 22:21:55.437, 252.41, 250.00, 100, 1275, 1215, 74, P0
2026/07/31 22:21:55.637, 260.81, 250.00, 100, 1290, 1215, 74, P0
2026/07/31 22:21:55.838, 251.17, 250.00, 97, 1290, 1215, 74, P0
2026/07/31 22:21:56.038, 251.19, 250.00, 100, 1350, 1215, 74, P0
2026/07/31 22:21:56.239, 251.19, 250.00, 97, 1290, 1215, 74, P0
2026/07/31 22:21:56.439, 244.04, 250.00, 100, 1290, 1215, 74, P0
2026/07/31 22:21:56.639, 264.35, 250.00, 100, 1305, 1215, 75, P0
2026/07/31 22:21:56.840, 254.37, 250.00, 97, 1305, 1215, 75, P0
2026/07/31 22:21:57.040, 217.77, 250.00, 100, 1395, 1215, 72, P0
2026/07/31 22:21:57.241, 180.98, 250.00, 100, 1410, 1215, 69, P0
2026/07/31 22:21:57.441, 251.03, 250.00, 71, 1290, 1215, 74, P0
2026/07/31 22:21:57.642, 243.25, 250.00, 100, 1275, 1215, 74, P0
2026/07/31 22:21:57.842, 253.76, 250.00, 97, 1290, 1215, 74, P0
2026/07/31 22:21:58.043, 249.18, 250.00, 100, 1290, 1215, 74, P0
2026/07/31 22:21:58.243, 255.18, 250.00, 99, 1275, 1215, 74, P0
2026/07/31 22:21:58.444, 251.53, 250.00, 98, 1275, 1215, 74, P0
2026/07/31 22:21:58.644, 234.52, 250.00, 100, 1305, 1215, 74, P0
2026/07/31 22:21:58.844, 254.74, 250.00, 97, 1290, 1215, 75, P0
2026/07/31 22:21:59.045, 251.29, 250.00, 100, 1275, 1215, 75, P0
2026/07/31 22:21:59.245, 247.04, 250.00, 97, 1290, 1215, 75, P0
2026/07/31 22:21:59.446, 250.52, 250.00, 100, 1290, 1215, 75, P0
2026/07/31 22:21:59.646, 269.74, 250.00, 100, 1290, 1215, 75, P0
2026/07/31 22:21:59.847, 249.86, 250.00, 97, 1290, 1215, 75, P0
2026/07/31 22:22:00.047, 248.16, 250.00, 100, 1275, 1215, 75, P0
2026/07/31 22:22:00.248, 264.96, 250.00, 97, 1290, 1215, 75, P0
2026/07/31 22:22:00.448, 244.36, 250.00, 100, 1275, 1215, 75, P0
2026/07/31 22:22:00.648, 259.10, 250.00, 100, 1305, 1215, 75, P0
2026/07/31 22:22:00.849, 243.49, 250.00, 97, 1290, 1215, 75, P0
2026/07/31 22:22:01.049, 234.74, 250.00, 100, 1275, 1215, 75, P0
2026/07/31 22:22:01.250, 257.42, 250.00, 96, 1290, 1215, 75, P0
2026/07/31 22:22:01.450, 254.24, 250.00, 100, 1290, 1215, 75, P0
2026/07/31 22:22:01.651, 258.10, 250.00, 100, 1290, 1215, 75, P0
2026/07/31 22:22:01.851, 252.14, 250.00, 97, 1290, 1215, 75, P0
2026/07/31 22:22:02.052, 248.45, 250.00, 100, 1275, 1215, 75, P0
2026/07/31 22:22:02.252, 222.75, 250.00, 100, 1380, 1215, 73, P0
2026/07/31 22:22:02.453, 181.77, 250.00, 100, 1410, 1215, 71, P0
2026/07/31 22:22:02.653, 252.43, 250.00, 100, 1275, 1215, 74, P0
2026/07/31 22:22:02.853, 258.01, 250.00, 66, 1290, 1215, 75, P0
2026/07/31 22:22:03.054, 245.87, 250.00, 100, 1290, 1215, 75, P0
2026/07/31 22:22:03.255, 240.74, 250.00, 94, 1275, 1215, 75, P0
2026/07/31 22:22:03.456, 254.09, 250.00, 100, 1275, 1215, 75, P0
2026/07/31 22:22:03.657, 249.56, 250.00, 100, 1290, 1215, 75, P0
2026/07/31 22:22:03.861, 209.47, 250.00, 100, 1290, 1215, 75, P0
2026/07/31 22:22:04.062, 246.97, 250.00, 97, 1290, 1215, 75, P0
2026/07/31 22:22:04.262, 242.14, 250.00, 100, 1335, 1215, 74, P0
2026/07/31 22:22:04.463, 256.97, 250.00, 96, 1275, 1215, 75, P0
2026/07/31 22:22:04.663, 253.20, 250.00, 100, 1290, 1215, 75, P0
2026/07/31 22:22:04.863, 248.81, 250.00, 100, 1290, 1215, 75, P0
2026/07/31 22:22:05.064, 260.59, 250.00, 97, 1275, 1215, 76, P0
2026/07/31 22:22:05.264, 237.66, 250.00, 100, 1335, 1215, 75, P0
2026/07/31 22:22:05.465, 250.59, 250.00, 97, 1275, 1215, 76, P0
2026/07/31 22:22:05.665, 251.59, 250.00, 100, 1290, 1215, 76, P0
2026/07/31 22:22:05.865, 210.28, 250.00, 100, 1290, 1215, 76, P0
2026/07/31 22:22:06.066, 247.90, 250.00, 97, 1290, 1215, 76, P0
2026/07/31 22:22:06.266, 245.43, 250.00, 100, 1275, 1215, 76, P0
2026/07/31 22:22:06.467, 255.91, 250.00, 100, 1275, 1215, 76, P0
2026/07/31 22:22:06.667, 251.11, 250.00, 97, 1275, 1215, 76, P0
2026/07/31 22:22:06.868, 236.28, 250.00, 100, 1290, 1215, 76, P0
2026/07/31 22:22:07.068, 248.89, 250.00, 96, 1305, 1215, 76, P0
2026/07/31 22:22:07.269, 228.46, 250.00, 100, 1395, 1215, 73, P0
2026/07/31 22:22:07.469, 89.07, 250.00, 100, 1305, 1215, 74, P0
2026/07/31 22:22:07.669, 247.02, 250.00, 77, 1275, 1215, 75, P0
2026/07/31 22:22:07.870, 247.45, 250.00, 100, 1320, 1215, 74, P0
2026/07/31 22:22:08.070, 252.15, 250.00, 97, 1290, 1215, 76, P0
2026/07/31 22:22:08.271, 249.47, 250.00, 100, 1290, 1215, 76, P0
2026/07/31 22:22:08.471, 251.17, 250.00, 97, 1275, 1215, 75, P0
2026/07/31 22:22:08.672, 253.66, 250.00, 100, 1275, 1215, 76, P0
2026/07/31 22:22:08.872, 260.91, 250.00, 100, 1290, 1215, 76, P0
2026/07/31 22:22:09.073, 251.96, 250.00, 97, 1290, 1215, 76, P0
2026/07/31 22:22:09.273, 253.22, 250.00, 100, 1320, 1215, 75, P0
2026/07/31 22:22:09.474, 254.04, 250.00, 97, 1275, 1215, 76, P0
2026/07/31 22:22:09.674, 247.91, 250.00, 100, 1275, 1215, 76, P0
2026/07/31 22:22:09.875, 255.88, 250.00, 100, 1290, 1215, 76, P0
2026/07/31 22:22:10.075, 243.30, 250.00, 97, 1290, 1215, 76, P0
2026/07/31 22:22:10.275, 248.66, 250.00, 100, 1335, 1215, 75, P0
2026/07/31 22:22:10.476, 257.42, 250.00, 96, 1290, 1215, 76, P0
2026/07/31 22:22:10.676, 254.05, 250.00, 100, 1260, 1215, 76, P0
2026/07/31 22:22:10.877, 273.51, 250.00, 100, 1290, 1215, 76, P0
2026/07/31 22:22:11.077, 247.00, 250.00, 97, 1290, 1215, 76, P0
2026/07/31 22:22:11.277, 231.47, 250.00, 100, 1410, 1215, 73, P0
2026/07/31 22:22:11.478, 283.62, 250.00, 100, 1290, 1215, 74, P0
2026/07/31 22:22:11.678, 251.47, 250.00, 73, 1275, 1215, 75, P0
2026/07/31 22:22:11.879, 240.04, 250.00, 100, 1320, 1215, 75, P0
2026/07/31 22:22:12.079, 247.77, 250.00, 97, 1275, 1215, 76, P0
2026/07/31 22:22:12.280, 255.99, 250.00, 100, 1260, 1215, 76, P0
2026/07/31 22:22:12.480, 255.40, 250.00, 97, 1290, 1215, 76, P0
2026/07/31 22:22:12.681, 251.40, 250.00, 100, 1290, 1215, 76, P0
2026/07/31 22:22:12.881, 257.60, 250.00, 97, 1290, 1215, 76, P0
2026/07/31 22:22:13.082, 250.22, 250.00, 99, 1275, 1215, 76, P0
2026/07/31 22:22:13.282, 199.14, 250.00, 100, 1305, 1215, 75, P0
2026/07/31 22:22:13.483, 239.01, 250.00, 97, 1275, 1215, 76, P0
2026/07/31 22:22:13.683, 251.96, 250.00, 100, 1275, 1215, 76, P0
2026/07/31 22:22:13.884, 250.99, 250.00, 96, 1290, 1215, 76, P0
2026/07/31 22:22:14.084, 249.46, 250.00, 100, 1290, 1215, 76, P0
2026/07/31 22:22:14.284, 216.22, 250.00, 100, 1305, 1215, 76, P0
2026/07/31 22:22:14.485, 249.93, 250.00, 97, 1275, 1215, 76, P0
2026/07/31 22:22:14.685, 236.42, 250.00, 100, 1275, 1215, 76, P0
2026/07/31 22:22:14.886, 252.34, 250.00, 97, 1290, 1215, 77, P0
2026/07/31 22:22:15.086, 248.30, 250.00, 100, 1290, 1215, 77, P0
2026/07/31 22:22:15.286, 249.27, 250.00, 100, 1275, 1215, 77, P0
2026/07/31 22:22:15.487, 261.96, 250.00, 96, 1305, 1215, 77, P0
2026/07/31 22:22:15.687, 250.73, 250.00, 100, 1290, 1215, 77, P0
2026/07/31 22:22:15.888, 243.35, 250.00, 100, 1290, 1215, 77, P0
2026/07/31 22:22:16.088, 114.96, 250.00, 55, 1410, 1215, 71, P0
2026/07/31 22:22:16.289, 246.72, 250.00, 78, 1410, 1215, 72, P0
2026/07/31 22:22:16.489, 70.68, 250.00, 59, 1245, 1215, 75, P0
2026/07/31 22:22:16.689, 242.59, 250.00, 100, 1275, 1215, 75, P0
2026/07/31 22:22:16.890, 247.33, 250.00, 100, 1290, 1215, 76, P0
2026/07/31 22:22:17.090, 255.62, 250.00, 97, 1275, 1215, 76, P0
2026/07/31 22:22:17.290, 247.43, 250.00, 100, 1290, 1215, 76, P0
2026/07/31 22:22:17.491, 249.73, 250.00, 97, 1275, 1215, 76, P0
2026/07/31 22:22:17.691, 248.42, 250.00, 100, 1290, 1215, 76, P0
2026/07/31 22:22:17.892, 260.23, 250.00, 97, 1290, 1215, 77, P0
2026/07/31 22:22:18.092, 254.16, 250.00, 100, 1290, 1215, 77, P0
2026/07/31 22:22:18.292, 235.84, 250.00, 97, 1275, 1215, 76, P0
2026/07/31 22:22:18.493, 246.32, 250.00, 100, 1275, 1215, 76, P0
2026/07/31 22:22:18.693, 236.78, 250.00, 100, 1290, 1215, 76, P0
2026/07/31 22:22:18.894, 253.44, 250.00, 97, 1290, 1215, 77, P0
2026/07/31 22:22:19.094, 242.76, 250.00, 100, 1275, 1215, 77, P0
2026/07/31 22:22:19.294, 253.46, 250.00, 97, 1305, 1215, 77, P0
2026/07/31 22:22:19.495, 249.75, 250.00, 100, 1275, 1215, 77, P0
2026/07/31 22:22:19.695, 241.38, 250.00, 100, 1275, 1215, 77, P0
2026/07/31 22:22:19.896, 248.96, 250.00, 97, 1290, 1215, 77, P0
2026/07/31 22:22:20.096, 242.41, 250.00, 100, 1275, 1215, 77, P0
2026/07/31 22:22:20.296, 242.43, 250.00, 100, 1290, 1215, 77, P0
2026/07/31 22:22:20.497, 245.96, 250.00, 97, 1290, 1215, 77, P0
2026/07/31 22:22:20.697, 240.36, 250.00, 100, 1275, 1215, 77, P0
2026/07/31 22:22:20.898, 244.90, 250.00, 100, 1320, 1215, 77, P0
2026/07/31 22:22:21.098, 245.89, 250.00, 97, 1290, 1215, 77, P0
2026/07/31 22:22:21.298, 248.50, 250.00, 100, 1290, 1215, 77, P0
2026/07/31 22:22:21.499, 205.45, 250.00, 97, 1305, 1215, 77, P0
2026/07/31 22:22:21.699, 248.41, 250.00, 100, 1290, 1215, 77, P0
2026/07/31 22:22:21.900, 248.48, 250.00, 100, 1290, 1215, 77, P0
2026/07/31 22:22:22.100, 193.76, 250.00, 90, 1395, 1215, 76, P0
2026/07/31 22:22:22.301, 245.29, 250.00, 74, 1410, 1215, 74, P0
2026/07/31 22:22:22.501, 245.49, 250.00, 74, 1410, 1215, 73, P0
2026/07/31 22:22:22.702, 255.09, 250.00, 80, 1275, 1215, 75, P0
2026/07/31 22:22:22.904, 246.72, 250.00, 100, 1275, 1215, 76, P0
2026/07/31 22:22:23.104, 250.58, 250.00, 97, 1290, 1215, 77, P0
2026/07/31 22:22:23.304, 255.89, 250.00, 100, 1275, 1215, 77, P0
2026/07/31 22:22:23.505, 242.41, 250.00, 97, 1275, 1215, 77, P0
2026/07/31 22:22:23.705, 250.79, 250.00, 100, 1275, 1215, 77, P0
2026/07/31 22:22:23.906, 240.61, 250.00, 97, 1320, 1215, 77, P0
2026/07/31 22:22:24.106, 247.44, 250.00, 100, 1275, 1215, 77, P0
2026/07/31 22:22:24.306, 250.40, 250.00, 100, 1275, 1215, 77, P0
2026/07/31 22:22:24.507, 246.91, 250.00, 97, 1275, 1215, 77, P0
2026/07/31 22:22:24.707, 247.10, 250.00, 100, 1290, 1215, 77, P0
2026/07/31 22:22:24.908, 273.06, 250.00, 97, 1290, 1215, 77, P0
2026/07/31 22:22:25.108, 247.24, 250.00, 100, 1290, 1215, 77, P0
2026/07/31 22:22:25.309, 247.98, 250.00, 100, 1275, 1215, 77, P0
2026/07/31 22:22:25.509, 252.51, 250.00, 97, 1275, 1215, 77, P0
2026/07/31 22:22:25.710, 247.12, 250.00, 100, 1275, 1215, 77, P0
2026/07/31 22:22:25.910, 242.73, 250.00, 98, 1320, 1215, 77, P0
2026/07/31 22:22:26.111, 253.22, 250.00, 98, 1290, 1215, 77, P0
2026/07/31 22:22:26.311, 256.26, 250.00, 100, 1290, 1215, 78, P0
2026/07/31 22:22:26.511, 260.51, 250.00, 100, 1290, 1215, 78, P0
2026/07/31 22:22:26.712, 246.48, 250.00, 97, 1275, 1215, 78, P0
2026/07/31 22:22:26.912, 249.75, 250.00, 100, 1275, 1215, 78, P0
2026/07/31 22:22:27.113, 243.75, 250.00, 100, 1290, 1215, 77, P0
2026/07/31 22:22:27.313, 249.27, 250.00, 94, 1290, 1215, 78, P0
2026/07/31 22:22:27.514, 234.85, 250.00, 100, 1410, 1215, 74, P0
2026/07/31 22:22:27.714, 308.75, 250.00, 100, 1260, 1215, 76, P0
2026/07/31 22:22:27.914, 251.10, 250.00, 85, 1275, 1215, 77, P0
2026/07/31 22:22:28.115, 192.38, 250.00, 100, 1275, 1215, 77, P0
2026/07/31 22:22:28.315, 250.01, 250.00, 97, 1275, 1215, 77, P0
2026/07/31 22:22:28.516, 251.44, 250.00, 100, 1275, 1215, 77, P0
2026/07/31 22:22:28.716, 247.12, 250.00, 97, 1275, 1215, 77, P0
2026/07/31 22:22:28.917, 250.14, 250.00, 100, 1275, 1215, 77, P0
2026/07/31 22:22:29.117, 251.55, 250.00, 97, 1275, 1215, 77, P0
2026/07/31 22:22:29.317, 244.56, 250.00, 100, 1275, 1215, 77, P0
2026/07/31 22:22:29.518, 236.92, 250.00, 100, 1290, 1215, 77, P0
2026/07/31 22:22:29.718, 248.46, 250.00, 97, 1275, 1215, 77, P0
2026/07/31 22:22:29.919, 248.41, 250.00, 100, 1275, 1215, 77, P0
2026/07/31 22:22:30.119, 251.06, 250.00, 95, 1305, 1215, 77, P0
2026/07/31 22:22:30.320, 241.06, 250.00, 98, 1410, 1215, 74, P0
2026/07/31 22:22:30.520, 302.34, 250.00, 100, 1275, 1215, 76, P0
2026/07/31 22:22:30.721, 251.10, 250.00, 77, 1275, 1215, 77, P0
2026/07/31 22:22:30.921, 197.73, 250.00, 100, 1290, 1215, 77, P0
2026/07/31 22:22:31.122, 253.13, 250.00, 97, 1275, 1215, 77, P0
2026/07/31 22:22:31.322, 253.10, 250.00, 100, 1260, 1215, 76, P0
2026/07/31 22:22:31.523, 252.05, 250.00, 97, 1275, 1215, 77, P0
2026/07/31 22:22:31.723, 249.26, 250.00, 100, 1275, 1215, 77, P0
2026/07/31 22:22:31.923, 256.65, 250.00, 97, 1275, 1215, 78, P0
2026/07/31 22:22:32.124, 251.06, 250.00, 100, 1275, 1215, 78, P0
2026/07/31 22:22:32.324, 223.84, 250.00, 100, 1290, 1215, 77, P0
2026/07/31 22:22:32.525, 249.92, 250.00, 97, 1275, 1215, 78, P0
2026/07/31 22:22:32.725, 243.16, 250.00, 100, 1275, 1215, 78, P0
2026/07/31 22:22:32.926, 249.79, 250.00, 97, 1290, 1215, 78, P0
2026/07/31 22:22:33.126, 256.38, 250.00, 100, 1275, 1215, 78, P0
2026/07/31 22:22:33.327, 236.26, 250.00, 100, 1290, 1215, 78, P0
2026/07/31 22:22:33.527, 246.52, 250.00, 97, 1275, 1215, 78, P0
2026/07/31 22:22:33.727, 246.30, 250.00, 100, 1275, 1215, 78, P0
2026/07/31 22:22:33.928, 258.66, 250.00, 97, 1290, 1215, 78, P0
2026/07/31 22:22:34.128, 241.60, 250.00, 100, 1290, 1215, 78, P0
2026/07/31 22:22:34.329, 237.60, 250.00, 100, 1410, 1215, 75, P0
2026/07/31 22:22:34.529, 266.17, 250.00, 100, 1290, 1215, 75, P0
2026/07/31 22:22:34.730, 249.14, 250.00, 66, 1275, 1215, 77, P0
2026/07/31 22:22:34.930, 253.74, 250.00, 100, 1320, 1215, 77, P0
2026/07/31 22:22:35.131, 262.44, 250.00, 97, 1290, 1215, 78, P0
2026/07/31 22:22:35.331, 250.77, 250.00, 100, 1275, 1215, 78, P0
2026/07/31 22:22:35.531, 253.85, 250.00, 96, 1275, 1215, 77, P0
2026/07/31 22:22:35.732, 250.93, 250.00, 100, 1275, 1215, 78, P0
2026/07/31 22:22:35.932, 254.96, 250.00, 100, 1290, 1215, 78, P0
2026/07/31 22:22:36.133, 247.44, 250.00, 97, 1275, 1215, 78, P0
2026/07/31 22:22:36.333, 184.13, 250.00, 100, 1305, 1215, 77, P0
2026/07/31 22:22:36.534, 249.36, 250.00, 97, 1260, 1215, 78, P0
2026/07/31 22:22:36.734, 240.32, 250.00, 100, 1260, 1215, 78, P0
2026/07/31 22:22:36.935, 253.30, 250.00, 97, 1290, 1215, 78, P0
2026/07/31 22:22:37.135, 243.25, 250.00, 100, 1275, 1215, 78, P0
2026/07/31 22:22:37.336, 187.21, 250.00, 100, 1275, 1215, 78, P0
2026/07/31 22:22:37.536, 254.67, 250.00, 97, 1290, 1215, 78, P0
2026/07/31 22:22:37.736, 258.22, 250.00, 100, 1245, 1215, 78, P0
2026/07/31 22:22:37.937, 252.12, 250.00, 100, 1290, 1215, 78, P0
2026/07/31 22:22:38.137, 252.21, 250.00, 97, 1290, 1215, 78, P0
2026/07/31 22:22:38.338, 248.27, 250.00, 100, 1290, 1215, 78, P0
2026/07/31 22:22:38.538, 253.32, 250.00, 97, 1290, 1215, 78, P0
2026/07/31 22:22:38.739, 253.78, 250.00, 100, 1260, 1215, 78, P0
2026/07/31 22:22:38.939, 244.14, 250.00, 100, 1275, 1215, 78, P0
2026/07/31 22:22:39.139, 256.95, 250.00, 96, 1305, 1215, 78, P0
2026/07/31 22:22:39.340, 234.40, 250.00, 100, 1410, 1215, 75, P0
2026/07/31 22:22:39.541, 81.94, 250.00, 78, 1275, 1215, 77, P0
2026/07/31 22:22:39.741, 254.46, 250.00, 99, 1275, 1215, 77, P0
2026/07/31 22:22:39.942, 250.40, 250.00, 100, 1305, 1215, 77, P0
2026/07/31 22:22:40.142, 258.95, 250.00, 97, 1275, 1215, 78, P0
2026/07/31 22:22:40.342, 254.84, 250.00, 100, 1245, 1215, 78, P0
2026/07/31 22:22:40.543, 248.09, 250.00, 97, 1275, 1215, 78, P0
2026/07/31 22:22:40.743, 249.47, 250.00, 100, 1275, 1215, 78, P0
2026/07/31 22:22:40.944, 263.92, 250.00, 97, 1290, 1215, 78, P0
2026/07/31 22:22:41.144, 254.35, 250.00, 100, 1290, 1215, 78, P0
2026/07/31 22:22:41.345, 235.15, 250.00, 100, 1320, 1215, 78, P0
2026/07/31 22:22:41.545, 244.31, 250.00, 97, 1275, 1215, 78, P0
2026/07/31 22:22:41.745, 247.51, 250.00, 100, 1260, 1215, 78, P0
2026/07/31 22:22:41.946, 251.98, 250.00, 97, 1275, 1215, 78, P0
2026/07/31 22:22:42.146, 248.43, 250.00, 100, 1290, 1215, 78, P0
2026/07/31 22:22:42.347, 241.79, 250.00, 100, 1335, 1215, 77, P0
2026/07/31 22:22:42.547, 241.75, 250.00, 97, 1290, 1215, 78, P0
2026/07/31 22:22:42.748, 253.80, 250.00, 100, 1260, 1215, 78, P0
2026/07/31 22:22:42.948, 237.47, 250.00, 100, 1395, 1215, 75, P0
2026/07/31 22:22:43.149, 224.27, 250.00, 78, 1290, 1215, 76, P0
2026/07/31 22:22:43.349, 249.30, 250.00, 100, 1275, 1215, 77, P0
2026/07/31 22:22:43.550, 250.62, 250.00, 100, 1305, 1215, 77, P0
2026/07/31 22:22:43.750, 255.79, 250.00, 97, 1275, 1215, 78, P0
2026/07/31 22:22:43.951, 253.47, 250.00, 100, 1245, 1215, 78, P0
2026/07/31 22:22:44.151, 243.76, 250.00, 97, 1260, 1215, 78, P0
2026/07/31 22:22:44.351, 250.04, 250.00, 100, 1275, 1215, 78, P0
2026/07/31 22:22:44.552, 257.23, 250.00, 96, 1290, 1215, 78, P0
2026/07/31 22:22:44.752, 259.04, 250.00, 100, 1290, 1215, 78, P0
2026/07/31 22:22:44.953, 250.18, 250.00, 97, 1335, 1215, 78, P0
2026/07/31 22:22:45.153, 249.14, 250.00, 100, 1275, 1215, 78, P0
2026/07/31 22:22:45.354, 241.09, 250.00, 100, 1245, 1215, 78, P0
2026/07/31 22:22:45.554, 253.72, 250.00, 97, 1275, 1215, 78, P0
2026/07/31 22:22:45.755, 247.47, 250.00, 100, 1290, 1215, 78, P0
2026/07/31 22:22:45.955, 244.27, 250.00, 98, 1335, 1215, 78, P0
2026/07/31 22:22:46.156, 242.01, 250.00, 99, 1260, 1215, 79, P0
2026/07/31 22:22:46.356, 236.93, 250.00, 100, 1260, 1215, 78, P0
2026/07/31 22:22:46.556, 257.22, 250.00, 97, 1290, 1215, 78, P0
2026/07/31 22:22:46.757, 251.16, 250.00, 100, 1290, 1215, 79, P0
2026/07/31 22:22:46.957, 252.07, 250.00, 100, 1275, 1215, 79, P0
2026/07/31 22:22:47.158, 257.23, 250.00, 97, 1290, 1215, 79, P0
2026/07/31 22:22:47.358, 249.61, 250.00, 100, 1275, 1215, 79, P0
2026/07/31 22:22:47.559, 213.34, 250.00, 100, 1320, 1215, 78, P0
2026/07/31 22:22:47.759, 247.59, 250.00, 100, 1410, 1215, 75, P0
2026/07/31 22:22:47.960, 256.94, 250.00, 100, 1275, 1215, 77, P0
2026/07/31 22:22:48.160, 253.41, 250.00, 72, 1275, 1215, 78, P0
2026/07/31 22:22:48.362, 253.66, 250.00, 100, 1275, 1215, 78, P0
2026/07/31 22:22:48.565, 254.17, 250.00, 97, 1275, 1215, 78, P0
2026/07/31 22:22:48.766, 242.27, 250.00, 100, 1275, 1215, 78, P0
2026/07/31 22:22:48.967, 252.39, 250.00, 97, 1275, 1215, 78, P0
2026/07/31 22:22:49.168, 247.60, 250.00, 100, 1290, 1215, 78, P0
2026/07/31 22:22:49.370, 248.00, 250.00, 100, 1290, 1215, 78, P0
2026/07/31 22:22:49.571, 255.29, 250.00, 97, 1245, 1215, 78, P0
2026/07/31 22:22:49.771, 251.94, 250.00, 100, 1275, 1215, 79, P0
2026/07/31 22:22:49.972, 241.64, 250.00, 97, 1275, 1215, 78, P0
2026/07/31 22:22:50.172, 195.83, 250.00, 100, 1275, 1215, 79, P0
2026/07/31 22:22:50.372, 253.94, 250.00, 97, 1290, 1215, 79, P0
2026/07/31 22:22:50.573, 238.31, 250.00, 100, 1275, 1215, 79, P0
2026/07/31 22:22:50.773, 249.28, 250.00, 100, 1275, 1215, 79, P0
2026/07/31 22:22:50.974, 247.17, 250.00, 97, 1260, 1215, 79, P0
2026/07/31 22:22:51.174, 240.98, 250.00, 100, 1290, 1215, 79, P0
2026/07/31 22:22:51.375, 254.34, 250.00, 100, 1290, 1215, 79, P0
2026/07/31 22:22:51.575, 250.73, 250.00, 97, 1275, 1215, 79, P0
2026/07/31 22:22:51.775, 261.18, 250.00, 100, 1290, 1215, 79, P0
2026/07/31 22:22:51.976, 249.09, 250.00, 96, 1305, 1215, 79, P0
2026/07/31 22:22:52.176, 240.65, 250.00, 100, 1410, 1215, 75, P0
2026/07/31 22:22:52.377, 310.79, 250.00, 100, 1260, 1215, 77, P0
2026/07/31 22:22:52.577, 257.23, 250.00, 78, 1275, 1215, 78, P0
2026/07/31 22:22:52.778, 222.35, 250.00, 100, 1290, 1215, 78, P0
2026/07/31 22:22:52.978, 246.57, 250.00, 97, 1275, 1215, 78, P0
2026/07/31 22:22:53.179, 251.34, 250.00, 100, 1260, 1215, 77, P0
2026/07/31 22:22:53.379, 256.94, 250.00, 100, 1275, 1215, 79, P0
2026/07/31 22:22:53.579, 252.24, 250.00, 97, 1275, 1215, 79, P0
2026/07/31 22:22:53.780, 252.44, 250.00, 100, 1275, 1215, 79, P0
2026/07/31 22:22:53.980, 244.73, 250.00, 97, 1275, 1215, 79, P0
2026/07/31 22:22:54.181, 221.77, 250.00, 100, 1290, 1215, 79, P0
2026/07/31 22:22:54.381, 253.47, 250.00, 97, 1275, 1215, 79, P0
2026/07/31 22:22:54.581, 251.02, 250.00, 100, 1260, 1215, 79, P0
2026/07/31 22:22:54.782, 242.39, 250.00, 100, 1275, 1215, 79, P0
2026/07/31 22:22:54.982, 251.84, 250.00, 97, 1275, 1215, 79, P0
2026/07/31 22:22:55.183, 209.88, 250.00, 100, 1290, 1215, 79, P0
2026/07/31 22:22:55.383, 247.23, 250.00, 97, 1275, 1215, 79, P0
2026/07/31 22:22:55.584, 252.01, 250.00, 100, 1275, 1215, 79, P0
2026/07/31 22:22:55.784, 263.07, 250.00, 100, 1275, 1215, 79, P0
2026/07/31 22:22:55.985, 250.55, 250.00, 97, 1275, 1215, 79, P0
2026/07/31 22:22:56.185, 251.48, 250.00, 100, 1275, 1215, 79, P0
2026/07/31 22:22:56.386, 251.10, 250.00, 100, 1290, 1215, 79, P0
2026/07/31 22:22:56.586, 244.05, 250.00, 97, 1275, 1215, 79, P0
2026/07/31 22:22:56.786, 232.93, 250.00, 100, 1335, 1215, 77, P0
2026/07/31 22:22:56.987, 245.73, 250.00, 100, 1410, 1215, 75, P0
2026/07/31 22:22:57.187, 255.32, 250.00, 100, 1260, 1215, 78, P0
2026/07/31 22:22:57.388, 252.52, 250.00, 76, 1275, 1215, 78, P0
2026/07/31 22:22:57.588, 258.33, 250.00, 100, 1275, 1215, 79, P0
2026/07/31 22:22:57.789, 260.32, 250.00, 97, 1275, 1215, 79, P0
2026/07/31 22:22:57.989, 245.61, 250.00, 100, 1275, 1215, 78, P0
2026/07/31 22:22:58.190, 250.50, 250.00, 97, 1275, 1215, 79, P0
2026/07/31 22:22:58.390, 250.77, 250.00, 100, 1275, 1215, 79, P0
2026/07/31 22:22:58.591, 257.99, 250.00, 100, 1275, 1215, 79, P0
2026/07/31 22:22:58.791, 248.01, 250.00, 97, 1275, 1215, 79, P0
2026/07/31 22:22:58.991, 259.93, 250.00, 100, 1275, 1215, 79, P0
2026/07/31 22:22:59.192, 252.72, 250.00, 97, 1275, 1215, 79, P0
2026/07/31 22:22:59.392, 247.03, 250.00, 100, 1275, 1215, 79, P0
2026/07/31 22:22:59.593, 249.70, 250.00, 97, 1275, 1215, 79, P0
2026/07/31 22:22:59.793, 258.67, 250.00, 99, 1260, 1215, 79, P0
2026/07/31 22:22:59.994, 258.67, 250.00, 100, 1290, 1215, 79, P0
2026/07/31 22:23:00.194, 246.76, 250.00, 97, 1275, 1215, 79, P0
2026/07/31 22:23:00.395, 241.11, 250.00, 100, 1275, 1215, 79, P0
2026/07/31 22:23:00.595, 248.90, 250.00, 100, 1275, 1215, 79, P0
2026/07/31 22:23:00.795, 242.61, 250.00, 97, 1260, 1215, 79, P0
2026/07/31 22:23:00.996, 230.45, 250.00, 100, 1305, 1215, 79, P0
2026/07/31 22:23:01.196, 250.06, 250.00, 97, 1275, 1215, 79, P0
2026/07/31 22:23:01.397, 244.75, 250.00, 100, 1290, 1215, 79, P0
2026/07/31 22:23:01.597, 252.73, 250.00, 100, 1320, 1215, 79, P0
2026/07/31 22:23:01.798, 251.65, 250.00, 97, 1305, 1215, 79, P0
2026/07/31 22:23:01.998, 231.27, 250.00, 100, 1410, 1215, 76, P0
2026/07/31 22:23:02.199, 91.65, 250.00, 100, 1410, 1215, 72, P0
2026/07/31 22:23:02.399, 70.07, 250.00, 32, 1410, 1215, 70, P0
2026/07/31 22:23:02.599, 69.00, 250.00, 0, 1410, 1215, 69, P0
2026/07/31 22:23:02.800, 68.28, 250.00, 0, 1410, 1215, 68, P0
2026/07/31 22:23:03.000, 67.68, 250.00, 0, 1410, 1215, 68, P0
2026/07/31 22:23:03.200, 67.21, 250.00, 0, 1410, 1215, 67, P0
2026/07/31 22:23:03.401, 67.01, 250.00, 0, 1410, 1215, 67, P0
2026/07/31 22:23:03.601, 66.80, 250.00, 0, 1410, 1215, 67, P0
2026/07/31 22:23:03.801, 66.54, 250.00, 0, 1410, 1215, 67, P0
2026/07/31 22:23:04.002, 48.34, 250.00, 0, 1140, 1215, 66, P0
2026/07/31 22:23:04.202, 47.67, 250.00, 0, 1140, 1215, 65, P0
2026/07/31 22:23:04.403, 47.49, 250.00, 0, 1140, 1215, 65, P0
2026/07/31 22:23:04.603, 47.31, 250.00, 0, 1140, 1215, 65, P0
2026/07/31 22:23:04.803, 47.24, 250.00, 0, 1140, 1215, 65, P0
2026/07/31 22:23:05.004, 47.08, 250.00, 0, 1140, 1215, 64, P0
2026/07/31 22:23:05.204, 47.00, 250.00, 0, 1140, 1215, 64, P0
2026/07/31 22:23:05.404, 46.81, 250.00, 0, 1140, 1215, 64, P0
2026/07/31 22:23:05.605, 46.72, 250.00, 0, 1140, 1215, 64, P0
2026/07/31 22:23:05.805, 46.62, 250.00, 0, 1140, 1215, 64, P0
2026/07/31 22:23:06.005, 46.48, 250.00, 0, 1140, 1215, 64, P0
2026/07/31 22:23:06.206, 46.31, 250.00, 0, 1140, 1215, 63, P0
2026/07/31 22:23:06.406, 46.28, 250.00, 0, 1140, 1215, 63, P0
2026/07/31 22:23:06.607, 46.17, 250.00, 0, 1140, 1215, 63, P0
2026/07/31 22:23:06.807, 46.18, 250.00, 0, 1140, 1215, 63, P0
2026/07/31 22:23:07.007, 46.10, 250.00, 0, 1140, 1215, 63, P0
2026/07/31 22:23:07.208, 46.00, 250.00, 0, 1140, 1215, 63, P0
2026/07/31 22:23:07.408, 45.92, 250.00, 0, 1140, 1215, 63, P0
2026/07/31 22:23:07.609, 45.82, 250.00, 0, 1140, 1215, 63, P0
2026/07/31 22:23:07.809, 45.92, 250.00, 0, 1140, 1215, 62, P0
2026/07/31 22:23:08.009, 45.72, 250.00, 0, 1140, 1215, 62, P0
2026/07/31 22:23:08.210, 45.72, 250.00, 0, 1140, 1215, 62, P0
2026/07/31 22:23:08.410, 45.63, 250.00, 0, 1140, 1215, 62, P0
2026/07/31 22:23:08.610, 45.44, 250.00, 0, 1140, 1215, 62, P0
2026/07/31 22:23:08.811, 45.42, 250.00, 0, 1140, 1215, 62, P0
2026/07/31 22:23:09.011, 45.34, 250.00, 0, 1140, 1215, 62, P0
2026/07/31 22:23:09.212, 45.24, 250.00, 0, 1140, 1215, 62, P0
2026/07/31 22:23:09.412, 45.28, 250.00, 0, 1140, 1215, 62, P0
2026/07/31 22:23:09.612, 45.29, 250.00, 0, 1140, 1215, 61, P0
2026/07/31 22:23:09.813, 45.13, 250.00, 0, 1140, 1215, 61, P0
2026/07/31 22:23:10.013, 45.02, 250.00, 0, 1140, 1215, 61, P0
2026/07/31 22:23:10.213, 45.03, 250.00, 0, 1140, 1215, 61, P0
2026/07/31 22:23:10.414, 44.91, 250.00, 0, 1140, 1215, 61, P0
2026/07/31 22:23:10.615, 44.94, 250.00, 0, 1140, 1215, 61, P0
2026/07/31 22:23:10.815, 44.94, 250.00, 0, 1140, 1215, 61, P0
2026/07/31 22:23:11.015, 44.84, 250.00, 0, 1140, 1215, 61, P0
2026/07/31 22:23:11.216, 44.73, 250.00, 0, 1140, 1215, 61, P0
2026/07/31 22:23:11.416, 44.74, 250.00, 0, 1140, 1215, 61, P0
2026/07/31 22:23:11.616, 44.74, 250.00, 0, 1140, 1215, 60, P0
2026/07/31 22:23:11.817, 44.65, 250.00, 0, 1140, 1215, 60, P0
2026/07/31 22:23:12.017, 44.64, 250.00, 0, 1140, 1215, 60, P0
2026/07/31 22:23:12.217, 44.55, 250.00, 0, 1140, 1215, 60, P0
2026/07/31 22:23:12.418, 44.42, 250.00, 0, 1140, 1215, 60, P0
2026/07/31 22:23:12.618, 44.42, 250.00, 0, 1140, 1215, 60, P0
2026/07/31 22:23:12.819, 44.35, 250.00, 0, 1140, 1215, 60, P0
2026/07/31 22:23:13.019, 44.36, 250.00, 0, 1140, 1215, 60, P0
2026/07/31 22:23:13.219, 44.35, 250.00, 0, 1140, 1215, 60, P0
2026/07/31 22:23:13.420, 44.27, 250.00, 0, 1140, 1215, 60, P0
2026/07/31 22:23:13.620, 44.15, 250.00, 0, 1140, 1215, 60, P0
2026/07/31 22:23:13.820, 44.24, 250.00, 0, 1140, 1215, 59, P0
2026/07/31 22:23:14.021, 44.16, 250.00, 0, 1140, 1215, 59, P0
2026/07/31 22:23:14.221, 44.05, 250.00, 0, 1140, 1215, 59, P0
2026/07/31 22:23:14.421, 43.97, 250.00, 0, 1140, 1215, 59, P0
2026/07/31 22:23:14.622, 43.96, 250.00, 0, 1140, 1215, 59, P0
2026/07/31 22:23:14.822, 43.83, 250.00, 0, 1140, 1215, 59, P0
2026/07/31 22:23:15.023, 43.86, 250.00, 0, 1140, 1215, 59, P0
2026/07/31 22:23:15.223, 43.75, 250.00, 0, 1140, 1215, 59, P0
2026/07/31 22:23:15.423, 43.95, 250.00, 0, 1140, 1215, 59, P0
2026/07/31 22:23:15.624, 43.69, 250.00, 0, 1140, 1215, 59, P0
2026/07/31 22:23:15.824, 43.65, 250.00, 0, 1140, 1215, 59, P0
2026/07/31 22:23:16.025, 43.63, 250.00, 0, 1140, 1215, 59, P0
2026/07/31 22:23:16.225, 43.57, 250.00, 0, 1140, 1215, 58, P0
2026/07/31 22:23:16.425, 43.55, 250.00, 0, 1140, 1215, 58, P0
2026/07/31 22:23:16.626, 43.55, 250.00, 0, 1140, 1215, 58, P0
2026/07/31 22:23:16.826, 43.47, 250.00, 0, 1140, 1215, 58, P0
2026/07/31 22:23:17.026, 43.47, 250.00, 0, 1140, 1215, 58, P0
2026/07/31 22:23:17.227, 43.45, 250.00, 0, 1140, 1215, 58, P0
2026/07/31 22:23:17.427, 43.37, 250.00, 0, 1140, 1215, 58, P0
2026/07/31 22:23:17.627, 43.42, 250.00, 0, 1140, 1215, 58, P0
2026/07/31 22:23:17.828, 43.17, 250.00, 0, 1140, 1215, 58, P0
2026/07/31 22:23:18.028, 43.16, 250.00, 0, 1140, 1215, 58, P0
2026/07/31 22:23:18.228, 43.08, 250.00, 0, 1140, 1215, 58, P0
2026/07/31 22:23:18.429, 43.26, 250.00, 0, 1140, 1215, 58, P0
2026/07/31 22:23:18.629, 43.33, 250.00, 0, 1140, 1215, 58, P0
2026/07/31 22:23:18.829, 43.26, 250.00, 0, 1140, 1215, 57, P0
2026/07/31 22:23:19.030, 43.26, 250.00, 0, 1140, 1215, 57, P0
2026/07/31 22:23:19.230, 43.18, 250.00, 0, 1140, 1215, 57, P0
2026/07/31 22:23:19.431, 43.17, 250.00, 0, 1140, 1215, 57, P0
2026/07/31 22:23:19.631, 43.19, 250.00, 0, 1140, 1215, 57, P0
2026/07/31 22:23:19.831, 43.06, 250.00, 0, 1140, 1215, 57, P0
2026/07/31 22:23:20.032, 42.98, 250.00, 0, 1140, 1215, 57, P0
2026/07/31 22:23:20.232, 42.99, 250.00, 0, 1140, 1215, 57, P0
2026/07/31 22:23:20.432, 42.90, 250.00, 10, 1140, 1215, 57, P0
2026/07/31 22:23:20.633, 42.80, 250.00, 0, 1140, 1215, 57, P0
2026/07/31 22:23:20.833, 42.77, 250.00, 0, 1140, 1215, 57, P0
2026/07/31 22:23:21.033, 42.79, 250.00, 0, 1140, 1215, 57, P0
2026/07/31 22:23:21.234, 150.96, 250.00, 0, 1140, 1215, 61, P0
2026/07/31 22:23:21.434, 186.36, 250.00, 12, 1305, 1215, 64, P0
2026/07/31 22:23:21.635, 256.89, 250.00, 100, 1320, 1215, 66, P0
2026/07/31 22:23:21.835, 254.64, 250.00, 100, 1290, 1215, 67, P0
2026/07/31 22:23:22.036, 256.11, 250.00, 97, 1305, 1215, 68, P0
2026/07/31 22:23:22.236, 256.39, 250.00, 100, 1290, 1215, 68, P0
2026/07/31 22:23:22.437, 246.28, 250.00, 96, 1275, 1215, 68, P0
2026/07/31 22:23:22.637, 263.27, 250.00, 100, 1305, 1215, 69, P0
2026/07/31 22:23:22.837, 247.70, 250.00, 97, 1290, 1215, 69, P0
2026/07/31 22:23:23.038, 202.41, 250.00, 100, 1305, 1215, 69, P0
2026/07/31 22:23:23.238, 245.64, 250.00, 97, 1305, 1215, 70, P0
2026/07/31 22:23:23.439, 249.06, 250.00, 100, 1275, 1215, 70, P0
2026/07/31 22:23:23.639, 249.15, 250.00, 100, 1305, 1215, 70, P0
2026/07/31 22:23:23.840, 251.47, 250.00, 96, 1290, 1215, 70, P0
2026/07/31 22:23:24.040, 190.20, 250.00, 100, 1320, 1215, 70, P0
2026/07/31 22:23:24.241, 247.59, 250.00, 97, 1305, 1215, 70, P0
2026/07/31 22:23:24.441, 225.41, 250.00, 100, 1395, 1215, 67, P0
2026/07/31 22:23:24.642, 232.85, 250.00, 100, 1410, 1215, 66, P0
2026/07/31 22:23:24.842, 235.96, 250.00, 100, 1410, 1215, 66, P0
2026/07/31 22:23:25.043, 234.98, 250.00, 100, 1410, 1215, 66, P0
2026/07/31 22:23:25.243, 233.54, 250.00, 100, 1410, 1215, 66, P0
2026/07/31 22:23:25.444, 232.93, 250.00, 100, 1410, 1215, 66, P0
2026/07/31 22:23:25.644, 237.59, 250.00, 100, 1410, 1215, 66, P0
2026/07/31 22:23:25.845, 235.65, 250.00, 100, 1410, 1215, 66, P0
2026/07/31 22:23:26.045, 234.56, 250.00, 100, 1410, 1215, 66, P0
2026/07/31 22:23:26.246, 233.31, 250.00, 100, 1410, 1215, 66, P0
2026/07/31 22:23:26.446, 237.41, 250.00, 100, 1410, 1215, 66, P0
2026/07/31 22:23:26.647, 235.26, 250.00, 100, 1410, 1215, 66, P0
2026/07/31 22:23:26.847, 234.51, 250.00, 100, 1410, 1215, 66, P0
2026/07/31 22:23:27.048, 233.91, 250.00, 100, 1410, 1215, 66, P0
2026/07/31 22:23:27.248, 235.65, 250.00, 100, 1410, 1215, 66, P0
2026/07/31 22:23:27.449, 236.62, 250.00, 100, 1410, 1215, 66, P0
2026/07/31 22:23:27.649, 235.07, 250.00, 100, 1410, 1215, 66, P0
2026/07/31 22:23:27.850, 234.22, 250.00, 100, 1410, 1215, 66, P0
2026/07/31 22:23:28.050, 233.44, 250.00, 100, 1410, 1215, 66, P0
2026/07/31 22:23:28.251, 237.04, 250.00, 100, 1410, 1215, 66, P0
2026/07/31 22:23:28.452, 236.03, 250.00, 100, 1410, 1215, 66, P0
2026/07/31 22:23:28.652, 235.05, 250.00, 100, 1410, 1215, 67, P0
2026/07/31 22:23:28.853, 234.00, 250.00, 100, 1410, 1215, 67, P0
2026/07/31 22:23:29.053, 238.46, 250.00, 100, 1410, 1215, 67, P0
2026/07/31 22:23:29.254, 236.69, 250.00, 100, 1410, 1215, 67, P0
2026/07/31 22:23:29.454, 235.35, 250.00, 100, 1410, 1215, 67, P0
2026/07/31 22:23:29.655, 234.68, 250.00, 100, 1410, 1215, 67, P0
2026/07/31 22:23:29.855, 239.23, 250.00, 100, 1410, 1215, 67, P0
2026/07/31 22:23:30.056, 236.64, 250.00, 100, 1410, 1215, 67, P0
2026/07/31 22:23:30.256, 235.45, 250.00, 100, 1410, 1215, 67, P0
2026/07/31 22:23:30.457, 235.07, 250.00, 100, 1410, 1215, 67, P0
2026/07/31 22:23:30.657, 235.05, 250.00, 100, 1410, 1215, 67, P0
2026/07/31 22:23:30.858, 238.30, 250.00, 100, 1410, 1215, 67, P0
2026/07/31 22:23:31.058, 236.08, 250.00, 100, 1410, 1215, 67, P0
2026/07/31 22:23:31.259, 235.35, 250.00, 100, 1410, 1215, 67, P0
2026/07/31 22:23:31.459, 234.82, 250.00, 100, 1410, 1215, 67, P0
2026/07/31 22:23:31.660, 238.73, 250.00, 100, 1410, 1215, 67, P0
2026/07/31 22:23:31.860, 236.89, 250.00, 100, 1410, 1215, 67, P0
2026/07/31 22:23:32.061, 235.48, 250.00, 100, 1410, 1215, 67, P0
2026/07/31 22:23:32.261, 235.26, 250.00, 100, 1410, 1215, 67, P0
2026/07/31 22:23:32.462, 239.23, 250.00, 100, 1410, 1215, 67, P0
2026/07/31 22:23:32.662, 237.22, 250.00, 100, 1410, 1215, 67, P0
2026/07/31 22:23:32.863, 235.65, 250.00, 100, 1410, 1215, 67, P0
2026/07/31 22:23:33.063, 235.26, 250.00, 100, 1410, 1215, 67, P0
2026/07/31 22:23:33.264, 237.40, 250.00, 100, 1410, 1215, 67, P0
2026/07/31 22:23:33.464, 238.07, 250.00, 100, 1410, 1215, 68, P0
2026/07/31 22:23:33.665, 236.39, 250.00, 100, 1410, 1215, 68, P0
2026/07/31 22:23:33.865, 235.68, 250.00, 100, 1410, 1215, 68, P0
2026/07/31 22:23:34.066, 235.54, 250.00, 100, 1410, 1215, 68, P0
2026/07/31 22:23:34.266, 239.79, 250.00, 100, 1410, 1215, 68, P0
2026/07/31 22:23:34.467, 237.69, 250.00, 100, 1410, 1215, 68, P0
2026/07/31 22:23:34.667, 236.33, 250.00, 100, 1410, 1215, 68, P0
2026/07/31 22:23:34.868, 235.54, 250.00, 100, 1410, 1215, 68, P0
2026/07/31 22:23:35.068, 239.68, 250.00, 100, 1410, 1215, 68, P0
2026/07/31 22:23:35.269, 237.68, 250.00, 100, 1410, 1215, 68, P0
2026/07/31 22:23:35.469, 236.30, 250.00, 100, 1410, 1215, 68, P0
2026/07/31 22:23:35.670, 236.22, 250.00, 100, 1410, 1215, 68, P0
2026/07/31 22:23:35.870, 238.56, 250.00, 100, 1410, 1215, 68, P0
2026/07/31 22:23:36.071, 239.41, 250.00, 100, 1410, 1215, 68, P0
2026/07/31 22:23:36.271, 237.48, 250.00, 100, 1410, 1215, 68, P0
2026/07/31 22:23:36.473, 236.23, 250.00, 100, 1410, 1215, 68, P0
2026/07/31 22:23:36.677, 239.35, 250.00, 100, 1410, 1215, 68, P0
2026/07/31 22:23:36.878, 68.91, 250.00, 72, 1275, 1215, 66, P0
2026/07/31 22:23:37.079, 250.68, 250.00, 86, 1290, 1215, 71, P0
2026/07/31 22:23:37.279, 251.86, 250.00, 86, 1320, 1215, 72, P0
2026/07/31 22:23:37.481, 248.88, 250.00, 97, 1290, 1215, 72, P0
2026/07/31 22:23:37.682, 253.50, 250.00, 100, 1290, 1215, 73, P0
2026/07/31 22:23:37.882, 249.72, 250.00, 97, 1290, 1215, 73, P0
2026/07/31 22:23:38.083, 253.69, 250.00, 100, 1290, 1215, 73, P0
2026/07/31 22:23:38.283, 265.82, 250.00, 96, 1290, 1215, 73, P0
2026/07/31 22:23:38.483, 250.96, 250.00, 100, 1290, 1215, 73, P0
2026/07/31 22:23:38.684, 244.46, 250.00, 100, 1320, 1215, 73, P0
2026/07/31 22:23:38.884, 253.20, 250.00, 97, 1275, 1215, 73, P0
2026/07/31 22:23:39.085, 241.87, 250.00, 100, 1275, 1215, 73, P0
2026/07/31 22:23:39.285, 259.08, 250.00, 97, 1290, 1215, 74, P0
2026/07/31 22:23:39.486, 240.51, 250.00, 100, 1290, 1215, 74, P0
2026/07/31 22:23:39.686, 246.90, 250.00, 100, 1335, 1215, 73, P0
2026/07/31 22:23:39.886, 248.19, 250.00, 97, 1290, 1215, 74, P0
2026/07/31 22:23:40.087, 250.19, 250.00, 100, 1275, 1215, 74, P0
2026/07/31 22:23:40.287, 267.11, 250.00, 97, 1290, 1215, 74, P0
2026/07/31 22:23:40.488, 253.65, 250.00, 100, 1290, 1215, 74, P0
2026/07/31 22:23:40.688, 251.09, 250.00, 100, 1290, 1215, 74, P0
2026/07/31 22:23:40.889, 252.83, 250.00, 97, 1290, 1215, 74, P0
2026/07/31 22:23:41.089, 251.38, 250.00, 100, 1275, 1215, 74, P0
2026/07/31 22:23:41.290, 255.51, 250.00, 100, 1305, 1215, 73, P0
2026/07/31 22:23:41.491, 243.09, 250.00, 97, 1290, 1215, 74, P0
2026/07/31 22:23:41.692, 237.32, 250.00, 100, 1290, 1215, 74, P0
2026/07/31 22:23:41.893, 211.49, 250.00, 100, 1380, 1215, 72, P0
2026/07/31 22:23:42.093, 237.71, 250.00, 100, 1410, 1215, 70, P0
2026/07/31 22:23:42.294, 243.27, 250.00, 100, 1410, 1215, 70, P0
2026/07/31 22:23:42.494, 240.56, 250.00, 100, 1410, 1215, 70, P0
2026/07/31 22:23:42.695, 239.74, 250.00, 100, 1410, 1215, 69, P0
2026/07/31 22:23:42.896, 238.31, 250.00, 100, 1410, 1215, 69, P0
2026/07/31 22:23:43.096, 237.99, 250.00, 100, 1410, 1215, 69, P0
2026/07/31 22:23:43.297, 237.88, 250.00, 100, 1410, 1215, 69, P0
2026/07/31 22:23:43.497, 237.78, 250.00, 100, 1410, 1215, 69, P0
2026/07/31 22:23:43.698, 238.96, 250.00, 100, 1410, 1215, 69, P0
2026/07/31 22:23:43.898, 240.68, 250.00, 100, 1410, 1215, 69, P0
2026/07/31 22:23:44.099, 239.92, 250.00, 100, 1410, 1215, 69, P0
2026/07/31 22:23:44.299, 238.55, 250.00, 100, 1410, 1215, 69, P0
2026/07/31 22:23:44.500, 237.80, 250.00, 100, 1410, 1215, 69, P0
2026/07/31 22:23:44.700, 237.97, 250.00, 100, 1410, 1215, 69, P0
2026/07/31 22:23:44.901, 237.49, 250.00, 100, 1410, 1215, 69, P0
2026/07/31 22:23:45.101, 238.56, 250.00, 100, 1410, 1215, 69, P0
2026/07/31 22:23:45.302, 240.90, 250.00, 100, 1410, 1215, 69, P0
2026/07/31 22:23:45.502, 240.24, 250.00, 100, 1410, 1215, 69, P0
2026/07/31 22:23:45.703, 239.36, 250.00, 100, 1410, 1215, 70, P0
2026/07/31 22:23:45.903, 238.77, 250.00, 100, 1410, 1215, 70, P0
2026/07/31 22:23:46.104, 238.46, 250.00, 100, 1410, 1215, 70, P0
2026/07/31 22:23:46.304, 237.60, 250.00, 100, 1410, 1215, 70, P0
2026/07/31 22:23:46.505, 237.61, 250.00, 100, 1410, 1215, 70, P0
2026/07/31 22:23:46.705, 242.31, 250.00, 100, 1410, 1215, 70, P0
2026/07/31 22:23:46.906, 240.48, 250.00, 100, 1410, 1215, 70, P0
2026/07/31 22:23:47.106, 239.92, 250.00, 100, 1410, 1215, 70, P0
2026/07/31 22:23:47.307, 239.67, 250.00, 100, 1410, 1215, 70, P0
2026/07/31 22:23:47.507, 238.19, 250.00, 100, 1410, 1215, 70, P0
2026/07/31 22:23:47.708, 238.27, 250.00, 100, 1410, 1215, 70, P0
2026/07/31 22:23:47.908, 238.26, 250.00, 100, 1410, 1215, 70, P0
2026/07/31 22:23:48.109, 237.42, 250.00, 100, 1410, 1215, 70, P0
2026/07/31 22:23:48.309, 241.94, 250.00, 100, 1410, 1215, 70, P0
2026/07/31 22:23:48.510, 241.53, 250.00, 100, 1410, 1215, 70, P0
2026/07/31 22:23:48.711, 240.30, 250.00, 100, 1410, 1215, 70, P0
2026/07/31 22:23:48.911, 239.07, 250.00, 100, 1410, 1215, 70, P0
2026/07/31 22:23:49.112, 238.73, 250.00, 100, 1410, 1215, 70, P0
2026/07/31 22:23:49.312, 238.26, 250.00, 100, 1410, 1215, 70, P0
2026/07/31 22:23:49.513, 238.07, 250.00, 100, 1410, 1215, 70, P0
2026/07/31 22:23:49.713, 241.45, 250.00, 100, 1410, 1215, 70, P0
2026/07/31 22:23:49.914, 242.10, 250.00, 100, 1410, 1215, 70, P0
2026/07/31 22:23:50.114, 240.39, 250.00, 100, 1410, 1215, 70, P0
2026/07/31 22:23:50.315, 240.63, 250.00, 100, 1410, 1215, 70, P0
2026/07/31 22:23:50.515, 239.42, 250.00, 100, 1410, 1215, 70, P0
2026/07/31 22:23:50.716, 238.76, 250.00, 100, 1410, 1215, 70, P0
2026/07/31 22:23:50.916, 238.40, 250.00, 100, 1410, 1215, 70, P0
2026/07/31 22:23:51.117, 238.45, 250.00, 100, 1410, 1215, 70, P0
2026/07/31 22:23:51.317, 238.22, 250.00, 100, 1410, 1215, 70, P0
2026/07/31 22:23:51.518, 242.91, 250.00, 100, 1410, 1215, 70, P0
2026/07/31 22:23:51.718, 241.50, 250.00, 100, 1410, 1215, 70, P0
2026/07/31 22:23:51.919, 240.39, 250.00, 100, 1410, 1215, 70, P0
2026/07/31 22:23:52.119, 239.54, 250.00, 100, 1410, 1215, 70, P0
2026/07/31 22:23:52.320, 239.39, 250.00, 100, 1410, 1215, 70, P0
2026/07/31 22:23:52.520, 239.01, 250.00, 100, 1410, 1215, 70, P0
2026/07/31 22:23:52.721, 238.66, 250.00, 100, 1410, 1215, 70, P0
2026/07/31 22:23:52.921, 240.70, 250.00, 100, 1410, 1215, 70, P0
2026/07/31 22:23:53.122, 241.67, 250.00, 100, 1410, 1215, 70, P0
2026/07/31 22:23:53.322, 240.97, 250.00, 100, 1410, 1215, 70, P0
2026/07/31 22:23:53.523, 240.29, 250.00, 100, 1410, 1215, 70, P0
2026/07/31 22:23:53.723, 239.34, 250.00, 100, 1410, 1215, 70, P0
2026/07/31 22:23:53.924, 239.22, 250.00, 100, 1410, 1215, 70, P0
2026/07/31 22:23:54.124, 238.99, 250.00, 100, 1410, 1215, 70, P0
2026/07/31 22:23:54.325, 238.76, 250.00, 100, 1410, 1215, 70, P0
2026/07/31 22:23:54.526, 243.68, 250.00, 100, 1410, 1215, 70, P0
2026/07/31 22:23:54.726, 255.45, 250.00, 87, 1275, 1215, 74, P0
2026/07/31 22:23:54.927, 258.20, 250.00, 92, 1290, 1215, 74, P0
2026/07/31 22:23:55.127, 264.74, 250.00, 100, 1290, 1215, 75, P0
2026/07/31 22:23:55.327, 251.74, 250.00, 97, 1275, 1215, 75, P0
2026/07/31 22:23:55.528, 192.78, 250.00, 100, 1275, 1215, 74, P0
2026/07/31 22:23:55.728, 251.59, 250.00, 97, 1290, 1215, 75, P0
2026/07/31 22:23:55.929, 256.65, 250.00, 100, 1335, 1215, 75, P0
2026/07/31 22:23:56.130, 253.86, 250.00, 97, 1290, 1215, 76, P0
2026/07/31 22:23:56.331, 250.99, 250.00, 100, 1290, 1215, 76, P0
2026/07/31 22:23:56.531, 252.82, 250.00, 100, 1260, 1215, 75, P0
2026/07/31 22:23:56.732, 241.95, 250.00, 97, 1290, 1215, 75, P0
2026/07/31 22:23:56.932, 242.99, 250.00, 100, 1305, 1215, 75, P0
2026/07/31 22:23:57.133, 243.40, 250.00, 97, 1290, 1215, 76, P0
2026/07/31 22:23:57.333, 248.63, 250.00, 100, 1275, 1215, 76, P0
2026/07/31 22:23:57.534, 255.62, 250.00, 100, 1275, 1215, 76, P0
2026/07/31 22:23:57.734, 261.10, 250.00, 97, 1275, 1215, 76, P0
2026/07/31 22:23:57.935, 246.42, 250.00, 100, 1290, 1215, 75, P0
2026/07/31 22:23:58.135, 248.30, 250.00, 97, 1290, 1215, 76, P0
2026/07/31 22:23:58.335, 251.46, 250.00, 100, 1290, 1215, 76, P0
2026/07/31 22:23:58.536, 235.95, 250.00, 100, 1410, 1215, 73, P0
2026/07/31 22:23:58.736, 239.74, 250.00, 100, 1410, 1215, 72, P0
2026/07/31 22:23:58.937, 239.62, 250.00, 100, 1410, 1215, 72, P0
2026/07/31 22:23:59.138, 243.77, 250.00, 100, 1410, 1215, 71, P0
2026/07/31 22:23:59.338, 242.87, 250.00, 100, 1410, 1215, 71, P0
2026/07/31 22:23:59.538, 241.33, 250.00, 100, 1410, 1215, 71, P0
2026/07/31 22:23:59.739, 240.26, 250.00, 100, 1410, 1215, 71, P0
2026/07/31 22:23:59.939, 239.52, 250.00, 100, 1410, 1215, 71, P0
2026/07/31 22:24:00.140, 242.71, 250.00, 100, 1410, 1215, 71, P0
2026/07/31 22:24:00.341, 241.76, 250.00, 100, 1410, 1215, 71, P0
2026/07/31 22:24:00.541, 240.91, 250.00, 100, 1410, 1215, 71, P0
2026/07/31 22:24:00.741, 240.33, 250.00, 100, 1410, 1215, 71, P0
2026/07/31 22:24:00.942, 239.24, 250.00, 100, 1410, 1215, 71, P0
2026/07/31 22:24:01.143, 241.29, 250.00, 100, 1410, 1215, 71, P0
2026/07/31 22:24:01.343, 241.76, 250.00, 100, 1410, 1215, 71, P0
2026/07/31 22:24:01.544, 240.61, 250.00, 100, 1410, 1215, 71, P0
2026/07/31 22:24:01.744, 239.80, 250.00, 100, 1410, 1215, 71, P0
2026/07/31 22:24:01.945, 239.43, 250.00, 100, 1410, 1215, 71, P0
2026/07/31 22:24:02.145, 241.34, 250.00, 100, 1410, 1215, 71, P0
2026/07/31 22:24:02.346, 243.28, 250.00, 100, 1410, 1215, 71, P0
2026/07/31 22:24:02.547, 241.17, 250.00, 100, 1410, 1215, 71, P0
2026/07/31 22:24:02.747, 240.29, 250.00, 100, 1410, 1215, 71, P0
2026/07/31 22:24:02.948, 239.51, 250.00, 100, 1410, 1215, 71, P0
2026/07/31 22:24:03.148, 244.43, 250.00, 100, 1410, 1215, 71, P0
2026/07/31 22:24:03.349, 241.94, 250.00, 100, 1410, 1215, 71, P0
2026/07/31 22:24:03.549, 240.81, 250.00, 100, 1410, 1215, 71, P0
2026/07/31 22:24:03.750, 240.03, 250.00, 100, 1410, 1215, 71, P0
2026/07/31 22:24:03.950, 239.63, 250.00, 100, 1410, 1215, 71, P0
2026/07/31 22:24:04.151, 243.18, 250.00, 100, 1410, 1215, 71, P0
2026/07/31 22:24:04.351, 242.61, 250.00, 100, 1410, 1215, 71, P0
2026/07/31 22:24:04.552, 240.97, 250.00, 100, 1410, 1215, 71, P0
2026/07/31 22:24:04.752, 240.23, 250.00, 100, 1410, 1215, 72, P0
2026/07/31 22:24:04.953, 239.70, 250.00, 100, 1410, 1215, 72, P0
2026/07/31 22:24:05.153, 244.34, 250.00, 100, 1410, 1215, 72, P0
2026/07/31 22:24:05.354, 242.69, 250.00, 100, 1410, 1215, 72, P0
2026/07/31 22:24:05.554, 241.95, 250.00, 100, 1410, 1215, 72, P0
2026/07/31 22:24:05.755, 241.54, 250.00, 100, 1410, 1215, 72, P0
2026/07/31 22:24:05.955, 240.38, 250.00, 100, 1410, 1215, 72, P0
2026/07/31 22:24:06.156, 239.99, 250.00, 100, 1410, 1215, 72, P0
2026/07/31 22:24:06.356, 243.12, 250.00, 100, 1410, 1215, 72, P0
2026/07/31 22:24:06.557, 242.11, 250.00, 100, 1410, 1215, 72, P0
2026/07/31 22:24:06.757, 241.61, 250.00, 100, 1410, 1215, 72, P0
2026/07/31 22:24:06.958, 240.69, 250.00, 100, 1410, 1215, 72, P0
2026/07/31 22:24:07.158, 240.23, 250.00, 100, 1410, 1215, 72, P0
2026/07/31 22:24:07.359, 243.57, 250.00, 100, 1410, 1215, 72, P0
2026/07/31 22:24:07.559, 242.77, 250.00, 100, 1410, 1215, 72, P0
2026/07/31 22:24:07.760, 242.01, 250.00, 100, 1410, 1215, 72, P0
2026/07/31 22:24:07.960, 240.85, 250.00, 100, 1410, 1215, 72, P0
2026/07/31 22:24:08.161, 240.28, 250.00, 100, 1410, 1215, 72, P0
2026/07/31 22:24:08.361, 245.88, 250.00, 100, 1410, 1215, 72, P0
2026/07/31 22:24:08.562, 243.60, 250.00, 100, 1410, 1215, 72, P0
2026/07/31 22:24:08.762, 241.85, 250.00, 100, 1410, 1215, 72, P0
2026/07/31 22:24:08.963, 241.15, 250.00, 100, 1410, 1215, 72, P0
2026/07/31 22:24:09.163, 240.59, 250.00, 100, 1410, 1215, 72, P0
2026/07/31 22:24:09.364, 246.36, 250.00, 100, 1410, 1215, 72, P0
2026/07/31 22:24:09.564, 243.74, 250.00, 100, 1410, 1215, 72, P0
2026/07/31 22:24:09.765, 242.29, 250.00, 100, 1410, 1215, 72, P0
2026/07/31 22:24:09.965, 241.38, 250.00, 100, 1410, 1215, 72, P0
2026/07/31 22:24:10.166, 240.69, 250.00, 100, 1410, 1215, 72, P0
2026/07/31 22:24:10.366, 242.94, 250.00, 100, 1410, 1215, 72, P0
2026/07/31 22:24:10.567, 243.02, 250.00, 100, 1410, 1215, 72, P0
2026/07/31 22:24:10.767, 241.94, 250.00, 100, 1410, 1215, 72, P0
2026/07/31 22:24:10.968, 241.10, 250.00, 100, 1410, 1215, 72, P0
2026/07/31 22:24:11.168, 249.72, 250.00, 83, 1275, 1215, 75, P0
2026/07/31 22:24:11.369, 253.64, 250.00, 100, 1275, 1215, 76, P0
2026/07/31 22:24:11.569, 255.16, 250.00, 97, 1275, 1215, 76, P0
2026/07/31 22:24:11.770, 247.17, 250.00, 100, 1290, 1215, 76, P0
2026/07/31 22:24:11.970, 238.07, 250.00, 97, 1275, 1215, 76, P0
2026/07/31 22:24:12.170, 249.56, 250.00, 100, 1275, 1215, 76, P0
2026/07/31 22:24:12.371, 247.57, 250.00, 100, 1350, 1215, 76, P0
2026/07/31 22:24:12.571, 245.49, 250.00, 96, 1290, 1215, 77, P0
2026/07/31 22:24:12.772, 256.23, 250.00, 100, 1290, 1215, 77, P0
2026/07/31 22:24:12.972, 249.18, 250.00, 97, 1275, 1215, 77, P0
2026/07/31 22:24:13.173, 253.31, 250.00, 100, 1275, 1215, 77, P0
2026/07/31 22:24:13.373, 188.10, 250.00, 100, 1305, 1215, 77, P0
2026/07/31 22:24:13.574, 259.31, 250.00, 97, 1290, 1215, 77, P0
2026/07/31 22:24:13.774, 250.53, 250.00, 100, 1290, 1215, 77, P0
2026/07/31 22:24:13.974, 241.11, 250.00, 97, 1275, 1215, 77, P0
2026/07/31 22:24:14.175, 248.01, 250.00, 100, 1275, 1215, 77, P0
2026/07/31 22:24:14.375, 246.46, 250.00, 100, 1335, 1215, 77, P0
2026/07/31 22:24:14.576, 245.06, 250.00, 97, 1275, 1215, 77, P0
2026/07/31 22:24:14.776, 245.41, 250.00, 100, 1275, 1215, 77, P0
2026/07/31 22:24:14.977, 169.18, 250.00, 92, 1395, 1215, 75, P0
2026/07/31 22:24:15.177, 243.55, 250.00, 68, 1410, 1215, 74, P0
2026/07/31 22:24:15.378, 242.13, 250.00, 100, 1410, 1215, 73, P0
2026/07/31 22:24:15.578, 245.12, 250.00, 100, 1410, 1215, 73, P0
2026/07/31 22:24:15.779, 245.57, 250.00, 100, 1410, 1215, 73, P0
2026/07/31 22:24:15.981, 244.55, 250.00, 100, 1410, 1215, 73, P0
2026/07/31 22:24:16.184, 241.56, 250.00, 100, 1410, 1215, 73, P0
2026/07/31 22:24:16.385, 241.46, 250.00, 100, 1410, 1215, 73, P0
2026/07/31 22:24:16.586, 240.37, 250.00, 100, 1410, 1215, 73, P0
2026/07/31 22:24:16.788, 246.53, 250.00, 100, 1410, 1215, 73, P0
2026/07/31 22:24:16.989, 243.88, 250.00, 100, 1410, 1215, 73, P0
2026/07/31 22:24:17.189, 241.86, 250.00, 100, 1410, 1215, 73, P0
2026/07/31 22:24:17.390, 241.44, 250.00, 100, 1410, 1215, 73, P0
2026/07/31 22:24:17.590, 240.96, 250.00, 100, 1410, 1215, 73, P0
2026/07/31 22:24:17.791, 240.48, 250.00, 100, 1410, 1215, 73, P0
2026/07/31 22:24:17.991, 244.93, 250.00, 100, 1410, 1215, 73, P0
2026/07/31 22:24:18.192, 243.49, 250.00, 100, 1410, 1215, 73, P0
2026/07/31 22:24:18.392, 241.56, 250.00, 100, 1410, 1215, 73, P0
2026/07/31 22:24:18.593, 241.39, 250.00, 100, 1410, 1215, 73, P0
2026/07/31 22:24:18.793, 240.89, 250.00, 100, 1410, 1215, 73, P0
2026/07/31 22:24:18.994, 244.45, 250.00, 100, 1410, 1215, 73, P0
2026/07/31 22:24:19.194, 243.78, 250.00, 100, 1410, 1215, 73, P0
2026/07/31 22:24:19.395, 242.15, 250.00, 100, 1410, 1215, 73, P0
2026/07/31 22:24:19.595, 241.64, 250.00, 100, 1410, 1215, 73, P0
2026/07/31 22:24:19.796, 241.17, 250.00, 100, 1410, 1215, 73, P0
2026/07/31 22:24:19.996, 240.75, 250.00, 100, 1410, 1215, 73, P0
2026/07/31 22:24:20.197, 244.07, 250.00, 100, 1410, 1215, 73, P0
2026/07/31 22:24:20.397, 243.27, 250.00, 100, 1410, 1215, 73, P0
2026/07/31 22:24:20.598, 242.88, 250.00, 100, 1410, 1215, 73, P0
2026/07/31 22:24:20.798, 241.54, 250.00, 100, 1410, 1215, 73, P0
2026/07/31 22:24:20.999, 241.25, 250.00, 100, 1410, 1215, 73, P0
2026/07/31 22:24:21.199, 246.37, 250.00, 100, 1410, 1215, 73, P0
2026/07/31 22:24:21.400, 244.73, 250.00, 100, 1410, 1215, 73, P0
2026/07/31 22:24:21.600, 242.90, 250.00, 100, 1410, 1215, 73, P0
2026/07/31 22:24:21.801, 241.78, 250.00, 100, 1410, 1215, 73, P0
2026/07/31 22:24:22.001, 241.66, 250.00, 100, 1410, 1215, 73, P0
2026/07/31 22:24:22.202, 242.25, 250.00, 100, 1410, 1215, 73, P0
2026/07/31 22:24:22.402, 245.95, 250.00, 100, 1410, 1215, 73, P0
2026/07/31 22:24:22.603, 244.05, 250.00, 100, 1410, 1215, 73, P0
2026/07/31 22:24:22.803, 242.23, 250.00, 100, 1410, 1215, 73, P0
2026/07/31 22:24:23.004, 241.93, 250.00, 100, 1410, 1215, 73, P0
2026/07/31 22:24:23.204, 241.54, 250.00, 100, 1410, 1215, 73, P0
2026/07/31 22:24:23.405, 245.30, 250.00, 100, 1410, 1215, 73, P0
2026/07/31 22:24:23.605, 244.33, 250.00, 100, 1410, 1215, 73, P0
2026/07/31 22:24:23.806, 243.30, 250.00, 100, 1410, 1215, 73, P0
2026/07/31 22:24:24.006, 242.31, 250.00, 100, 1410, 1215, 73, P0
2026/07/31 22:24:24.207, 241.75, 250.00, 100, 1410, 1215, 73, P0
2026/07/31 22:24:24.407, 247.34, 250.00, 100, 1410, 1215, 73, P0
2026/07/31 22:24:24.608, 244.34, 250.00, 100, 1410, 1215, 73, P0
2026/07/31 22:24:24.808, 242.96, 250.00, 100, 1410, 1215, 73, P0
2026/07/31 22:24:25.009, 243.09, 250.00, 100, 1410, 1215, 73, P0
2026/07/31 22:24:25.209, 242.33, 250.00, 100, 1410, 1215, 73, P0
2026/07/31 22:24:25.410, 242.03, 250.00, 100, 1410, 1215, 73, P0
2026/07/31 22:24:25.611, 245.60, 250.00, 100, 1410, 1215, 73, P0
2026/07/31 22:24:25.811, 244.63, 250.00, 100, 1410, 1215, 73, P0
2026/07/31 22:24:26.012, 243.38, 250.00, 100, 1410, 1215, 73, P0
2026/07/31 22:24:26.212, 242.89, 250.00, 100, 1410, 1215, 73, P0
2026/07/31 22:24:26.413, 241.83, 250.00, 100, 1410, 1215, 73, P0
2026/07/31 22:24:26.613, 243.76, 250.00, 100, 1410, 1215, 73, P0
2026/07/31 22:24:26.814, 245.73, 250.00, 100, 1410, 1215, 73, P0
2026/07/31 22:24:27.014, 244.13, 250.00, 100, 1410, 1215, 73, P0
2026/07/31 22:24:27.215, 242.41, 250.00, 100, 1410, 1215, 73, P0
2026/07/31 22:24:27.415, 242.42, 250.00, 100, 1410, 1215, 73, P0
2026/07/31 22:24:27.616, 242.02, 250.00, 100, 1410, 1215, 72, P0
2026/07/31 22:24:27.816, 253.15, 250.00, 100, 1290, 1215, 76, P0
2026/07/31 22:24:28.017, 253.66, 250.00, 78, 1275, 1215, 77, P0
2026/07/31 22:24:28.217, 257.22, 250.00, 100, 1275, 1215, 77, P0
2026/07/31 22:24:28.418, 251.06, 250.00, 96, 1275, 1215, 77, P0
2026/07/31 22:24:28.618, 234.62, 250.00, 100, 1260, 1215, 77, P0
2026/07/31 22:24:28.819, 256.27, 250.00, 97, 1275, 1215, 78, P0
2026/07/31 22:24:29.019, 247.80, 250.00, 100, 1335, 1215, 77, P0
2026/07/31 22:24:29.220, 246.51, 250.00, 100, 1290, 1215, 78, P0
2026/07/31 22:24:29.420, 252.07, 250.00, 96, 1275, 1215, 78, P0
2026/07/31 22:24:29.620, 254.74, 250.00, 100, 1275, 1215, 78, P0
2026/07/31 22:24:29.821, 245.30, 250.00, 97, 1275, 1215, 78, P0
2026/07/31 22:24:30.021, 243.89, 250.00, 100, 1320, 1215, 78, P0
2026/07/31 22:24:30.222, 253.27, 250.00, 100, 1275, 1215, 78, P0
2026/07/31 22:24:30.422, 243.10, 250.00, 97, 1275, 1215, 78, P0
2026/07/31 22:24:30.623, 255.90, 250.00, 100, 1275, 1215, 78, P0
2026/07/31 22:24:30.823, 253.32, 250.00, 96, 1275, 1215, 78, P0
2026/07/31 22:24:31.024, 239.74, 250.00, 100, 1275, 1215, 78, P0
2026/07/31 22:24:31.224, 255.90, 250.00, 100, 1290, 1215, 78, P0
2026/07/31 22:24:31.425, 250.25, 250.00, 96, 1275, 1215, 78, P0
2026/07/31 22:24:31.625, 237.39, 250.00, 100, 1410, 1215, 75, P0
2026/07/31 22:24:31.826, 245.86, 250.00, 100, 1410, 1215, 74, P0
2026/07/31 22:24:32.026, 244.82, 250.00, 100, 1410, 1215, 74, P0
2026/07/31 22:24:32.227, 243.47, 250.00, 100, 1410, 1215, 74, P0
2026/07/31 22:24:32.427, 242.04, 250.00, 100, 1410, 1215, 74, P0
2026/07/31 22:24:32.628, 241.94, 250.00, 100, 1410, 1215, 74, P0
2026/07/31 22:24:32.828, 245.45, 250.00, 100, 1410, 1215, 74, P0
2026/07/31 22:24:33.029, 244.14, 250.00, 100, 1410, 1215, 74, P0
2026/07/31 22:24:33.229, 243.28, 250.00, 100, 1410, 1215, 74, P0
2026/07/31 22:24:33.430, 242.61, 250.00, 100, 1410, 1215, 74, P0
2026/07/31 22:24:33.630, 242.14, 250.00, 100, 1410, 1215, 74, P0
2026/07/31 22:24:33.831, 246.87, 250.00, 100, 1410, 1215, 74, P0
2026/07/31 22:24:34.031, 244.50, 250.00, 100, 1410, 1215, 74, P0
2026/07/31 22:24:34.232, 243.17, 250.00, 100, 1410, 1215, 74, P0
2026/07/31 22:24:34.432, 242.69, 250.00, 100, 1410, 1215, 74, P0
2026/07/31 22:24:34.633, 242.39, 250.00, 100, 1410, 1215, 74, P0
2026/07/31 22:24:34.833, 245.32, 250.00, 100, 1410, 1215, 74, P0
2026/07/31 22:24:35.034, 243.99, 250.00, 100, 1410, 1215, 74, P0
2026/07/31 22:24:35.234, 243.39, 250.00, 100, 1410, 1215, 74, P0
2026/07/31 22:24:35.435, 242.50, 250.00, 100, 1410, 1215, 74, P0
2026/07/31 22:24:35.635, 242.22, 250.00, 100, 1410, 1215, 74, P0
2026/07/31 22:24:35.836, 246.27, 250.00, 100, 1410, 1215, 74, P0
2026/07/31 22:24:36.036, 244.85, 250.00, 100, 1410, 1215, 74, P0
2026/07/31 22:24:36.237, 243.75, 250.00, 100, 1410, 1215, 74, P0
2026/07/31 22:24:36.438, 242.53, 250.00, 100, 1410, 1215, 74, P0
2026/07/31 22:24:36.638, 242.05, 250.00, 100, 1410, 1215, 74, P0
2026/07/31 22:24:36.839, 245.34, 250.00, 100, 1410, 1215, 74, P0
2026/07/31 22:24:37.039, 244.17, 250.00, 100, 1410, 1215, 74, P0
2026/07/31 22:24:37.240, 243.66, 250.00, 100, 1410, 1215, 74, P0
2026/07/31 22:24:37.440, 242.77, 250.00, 100, 1410, 1215, 74, P0
2026/07/31 22:24:37.641, 242.33, 250.00, 100, 1410, 1215, 74, P0
2026/07/31 22:24:37.841, 246.95, 250.00, 100, 1410, 1215, 74, P0
2026/07/31 22:24:38.042, 245.53, 250.00, 100, 1410, 1215, 74, P0
2026/07/31 22:24:38.242, 244.05, 250.00, 100, 1410, 1215, 74, P0
2026/07/31 22:24:38.443, 243.00, 250.00, 100, 1410, 1215, 74, P0
2026/07/31 22:24:38.643, 242.88, 250.00, 100, 1410, 1215, 74, P0
2026/07/31 22:24:38.844, 245.32, 250.00, 100, 1410, 1215, 74, P0
2026/07/31 22:24:39.044, 246.54, 250.00, 100, 1410, 1215, 74, P0
2026/07/31 22:24:39.245, 244.92, 250.00, 100, 1410, 1215, 74, P0
2026/07/31 22:24:39.445, 243.66, 250.00, 100, 1410, 1215, 74, P0
2026/07/31 22:24:39.646, 242.91, 250.00, 100, 1410, 1215, 74, P0
2026/07/31 22:24:39.847, 246.96, 250.00, 100, 1410, 1215, 74, P0
2026/07/31 22:24:40.047, 246.16, 250.00, 100, 1410, 1215, 74, P0
2026/07/31 22:24:40.248, 244.61, 250.00, 100, 1410, 1215, 74, P0
2026/07/31 22:24:40.448, 243.36, 250.00, 100, 1410, 1215, 74, P0
2026/07/31 22:24:40.649, 243.09, 250.00, 100, 1410, 1215, 74, P0
2026/07/31 22:24:40.849, 247.20, 250.00, 100, 1410, 1215, 74, P0
2026/07/31 22:24:41.050, 246.63, 250.00, 100, 1410, 1215, 74, P0
2026/07/31 22:24:41.250, 245.03, 250.00, 100, 1410, 1215, 74, P0
2026/07/31 22:24:41.451, 244.02, 250.00, 100, 1410, 1215, 74, P0
2026/07/31 22:24:41.651, 243.07, 250.00, 100, 1410, 1215, 74, P0
2026/07/31 22:24:41.852, 245.12, 250.00, 100, 1410, 1215, 74, P0
2026/07/31 22:24:42.052, 245.12, 250.00, 100, 1410, 1215, 74, P0
2026/07/31 22:24:42.253, 244.60, 250.00, 100, 1410, 1215, 74, P0
2026/07/31 22:24:42.453, 243.40, 250.00, 100, 1410, 1215, 74, P0
2026/07/31 22:24:42.654, 243.01, 250.00, 100, 1410, 1215, 74, P0
2026/07/31 22:24:42.854, 242.76, 250.00, 100, 1410, 1215, 74, P0
2026/07/31 22:24:43.055, 245.90, 250.00, 100, 1410, 1215, 74, P0
2026/07/31 22:24:43.255, 244.37, 250.00, 100, 1410, 1215, 74, P0
2026/07/31 22:24:43.456, 244.04, 250.00, 100, 1410, 1215, 74, P0
2026/07/31 22:24:43.657, 243.20, 250.00, 100, 1410, 1215, 74, P0
2026/07/31 22:24:43.857, 243.36, 250.00, 100, 1410, 1215, 74, P0
2026/07/31 22:24:44.058, 247.78, 250.00, 100, 1410, 1215, 73, P0
2026/07/31 22:24:44.258, 248.47, 250.00, 74, 1275, 1215, 77, P0
2026/07/31 22:24:44.458, 251.03, 250.00, 100, 1275, 1215, 78, P0
2026/07/31 22:24:44.659, 249.02, 250.00, 100, 1275, 1215, 78, P0
2026/07/31 22:24:44.859, 249.38, 250.00, 97, 1290, 1215, 78, P0
2026/07/31 22:24:45.060, 248.66, 250.00, 100, 1260, 1215, 78, P0
2026/07/31 22:24:45.260, 250.25, 250.00, 97, 1275, 1215, 78, P0
2026/07/31 22:24:45.461, 250.99, 250.00, 100, 1305, 1215, 78, P0
2026/07/31 22:24:45.661, 254.48, 250.00, 97, 1275, 1215, 79, P0
2026/07/31 22:24:45.861, 249.24, 250.00, 100, 1275, 1215, 79, P0
2026/07/31 22:24:46.062, 248.51, 250.00, 98, 1275, 1215, 78, P0
2026/07/31 22:24:46.262, 242.99, 250.00, 98, 1275, 1215, 78, P0
2026/07/31 22:24:46.463, 216.08, 250.00, 100, 1290, 1215, 78, P0
2026/07/31 22:24:46.663, 249.71, 250.00, 97, 1275, 1215, 79, P0
2026/07/31 22:24:46.864, 246.08, 250.00, 100, 1275, 1215, 79, P0
2026/07/31 22:24:47.064, 258.01, 250.00, 100, 1290, 1215, 79, P0
2026/07/31 22:24:47.265, 249.62, 250.00, 97, 1260, 1215, 79, P0
2026/07/31 22:24:47.465, 245.51, 250.00, 100, 1275, 1215, 78, P0
2026/07/31 22:24:47.665, 259.60, 250.00, 96, 1290, 1215, 79, P0
2026/07/31 22:24:47.866, 243.57, 250.00, 100, 1275, 1215, 78, P0
2026/07/31 22:24:48.066, 242.88, 250.00, 100, 1410, 1215, 75, P0
2026/07/31 22:24:48.267, 246.57, 250.00, 100, 1410, 1215, 75, P0
2026/07/31 22:24:48.467, 245.52, 250.00, 100, 1410, 1215, 75, P0
2026/07/31 22:24:48.668, 243.95, 250.00, 100, 1410, 1215, 75, P0
2026/07/31 22:24:48.869, 243.05, 250.00, 100, 1410, 1215, 75, P0
2026/07/31 22:24:49.069, 245.35, 250.00, 100, 1410, 1215, 74, P0
2026/07/31 22:24:49.270, 245.71, 250.00, 100, 1410, 1215, 74, P0
2026/07/31 22:24:49.470, 244.09, 250.00, 100, 1410, 1215, 74, P0
2026/07/31 22:24:49.671, 243.31, 250.00, 100, 1410, 1215, 74, P0
2026/07/31 22:24:49.871, 242.79, 250.00, 100, 1410, 1215, 74, P0
2026/07/31 22:24:50.072, 246.20, 250.00, 100, 1410, 1215, 74, P0
2026/07/31 22:24:50.272, 245.60, 250.00, 100, 1410, 1215, 74, P0
2026/07/31 22:24:50.473, 244.64, 250.00, 100, 1410, 1215, 74, P0
2026/07/31 22:24:50.673, 243.58, 250.00, 100, 1410, 1215, 74, P0
2026/07/31 22:24:50.874, 243.10, 250.00, 100, 1410, 1215, 74, P0
2026/07/31 22:24:51.074, 245.81, 250.00, 100, 1410, 1215, 74, P0
2026/07/31 22:24:51.275, 246.82, 250.00, 100, 1410, 1215, 74, P0
2026/07/31 22:24:51.475, 245.48, 250.00, 100, 1410, 1215, 74, P0
2026/07/31 22:24:51.676, 243.98, 250.00, 100, 1410, 1215, 74, P0
2026/07/31 22:24:51.876, 243.14, 250.00, 100, 1410, 1215, 74, P0
2026/07/31 22:24:52.077, 246.87, 250.00, 100, 1410, 1215, 74, P0
2026/07/31 22:24:52.277, 246.66, 250.00, 100, 1410, 1215, 74, P0
2026/07/31 22:24:52.478, 245.22, 250.00, 100, 1410, 1215, 74, P0
2026/07/31 22:24:52.678, 244.45, 250.00, 100, 1410, 1215, 74, P0
2026/07/31 22:24:52.879, 243.27, 250.00, 100, 1410, 1215, 74, P0
2026/07/31 22:24:53.079, 243.00, 250.00, 100, 1410, 1215, 74, P0
2026/07/31 22:24:53.280, 246.46, 250.00, 100, 1410, 1215, 74, P0
2026/07/31 22:24:53.480, 244.95, 250.00, 100, 1410, 1215, 74, P0
2026/07/31 22:24:53.681, 244.09, 250.00, 100, 1410, 1215, 74, P0
2026/07/31 22:24:53.881, 243.66, 250.00, 100, 1410, 1215, 74, P0
2026/07/31 22:24:54.082, 245.60, 250.00, 100, 1410, 1215, 74, P0
2026/07/31 22:24:54.282, 245.92, 250.00, 100, 1410, 1215, 74, P0
2026/07/31 22:24:54.483, 244.82, 250.00, 100, 1410, 1215, 74, P0
2026/07/31 22:24:54.683, 243.98, 250.00, 100, 1410, 1215, 74, P0
2026/07/31 22:24:54.884, 243.26, 250.00, 100, 1410, 1215, 74, P0
2026/07/31 22:24:55.084, 243.21, 250.00, 100, 1410, 1215, 74, P0
2026/07/31 22:24:55.285, 246.76, 250.00, 100, 1410, 1215, 74, P0
2026/07/31 22:24:55.487, 245.52, 250.00, 100, 1410, 1215, 74, P0
2026/07/31 22:24:55.691, 244.15, 250.00, 100, 1410, 1215, 74, P0
2026/07/31 22:24:55.892, 243.49, 250.00, 100, 1410, 1215, 74, P0
2026/07/31 22:24:56.093, 249.61, 250.00, 100, 1410, 1215, 74, P0
2026/07/31 22:24:56.294, 246.71, 250.00, 100, 1410, 1215, 74, P0
2026/07/31 22:24:56.495, 245.66, 250.00, 100, 1410, 1215, 74, P0
2026/07/31 22:24:56.695, 244.83, 250.00, 100, 1410, 1215, 75, P0
2026/07/31 22:24:56.896, 243.94, 250.00, 100, 1410, 1215, 75, P0
2026/07/31 22:24:57.096, 246.39, 250.00, 100, 1410, 1215, 75, P0
2026/07/31 22:24:57.297, 247.40, 250.00, 100, 1410, 1215, 75, P0
2026/07/31 22:24:57.497, 245.78, 250.00, 100, 1410, 1215, 75, P0
2026/07/31 22:24:57.698, 244.40, 250.00, 100, 1410, 1215, 75, P0
2026/07/31 22:24:57.898, 243.99, 250.00, 100, 1410, 1215, 75, P0
2026/07/31 22:24:58.099, 244.29, 250.00, 100, 1410, 1215, 75, P0
2026/07/31 22:24:58.299, 247.65, 250.00, 100, 1410, 1215, 75, P0
2026/07/31 22:24:58.500, 245.61, 250.00, 100, 1410, 1215, 75, P0
2026/07/31 22:24:58.700, 244.64, 250.00, 100, 1410, 1215, 75, P0
2026/07/31 22:24:58.901, 244.13, 250.00, 100, 1410, 1215, 75, P0
2026/07/31 22:24:59.101, 243.95, 250.00, 100, 1410, 1215, 75, P0
2026/07/31 22:24:59.302, 247.80, 250.00, 100, 1410, 1215, 75, P0
2026/07/31 22:24:59.502, 245.33, 250.00, 100, 1410, 1215, 75, P0
2026/07/31 22:24:59.703, 244.44, 250.00, 100, 1410, 1215, 75, P0
2026/07/31 22:24:59.903, 244.24, 250.00, 100, 1410, 1215, 75, P0
2026/07/31 22:25:00.104, 243.85, 250.00, 100, 1410, 1215, 75, P0
2026/07/31 22:25:00.304, 248.95, 250.00, 100, 1410, 1215, 75, P0
2026/07/31 22:25:00.505, 302.52, 250.00, 100, 1275, 1215, 77, P0
2026/07/31 22:25:00.705, 243.34, 250.00, 73, 1260, 1215, 78, P0
2026/07/31 22:25:00.906, 241.13, 250.00, 100, 1290, 1215, 78, P0
2026/07/31 22:25:01.106, 250.32, 250.00, 96, 1275, 1215, 79, P0
2026/07/31 22:25:01.306, 248.81, 250.00, 100, 1290, 1215, 78, P0
2026/07/31 22:25:01.507, 241.97, 250.00, 97, 1260, 1215, 79, P0
2026/07/31 22:25:01.707, 258.78, 250.00, 100, 1275, 1215, 79, P0
2026/07/31 22:25:01.908, 258.58, 250.00, 99, 1275, 1215, 79, P0
2026/07/31 22:25:02.108, 250.15, 250.00, 97, 1275, 1215, 79, P0
2026/07/31 22:25:02.309, 243.29, 250.00, 100, 1290, 1215, 79, P0
2026/07/31 22:25:02.509, 233.45, 250.00, 97, 1275, 1215, 79, P0
2026/07/31 22:25:02.710, 236.35, 250.00, 100, 1275, 1215, 79, P0
2026/07/31 22:25:02.910, 252.31, 250.00, 97, 1275, 1215, 79, P0
2026/07/31 22:25:03.110, 253.90, 250.00, 100, 1275, 1215, 79, P0
2026/07/31 22:25:03.311, 227.15, 250.00, 100, 1320, 1215, 79, P0
2026/07/31 22:25:03.511, 248.67, 250.00, 97, 1275, 1215, 79, P0
2026/07/31 22:25:03.712, 231.71, 250.00, 100, 1245, 1215, 79, P0
2026/07/31 22:25:03.912, 254.57, 250.00, 100, 1275, 1215, 79, P0
2026/07/31 22:25:04.113, 250.31, 250.00, 96, 1275, 1215, 79, P0
2026/07/31 22:25:04.313, 253.10, 250.00, 100, 1275, 1215, 80, P0
2026/07/31 22:25:04.514, 259.06, 250.00, 96, 1275, 1215, 80, P0
2026/07/31 22:25:04.714, 242.71, 250.00, 100, 1275, 1215, 80, P0
2026/07/31 22:25:04.914, 240.95, 250.00, 100, 1335, 1215, 79, P0
2026/07/31 22:25:05.115, 255.57, 250.00, 96, 1275, 1215, 80, P0
2026/07/31 22:25:05.315, 248.57, 250.00, 100, 1275, 1215, 80, P0
2026/07/31 22:25:05.516, 241.08, 250.00, 100, 1395, 1215, 77, P0
2026/07/31 22:25:05.716, 247.33, 250.00, 100, 1410, 1215, 76, P0
2026/07/31 22:25:05.917, 246.24, 250.00, 100, 1410, 1215, 76, P0
2026/07/31 22:25:06.117, 245.96, 250.00, 100, 1410, 1215, 75, P0
2026/07/31 22:25:06.318, 244.94, 250.00, 100, 1410, 1215, 75, P0
2026/07/31 22:25:06.518, 244.35, 250.00, 100, 1410, 1215, 75, P0
2026/07/31 22:25:06.719, 244.01, 250.00, 100, 1410, 1215, 75, P0
2026/07/31 22:25:06.919, 248.37, 250.00, 100, 1410, 1215, 75, P0
2026/07/31 22:25:07.120, 247.47, 250.00, 100, 1410, 1215, 75, P0
2026/07/31 22:25:07.320, 246.48, 250.00, 100, 1410, 1215, 75, P0
2026/07/31 22:25:07.521, 245.13, 250.00, 100, 1410, 1215, 75, P0
2026/07/31 22:25:07.721, 244.56, 250.00, 100, 1410, 1215, 75, P0
2026/07/31 22:25:07.922, 244.66, 250.00, 100, 1410, 1215, 75, P0
2026/07/31 22:25:08.122, 244.44, 250.00, 100, 1410, 1215, 75, P0
2026/07/31 22:25:08.323, 246.20, 250.00, 100, 1410, 1215, 75, P0
2026/07/31 22:25:08.523, 247.63, 250.00, 100, 1410, 1215, 75, P0
2026/07/31 22:25:08.724, 247.43, 250.00, 100, 1410, 1215, 75, P0
2026/07/31 22:25:08.924, 245.98, 250.00, 100, 1410, 1215, 75, P0
2026/07/31 22:25:09.124, 245.44, 250.00, 100, 1410, 1215, 75, P0
2026/07/31 22:25:09.325, 245.22, 250.00, 100, 1410, 1215, 75, P0
2026/07/31 22:25:09.525, 244.26, 250.00, 100, 1410, 1215, 75, P0
2026/07/31 22:25:09.726, 244.34, 250.00, 100, 1410, 1215, 75, P0
2026/07/31 22:25:09.927, 244.11, 250.00, 100, 1410, 1215, 75, P0
2026/07/31 22:25:10.127, 248.08, 250.00, 100, 1410, 1215, 75, P0
2026/07/31 22:25:10.327, 246.78, 250.00, 100, 1410, 1215, 75, P0
2026/07/31 22:25:10.528, 245.83, 250.00, 100, 1410, 1215, 75, P0
2026/07/31 22:25:10.729, 244.93, 250.00, 100, 1410, 1215, 75, P0
2026/07/31 22:25:10.929, 244.91, 250.00, 100, 1410, 1215, 75, P0
2026/07/31 22:25:11.130, 245.05, 250.00, 100, 1410, 1215, 75, P0
2026/07/31 22:25:11.330, 244.51, 250.00, 100, 1410, 1215, 75, P0
2026/07/31 22:25:11.531, 244.35, 250.00, 100, 1410, 1215, 75, P0
2026/07/31 22:25:11.731, 247.76, 250.00, 100, 1410, 1215, 75, P0
2026/07/31 22:25:11.932, 247.05, 250.00, 100, 1410, 1215, 75, P0
2026/07/31 22:25:12.132, 246.00, 250.00, 100, 1410, 1215, 75, P0
2026/07/31 22:25:12.333, 245.78, 250.00, 100, 1410, 1215, 75, P0
2026/07/31 22:25:12.533, 245.09, 250.00, 100, 1410, 1215, 75, P0
2026/07/31 22:25:12.734, 244.46, 250.00, 100, 1410, 1215, 75, P0
2026/07/31 22:25:12.934, 244.22, 250.00, 100, 1410, 1215, 75, P0
2026/07/31 22:25:13.135, 248.11, 250.00, 100, 1410, 1215, 75, P0
2026/07/31 22:25:13.335, 247.57, 250.00, 100, 1410, 1215, 75, P0
2026/07/31 22:25:13.536, 246.65, 250.00, 100, 1410, 1215, 75, P0
2026/07/31 22:25:13.736, 245.24, 250.00, 100, 1410, 1215, 75, P0
2026/07/31 22:25:13.937, 245.21, 250.00, 100, 1410, 1215, 75, P0
2026/07/31 22:25:14.137, 244.75, 250.00, 100, 1410, 1215, 75, P0
2026/07/31 22:25:14.338, 244.36, 250.00, 100, 1410, 1215, 75, P0
2026/07/31 22:25:14.538, 244.27, 250.00, 100, 1410, 1215, 75, P0
2026/07/31 22:25:14.739, 247.73, 250.00, 100, 1410, 1215, 75, P0
2026/07/31 22:25:14.939, 246.60, 250.00, 100, 1410, 1215, 75, P0
2026/07/31 22:25:15.140, 245.90, 250.00, 100, 1410, 1215, 75, P0
2026/07/31 22:25:15.340, 245.52, 250.00, 100, 1410, 1215, 75, P0
2026/07/31 22:25:15.541, 245.32, 250.00, 100, 1410, 1215, 75, P0
2026/07/31 22:25:15.741, 244.74, 250.00, 100, 1410, 1215, 75, P0
2026/07/31 22:25:15.942, 244.54, 250.00, 100, 1410, 1215, 75, P0
2026/07/31 22:25:16.142, 244.49, 250.00, 100, 1410, 1215, 75, P0
2026/07/31 22:25:16.343, 247.79, 250.00, 100, 1410, 1215, 75, P0
2026/07/31 22:25:16.543, 247.05, 250.00, 100, 1410, 1215, 75, P0
2026/07/31 22:25:16.744, 246.49, 250.00, 100, 1410, 1215, 75, P0
2026/07/31 22:25:16.944, 245.60, 250.00, 100, 1410, 1215, 75, P0
2026/07/31 22:25:17.145, 245.35, 250.00, 100, 1410, 1215, 75, P0
2026/07/31 22:25:17.345, 244.73, 250.00, 100, 1410, 1215, 75, P0
2026/07/31 22:25:17.546, 244.63, 250.00, 100, 1410, 1215, 75, P0
2026/07/31 22:25:17.746, 244.39, 250.00, 100, 1410, 1215, 75, P0
2026/07/31 22:25:17.947, 248.60, 250.00, 100, 1410, 1215, 75, P0
2026/07/31 22:25:18.147, 204.43, 250.00, 100, 1410, 1215, 74, P0
2026/07/31 22:25:18.348, 233.99, 250.00, 68, 1260, 1215, 78, P0
2026/07/31 22:25:18.548, 255.47, 250.00, 100, 1260, 1215, 79, P0
2026/07/31 22:25:18.749, 258.79, 250.00, 97, 1275, 1215, 79, P0
2026/07/31 22:25:18.949, 251.20, 250.00, 100, 1275, 1215, 79, P0
2026/07/31 22:25:19.150, 251.47, 250.00, 96, 1275, 1215, 79, P0
2026/07/31 22:25:19.350, 244.12, 250.00, 100, 1260, 1215, 79, P0
2026/07/31 22:25:19.551, 231.52, 250.00, 100, 1305, 1215, 79, P0
2026/07/31 22:25:19.751, 259.34, 250.00, 97, 1275, 1215, 80, P0
2026/07/31 22:25:19.951, 250.80, 250.00, 100, 1275, 1215, 80, P0
2026/07/31 22:25:20.152, 255.51, 250.00, 96, 1275, 1215, 80, P0
2026/07/31 22:25:20.352, 253.59, 250.00, 100, 1275, 1215, 80, P0
2026/07/31 22:25:20.553, 223.07, 250.00, 97, 1305, 1215, 79, P0
2026/07/31 22:25:20.753, 242.31, 250.00, 99, 1275, 1215, 80, P0
2026/07/31 22:25:20.954, 247.06, 250.00, 100, 1260, 1215, 80, P0
2026/07/31 22:25:21.154, 264.23, 250.00, 97, 1290, 1215, 80, P0
2026/07/31 22:25:21.355, 247.72, 250.00, 100, 1275, 1215, 80, P0
2026/07/31 22:25:21.555, 249.93, 250.00, 100, 1275, 1215, 79, P0
2026/07/31 22:25:21.755, 247.80, 250.00, 97, 1275, 1215, 80, P0
2026/07/31 22:25:21.956, 233.95, 250.00, 100, 1245, 1215, 80, P0
2026/07/31 22:25:22.156, 265.17, 250.00, 94, 1320, 1215, 80, P0
2026/07/31 22:25:22.357, 250.79, 250.00, 100, 1275, 1215, 80, P0
2026/07/31 22:25:22.557, 257.53, 250.00, 100, 1275, 1215, 80, P0
2026/07/31 22:25:22.758, 257.93, 250.00, 95, 1290, 1215, 80, P0
2026/07/31 22:25:22.958, 215.40, 250.00, 100, 1350, 1215, 79, P0
2026/07/31 22:25:23.159, 244.64, 250.00, 100, 1410, 1215, 76, P0
2026/07/31 22:25:23.359, 246.27, 250.00, 100, 1410, 1215, 76, P0
2026/07/31 22:25:23.560, 245.60, 250.00, 100, 1410, 1215, 76, P0
2026/07/31 22:25:23.760, 245.02, 250.00, 100, 1410, 1215, 76, P0
2026/07/31 22:25:23.961, 247.64, 250.00, 100, 1410, 1215, 76, P0
2026/07/31 22:25:24.161, 247.55, 250.00, 100, 1410, 1215, 76, P0
2026/07/31 22:25:24.362, 246.38, 250.00, 100, 1410, 1215, 76, P0
2026/07/31 22:25:24.562, 246.10, 250.00, 100, 1410, 1215, 76, P0
2026/07/31 22:25:24.763, 245.62, 250.00, 100, 1410, 1215, 76, P0
2026/07/31 22:25:24.963, 244.88, 250.00, 100, 1410, 1215, 76, P0
2026/07/31 22:25:25.164, 244.50, 250.00, 100, 1410, 1215, 75, P0
2026/07/31 22:25:25.364, 248.81, 250.00, 100, 1410, 1215, 75, P0
2026/07/31 22:25:25.565, 248.04, 250.00, 100, 1410, 1215, 75, P0
2026/07/31 22:25:25.766, 246.50, 250.00, 100, 1410, 1215, 75, P0
2026/07/31 22:25:25.966, 245.36, 250.00, 100, 1410, 1215, 75, P0
2026/07/31 22:25:26.167, 244.86, 250.00, 100, 1410, 1215, 75, P0
2026/07/31 22:25:26.368, 244.77, 250.00, 100, 1410, 1215, 75, P0
2026/07/31 22:25:26.568, 247.74, 250.00, 100, 1410, 1215, 75, P0
2026/07/31 22:25:26.769, 248.21, 250.00, 100, 1410, 1215, 75, P0
2026/07/31 22:25:26.969, 246.65, 250.00, 100, 1410, 1215, 75, P0
2026/07/31 22:25:27.170, 246.09, 250.00, 100, 1410, 1215, 75, P0
2026/07/31 22:25:27.370, 245.31, 250.00, 100, 1410, 1215, 75, P0
2026/07/31 22:25:27.571, 244.94, 250.00, 100, 1410, 1215, 75, P0
2026/07/31 22:25:27.771, 244.36, 250.00, 100, 1410, 1215, 75, P0
2026/07/31 22:25:27.972, 248.54, 250.00, 100, 1410, 1215, 75, P0
2026/07/31 22:25:28.172, 247.91, 250.00, 100, 1410, 1215, 75, P0
2026/07/31 22:25:28.373, 246.01, 250.00, 100, 1410, 1215, 75, P0
2026/07/31 22:25:28.573, 245.71, 250.00, 100, 1410, 1215, 75, P0
2026/07/31 22:25:28.774, 245.13, 250.00, 100, 1410, 1215, 75, P0
2026/07/31 22:25:28.974, 244.72, 250.00, 100, 1410, 1215, 75, P0
2026/07/31 22:25:29.175, 249.16, 250.00, 100, 1410, 1215, 75, P0
2026/07/31 22:25:29.375, 247.44, 250.00, 100, 1410, 1215, 75, P0
2026/07/31 22:25:29.576, 247.16, 250.00, 100, 1410, 1215, 76, P0
2026/07/31 22:25:29.776, 246.01, 250.00, 100, 1410, 1215, 75, P0
2026/07/31 22:25:29.977, 245.41, 250.00, 100, 1410, 1215, 75, P0
2026/07/31 22:25:30.177, 245.12, 250.00, 100, 1410, 1215, 75, P0
2026/07/31 22:25:30.378, 244.92, 250.00, 100, 1410, 1215, 75, P0
2026/07/31 22:25:30.578, 249.46, 250.00, 100, 1410, 1215, 75, P0
2026/07/31 22:25:30.779, 247.26, 250.00, 100, 1410, 1215, 76, P0
2026/07/31 22:25:30.979, 246.70, 250.00, 100, 1410, 1215, 75, P0
2026/07/31 22:25:31.180, 246.12, 250.00, 100, 1410, 1215, 76, P0
2026/07/31 22:25:31.380, 245.79, 250.00, 100, 1410, 1215, 75, P0
2026/07/31 22:25:31.581, 245.34, 250.00, 100, 1410, 1215, 75, P0
2026/07/31 22:25:31.781, 244.63, 250.00, 100, 1410, 1215, 76, P0
2026/07/31 22:25:31.982, 248.76, 250.00, 100, 1410, 1215, 76, P0
2026/07/31 22:25:32.182, 248.67, 250.00, 100, 1410, 1215, 76, P0
2026/07/31 22:25:32.383, 247.91, 250.00, 100, 1410, 1215, 76, P0
2026/07/31 22:25:32.584, 246.09, 250.00, 100, 1410, 1215, 76, P0
2026/07/31 22:25:32.784, 245.97, 250.00, 100, 1410, 1215, 76, P0
2026/07/31 22:25:32.985, 245.20, 250.00, 100, 1410, 1215, 76, P0
2026/07/31 22:25:33.185, 244.92, 250.00, 100, 1410, 1215, 76, P0
2026/07/31 22:25:33.385, 250.04, 250.00, 100, 1410, 1215, 76, P0
2026/07/31 22:25:33.586, 247.93, 250.00, 100, 1410, 1215, 76, P0
2026/07/31 22:25:33.787, 247.73, 250.00, 100, 1410, 1215, 76, P0
2026/07/31 22:25:33.987, 245.94, 250.00, 100, 1410, 1215, 76, P0
2026/07/31 22:25:34.188, 245.61, 250.00, 100, 1410, 1215, 76, P0
2026/07/31 22:25:34.388, 245.60, 250.00, 100, 1410, 1215, 76, P0
2026/07/31 22:25:34.589, 245.11, 250.00, 100, 1410, 1215, 76, P0
2026/07/31 22:25:34.789, 249.95, 250.00, 100, 1410, 1215, 76, P0
2026/07/31 22:25:34.990, 247.55, 250.00, 100, 1410, 1215, 76, P0
2026/07/31 22:25:35.190, 246.92, 250.00, 100, 1410, 1215, 76, P0
2026/07/31 22:25:35.391, 246.44, 250.00, 100, 1410, 1215, 76, P0
2026/07/31 22:25:35.591, 245.21, 250.00, 100, 1410, 1215, 76, P0
2026/07/31 22:25:35.792, 247.39, 250.00, 77, 1260, 1215, 79, P0
2026/07/31 22:25:35.992, 246.92, 250.00, 100, 1260, 1215, 79, P0
2026/07/31 22:25:36.193, 261.07, 250.00, 100, 1260, 1215, 80, P0
2026/07/31 22:25:36.394, 254.02, 250.00, 97, 1260, 1215, 80, P0
2026/07/31 22:25:36.597, 260.76, 250.00, 100, 1275, 1215, 80, P0
2026/07/31 22:25:36.798, 255.88, 250.00, 97, 1275, 1215, 80, P0
2026/07/31 22:25:36.999, 261.09, 250.00, 100, 1275, 1215, 80, P0
2026/07/31 22:25:37.200, 252.85, 250.00, 97, 1275, 1215, 80, P0
2026/07/31 22:25:37.400, 198.36, 250.00, 100, 1320, 1215, 79, P0
2026/07/31 22:25:37.601, 249.85, 250.00, 100, 1275, 1215, 80, P0
2026/07/31 22:25:37.801, 246.19, 250.00, 97, 1260, 1215, 80, P0
2026/07/31 22:25:38.001, 253.10, 250.00, 100, 1275, 1215, 80, P0
2026/07/31 22:25:38.202, 254.38, 250.00, 97, 1275, 1215, 80, P0
2026/07/31 22:25:38.402, 249.63, 250.00, 100, 1275, 1215, 80, P0
2026/07/31 22:25:38.603, 252.61, 250.00, 100, 1275, 1215, 80, P0
2026/07/31 22:25:38.803, 242.51, 250.00, 97, 1275, 1215, 80, P0
2026/07/31 22:25:39.004, 252.14, 250.00, 100, 1290, 1215, 80, P0
2026/07/31 22:25:39.204, 249.19, 250.00, 97, 1290, 1215, 80, P0
2026/07/31 22:25:39.405, 237.40, 250.00, 100, 1395, 1215, 77, P0
2026/07/31 22:25:39.605, 246.00, 250.00, 100, 1410, 1215, 77, P0
2026/07/31 22:25:39.806, 245.73, 250.00, 100, 1410, 1215, 76, P0
2026/07/31 22:25:40.033, 248.23, 250.00, 100, 1410, 1215, 76, P0
2026/07/31 22:25:40.233, 246.76, 250.00, 100, 1410, 1215, 76, P0
2026/07/31 22:25:40.434, 245.24, 250.00, 100, 1410, 1215, 76, P0
2026/07/31 22:25:40.634, 245.49, 250.00, 100, 1410, 1215, 76, P0
2026/07/31 22:25:40.835, 249.83, 250.00, 100, 1410, 1215, 76, P0
2026/07/31 22:25:41.036, 248.12, 250.00, 100, 1410, 1215, 76, P0
2026/07/31 22:25:41.236, 246.93, 250.00, 100, 1410, 1215, 76, P0
2026/07/31 22:25:41.437, 246.16, 250.00, 100, 1410, 1215, 76, P0
2026/07/31 22:25:41.637, 245.12, 250.00, 100, 1410, 1215, 76, P0
2026/07/31 22:25:41.838, 249.24, 250.00, 100, 1410, 1215, 76, P0
2026/07/31 22:25:42.038, 247.23, 250.00, 100, 1410, 1215, 76, P0
2026/07/31 22:25:42.239, 246.27, 250.00, 100, 1410, 1215, 76, P0
2026/07/31 22:25:42.439, 245.30, 250.00, 100, 1410, 1215, 76, P0
2026/07/31 22:25:42.640, 244.73, 250.00, 100, 1410, 1215, 76, P0
2026/07/31 22:25:42.840, 249.36, 250.00, 100, 1410, 1215, 76, P0
2026/07/31 22:25:43.041, 247.18, 250.00, 100, 1410, 1215, 76, P0
2026/07/31 22:25:43.241, 245.73, 250.00, 100, 1410, 1215, 76, P0
2026/07/31 22:25:43.442, 245.46, 250.00, 100, 1410, 1215, 76, P0
2026/07/31 22:25:43.642, 244.82, 250.00, 100, 1410, 1215, 76, P0
2026/07/31 22:25:43.843, 249.15, 250.00, 100, 1410, 1215, 76, P0
2026/07/31 22:25:44.043, 246.79, 250.00, 100, 1410, 1215, 76, P0
2026/07/31 22:25:44.244, 246.57, 250.00, 100, 1410, 1215, 76, P0
2026/07/31 22:25:44.444, 245.69, 250.00, 100, 1410, 1215, 76, P0
2026/07/31 22:25:44.645, 245.10, 250.00, 100, 1410, 1215, 76, P0
2026/07/31 22:25:44.845, 250.40, 250.00, 100, 1410, 1215, 76, P0
2026/07/31 22:25:45.046, 248.28, 250.00, 100, 1410, 1215, 76, P0
2026/07/31 22:25:45.246, 246.73, 250.00, 100, 1410, 1215, 76, P0
2026/07/31 22:25:45.447, 245.68, 250.00, 100, 1410, 1215, 76, P0
2026/07/31 22:25:45.647, 245.12, 250.00, 100, 1410, 1215, 76, P0
2026/07/31 22:25:45.848, 250.22, 250.00, 100, 1410, 1215, 76, P0
2026/07/31 22:25:46.048, 247.91, 250.00, 100, 1410, 1215, 76, P0
2026/07/31 22:25:46.249, 247.15, 250.00, 100, 1410, 1215, 76, P0
2026/07/31 22:25:46.449, 245.89, 250.00, 100, 1410, 1215, 76, P0
2026/07/31 22:25:46.650, 245.49, 250.00, 100, 1410, 1215, 76, P0
2026/07/31 22:25:46.850, 250.80, 250.00, 100, 1410, 1215, 76, P0
2026/07/31 22:25:47.051, 247.86, 250.00, 100, 1410, 1215, 76, P0
2026/07/31 22:25:47.251, 246.78, 250.00, 100, 1410, 1215, 76, P0
2026/07/31 22:25:47.452, 245.72, 250.00, 100, 1410, 1215, 76, P0
2026/07/31 22:25:47.652, 244.95, 250.00, 100, 1410, 1215, 76, P0
2026/07/31 22:25:47.853, 249.18, 250.00, 100, 1410, 1215, 76, P0
2026/07/31 22:25:48.053, 247.92, 250.00, 100, 1410, 1215, 76, P0
2026/07/31 22:25:48.254, 247.07, 250.00, 100, 1410, 1215, 76, P0
2026/07/31 22:25:48.455, 245.98, 250.00, 100, 1410, 1215, 76, P0
2026/07/31 22:25:48.655, 245.41, 250.00, 100, 1410, 1215, 76, P0
2026/07/31 22:25:48.855, 249.75, 250.00, 100, 1410, 1215, 76, P0
2026/07/31 22:25:49.056, 248.12, 250.00, 100, 1410, 1215, 76, P0
2026/07/31 22:25:49.256, 247.31, 250.00, 100, 1410, 1215, 76, P0
2026/07/31 22:25:49.457, 246.45, 250.00, 100, 1410, 1215, 76, P0
2026/07/31 22:25:49.657, 245.41, 250.00, 100, 1410, 1215, 76, P0
2026/07/31 22:25:49.858, 249.93, 250.00, 100, 1410, 1215, 76, P0
2026/07/31 22:25:50.058, 248.50, 250.00, 100, 1410, 1215, 76, P0
2026/07/31 22:25:50.259, 247.31, 250.00, 100, 1410, 1215, 76, P0
2026/07/31 22:25:50.459, 246.25, 250.00, 100, 1410, 1215, 76, P0
2026/07/31 22:25:50.660, 245.41, 250.00, 100, 1410, 1215, 76, P0
2026/07/31 22:25:50.860, 245.89, 250.00, 100, 1410, 1215, 76, P0
2026/07/31 22:25:51.061, 249.54, 250.00, 100, 1410, 1215, 76, P0
2026/07/31 22:25:51.261, 247.79, 250.00, 100, 1410, 1215, 76, P0
2026/07/31 22:25:51.462, 246.65, 250.00, 100, 1410, 1215, 76, P0
2026/07/31 22:25:51.662, 246.05, 250.00, 100, 1410, 1215, 76, P0
2026/07/31 22:25:51.863, 245.43, 250.00, 100, 1410, 1215, 76, P0
2026/07/31 22:25:52.063, 260.58, 250.00, 85, 1260, 1215, 78, P0
2026/07/31 22:25:52.264, 249.94, 250.00, 85, 1260, 1215, 79, P0
2026/07/31 22:25:52.464, 262.80, 250.00, 100, 1275, 1215, 79, P0
2026/07/31 22:25:52.665, 255.52, 250.00, 97, 1275, 1215, 80, P0
2026/07/31 22:25:52.865, 224.48, 250.00, 100, 1245, 1215, 79, P0
2026/07/31 22:25:53.065, 256.90, 250.00, 97, 1275, 1215, 80, P0
2026/07/31 22:25:53.266, 253.69, 250.00, 100, 1260, 1215, 80, P0
2026/07/31 22:25:53.466, 255.22, 250.00, 97, 1275, 1215, 80, P0
2026/07/31 22:25:53.667, 251.48, 250.00, 100, 1275, 1215, 80, P0
2026/07/31 22:25:53.867, 252.80, 250.00, 100, 1260, 1215, 80, P0
2026/07/31 22:25:54.067, 253.82, 250.00, 97, 1275, 1215, 80, P0
2026/07/31 22:25:54.268, 251.62, 250.00, 100, 1275, 1215, 80, P0
2026/07/31 22:25:54.468, 253.47, 250.00, 97, 1275, 1215, 80, P0
2026/07/31 22:25:54.669, 248.89, 250.00, 100, 1275, 1215, 80, P0
2026/07/31 22:25:54.869, 260.31, 250.00, 100, 1275, 1215, 81, P0
2026/07/31 22:25:55.070, 249.58, 250.00, 97, 1275, 1215, 80, P0
2026/07/31 22:25:55.270, 253.88, 250.00, 100, 1275, 1215, 81, P0
2026/07/31 22:25:55.470, 246.97, 250.00, 97, 1275, 1215, 81, P0
2026/07/31 22:25:55.671, 247.26, 250.00, 100, 1275, 1215, 81, P0
2026/07/31 22:25:55.872, 242.71, 250.00, 100, 1260, 1215, 80, P0
2026/07/31 22:25:56.072, 256.18, 250.00, 97, 1275, 1215, 81, P0
2026/07/31 22:25:56.272, 247.07, 250.00, 100, 1275, 1215, 80, P0
2026/07/31 22:25:56.473, 261.54, 250.00, 100, 1365, 1215, 79, P0
2026/07/31 22:25:56.673, 128.30, 250.00, 54, 1410, 1215, 76, P0
2026/07/31 22:25:56.874, 247.91, 250.00, 82, 1410, 1215, 76, P0
2026/07/31 22:25:57.074, 248.68, 250.00, 100, 1410, 1215, 76, P0
2026/07/31 22:25:57.275, 248.00, 250.00, 100, 1410, 1215, 76, P0
2026/07/31 22:25:57.475, 246.60, 250.00, 100, 1410, 1215, 76, P0
2026/07/31 22:25:57.676, 246.08, 250.00, 100, 1410, 1215, 76, P0
2026/07/31 22:25:57.876, 245.52, 250.00, 100, 1410, 1215, 76, P0
2026/07/31 22:25:58.077, 247.56, 250.00, 100, 1410, 1215, 76, P0
2026/07/31 22:25:58.277, 248.61, 250.00, 100, 1410, 1215, 76, P0
2026/07/31 22:25:58.478, 247.84, 250.00, 100, 1410, 1215, 76, P0
2026/07/31 22:25:58.678, 246.95, 250.00, 100, 1410, 1215, 76, P0
2026/07/31 22:25:58.879, 245.78, 250.00, 100, 1410, 1215, 76, P0
2026/07/31 22:25:59.079, 245.41, 250.00, 100, 1410, 1215, 76, P0
2026/07/31 22:25:59.280, 249.78, 250.00, 100, 1410, 1215, 76, P0
2026/07/31 22:25:59.480, 248.49, 250.00, 100, 1410, 1215, 76, P0
2026/07/31 22:25:59.681, 247.51, 250.00, 100, 1410, 1215, 76, P0
2026/07/31 22:25:59.881, 246.75, 250.00, 100, 1410, 1215, 76, P0
2026/07/31 22:26:00.082, 245.98, 250.00, 100, 1410, 1215, 76, P0
2026/07/31 22:26:00.282, 245.41, 250.00, 100, 1410, 1215, 76, P0
2026/07/31 22:26:00.483, 246.77, 250.00, 100, 1410, 1215, 76, P0
2026/07/31 22:26:00.683, 248.86, 250.00, 100, 1410, 1215, 76, P0
2026/07/31 22:26:00.884, 248.41, 250.00, 100, 1410, 1215, 76, P0
2026/07/31 22:26:01.084, 247.24, 250.00, 100, 1410, 1215, 76, P0
2026/07/31 22:26:01.285, 245.92, 250.00, 100, 1410, 1215, 76, P0
2026/07/31 22:26:01.485, 245.25, 250.00, 100, 1410, 1215, 76, P0
2026/07/31 22:26:01.686, 245.16, 250.00, 100, 1410, 1215, 76, P0
2026/07/31 22:26:01.886, 249.92, 250.00, 100, 1410, 1215, 76, P0
2026/07/31 22:26:02.087, 248.03, 250.00, 100, 1410, 1215, 76, P0
2026/07/31 22:26:02.287, 247.06, 250.00, 100, 1410, 1215, 76, P0
2026/07/31 22:26:02.488, 246.57, 250.00, 100, 1410, 1215, 76, P0
2026/07/31 22:26:02.688, 246.17, 250.00, 100, 1410, 1215, 76, P0
2026/07/31 22:26:02.889, 245.61, 250.00, 100, 1410, 1215, 76, P0
2026/07/31 22:26:03.089, 250.81, 250.00, 100, 1410, 1215, 76, P0
2026/07/31 22:26:03.290, 248.02, 250.00, 100, 1410, 1215, 76, P0
2026/07/31 22:26:03.490, 247.16, 250.00, 100, 1410, 1215, 76, P0
2026/07/31 22:26:03.690, 246.27, 250.00, 100, 1410, 1215, 76, P0
2026/07/31 22:26:03.891, 246.09, 250.00, 100, 1410, 1215, 76, P0
2026/07/31 22:26:04.091, 245.54, 250.00, 100, 1410, 1215, 76, P0
2026/07/31 22:26:04.292, 247.25, 250.00, 100, 1410, 1215, 76, P0
2026/07/31 22:26:04.492, 249.28, 250.00, 100, 1410, 1215, 76, P0
2026/07/31 22:26:04.693, 247.81, 250.00, 100, 1410, 1215, 76, P0
2026/07/31 22:26:04.893, 246.77, 250.00, 100, 1410, 1215, 76, P0
2026/07/31 22:26:05.094, 246.30, 250.00, 100, 1410, 1215, 76, P0
2026/07/31 22:26:05.295, 245.99, 250.00, 100, 1410, 1215, 76, P0
2026/07/31 22:26:05.495, 245.80, 250.00, 100, 1410, 1215, 76, P0
2026/07/31 22:26:05.696, 249.66, 250.00, 100, 1410, 1215, 76, P0
2026/07/31 22:26:05.896, 247.82, 250.00, 100, 1410, 1215, 76, P0
2026/07/31 22:26:06.097, 246.66, 250.00, 100, 1410, 1215, 76, P0
2026/07/31 22:26:06.297, 246.18, 250.00, 100, 1410, 1215, 76, P0
2026/07/31 22:26:06.497, 246.19, 250.00, 100, 1410, 1215, 76, P0
2026/07/31 22:26:06.698, 245.89, 250.00, 100, 1410, 1215, 76, P0
2026/07/31 22:26:06.899, 251.27, 250.00, 100, 1410, 1215, 76, P0
2026/07/31 22:26:07.099, 249.51, 250.00, 100, 1410, 1215, 76, P0
2026/07/31 22:26:07.300, 247.74, 250.00, 100, 1410, 1215, 76, P0
2026/07/31 22:26:07.500, 246.39, 250.00, 100, 1410, 1215, 76, P0
2026/07/31 22:26:07.700, 245.73, 250.00, 100, 1410, 1215, 76, P0
2026/07/31 22:26:07.901, 245.89, 250.00, 100, 1410, 1215, 76, P0
2026/07/31 22:26:08.102, 245.69, 250.00, 100, 1410, 1215, 76, P0
2026/07/31 22:26:08.304, 250.20, 250.00, 100, 1410, 1215, 76, P0
2026/07/31 22:26:08.507, 247.71, 250.00, 100, 1410, 1215, 76, P0
2026/07/31 22:26:08.709, 246.86, 250.00, 100, 1410, 1215, 76, P0
2026/07/31 22:26:08.910, 246.93, 250.00, 100, 1410, 1215, 76, P0
2026/07/31 22:26:09.111, 246.27, 250.00, 100, 1410, 1215, 76, P0
2026/07/31 22:26:09.312, 300.06, 250.00, 100, 1260, 1215, 78, P0
2026/07/31 22:26:09.512, 252.22, 250.00, 63, 1275, 1215, 79, P0
2026/07/31 22:26:09.713, 230.75, 250.00, 100, 1305, 1215, 79, P0
2026/07/31 22:26:09.913, 257.52, 250.00, 96, 1275, 1215, 80, P0
2026/07/31 22:26:10.114, 255.79, 250.00, 100, 1260, 1215, 80, P0
2026/07/31 22:26:10.314, 248.61, 250.00, 97, 1260, 1215, 80, P0
2026/07/31 22:26:10.514, 246.67, 250.00, 100, 1275, 1215, 80, P0
2026/07/31 22:26:10.715, 255.92, 250.00, 100, 1275, 1215, 80, P0
2026/07/31 22:26:10.915, 249.73, 250.00, 97, 1275, 1215, 80, P0
2026/07/31 22:26:11.116, 238.73, 250.00, 100, 1290, 1215, 80, P0
2026/07/31 22:26:11.316, 257.26, 250.00, 97, 1275, 1215, 80, P0
2026/07/31 22:26:11.517, 255.22, 250.00, 100, 1275, 1215, 81, P0
2026/07/31 22:26:11.717, 255.69, 250.00, 97, 1275, 1215, 81, P0
2026/07/31 22:26:11.917, 251.57, 250.00, 100, 1275, 1215, 81, P0
2026/07/31 22:26:12.118, 232.26, 250.00, 100, 1320, 1215, 80, P0
2026/07/31 22:26:12.318, 247.54, 250.00, 97, 1260, 1215, 81, P0
2026/07/31 22:26:12.519, 241.97, 250.00, 100, 1260, 1215, 81, P0
2026/07/31 22:26:12.719, 258.38, 250.00, 100, 1275, 1215, 81, P0
2026/07/31 22:26:12.920, 253.21, 250.00, 97, 1245, 1215, 81, P0
2026/07/31 22:26:13.120, 246.66, 250.00, 100, 1275, 1215, 81, P0
2026/07/31 22:26:13.321, 268.09, 250.00, 97, 1275, 1215, 81, P0
2026/07/31 22:26:13.521, 250.13, 250.00, 100, 1275, 1215, 81, P0
2026/07/31 22:26:13.721, 247.33, 250.00, 100, 1275, 1215, 81, P0
2026/07/31 22:26:13.922, 259.43, 250.00, 97, 1275, 1215, 81, P0
2026/07/31 22:26:14.122, 243.97, 250.00, 100, 1260, 1215, 81, P0
2026/07/31 22:26:14.323, 255.04, 250.00, 100, 1275, 1215, 81, P0
2026/07/31 22:26:14.523, 263.67, 250.00, 97, 1260, 1215, 81, P0
2026/07/31 22:26:14.723, 238.93, 250.00, 100, 1275, 1215, 81, P0
2026/07/31 22:26:14.924, 250.34, 250.00, 100, 1335, 1215, 80, P0
2026/07/31 22:26:15.124, 238.43, 250.00, 76, 1410, 1215, 79, P0
2026/07/31 22:26:15.325, 251.96, 250.00, 88, 1410, 1215, 77, P0
2026/07/31 22:26:15.525, 250.91, 250.00, 100, 1410, 1215, 77, P0
2026/07/31 22:26:15.726, 249.73, 250.00, 100, 1410, 1215, 77, P0
2026/07/31 22:26:15.926, 250.02, 250.00, 100, 1395, 1215, 77, P0
2026/07/31 22:26:16.127, 237.29, 250.00, 100, 1410, 1215, 76, P0
2026/07/31 22:26:16.327, 249.44, 250.00, 100, 1410, 1215, 77, P0
2026/07/31 22:26:16.528, 253.23, 250.00, 100, 1410, 1215, 77, P0
2026/07/31 22:26:16.728, 252.63, 250.00, 100, 1410, 1215, 77, P0
2026/07/31 22:26:16.929, 251.49, 250.00, 100, 1395, 1215, 76, P0
2026/07/31 22:26:17.129, 244.48, 250.00, 100, 1395, 1215, 76, P0
2026/07/31 22:26:17.330, 251.35, 250.00, 100, 1410, 1215, 76, P0
2026/07/31 22:26:17.530, 250.81, 250.00, 100, 1410, 1215, 76, P0
2026/07/31 22:26:17.731, 250.02, 250.00, 100, 1410, 1215, 76, P0
2026/07/31 22:26:17.931, 240.00, 250.00, 100, 1410, 1215, 76, P0
2026/07/31 22:26:18.132, 243.27, 250.00, 100, 1410, 1215, 76, P0
2026/07/31 22:26:18.332, 248.88, 250.00, 100, 1410, 1215, 76, P0
2026/07/31 22:26:18.533, 251.79, 250.00, 100, 1410, 1215, 76, P0
2026/07/31 22:26:18.733, 254.53, 250.00, 100, 1410, 1215, 76, P0
2026/07/31 22:26:18.934, 251.51, 250.00, 100, 1410, 1215, 76, P0
2026/07/31 22:26:19.134, 250.05, 250.00, 100, 1410, 1215, 76, P0
2026/07/31 22:26:19.335, 249.35, 250.00, 100, 1410, 1215, 76, P0
2026/07/31 22:26:19.535, 250.63, 250.00, 100, 1410, 1215, 76, P0
2026/07/31 22:26:19.736, 250.11, 250.00, 100, 1395, 1215, 76, P0
2026/07/31 22:26:19.937, 249.47, 250.00, 100, 1395, 1215, 76, P0
2026/07/31 22:26:20.137, 249.46, 250.00, 100, 1395, 1215, 76, P0
2026/07/31 22:26:20.338, 251.41, 250.00, 100, 1410, 1215, 76, P0
2026/07/31 22:26:20.538, 255.31, 250.00, 100, 1410, 1215, 76, P0
2026/07/31 22:26:20.739, 248.38, 250.00, 100, 1395, 1215, 76, P0
2026/07/31 22:26:20.939, 251.12, 250.00, 100, 1410, 1215, 76, P0
2026/07/31 22:26:21.140, 249.66, 250.00, 100, 1410, 1215, 76, P0
2026/07/31 22:26:21.340, 250.83, 250.00, 100, 1395, 1215, 76, P0
2026/07/31 22:26:21.541, 250.23, 250.00, 100, 1410, 1215, 76, P0
2026/07/31 22:26:21.741, 249.72, 250.00, 100, 1395, 1215, 76, P0
2026/07/31 22:26:21.942, 249.48, 250.00, 100, 1410, 1215, 76, P0
2026/07/31 22:26:22.143, 249.92, 250.00, 100, 1410, 1215, 76, P0
2026/07/31 22:26:22.343, 248.80, 250.00, 100, 1410, 1215, 76, P0
2026/07/31 22:26:22.544, 250.24, 250.00, 100, 1410, 1215, 76, P0
2026/07/31 22:26:22.744, 253.76, 250.00, 100, 1410, 1215, 76, P0
2026/07/31 22:26:22.945, 248.30, 250.00, 100, 1410, 1215, 76, P0
2026/07/31 22:26:23.145, 251.59, 250.00, 100, 1410, 1215, 76, P0
2026/07/31 22:26:23.346, 251.28, 250.00, 100, 1410, 1215, 76, P0
2026/07/31 22:26:23.546, 240.79, 250.00, 100, 1410, 1215, 76, P0
2026/07/31 22:26:23.747, 250.16, 250.00, 100, 1410, 1215, 76, P0
2026/07/31 22:26:23.948, 249.68, 250.00, 100, 1410, 1215, 76, P0
2026/07/31 22:26:24.148, 249.30, 250.00, 100, 1410, 1215, 76, P0
2026/07/31 22:26:24.348, 243.02, 250.00, 100, 1395, 1215, 76, P0
2026/07/31 22:26:24.549, 254.84, 250.00, 100, 1410, 1215, 76, P0
2026/07/31 22:26:24.749, 247.74, 250.00, 100, 1395, 1215, 76, P0
2026/07/31 22:26:24.950, 249.78, 250.00, 100, 1410, 1215, 76, P0
2026/07/31 22:26:25.151, 250.94, 250.00, 100, 1410, 1215, 76, P0
2026/07/31 22:26:25.351, 250.63, 250.00, 100, 1410, 1215, 77, P0
2026/07/31 22:26:25.552, 249.63, 250.00, 100, 1410, 1215, 76, P0
2026/07/31 22:26:25.752, 243.49, 250.00, 100, 1395, 1215, 76, P0
2026/07/31 22:26:25.953, 243.21, 250.00, 100, 1395, 1215, 76, P0
2026/07/31 22:26:26.153, 249.19, 250.00, 100, 1410, 1215, 76, P0
2026/07/31 22:26:26.354, 250.51, 250.00, 100, 1410, 1215, 77, P0
2026/07/31 22:26:26.554, 253.78, 250.00, 100, 1410, 1215, 76, P0
2026/07/31 22:26:26.755, 252.70, 250.00, 100, 1410, 1215, 77, P0
2026/07/31 22:26:26.955, 252.80, 250.00, 100, 1410, 1215, 76, P0
2026/07/31 22:26:27.156, 246.20, 250.00, 100, 1410, 1215, 76, P0
2026/07/31 22:26:27.357, 247.17, 250.00, 100, 1410, 1215, 76, P0
2026/07/31 22:26:27.557, 250.04, 250.00, 100, 1395, 1215, 76, P0
2026/07/31 22:26:27.757, 246.95, 250.00, 100, 1410, 1215, 76, P0
2026/07/31 22:26:27.958, 250.02, 250.00, 100, 1365, 1215, 77, P0
2026/07/31 22:26:28.161, 311.43, 250.00, 73, 1275, 1215, 80, P0
2026/07/31 22:26:28.366, 247.17, 250.00, 96, 1320, 1215, 80, P0
2026/07/31 22:26:28.566, 248.92, 250.00, 100, 1275, 1215, 80, P0
2026/07/31 22:26:28.767, 252.31, 250.00, 100, 1260, 1215, 80, P0
2026/07/31 22:26:28.967, 209.15, 250.00, 97, 1260, 1215, 80, P0
2026/07/31 22:26:29.168, 256.35, 250.00, 100, 1275, 1215, 80, P0
2026/07/31 22:26:29.368, 251.46, 250.00, 97, 1260, 1215, 81, P0
2026/07/31 22:26:29.569, 255.61, 250.00, 100, 1275, 1215, 81, P0
2026/07/31 22:26:29.769, 254.73, 250.00, 97, 1275, 1215, 81, P0
2026/07/31 22:26:29.969, 239.53, 250.00, 97, 1260, 1215, 81, P0
2026/07/31 22:26:30.170, 251.92, 250.00, 100, 1275, 1215, 81, P0
2026/07/31 22:26:30.370, 260.58, 250.00, 100, 1275, 1215, 81, P0
2026/07/31 22:26:30.571, 255.30, 250.00, 97, 1275, 1215, 81, P0
2026/07/31 22:26:30.771, 245.58, 250.00, 100, 1260, 1215, 81, P0
2026/07/31 22:26:30.971, 239.10, 250.00, 96, 1275, 1215, 81, P0
2026/07/31 22:26:31.172, 247.04, 250.00, 100, 1260, 1215, 81, P0
2026/07/31 22:26:31.372, 190.15, 250.00, 100, 1290, 1215, 81, P0
2026/07/31 22:26:31.573, 252.34, 250.00, 97, 1275, 1215, 81, P0
2026/07/31 22:26:31.773, 235.49, 250.00, 100, 1275, 1215, 81, P0
2026/07/31 22:26:31.974, 257.66, 250.00, 100, 1275, 1215, 81, P0
2026/07/31 22:26:32.174, 253.14, 250.00, 97, 1275, 1215, 81, P0
2026/07/31 22:26:32.375, 254.09, 250.00, 100, 1275, 1215, 81, P0
2026/07/31 22:26:32.575, 247.35, 250.00, 100, 1290, 1215, 81, P0
2026/07/31 22:26:32.776, 244.79, 250.00, 97, 1335, 1215, 80, P0
2026/07/31 22:26:32.976, 248.74, 250.00, 100, 1410, 1215, 78, P0
2026/07/31 22:26:33.177, 250.14, 250.00, 100, 1410, 1215, 77, P0
2026/07/31 22:26:33.377, 249.67, 250.00, 100, 1410, 1215, 77, P0
2026/07/31 22:26:33.578, 253.79, 250.00, 100, 1410, 1215, 77, P0
2026/07/31 22:26:33.778, 245.22, 250.00, 100, 1380, 1215, 77, P0
2026/07/31 22:26:33.979, 250.23, 250.00, 100, 1410, 1215, 77, P0
2026/07/31 22:26:34.179, 250.46, 250.00, 100, 1410, 1215, 77, P0
2026/07/31 22:26:34.380, 249.76, 250.00, 100, 1410, 1215, 77, P0
2026/07/31 22:26:34.580, 249.76, 250.00, 100, 1410, 1215, 77, P0
2026/07/31 22:26:34.781, 242.63, 250.00, 100, 1395, 1215, 77, P0
2026/07/31 22:26:34.981, 251.79, 250.00, 100, 1410, 1215, 77, P0
2026/07/31 22:26:35.182, 251.88, 250.00, 100, 1410, 1215, 77, P0
2026/07/31 22:26:35.382, 251.09, 250.00, 100, 1410, 1215, 77, P0
2026/07/31 22:26:35.583, 250.13, 250.00, 100, 1410, 1215, 77, P0
2026/07/31 22:26:35.783, 249.56, 250.00, 100, 1410, 1215, 77, P0
2026/07/31 22:26:35.984, 249.43, 250.00, 100, 1410, 1215, 77, P0
2026/07/31 22:26:36.184, 254.07, 250.00, 100, 1410, 1215, 77, P0
2026/07/31 22:26:36.385, 252.14, 250.00, 100, 1410, 1215, 77, P0
2026/07/31 22:26:36.585, 247.53, 250.00, 100, 1395, 1215, 77, P0
2026/07/31 22:26:36.786, 243.68, 250.00, 100, 1410, 1215, 77, P0
2026/07/31 22:26:36.986, 250.03, 250.00, 100, 1410, 1215, 77, P0
2026/07/31 22:26:37.187, 249.57, 250.00, 100, 1410, 1215, 77, P0
2026/07/31 22:26:37.387, 251.28, 250.00, 100, 1410, 1215, 77, P0
2026/07/31 22:26:37.588, 252.46, 250.00, 100, 1395, 1215, 77, P0
2026/07/31 22:26:37.788, 249.77, 250.00, 100, 1410, 1215, 77, P0
2026/07/31 22:26:37.989, 250.23, 250.00, 100, 1410, 1215, 77, P0
2026/07/31 22:26:38.189, 249.93, 250.00, 100, 1410, 1215, 77, P0
2026/07/31 22:26:38.390, 249.26, 250.00, 100, 1410, 1215, 77, P0
2026/07/31 22:26:38.590, 248.87, 250.00, 100, 1395, 1215, 77, P0
2026/07/31 22:26:38.791, 246.37, 250.00, 100, 1395, 1215, 77, P0
2026/07/31 22:26:38.991, 251.37, 250.00, 100, 1410, 1215, 77, P0
2026/07/31 22:26:39.192, 251.85, 250.00, 100, 1410, 1215, 77, P0
2026/07/31 22:26:39.392, 244.07, 250.00, 100, 1395, 1215, 77, P0
2026/07/31 22:26:39.593, 250.41, 250.00, 100, 1410, 1215, 77, P0
2026/07/31 22:26:39.794, 249.36, 250.00, 100, 1410, 1215, 77, P0
2026/07/31 22:26:39.994, 248.59, 250.00, 100, 1410, 1215, 77, P0
2026/07/31 22:26:40.195, 252.49, 250.00, 100, 1410, 1215, 77, P0
2026/07/31 22:26:40.395, 253.04, 250.00, 100, 1410, 1215, 77, P0
2026/07/31 22:26:40.596, 244.97, 250.00, 100, 1410, 1215, 77, P0
2026/07/31 22:26:40.796, 244.31, 250.00, 100, 1410, 1215, 77, P0
2026/07/31 22:26:40.997, 249.73, 250.00, 100, 1410, 1215, 77, P0
2026/07/31 22:26:41.197, 249.83, 250.00, 100, 1410, 1215, 77, P0
2026/07/31 22:26:41.398, 249.08, 250.00, 100, 1395, 1215, 77, P0
2026/07/31 22:26:41.598, 252.43, 250.00, 100, 1410, 1215, 77, P0
2026/07/31 22:26:41.799, 246.39, 250.00, 100, 1395, 1215, 76, P0
2026/07/31 22:26:42.000, 251.95, 250.00, 100, 1410, 1215, 77, P0
2026/07/31 22:26:42.200, 250.65, 250.00, 100, 1410, 1215, 77, P0
2026/07/31 22:26:42.401, 249.68, 250.00, 100, 1395, 1215, 77, P0
2026/07/31 22:26:42.601, 249.28, 250.00, 100, 1410, 1215, 77, P0
2026/07/31 22:26:42.802, 243.25, 250.00, 100, 1395, 1215, 77, P0
2026/07/31 22:26:43.002, 253.79, 250.00, 100, 1410, 1215, 77, P0
2026/07/31 22:26:43.203, 251.90, 250.00, 100, 1410, 1215, 77, P0
2026/07/31 22:26:43.403, 251.87, 250.00, 100, 1395, 1215, 77, P0
2026/07/31 22:26:43.604, 247.77, 250.00, 100, 1410, 1215, 77, P0
2026/07/31 22:26:43.804, 244.05, 250.00, 100, 1410, 1215, 77, P0
2026/07/31 22:26:44.005, 249.83, 250.00, 100, 1410, 1215, 77, P0
2026/07/31 22:26:44.205, 249.47, 250.00, 100, 1410, 1215, 77, P0
2026/07/31 22:26:44.406, 252.24, 250.00, 100, 1410, 1215, 77, P0
2026/07/31 22:26:44.607, 246.51, 250.00, 100, 1410, 1215, 77, P0
2026/07/31 22:26:44.807, 244.85, 250.00, 100, 1410, 1215, 77, P0
2026/07/31 22:26:45.009, 250.04, 250.00, 100, 1410, 1215, 77, P0
2026/07/31 22:26:45.213, 250.12, 250.00, 100, 1410, 1215, 77, P0
2026/07/31 22:26:45.414, 246.18, 250.00, 100, 1275, 1215, 77, P0
2026/07/31 22:26:45.617, 261.37, 250.00, 82, 1260, 1215, 80, P0
2026/07/31 22:26:45.819, 246.18, 250.00, 100, 1305, 1215, 80, P0
2026/07/31 22:26:46.019, 253.01, 250.00, 96, 1260, 1215, 80, P0
2026/07/31 22:26:46.220, 247.34, 250.00, 100, 1260, 1215, 80, P0
2026/07/31 22:26:46.420, 251.31, 250.00, 100, 1275, 1215, 80, P0
2026/07/31 22:26:46.621, 252.07, 250.00, 97, 1275, 1215, 81, P0
2026/07/31 22:26:46.821, 269.63, 250.00, 100, 1260, 1215, 81, P0
2026/07/31 22:26:47.022, 246.30, 250.00, 97, 1275, 1215, 81, P0
2026/07/31 22:26:47.222, 240.75, 250.00, 100, 1275, 1215, 80, P0
2026/07/31 22:26:47.422, 246.14, 250.00, 97, 1275, 1215, 81, P0
2026/07/31 22:26:47.623, 250.51, 250.00, 100, 1260, 1215, 81, P0
2026/07/31 22:26:47.823, 268.94, 250.00, 100, 1290, 1215, 81, P0
2026/07/31 22:26:48.024, 224.00, 250.00, 96, 1395, 1215, 78, P0
2026/07/31 22:26:48.224, 250.10, 250.00, 100, 1410, 1215, 78, P0
2026/07/31 22:26:48.425, 252.64, 250.00, 100, 1410, 1215, 77, P0
2026/07/31 22:26:48.625, 250.98, 250.00, 100, 1410, 1215, 77, P0
2026/07/31 22:26:48.826, 249.94, 250.00, 100, 1410, 1215, 77, P0
2026/07/31 22:26:49.026, 244.17, 250.00, 100, 1395, 1215, 77, P0
2026/07/31 22:26:49.227, 248.51, 250.00, 100, 1410, 1215, 77, P0
2026/07/31 22:26:49.428, 250.03, 250.00, 100, 1410, 1215, 77, P0
2026/07/31 22:26:49.628, 249.29, 250.00, 100, 1410, 1215, 77, P0
2026/07/31 22:26:49.829, 252.99, 250.00, 100, 1410, 1215, 77, P0
2026/07/31 22:26:50.029, 244.53, 250.00, 100, 1410, 1215, 77, P0
2026/07/31 22:26:50.230, 243.72, 250.00, 100, 1395, 1215, 77, P0
2026/07/31 22:26:50.431, 253.31, 250.00, 100, 1410, 1215, 77, P0
2026/07/31 22:26:50.631, 251.27, 250.00, 100, 1410, 1215, 77, P0
2026/07/31 22:26:50.832, 250.11, 250.00, 100, 1410, 1215, 77, P0
2026/07/31 22:26:51.032, 245.02, 250.00, 100, 1410, 1215, 77, P0
2026/07/31 22:26:51.233, 253.46, 250.00, 100, 1395, 1215, 77, P0
2026/07/31 22:26:51.433, 250.43, 250.00, 100, 1410, 1215, 77, P0
2026/07/31 22:26:51.634, 249.16, 250.00, 100, 1410, 1215, 77, P0
2026/07/31 22:26:51.834, 248.49, 250.00, 100, 1410, 1215, 77, P0
2026/07/31 22:26:52.035, 245.53, 250.00, 100, 1410, 1215, 77, P0
2026/07/31 22:26:52.235, 243.98, 250.00, 100, 1395, 1215, 77, P0
2026/07/31 22:26:52.436, 249.16, 250.00, 100, 1410, 1215, 77, P0
2026/07/31 22:26:52.636, 247.99, 250.00, 100, 1410, 1215, 77, P0
2026/07/31 22:26:52.837, 251.86, 250.00, 100, 1410, 1215, 77, P0
2026/07/31 22:26:53.037, 244.08, 250.00, 100, 1395, 1215, 77, P0
2026/07/31 22:26:53.238, 242.82, 250.00, 100, 1395, 1215, 77, P0
2026/07/31 22:26:53.438, 253.18, 250.00, 100, 1410, 1215, 77, P0
2026/07/31 22:26:53.639, 251.47, 250.00, 100, 1410, 1215, 77, P0
2026/07/31 22:26:53.839, 250.23, 250.00, 100, 1410, 1215, 77, P0
2026/07/31 22:26:54.040, 248.11, 250.00, 100, 1410, 1215, 77, P0
2026/07/31 22:26:54.240, 253.97, 250.00, 100, 1410, 1215, 77, P0
2026/07/31 22:26:54.441, 247.71, 250.00, 100, 1410, 1215, 77, P0
2026/07/31 22:26:54.641, 249.26, 250.00, 100, 1410, 1215, 77, P0
2026/07/31 22:26:54.842, 248.88, 250.00, 100, 1410, 1215, 77, P0
2026/07/31 22:26:55.042, 249.08, 250.00, 100, 1410, 1215, 77, P0
2026/07/31 22:26:55.243, 245.23, 250.00, 100, 1410, 1215, 77, P0
2026/07/31 22:26:55.444, 243.49, 250.00, 100, 1410, 1215, 77, P0
2026/07/31 22:26:55.644, 249.33, 250.00, 100, 1410, 1215, 77, P0
2026/07/31 22:26:55.845, 248.14, 250.00, 100, 1410, 1215, 77, P0
2026/07/31 22:26:56.045, 251.76, 250.00, 100, 1410, 1215, 77, P0
2026/07/31 22:26:56.246, 244.45, 250.00, 100, 1395, 1215, 77, P0
2026/07/31 22:26:56.446, 245.02, 250.00, 100, 1410, 1215, 77, P0
2026/07/31 22:26:56.647, 253.21, 250.00, 100, 1410, 1215, 77, P0
2026/07/31 22:26:56.847, 250.80, 250.00, 100, 1410, 1215, 77, P0
2026/07/31 22:26:57.048, 249.74, 250.00, 100, 1410, 1215, 77, P0
2026/07/31 22:26:57.248, 248.40, 250.00, 100, 1395, 1215, 77, P0
2026/07/31 22:26:57.449, 244.03, 250.00, 100, 1410, 1215, 77, P0
2026/07/31 22:26:57.649, 251.27, 250.00, 100, 1410, 1215, 77, P0
2026/07/31 22:26:57.850, 250.01, 250.00, 100, 1410, 1215, 77, P0
2026/07/31 22:26:58.050, 248.98, 250.00, 100, 1410, 1215, 77, P0
2026/07/31 22:26:58.251, 246.29, 250.00, 100, 1395, 1215, 77, P0
2026/07/31 22:26:58.451, 244.01, 250.00, 100, 1410, 1215, 77, P0
2026/07/31 22:26:58.652, 246.09, 250.00, 100, 1410, 1215, 77, P0
2026/07/31 22:26:58.852, 254.10, 250.00, 100, 1410, 1215, 77, P0
2026/07/31 22:26:59.053, 251.30, 250.00, 100, 1410, 1215, 77, P0
2026/07/31 22:26:59.253, 243.99, 250.00, 100, 1410, 1215, 77, P0
2026/07/31 22:26:59.454, 246.36, 250.00, 100, 1395, 1215, 77, P0
2026/07/31 22:26:59.654, 246.38, 250.00, 100, 1410, 1215, 77, P0
2026/07/31 22:26:59.855, 250.43, 250.00, 100, 1410, 1215, 77, P0
2026/07/31 22:27:00.055, 249.57, 250.00, 100, 1410, 1215, 77, P0
2026/07/31 22:27:00.256, 249.18, 250.00, 100, 1395, 1215, 77, P0
2026/07/31 22:27:00.456, 251.94, 250.00, 100, 1410, 1215, 75, P0
2026/07/31 22:27:00.657, 246.95, 250.00, 100, 1275, 1215, 79, P0
2026/07/31 22:27:00.857, 256.67, 250.00, 76, 1260, 1215, 80, P0
2026/07/31 22:27:01.058, 255.72, 250.00, 100, 1275, 1215, 81, P0
2026/07/31 22:27:01.258, 248.09, 250.00, 97, 1275, 1215, 81, P0
2026/07/31 22:27:01.459, 250.98, 250.00, 100, 1260, 1215, 81, P0
2026/07/31 22:27:01.659, 247.28, 250.00, 97, 1275, 1215, 81, P0
2026/07/31 22:27:01.860, 247.18, 250.00, 100, 1305, 1215, 81, P0
2026/07/31 22:27:02.060, 248.09, 250.00, 100, 1260, 1215, 81, P0
2026/07/31 22:27:02.261, 253.10, 250.00, 97, 1275, 1215, 81, P0
2026/07/31 22:27:02.461, 258.30, 250.00, 100, 1245, 1215, 81, P0
2026/07/31 22:27:02.661, 246.43, 250.00, 97, 1260, 1215, 81, P0
2026/07/31 22:27:02.862, 227.64, 250.00, 100, 1290, 1215, 81, P0
2026/07/31 22:27:03.062, 248.51, 250.00, 100, 1260, 1215, 81, P0
2026/07/31 22:27:03.263, 245.24, 250.00, 97, 1260, 1215, 81, P0
2026/07/31 22:27:03.463, 251.75, 250.00, 100, 1260, 1215, 81, P0
2026/07/31 22:27:03.664, 248.11, 250.00, 97, 1260, 1215, 81, P0
2026/07/31 22:27:03.864, 250.60, 250.00, 100, 1260, 1215, 81, P0
2026/07/31 22:27:04.065, 253.96, 250.00, 100, 1290, 1215, 81, P0
2026/07/31 22:27:04.265, 236.05, 250.00, 97, 1320, 1215, 80, P0
2026/07/31 22:27:04.466, 251.66, 250.00, 100, 1410, 1215, 78, P0
2026/07/31 22:27:04.666, 250.70, 250.00, 100, 1410, 1215, 78, P0
2026/07/31 22:27:04.867, 249.57, 250.00, 100, 1410, 1215, 77, P0
2026/07/31 22:27:05.067, 253.43, 250.00, 100, 1410, 1215, 77, P0
2026/07/31 22:27:05.268, 233.71, 250.00, 100, 1380, 1215, 77, P0
2026/07/31 22:27:05.468, 249.94, 250.00, 100, 1410, 1215, 77, P0
2026/07/31 22:27:05.669, 249.82, 250.00, 100, 1410, 1215, 77, P0
2026/07/31 22:27:05.869, 249.45, 250.00, 100, 1410, 1215, 77, P0
2026/07/31 22:27:06.069, 254.08, 250.00, 100, 1410, 1215, 77, P0
2026/07/31 22:27:06.270, 244.93, 250.00, 100, 1395, 1215, 77, P0
2026/07/31 22:27:06.471, 250.50, 250.00, 100, 1410, 1215, 77, P0
2026/07/31 22:27:06.671, 250.12, 250.00, 100, 1410, 1215, 77, P0
2026/07/31 22:27:06.871, 249.63, 250.00, 100, 1410, 1215, 77, P0
2026/07/31 22:27:07.072, 246.76, 250.00, 100, 1395, 1215, 77, P0
2026/07/31 22:27:07.272, 251.49, 250.00, 100, 1395, 1215, 77, P0
2026/07/31 22:27:07.473, 243.99, 250.00, 100, 1410, 1215, 77, P0
2026/07/31 22:27:07.674, 249.93, 250.00, 100, 1410, 1215, 77, P0
2026/07/31 22:27:07.874, 249.58, 250.00, 100, 1410, 1215, 77, P0
2026/07/31 22:27:08.075, 253.71, 250.00, 100, 1395, 1215, 77, P0
2026/07/31 22:27:08.275, 246.17, 250.00, 100, 1395, 1215, 77, P0
2026/07/31 22:27:08.476, 249.05, 250.00, 100, 1410, 1215, 77, P0
2026/07/31 22:27:08.676, 249.75, 250.00, 100, 1410, 1215, 77, P0
2026/07/31 22:27:08.877, 251.67, 250.00, 100, 1410, 1215, 77, P0
2026/07/31 22:27:09.077, 253.28, 250.00, 100, 1395, 1215, 77, P0
2026/07/31 22:27:09.278, 244.35, 250.00, 100, 1410, 1215, 77, P0
2026/07/31 22:27:09.478, 248.69, 250.00, 100, 1410, 1215, 77, P0
2026/07/31 22:27:09.679, 249.35, 250.00, 100, 1410, 1215, 77, P0
2026/07/31 22:27:09.879, 254.56, 250.00, 100, 1410, 1215, 77, P0
2026/07/31 22:27:10.080, 252.05, 250.00, 100, 1395, 1215, 77, P0
2026/07/31 22:27:10.280, 244.17, 250.00, 100, 1410, 1215, 77, P0
2026/07/31 22:27:10.481, 247.74, 250.00, 100, 1395, 1215, 77, P0
2026/07/31 22:27:10.681, 249.34, 250.00, 100, 1410, 1215, 77, P0
2026/07/31 22:27:10.882, 253.44, 250.00, 100, 1410, 1215, 77, P0
2026/07/31 22:27:11.082, 251.96, 250.00, 100, 1410, 1215, 77, P0
2026/07/31 22:27:11.283, 247.92, 250.00, 100, 1395, 1215, 77, P0
2026/07/31 22:27:11.483, 249.65, 250.00, 100, 1395, 1215, 77, P0
2026/07/31 22:27:11.684, 239.82, 250.00, 100, 1410, 1215, 77, P0
2026/07/31 22:27:11.884, 252.44, 250.00, 100, 1410, 1215, 77, P0
2026/07/31 22:27:12.085, 251.27, 250.00, 100, 1410, 1215, 77, P0
2026/07/31 22:27:12.285, 249.16, 250.00, 100, 1410, 1215, 77, P0
2026/07/31 22:27:12.486, 248.37, 250.00, 100, 1410, 1215, 77, P0
2026/07/31 22:27:12.686, 241.57, 250.00, 100, 1410, 1215, 77, P0
2026/07/31 22:27:12.887, 253.41, 250.00, 100, 1410, 1215, 77, P0
2026/07/31 22:27:13.087, 251.75, 250.00, 100, 1395, 1215, 77, P0
2026/07/31 22:27:13.288, 249.73, 250.00, 100, 1410, 1215, 77, P0
2026/07/31 22:27:13.488, 247.75, 250.00, 100, 1395, 1215, 77, P0
2026/07/31 22:27:13.689, 246.75, 250.00, 100, 1410, 1215, 77, P0
2026/07/31 22:27:13.889, 252.37, 250.00, 100, 1410, 1215, 77, P0
2026/07/31 22:27:14.090, 251.28, 250.00, 100, 1410, 1215, 77, P0
2026/07/31 22:27:14.290, 246.63, 250.00, 100, 1410, 1215, 77, P0
2026/07/31 22:27:14.491, 247.81, 250.00, 100, 1395, 1215, 77, P0
2026/07/31 22:27:14.691, 247.16, 250.00, 100, 1410, 1215, 77, P0
2026/07/31 22:27:14.892, 252.63, 250.00, 100, 1410, 1215, 77, P0
2026/07/31 22:27:15.092, 251.18, 250.00, 100, 1410, 1215, 77, P0
2026/07/31 22:27:15.293, 245.88, 250.00, 100, 1410, 1215, 77, P0
2026/07/31 22:27:15.494, 248.28, 250.00, 100, 1395, 1215, 77, P0
2026/07/31 22:27:15.694, 248.58, 250.00, 100, 1410, 1215, 77, P0
2026/07/31 22:27:15.895, 252.55, 250.00, 100, 1410, 1215, 77, P0
2026/07/31 22:27:16.095, 251.46, 250.00, 100, 1410, 1215, 77, P0
2026/07/31 22:27:16.296, 249.07, 250.00, 100, 1410, 1215, 77, P0
2026/07/31 22:27:16.496, 248.38, 250.00, 100, 1395, 1215, 77, P0
2026/07/31 22:27:16.697, 245.61, 250.00, 100, 1395, 1215, 77, P0
2026/07/31 22:27:16.897, 95.24, 250.00, 100, 1410, 1215, 75, P0
2026/07/31 22:27:17.098, 239.29, 250.00, 66, 1245, 1215, 80, P0
2026/07/31 22:27:17.298, 254.41, 250.00, 100, 1260, 1215, 80, P0
2026/07/31 22:27:17.499, 253.17, 250.00, 97, 1260, 1215, 81, P0
2026/07/31 22:27:17.699, 250.68, 250.00, 100, 1260, 1215, 81, P0
2026/07/31 22:27:17.900, 213.43, 250.00, 100, 1245, 1215, 80, P0
2026/07/31 22:27:18.100, 247.04, 250.00, 97, 1275, 1215, 81, P0
2026/07/31 22:27:18.301, 234.30, 250.00, 100, 1305, 1215, 80, P0
2026/07/31 22:27:18.501, 244.59, 250.00, 97, 1260, 1215, 81, P0
2026/07/31 22:27:18.702, 254.95, 250.00, 100, 1260, 1215, 81, P0
2026/07/31 22:27:18.902, 242.79, 250.00, 97, 1245, 1215, 81, P0
2026/07/31 22:27:19.103, 251.45, 250.00, 100, 1275, 1215, 81, P0
2026/07/31 22:27:19.303, 254.78, 250.00, 100, 1320, 1215, 81, P0
2026/07/31 22:27:19.504, 255.03, 250.00, 97, 1275, 1215, 81, P0
2026/07/31 22:27:19.704, 249.46, 250.00, 100, 1275, 1215, 81, P0
2026/07/31 22:27:19.905, 248.18, 250.00, 100, 1275, 1215, 81, P0
2026/07/31 22:27:20.105, 239.74, 250.00, 97, 1260, 1215, 81, P0
2026/07/31 22:27:20.306, 248.33, 250.00, 100, 1275, 1215, 81, P0
2026/07/31 22:27:20.506, 251.29, 250.00, 97, 1275, 1215, 81, P0
2026/07/31 22:27:20.706, 247.41, 250.00, 100, 1275, 1215, 81, P0
2026/07/31 22:27:20.907, 265.28, 250.00, 100, 1290, 1215, 81, P0
2026/07/31 22:27:21.107, 251.28, 250.00, 97, 1275, 1215, 81, P0
2026/07/31 22:27:21.308, 240.15, 250.00, 100, 1275, 1215, 81, P0
2026/07/31 22:27:21.508, 254.72, 250.00, 100, 1305, 1215, 82, P0
2026/07/31 22:27:21.709, 244.31, 250.00, 96, 1380, 1215, 79, P0
2026/07/31 22:27:21.909, 250.13, 250.00, 100, 1410, 1215, 78, P0
2026/07/31 22:27:22.110, 251.30, 250.00, 100, 1410, 1215, 78, P0
2026/07/31 22:27:22.310, 250.23, 250.00, 100, 1410, 1215, 78, P0
2026/07/31 22:27:22.511, 252.73, 250.00, 100, 1410, 1215, 77, P0
2026/07/31 22:27:22.711, 238.45, 250.00, 100, 1395, 1215, 77, P0
2026/07/31 22:27:22.912, 251.14, 250.00, 100, 1410, 1215, 77, P0
2026/07/31 22:27:23.112, 251.12, 250.00, 100, 1410, 1215, 77, P0
2026/07/31 22:27:23.313, 250.49, 250.00, 100, 1410, 1215, 77, P0
2026/07/31 22:27:23.514, 249.96, 250.00, 100, 1410, 1215, 77, P0
2026/07/31 22:27:23.714, 234.37, 250.00, 100, 1395, 1215, 77, P0
2026/07/31 22:27:23.915, 253.12, 250.00, 100, 1410, 1215, 77, P0
2026/07/31 22:27:24.115, 251.87, 250.00, 100, 1410, 1215, 77, P0
2026/07/31 22:27:24.316, 251.55, 250.00, 100, 1410, 1215, 77, P0
2026/07/31 22:27:24.516, 250.81, 250.00, 100, 1410, 1215, 77, P0
2026/07/31 22:27:24.717, 234.31, 250.00, 100, 1395, 1215, 77, P0
2026/07/31 22:27:24.917, 249.65, 250.00, 100, 1410, 1215, 77, P0
2026/07/31 22:27:25.118, 254.35, 250.00, 100, 1410, 1215, 77, P0
2026/07/31 22:27:25.320, 252.94, 250.00, 100, 1410, 1215, 77, P0
2026/07/31 22:27:25.523, 244.75, 250.00, 100, 1380, 1215, 77, P0
2026/07/31 22:27:25.724, 243.99, 250.00, 100, 1410, 1215, 77, P0
2026/07/31 22:27:25.926, 250.07, 250.00, 100, 1410, 1215, 77, P0
2026/07/31 22:27:26.127, 249.54, 250.00, 100, 1410, 1215, 77, P0
2026/07/31 22:27:26.328, 254.46, 250.00, 100, 1410, 1215, 77, P0
2026/07/31 22:27:26.528, 244.44, 250.00, 100, 1380, 1215, 77, P0
2026/07/31 22:27:26.729, 249.87, 250.00, 100, 1410, 1215, 77, P0
2026/07/31 22:27:26.929, 250.81, 250.00, 100, 1410, 1215, 77, P0
2026/07/31 22:27:27.130, 250.14, 250.00, 100, 1410, 1215, 77, P0
2026/07/31 22:27:27.330, 249.85, 250.00, 100, 1410, 1215, 77, P0
2026/07/31 22:27:27.531, 241.09, 250.00, 100, 1380, 1215, 77, P0
2026/07/31 22:27:27.733, 249.35, 250.00, 100, 1410, 1215, 77, P0
2026/07/31 22:27:27.933, 251.97, 250.00, 100, 1410, 1215, 77, P0
2026/07/31 22:27:28.134, 250.73, 250.00, 100, 1410, 1215, 77, P0
2026/07/31 22:27:28.334, 250.15, 250.00, 100, 1410, 1215, 77, P0
2026/07/31 22:27:28.535, 232.36, 250.00, 100, 1395, 1215, 77, P0
2026/07/31 22:27:28.735, 248.95, 250.00, 100, 1395, 1215, 77, P0
2026/07/31 22:27:28.936, 252.26, 250.00, 100, 1410, 1215, 77, P0
2026/07/31 22:27:29.136, 251.48, 250.00, 100, 1410, 1215, 77, P0
2026/07/31 22:27:29.337, 250.84, 250.00, 100, 1410, 1215, 77, P0
2026/07/31 22:27:29.537, 234.43, 250.00, 100, 1395, 1215, 77, P0
2026/07/31 22:27:29.738, 243.47, 250.00, 100, 1410, 1215, 77, P0
2026/07/31 22:27:29.938, 249.55, 250.00, 100, 1395, 1215, 77, P0
2026/07/31 22:27:30.139, 252.85, 250.00, 100, 1410, 1215, 77, P0
2026/07/31 22:27:30.340, 251.76, 250.00, 100, 1410, 1215, 77, P0
2026/07/31 22:27:30.540, 244.65, 250.00, 100, 1410, 1215, 77, P0
2026/07/31 22:27:30.741, 243.57, 250.00, 100, 1410, 1215, 77, P0
2026/07/31 22:27:30.941, 249.65, 250.00, 100, 1410, 1215, 77, P0
2026/07/31 22:27:31.142, 250.83, 250.00, 100, 1410, 1215, 77, P0
2026/07/31 22:27:31.342, 252.92, 250.00, 100, 1410, 1215, 77, P0
2026/07/31 22:27:31.543, 248.29, 250.00, 100, 1410, 1215, 77, P0
2026/07/31 22:27:31.743, 245.30, 250.00, 100, 1395, 1215, 77, P0
2026/07/31 22:27:31.944, 250.53, 250.00, 100, 1410, 1215, 77, P0
2026/07/31 22:27:32.144, 246.88, 250.00, 100, 1410, 1215, 77, P0
2026/07/31 22:27:32.345, 249.84, 250.00, 100, 1410, 1215, 77, P0
2026/07/31 22:27:32.545, 254.46, 250.00, 100, 1410, 1215, 77, P0
2026/07/31 22:27:32.746, 247.04, 250.00, 100, 1395, 1215, 77, P0
2026/07/31 22:27:32.946, 251.32, 250.00, 100, 1410, 1215, 77, P0
2026/07/31 22:27:33.147, 250.61, 250.00, 100, 1410, 1215, 77, P0
2026/07/31 22:27:33.348, 246.95, 250.00, 100, 1410, 1215, 77, P0
2026/07/31 22:27:33.548, 252.42, 250.00, 100, 1410, 1215, 77, P0
2026/07/31 22:27:33.749, 249.52, 250.00, 100, 1395, 1215, 77, P0
2026/07/31 22:27:33.949, 252.53, 250.00, 100, 1395, 1215, 77, P0
2026/07/31 22:27:34.150, 251.61, 250.00, 100, 1410, 1215, 77, P0
2026/07/31 22:27:34.350, 256.37, 250.00, 100, 1245, 1215, 79, P0
2026/07/31 22:27:34.551, 255.19, 250.00, 70, 1260, 1215, 80, P0
2026/07/31 22:27:34.751, 277.48, 250.00, 100, 1320, 1215, 81, P0
2026/07/31 22:27:34.952, 250.80, 250.00, 97, 1260, 1215, 81, P0
2026/07/31 22:27:35.152, 254.82, 250.00, 100, 1215, 1215, 81, P0
2026/07/31 22:27:35.353, 256.03, 250.00, 96, 1260, 1215, 81, P0
2026/07/31 22:27:35.553, 250.96, 250.00, 100, 1260, 1215, 81, P0
2026/07/31 22:27:35.754, 252.93, 250.00, 100, 1275, 1215, 81, P0
2026/07/31 22:27:35.954, 250.96, 250.00, 97, 1260, 1215, 81, P0
2026/07/31 22:27:36.154, 251.28, 250.00, 100, 1305, 1215, 80, P0
2026/07/31 22:27:36.355, 241.99, 250.00, 97, 1260, 1215, 81, P0
2026/07/31 22:27:36.555, 250.60, 250.00, 100, 1245, 1215, 81, P0
2026/07/31 22:27:36.756, 274.46, 250.00, 97, 1260, 1215, 81, P0
2026/07/31 22:27:36.956, 248.84, 250.00, 100, 1275, 1215, 81, P0
2026/07/31 22:27:37.157, 257.99, 250.00, 100, 1275, 1215, 81, P0
2026/07/31 22:27:37.357, 246.49, 250.00, 97, 1275, 1215, 81, P0
2026/07/31 22:27:37.558, 248.68, 250.00, 100, 1245, 1215, 81, P0
2026/07/31 22:27:37.758, 222.01, 250.00, 100, 1395, 1215, 78, P0
2026/07/31 22:27:37.959, 250.74, 250.00, 100, 1410, 1215, 78, P0
2026/07/31 22:27:38.159, 252.07, 250.00, 100, 1410, 1215, 78, P0
2026/07/31 22:27:38.360, 252.26, 250.00, 100, 1410, 1215, 77, P0
2026/07/31 22:27:38.560, 250.79, 250.00, 100, 1410, 1215, 77, P0
2026/07/31 22:27:38.761, 233.80, 250.00, 100, 1395, 1215, 77, P0
2026/07/31 22:27:38.961, 252.18, 250.00, 100, 1410, 1215, 77, P0
2026/07/31 22:27:39.162, 253.00, 250.00, 100, 1410, 1215, 77, P0
2026/07/31 22:27:39.362, 251.48, 250.00, 100, 1410, 1215, 77, P0
2026/07/31 22:27:39.563, 250.21, 250.00, 100, 1395, 1215, 77, P0
2026/07/31 22:27:39.763, 247.62, 250.00, 100, 1395, 1215, 77, P0
2026/07/31 22:27:39.964, 252.17, 250.00, 100, 1410, 1215, 77, P0
2026/07/31 22:27:40.166, 251.09, 250.00, 100, 1410, 1215, 77, P0
2026/07/31 22:27:40.366, 250.04, 250.00, 100, 1410, 1215, 77, P0
2026/07/31 22:27:40.567, 249.55, 250.00, 100, 1395, 1215, 77, P0
2026/07/31 22:27:40.767, 246.77, 250.00, 100, 1395, 1215, 77, P0
2026/07/31 22:27:40.968, 252.15, 250.00, 100, 1410, 1215, 77, P0
2026/07/31 22:27:41.168, 250.78, 250.00, 100, 1410, 1215, 77, P0
2026/07/31 22:27:41.369, 250.13, 250.00, 100, 1410, 1215, 77, P0
2026/07/31 22:27:41.570, 256.85, 250.00, 100, 1395, 1215, 77, P0
2026/07/31 22:27:41.770, 245.29, 250.00, 100, 1395, 1215, 77, P0
2026/07/31 22:27:41.970, 250.71, 250.00, 100, 1410, 1215, 77, P0
2026/07/31 22:27:42.171, 250.21, 250.00, 100, 1410, 1215, 77, P0
2026/07/31 22:27:42.371, 254.25, 250.00, 100, 1410, 1215, 77, P0
2026/07/31 22:27:42.572, 250.24, 250.00, 100, 1410, 1215, 77, P0
2026/07/31 22:27:42.772, 246.95, 250.00, 100, 1395, 1215, 77, P0
2026/07/31 22:27:42.973, 246.94, 250.00, 100, 1410, 1215, 77, P0
2026/07/31 22:27:43.173, 251.95, 250.00, 100, 1410, 1215, 77, P0
2026/07/31 22:27:43.374, 252.54, 250.00, 100, 1410, 1215, 77, P0
2026/07/31 22:27:43.575, 243.89, 250.00, 100, 1395, 1215, 77, P0
2026/07/31 22:27:43.775, 247.54, 250.00, 100, 1395, 1215, 77, P0
2026/07/31 22:27:43.976, 249.10, 250.00, 100, 1410, 1215, 77, P0
2026/07/31 22:27:44.176, 252.73, 250.00, 100, 1410, 1215, 77, P0
2026/07/31 22:27:44.377, 251.29, 250.00, 100, 1395, 1215, 77, P0
2026/07/31 22:27:44.577, 250.43, 250.00, 100, 1410, 1215, 77, P0
2026/07/31 22:27:44.778, 246.27, 250.00, 100, 1395, 1215, 77, P0
2026/07/31 22:27:44.978, 252.82, 250.00, 100, 1410, 1215, 77, P0
2026/07/31 22:27:45.179, 252.23, 250.00, 100, 1410, 1215, 77, P0
2026/07/31 22:27:45.379, 240.67, 250.00, 100, 1410, 1215, 77, P0
2026/07/31 22:27:45.580, 250.12, 250.00, 100, 1410, 1215, 77, P0
2026/07/31 22:27:45.780, 253.10, 250.00, 100, 1410, 1215, 77, P0
2026/07/31 22:27:45.981, 250.48, 250.00, 100, 1410, 1215, 77, P0
2026/07/31 22:27:46.181, 251.18, 250.00, 100, 1410, 1215, 77, P0
2026/07/31 22:27:46.382, 250.15, 250.00, 100, 1410, 1215, 77, P0
2026/07/31 22:27:46.582, 245.42, 250.00, 100, 1395, 1215, 77, P0
2026/07/31 22:27:46.783, 256.17, 250.00, 100, 1395, 1215, 77, P0
2026/07/31 22:27:46.984, 252.25, 250.00, 100, 1410, 1215, 77, P0
2026/07/31 22:27:47.184, 241.63, 250.00, 100, 1395, 1215, 77, P0
2026/07/31 22:27:47.385, 245.79, 250.00, 100, 1395, 1215, 77, P0
2026/07/31 22:27:47.585, 250.17, 250.00, 100, 1410, 1215, 77, P0
2026/07/31 22:27:47.786, 245.76, 250.00, 100, 1395, 1215, 77, P0
2026/07/31 22:27:47.986, 251.18, 250.00, 100, 1410, 1215, 77, P0
2026/07/31 22:27:48.187, 250.31, 250.00, 100, 1410, 1215, 77, P0
2026/07/31 22:27:48.387, 249.46, 250.00, 100, 1410, 1215, 77, P0
2026/07/31 22:27:48.588, 257.14, 250.00, 100, 1395, 1215, 77, P0
2026/07/31 22:27:48.788, 251.20, 250.00, 100, 1395, 1215, 77, P0
2026/07/31 22:27:48.989, 247.49, 250.00, 100, 1410, 1215, 77, P0
2026/07/31 22:27:49.189, 250.12, 250.00, 100, 1410, 1215, 77, P0
2026/07/31 22:27:49.390, 254.85, 250.00, 100, 1410, 1215, 77, P0
2026/07/31 22:27:49.590, 242.89, 250.00, 100, 1395, 1215, 77, P0
2026/07/31 22:27:49.791, 253.68, 250.00, 100, 1395, 1215, 77, P0
2026/07/31 22:27:49.991, 245.94, 250.00, 100, 1410, 1215, 77, P0
2026/07/31 22:27:50.192, 255.87, 250.00, 100, 1410, 1215, 77, P0
2026/07/31 22:27:50.392, 263.95, 250.00, 73, 1260, 1215, 80, P0
2026/07/31 22:27:50.593, 250.11, 250.00, 100, 1260, 1215, 80, P0
2026/07/31 22:27:50.793, 265.86, 250.00, 97, 1260, 1215, 81, P0
2026/07/31 22:27:50.994, 244.86, 250.00, 100, 1260, 1215, 81, P0
2026/07/31 22:27:51.194, 253.16, 250.00, 97, 1275, 1215, 81, P0
2026/07/31 22:27:51.395, 254.09, 250.00, 100, 1260, 1215, 81, P0
2026/07/31 22:27:51.595, 250.71, 250.00, 100, 1260, 1215, 81, P0
2026/07/31 22:27:51.795, 254.37, 250.00, 97, 1275, 1215, 81, P0
2026/07/31 22:27:51.996, 238.06, 250.00, 100, 1260, 1215, 81, P0
2026/07/31 22:27:52.196, 270.83, 250.00, 97, 1260, 1215, 81, P0
2026/07/31 22:27:52.397, 250.89, 250.00, 100, 1275, 1215, 81, P0
2026/07/31 22:27:52.597, 245.84, 250.00, 97, 1260, 1215, 80, P0
2026/07/31 22:27:52.798, 253.74, 250.00, 100, 1275, 1215, 81, P0
2026/07/31 22:27:52.998, 246.14, 250.00, 100, 1245, 1215, 81, P0
2026/07/31 22:27:53.199, 259.94, 250.00, 100, 1275, 1215, 81, P0
2026/07/31 22:27:53.399, 247.27, 250.00, 97, 1260, 1215, 81, P0
2026/07/31 22:27:53.600, 244.82, 250.00, 100, 1275, 1215, 81, P0
2026/07/31 22:27:53.800, 246.85, 250.00, 100, 1275, 1215, 81, P0
2026/07/31 22:27:54.001, 246.36, 250.00, 96, 1260, 1215, 81, P0
2026/07/31 22:27:54.201, 253.87, 250.00, 100, 1335, 1215, 81, P0
2026/07/31 22:27:54.401, 245.60, 250.00, 96, 1275, 1215, 82, P0
2026/07/31 22:27:54.602, 248.12, 250.00, 100, 1275, 1215, 82, P0
2026/07/31 22:27:54.802, 225.83, 250.00, 100, 1395, 1215, 79, P0
2026/07/31 22:27:55.003, 252.86, 250.00, 100, 1410, 1215, 78, P0
2026/07/31 22:27:55.203, 252.07, 250.00, 100, 1410, 1215, 78, P0
2026/07/31 22:27:55.404, 250.54, 250.00, 100, 1410, 1215, 78, P0
2026/07/31 22:27:55.605, 250.41, 250.00, 100, 1410, 1215, 78, P0
2026/07/31 22:27:55.805, 243.34, 250.00, 100, 1395, 1215, 77, P0
2026/07/31 22:27:56.006, 252.19, 250.00, 100, 1410, 1215, 77, P0
2026/07/31 22:27:56.206, 251.15, 250.00, 100, 1410, 1215, 77, P0
2026/07/31 22:27:56.407, 250.63, 250.00, 100, 1410, 1215, 77, P0
2026/07/31 22:27:56.607, 246.24, 250.00, 100, 1395, 1215, 77, P0
2026/07/31 22:27:56.808, 243.37, 250.00, 100, 1395, 1215, 77, P0
2026/07/31 22:27:57.008, 258.37, 250.00, 100, 1410, 1215, 77, P0
2026/07/31 22:27:57.209, 243.58, 250.00, 100, 1410, 1215, 77, P0
2026/07/31 22:27:57.409, 251.97, 250.00, 100, 1410, 1215, 77, P0
2026/07/31 22:27:57.610, 245.40, 250.00, 100, 1395, 1215, 77, P0
2026/07/31 22:27:57.810, 249.74, 250.00, 100, 1410, 1215, 77, P0
2026/07/31 22:27:58.011, 249.55, 250.00, 100, 1410, 1215, 77, P0
2026/07/31 22:27:58.211, 251.10, 250.00, 100, 1410, 1215, 77, P0
2026/07/31 22:27:58.412, 249.74, 250.00, 100, 1410, 1215, 77, P0
2026/07/31 22:27:58.612, 251.95, 250.00, 100, 1410, 1215, 77, P0
2026/07/31 22:27:58.813, 250.13, 250.00, 100, 1410, 1215, 77, P0
2026/07/31 22:27:59.013, 249.56, 250.00, 100, 1410, 1215, 77, P0
2026/07/31 22:27:59.214, 246.87, 250.00, 100, 1410, 1215, 77, P0
2026/07/31 22:27:59.414, 247.23, 250.00, 100, 1410, 1215, 77, P0
2026/07/31 22:27:59.615, 252.05, 250.00, 100, 1410, 1215, 77, P0
2026/07/31 22:27:59.816, 250.73, 250.00, 100, 1410, 1215, 77, P0
2026/07/31 22:28:00.016, 250.22, 250.00, 100, 1410, 1215, 77, P0
2026/07/31 22:28:00.216, 249.54, 250.00, 100, 1410, 1215, 77, P0
2026/07/31 22:28:00.417, 249.81, 250.00, 100, 1410, 1215, 77, P0
2026/07/31 22:28:00.617, 253.77, 250.00, 100, 1410, 1215, 77, P0
2026/07/31 22:28:00.818, 252.05, 250.00, 100, 1410, 1215, 77, P0
2026/07/31 22:28:01.019, 251.11, 250.00, 100, 1410, 1215, 77, P0
2026/07/31 22:28:01.219, 250.51, 250.00, 100, 1410, 1215, 77, P0
2026/07/31 22:28:01.419, 249.16, 250.00, 100, 1410, 1215, 77, P0
2026/07/31 22:28:01.620, 251.78, 250.00, 100, 1410, 1215, 77, P0
2026/07/31 22:28:01.820, 254.39, 250.00, 100, 1395, 1215, 77, P0
2026/07/31 22:28:02.021, 252.78, 250.00, 100, 1395, 1215, 77, P0
2026/07/31 22:28:02.222, 251.10, 250.00, 100, 1395, 1215, 77, P0
2026/07/31 22:28:02.422, 247.13, 250.00, 100, 1395, 1215, 77, P0
2026/07/31 22:28:02.623, 249.29, 250.00, 100, 1410, 1215, 77, P0
2026/07/31 22:28:02.823, 250.42, 250.00, 100, 1410, 1215, 77, P0
2026/07/31 22:28:03.025, 254.07, 250.00, 100, 1395, 1215, 77, P0
2026/07/31 22:28:03.226, 245.81, 250.00, 100, 1395, 1215, 77, P0
2026/07/31 22:28:03.430, 244.06, 250.00, 100, 1410, 1215, 77, P0
2026/07/31 22:28:03.631, 250.43, 250.00, 100, 1410, 1215, 77, P0
2026/07/31 22:28:03.837, 245.78, 250.00, 100, 1410, 1215, 77, P0
2026/07/31 22:28:04.037, 253.90, 250.00, 100, 1395, 1215, 77, P0
2026/07/31 22:28:04.238, 252.34, 250.00, 100, 1395, 1215, 77, P0
2026/07/31 22:28:04.438, 254.57, 250.00, 100, 1395, 1215, 77, P0
2026/07/31 22:28:04.639, 250.62, 250.00, 100, 1395, 1215, 77, P0
2026/07/31 22:28:04.839, 246.93, 250.00, 100, 1410, 1215, 77, P0
2026/07/31 22:28:05.040, 250.05, 250.00, 100, 1395, 1215, 77, P0
2026/07/31 22:28:05.240, 247.83, 250.00, 100, 1410, 1215, 77, P0
2026/07/31 22:28:05.441, 253.75, 250.00, 100, 1395, 1215, 77, P0
2026/07/31 22:28:05.642, 251.28, 250.00, 100, 1395, 1215, 77, P0
2026/07/31 22:28:05.842, 250.63, 250.00, 100, 1410, 1215, 77, P0
2026/07/31 22:28:06.043, 245.47, 250.00, 100, 1395, 1215, 77, P0
2026/07/31 22:28:06.243, 243.38, 250.00, 100, 1410, 1215, 77, P0
2026/07/31 22:28:06.444, 254.46, 250.00, 100, 1395, 1215, 77, P0
2026/07/31 22:28:06.644, 252.71, 250.00, 100, 1410, 1215, 77, P0
2026/07/31 22:28:06.845, 245.96, 250.00, 100, 1410, 1215, 77, P0
2026/07/31 22:28:07.045, 250.60, 250.00, 100, 1410, 1215, 77, P0
2026/07/31 22:28:07.245, 249.27, 250.00, 100, 1410, 1215, 77, P0
2026/07/31 22:28:07.446, 272.75, 250.00, 100, 1245, 1215, 79, P0
2026/07/31 22:28:07.647, 254.52, 250.00, 72, 1260, 1215, 80, P0
2026/07/31 22:28:07.893, 272.86, 250.00, 100, 1260, 1215, 81, P0
2026/07/31 22:28:08.093, 251.46, 250.00, 97, 1260, 1215, 81, P0
2026/07/31 22:28:08.294, 250.74, 250.00, 100, 1245, 1215, 80, P0
2026/07/31 22:28:08.494, 246.76, 250.00, 97, 1260, 1215, 81, P0
2026/07/31 22:28:08.695, 253.21, 250.00, 100, 1275, 1215, 81, P0
2026/07/31 22:28:08.895, 246.84, 250.00, 100, 1260, 1215, 81, P0
2026/07/31 22:28:09.096, 248.74, 250.00, 97, 1260, 1215, 81, P0
2026/07/31 22:28:09.296, 278.11, 250.00, 100, 1275, 1215, 81, P0
2026/07/31 22:28:09.497, 245.68, 250.00, 97, 1260, 1215, 81, P0
2026/07/31 22:28:09.697, 247.23, 250.00, 100, 1260, 1215, 81, P0
2026/07/31 22:28:09.897, 250.01, 250.00, 98, 1275, 1215, 81, P0
2026/07/31 22:28:10.098, 242.16, 250.00, 99, 1275, 1215, 81, P0
2026/07/31 22:28:10.298, 250.61, 250.00, 100, 1290, 1215, 81, P0
2026/07/31 22:28:10.499, 251.60, 250.00, 96, 1275, 1215, 82, P0
2026/07/31 22:28:10.699, 240.92, 250.00, 100, 1260, 1215, 81, P0
2026/07/31 22:28:10.900, 250.21, 250.00, 100, 1275, 1215, 82, P0
2026/07/31 22:28:11.100, 247.83, 250.00, 97, 1275, 1215, 82, P0
2026/07/31 22:28:11.301, 253.20, 250.00, 100, 1275, 1215, 82, P0
2026/07/31 22:28:11.501, 244.71, 250.00, 97, 1305, 1215, 81, P0
2026/07/31 22:28:11.701, 227.12, 250.00, 100, 1365, 1215, 79, P0
2026/07/31 22:28:11.902, 252.03, 250.00, 100, 1410, 1215, 78, P0
2026/07/31 22:28:12.102, 250.79, 250.00, 100, 1410, 1215, 78, P0
2026/07/31 22:28:12.303, 255.14, 250.00, 100, 1410, 1215, 78, P0
2026/07/31 22:28:12.503, 253.37, 250.00, 100, 1410, 1215, 78, P0
2026/07/31 22:28:12.704, 233.82, 250.00, 100, 1395, 1215, 77, P0
2026/07/31 22:28:12.904, 250.51, 250.00, 100, 1410, 1215, 77, P0
2026/07/31 22:28:13.105, 250.32, 250.00, 100, 1410, 1215, 77, P0
2026/07/31 22:28:13.305, 251.71, 250.00, 100, 1410, 1215, 77, P0
2026/07/31 22:28:13.506, 254.09, 250.00, 100, 1395, 1215, 77, P0
2026/07/31 22:28:13.706, 237.86, 250.00, 100, 1395, 1215, 77, P0
2026/07/31 22:28:13.907, 250.81, 250.00, 100, 1410, 1215, 77, P0
2026/07/31 22:28:14.108, 250.64, 250.00, 100, 1410, 1215, 77, P0
2026/07/31 22:28:14.308, 249.83, 250.00, 100, 1410, 1215, 77, P0
2026/07/31 22:28:14.508, 253.71, 250.00, 100, 1395, 1215, 77, P0
2026/07/31 22:28:14.709, 238.15, 250.00, 100, 1395, 1215, 77, P0
2026/07/31 22:28:14.909, 250.91, 250.00, 100, 1410, 1215, 77, P0
2026/07/31 22:28:15.110, 250.79, 250.00, 100, 1410, 1215, 77, P0
2026/07/31 22:28:15.310, 250.02, 250.00, 100, 1410, 1215, 77, P0
2026/07/31 22:28:15.511, 254.94, 250.00, 100, 1395, 1215, 77, P0
2026/07/31 22:28:15.711, 248.51, 250.00, 100, 1380, 1215, 77, P0
2026/07/31 22:28:15.912, 243.68, 250.00, 100, 1410, 1215, 77, P0
2026/07/31 22:28:16.112, 250.60, 250.00, 100, 1410, 1215, 77, P0
2026/07/31 22:28:16.313, 250.40, 250.00, 100, 1410, 1215, 77, P0
2026/07/31 22:28:16.513, 254.69, 250.00, 100, 1395, 1215, 77, P0
2026/07/31 22:28:16.714, 254.14, 250.00, 100, 1395, 1215, 77, P0
2026/07/31 22:28:16.914, 244.83, 250.00, 100, 1410, 1215, 77, P0
2026/07/31 22:28:17.115, 250.62, 250.00, 100, 1410, 1215, 77, P0
2026/07/31 22:28:17.315, 250.51, 250.00, 100, 1410, 1215, 77, P0
2026/07/31 22:28:17.516, 255.13, 250.00, 100, 1395, 1215, 77, P0
2026/07/31 22:28:17.716, 253.69, 250.00, 100, 1380, 1215, 77, P0
2026/07/31 22:28:17.917, 242.31, 250.00, 100, 1410, 1215, 77, P0
2026/07/31 22:28:18.117, 250.90, 250.00, 100, 1410, 1215, 77, P0
2026/07/31 22:28:18.318, 250.68, 250.00, 100, 1410, 1215, 77, P0
2026/07/31 22:28:18.518, 253.59, 250.00, 100, 1410, 1215, 77, P0
2026/07/31 22:28:18.719, 246.77, 250.00, 100, 1395, 1215, 77, P0
2026/07/31 22:28:18.919, 245.08, 250.00, 100, 1410, 1215, 77, P0
2026/07/31 22:28:19.120, 250.61, 250.00, 100, 1410, 1215, 77, P0
2026/07/31 22:28:19.320, 250.51, 250.00, 100, 1410, 1215, 77, P0
2026/07/31 22:28:19.520, 249.94, 250.00, 100, 1410, 1215, 77, P0
2026/07/31 22:28:19.721, 248.46, 250.00, 100, 1395, 1215, 77, P0
2026/07/31 22:28:19.922, 247.88, 250.00, 100, 1410, 1215, 77, P0
2026/07/31 22:28:20.122, 251.28, 250.00, 100, 1410, 1215, 77, P0
2026/07/31 22:28:20.322, 250.52, 250.00, 100, 1410, 1215, 77, P0
2026/07/31 22:28:20.523, 250.04, 250.00, 100, 1410, 1215, 77, P0
2026/07/31 22:28:20.724, 247.73, 250.00, 100, 1395, 1215, 77, P0
2026/07/31 22:28:20.924, 246.37, 250.00, 100, 1395, 1215, 77, P0
2026/07/31 22:28:21.124, 250.09, 250.00, 100, 1395, 1215, 77, P0
2026/07/31 22:28:21.325, 247.41, 250.00, 100, 1410, 1215, 77, P0
2026/07/31 22:28:21.525, 250.21, 250.00, 100, 1410, 1215, 77, P0
2026/07/31 22:28:21.726, 248.78, 250.00, 100, 1410, 1215, 77, P0
2026/07/31 22:28:21.926, 247.48, 250.00, 100, 1410, 1215, 77, P0
2026/07/31 22:28:22.129, 246.74, 250.00, 100, 1410, 1215, 77, P0
2026/07/31 22:28:22.332, 247.99, 250.00, 100, 1410, 1215, 77, P0
2026/07/31 22:28:22.534, 250.78, 250.00, 100, 1410, 1215, 77, P0
2026/07/31 22:28:22.735, 257.07, 250.00, 100, 1410, 1215, 77, P0
2026/07/31 22:28:22.936, 251.99, 250.00, 100, 1410, 1215, 77, P0
2026/07/31 22:28:23.137, 250.90, 250.00, 100, 1410, 1215, 77, P0
2026/07/31 22:28:23.337, 250.52, 250.00, 100, 1410, 1215, 77, P0
2026/07/31 22:28:23.538, 250.33, 250.00, 100, 1395, 1215, 77, P0
2026/07/31 22:28:23.738, 242.88, 250.00, 100, 1395, 1215, 77, P0
2026/07/31 22:28:23.939, 256.36, 250.00, 100, 1410, 1215, 77, P0
2026/07/31 22:28:24.139, 247.72, 250.00, 100, 1410, 1215, 77, P0
2026/07/31 22:28:24.340, 257.91, 250.00, 91, 1260, 1215, 80, P0
2026/07/31 22:28:24.540, 251.12, 250.00, 78, 1260, 1215, 80, P0
2026/07/31 22:28:24.741, 265.75, 250.00, 100, 1260, 1215, 81, P0
2026/07/31 22:28:24.941, 248.29, 250.00, 97, 1260, 1215, 81, P0
2026/07/31 22:28:25.141, 217.91, 250.00, 100, 1260, 1215, 80, P0
2026/07/31 22:28:25.342, 255.03, 250.00, 97, 1275, 1215, 81, P0
2026/07/31 22:28:25.542, 251.02, 250.00, 100, 1260, 1215, 81, P0
2026/07/31 22:28:25.743, 250.70, 250.00, 97, 1260, 1215, 81, P0
2026/07/31 22:28:25.943, 252.57, 250.00, 100, 1260, 1215, 81, P0
2026/07/31 22:28:26.144, 262.61, 250.00, 100, 1290, 1215, 81, P0
2026/07/31 22:28:26.344, 255.41, 250.00, 97, 1275, 1215, 81, P0
2026/07/31 22:28:26.545, 244.33, 250.00, 100, 1260, 1215, 81, P0
2026/07/31 22:28:26.745, 258.86, 250.00, 97, 1275, 1215, 82, P0
2026/07/31 22:28:26.946, 252.24, 250.00, 100, 1275, 1215, 82, P0
2026/07/31 22:28:27.146, 232.40, 250.00, 100, 1320, 1215, 82, P0
2026/07/31 22:28:27.346, 251.85, 250.00, 97, 1275, 1215, 82, P0
2026/07/31 22:28:27.547, 249.40, 250.00, 100, 1245, 1215, 81, P0
2026/07/31 22:28:27.747, 249.91, 250.00, 100, 1275, 1215, 82, P0
2026/07/31 22:28:27.948, 244.15, 250.00, 97, 1275, 1215, 82, P0
2026/07/31 22:28:28.148, 239.14, 250.00, 100, 1275, 1215, 82, P0
2026/07/31 22:28:28.349, 259.04, 250.00, 97, 1290, 1215, 82, P0
2026/07/31 22:28:28.549, 248.78, 250.00, 100, 1260, 1215, 81, P0
2026/07/31 22:28:28.750, 261.05, 250.00, 100, 1320, 1215, 81, P0
2026/07/31 22:28:28.950, 244.55, 250.00, 100, 1410, 1215, 78, P0
2026/07/31 22:28:29.151, 250.81, 250.00, 100, 1410, 1215, 78, P0
2026/07/31 22:28:29.351, 252.92, 250.00, 100, 1410, 1215, 78, P0
2026/07/31 22:28:29.552, 252.73, 250.00, 100, 1410, 1215, 78, P0
2026/07/31 22:28:29.752, 246.84, 250.00, 100, 1380, 1215, 77, P0
2026/07/31 22:28:29.953, 241.97, 250.00, 100, 1395, 1215, 77, P0
2026/07/31 22:28:30.153, 249.94, 250.00, 100, 1410, 1215, 77, P0
2026/07/31 22:28:30.354, 255.90, 250.00, 100, 1410, 1215, 77, P0
2026/07/31 22:28:30.554, 253.69, 250.00, 100, 1410, 1215, 77, P0
2026/07/31 22:28:30.755, 246.35, 250.00, 100, 1395, 1215, 77, P0
2026/07/31 22:28:30.955, 244.08, 250.00, 100, 1395, 1215, 77, P0
2026/07/31 22:28:31.156, 250.32, 250.00, 100, 1395, 1215, 77, P0
2026/07/31 22:28:31.356, 246.98, 250.00, 100, 1410, 1215, 77, P0
2026/07/31 22:28:31.557, 254.95, 250.00, 100, 1410, 1215, 77, P0
2026/07/31 22:28:31.757, 253.40, 250.00, 100, 1395, 1215, 77, P0
2026/07/31 22:28:31.958, 247.94, 250.00, 100, 1395, 1215, 77, P0
2026/07/31 22:28:32.158, 242.51, 250.00, 100, 1410, 1215, 77, P0
2026/07/31 22:28:32.359, 243.79, 250.00, 100, 1410, 1215, 77, P0
2026/07/31 22:28:32.559, 250.06, 250.00, 100, 1410, 1215, 77, P0
2026/07/31 22:28:32.760, 253.99, 250.00, 100, 1410, 1215, 77, P0
2026/07/31 22:28:32.961, 252.54, 250.00, 100, 1410, 1215, 77, P0
2026/07/31 22:28:33.161, 250.61, 250.00, 100, 1410, 1215, 77, P0
2026/07/31 22:28:33.362, 244.74, 250.00, 100, 1410, 1215, 77, P0
2026/07/31 22:28:33.562, 243.50, 250.00, 100, 1410, 1215, 77, P0
2026/07/31 22:28:33.763, 251.10, 250.00, 100, 1410, 1215, 77, P0
2026/07/31 22:28:33.963, 248.42, 250.00, 100, 1395, 1215, 77, P0
2026/07/31 22:28:34.164, 251.58, 250.00, 100, 1395, 1215, 77, P0
2026/07/31 22:28:34.364, 249.85, 250.00, 100, 1410, 1215, 77, P0
2026/07/31 22:28:34.565, 244.36, 250.00, 100, 1410, 1215, 77, P0
2026/07/31 22:28:34.765, 250.04, 250.00, 100, 1410, 1215, 77, P0
2026/07/31 22:28:34.966, 250.33, 250.00, 100, 1410, 1215, 77, P0
2026/07/31 22:28:35.166, 248.21, 250.00, 100, 1395, 1215, 77, P0
2026/07/31 22:28:35.367, 250.05, 250.00, 100, 1410, 1215, 77, P0
2026/07/31 22:28:35.567, 244.69, 250.00, 100, 1395, 1215, 77, P0
2026/07/31 22:28:35.768, 250.62, 250.00, 100, 1410, 1215, 77, P0
2026/07/31 22:28:35.968, 250.13, 250.00, 100, 1410, 1215, 77, P0
2026/07/31 22:28:36.169, 244.29, 250.00, 100, 1395, 1215, 77, P0
2026/07/31 22:28:36.370, 253.13, 250.00, 100, 1410, 1215, 77, P0
2026/07/31 22:28:36.570, 247.63, 250.00, 100, 1410, 1215, 77, P0
2026/07/31 22:28:36.771, 251.54, 250.00, 100, 1395, 1215, 77, P0
2026/07/31 22:28:36.971, 250.22, 250.00, 100, 1410, 1215, 77, P0
2026/07/31 22:28:37.172, 250.42, 250.00, 100, 1395, 1215, 77, P0
2026/07/31 22:28:37.372, 252.46, 250.00, 100, 1410, 1215, 77, P0
2026/07/31 22:28:37.573, 249.37, 250.00, 100, 1410, 1215, 77, P0
2026/07/31 22:28:37.773, 252.52, 250.00, 100, 1395, 1215, 77, P0
2026/07/31 22:28:37.974, 250.94, 250.00, 100, 1410, 1215, 77, P0
2026/07/31 22:28:38.174, 244.37, 250.00, 100, 1395, 1215, 77, P0
2026/07/31 22:28:38.375, 247.42, 250.00, 100, 1410, 1215, 77, P0
2026/07/31 22:28:38.575, 256.89, 250.00, 100, 1410, 1215, 77, P0
2026/07/31 22:28:38.776, 249.38, 250.00, 100, 1410, 1215, 77, P0
2026/07/31 22:28:38.977, 252.45, 250.00, 100, 1410, 1215, 77, P0
2026/07/31 22:28:39.177, 245.12, 250.00, 100, 1395, 1215, 77, P0
2026/07/31 22:28:39.378, 247.53, 250.00, 100, 1410, 1215, 77, P0
2026/07/31 22:28:39.578, 250.03, 250.00, 100, 1410, 1215, 77, P0
2026/07/31 22:28:39.779, 255.34, 250.00, 100, 1410, 1215, 77, P0
2026/07/31 22:28:39.979, 253.52, 250.00, 100, 1410, 1215, 77, P0
2026/07/31 22:28:40.180, 250.90, 250.00, 100, 1395, 1215, 77, P0
2026/07/31 22:28:40.380, 245.28, 250.00, 100, 1395, 1215, 77, P0
2026/07/31 22:28:40.581, 250.33, 250.00, 100, 1395, 1215, 77, P0
2026/07/31 22:28:40.781, 250.13, 250.00, 100, 1410, 1215, 77, P0
2026/07/31 22:28:40.982, 250.62, 250.00, 100, 1395, 1215, 77, P0
2026/07/31 22:28:41.182, 252.94, 250.00, 100, 1395, 1215, 77, P0
2026/07/31 22:28:41.383, 242.72, 250.00, 100, 1410, 1215, 77, P0
2026/07/31 22:28:41.583, 287.92, 250.00, 73, 1260, 1215, 80, P0
2026/07/31 22:28:41.784, 250.38, 250.00, 100, 1260, 1215, 80, P0
2026/07/31 22:28:41.984, 259.06, 250.00, 97, 1260, 1215, 81, P0
2026/07/31 22:28:42.185, 255.30, 250.00, 100, 1260, 1215, 81, P0
2026/07/31 22:28:42.385, 255.33, 250.00, 96, 1260, 1215, 80, P0
2026/07/31 22:28:42.586, 245.68, 250.00, 100, 1275, 1215, 81, P0
2026/07/31 22:28:42.786, 256.08, 250.00, 100, 1260, 1215, 81, P0
2026/07/31 22:28:42.986, 257.40, 250.00, 97, 1260, 1215, 81, P0
2026/07/31 22:28:43.187, 247.24, 250.00, 100, 1260, 1215, 81, P0
2026/07/31 22:28:43.387, 256.99, 250.00, 97, 1245, 1215, 81, P0
2026/07/31 22:28:43.588, 257.44, 250.00, 100, 1260, 1215, 82, P0
2026/07/31 22:28:43.788, 239.52, 250.00, 100, 1275, 1215, 81, P0
2026/07/31 22:28:43.989, 248.36, 250.00, 97, 1275, 1215, 81, P0
2026/07/31 22:28:44.189, 254.94, 250.00, 100, 1245, 1215, 82, P0
2026/07/31 22:28:44.390, 219.23, 250.00, 97, 1275, 1215, 81, P0
2026/07/31 22:28:44.590, 252.64, 250.00, 100, 1275, 1215, 82, P0
2026/07/31 22:28:44.791, 241.55, 250.00, 100, 1275, 1215, 81, P0
2026/07/31 22:28:44.991, 251.57, 250.00, 100, 1260, 1215, 82, P0
2026/07/31 22:28:45.192, 258.10, 250.00, 97, 1275, 1215, 82, P0
2026/07/31 22:28:45.392, 261.48, 250.00, 100, 1275, 1215, 82, P0
2026/07/31 22:28:45.592, 245.71, 250.00, 98, 1260, 1215, 82, P0
2026/07/31 22:28:45.793, 247.55, 250.00, 99, 1260, 1215, 82, P0
2026/07/31 22:28:45.994, 239.60, 250.00, 100, 1365, 1215, 80, P0
2026/07/31 22:28:46.194, 254.66, 250.00, 88, 1290, 1215, 82, P0
2026/07/31 22:28:46.395, 233.14, 250.00, 100, 1395, 1215, 79, P0
2026/07/31 22:28:46.595, 254.45, 250.00, 100, 1410, 1215, 78, P0
2026/07/31 22:28:46.796, 251.10, 250.00, 100, 1410, 1215, 78, P0
2026/07/31 22:28:47.001, 245.90, 250.00, 100, 1410, 1215, 78, P0
2026/07/31 22:28:47.201, 254.41, 250.00, 100, 1410, 1215, 78, P0
2026/07/31 22:28:47.402, 243.67, 250.00, 100, 1395, 1215, 77, P0
2026/07/31 22:28:47.602, 254.29, 250.00, 100, 1410, 1215, 77, P0
2026/07/31 22:28:47.803, 251.03, 250.00, 100, 1410, 1215, 77, P0
2026/07/31 22:28:48.003, 241.17, 250.00, 100, 1410, 1215, 77, P0
2026/07/31 22:28:48.204, 250.32, 250.00, 100, 1395, 1215, 77, P0
2026/07/31 22:28:48.404, 249.81, 250.00, 100, 1410, 1215, 77, P0
2026/07/31 22:28:48.605, 252.94, 250.00, 100, 1410, 1215, 77, P0
2026/07/31 22:28:48.805, 252.51, 250.00, 100, 1410, 1215, 77, P0
2026/07/31 22:28:49.006, 243.98, 250.00, 100, 1410, 1215, 77, P0
2026/07/31 22:28:49.206, 250.13, 250.00, 100, 1395, 1215, 77, P0
2026/07/31 22:28:49.407, 243.67, 250.00, 100, 1395, 1215, 77, P0
2026/07/31 22:28:49.607, 251.96, 250.00, 100, 1410, 1215, 77, P0
2026/07/31 22:28:49.808, 253.49, 250.00, 100, 1395, 1215, 77, P0
2026/07/31 22:28:50.008, 251.43, 250.00, 100, 1395, 1215, 77, P0
2026/07/31 22:28:50.209, 250.86, 250.00, 100, 1410, 1215, 77, P0
2026/07/31 22:28:50.410, 244.17, 250.00, 100, 1395, 1215, 77, P0
2026/07/31 22:28:50.610, 250.07, 250.00, 100, 1410, 1215, 77, P0
2026/07/31 22:28:50.811, 247.86, 250.00, 100, 1395, 1215, 77, P0
2026/07/31 22:28:51.011, 249.72, 250.00, 100, 1395, 1215, 77, P0
2026/07/31 22:28:51.212, 255.25, 250.00, 100, 1410, 1215, 77, P0
2026/07/31 22:28:51.412, 244.31, 250.00, 100, 1410, 1215, 77, P0
2026/07/31 22:28:51.613, 251.10, 250.00, 100, 1410, 1215, 77, P0
2026/07/31 22:28:51.813, 244.26, 250.00, 100, 1395, 1215, 77, P0
2026/07/31 22:28:52.014, 246.79, 250.00, 100, 1395, 1215, 77, P0
2026/07/31 22:28:52.214, 256.86, 250.00, 100, 1395, 1215, 77, P0
2026/07/31 22:28:52.415, 248.90, 250.00, 100, 1410, 1215, 77, P0
2026/07/31 22:28:52.615, 252.11, 250.00, 100, 1410, 1215, 77, P0
2026/07/31 22:28:52.816, 251.11, 250.00, 100, 1395, 1215, 77, P0
2026/07/31 22:28:53.017, 253.32, 250.00, 100, 1395, 1215, 77, P0
2026/07/31 22:28:53.217, 250.08, 250.00, 100, 1395, 1215, 77, P0
2026/07/31 22:28:53.418, 250.93, 250.00, 100, 1410, 1215, 77, P0
2026/07/31 22:28:53.618, 250.56, 250.00, 100, 1410, 1215, 77, P0
2026/07/31 22:28:53.819, 254.55, 250.00, 100, 1410, 1215, 77, P0
2026/07/31 22:28:54.019, 246.00, 250.00, 100, 1410, 1215, 77, P0
2026/07/31 22:28:54.220, 245.21, 250.00, 100, 1395, 1215, 77, P0
2026/07/31 22:28:54.420, 245.12, 250.00, 100, 1410, 1215, 77, P0
2026/07/31 22:28:54.621, 250.63, 250.00, 100, 1395, 1215, 77, P0
2026/07/31 22:28:54.821, 249.28, 250.00, 100, 1410, 1215, 77, P0
2026/07/31 22:28:55.022, 248.41, 250.00, 100, 1410, 1215, 77, P0
2026/07/31 22:28:55.222, 243.20, 250.00, 100, 1410, 1215, 77, P0
2026/07/31 22:28:55.423, 241.84, 250.00, 100, 1410, 1215, 77, P0
2026/07/31 22:28:55.623, 251.19, 250.00, 100, 1410, 1215, 77, P0
2026/07/31 22:28:55.824, 250.45, 250.00, 100, 1395, 1215, 77, P0
2026/07/31 22:28:56.024, 249.55, 250.00, 100, 1410, 1215, 77, P0
2026/07/31 22:28:56.225, 252.56, 250.00, 100, 1410, 1215, 77, P0
2026/07/31 22:28:56.425, 250.83, 250.00, 100, 1410, 1215, 77, P0
2026/07/31 22:28:56.626, 252.85, 250.00, 100, 1410, 1215, 77, P0
2026/07/31 22:28:56.826, 245.42, 250.00, 100, 1410, 1215, 77, P0
2026/07/31 22:28:57.027, 243.98, 250.00, 100, 1395, 1215, 77, P0
2026/07/31 22:28:57.228, 250.22, 250.00, 100, 1395, 1215, 77, P0
2026/07/31 22:28:57.428, 249.08, 250.00, 100, 1410, 1215, 77, P0
2026/07/31 22:28:57.629, 254.94, 250.00, 100, 1410, 1215, 77, P0
2026/07/31 22:28:57.829, 250.64, 250.00, 100, 1410, 1215, 77, P0
2026/07/31 22:28:58.030, 245.72, 250.00, 100, 1395, 1215, 77, P0
2026/07/31 22:28:58.230, 251.03, 250.00, 100, 1395, 1215, 77, P0
2026/07/31 22:28:58.431, 250.80, 250.00, 100, 1410, 1215, 77, P0
2026/07/31 22:28:58.631, 251.08, 250.00, 100, 1410, 1215, 77, P0
2026/07/31 22:28:58.832, 246.30, 250.00, 100, 1395, 1215, 77, P0
2026/07/31 22:28:59.034, 102.35, 250.00, 100, 1410, 1215, 75, P0
2026/07/31 22:28:59.306, 77.56, 250.00, 11, 1410, 1215, 73, P0
2026/07/31 22:28:59.513, 70.29, 250.00, 0, 1410, 1215, 71, P0
2026/07/31 22:28:59.714, 69.60, 250.00, 0, 1410, 1215, 70, P0
2026/07/31 22:28:59.915, 69.29, 250.00, 0, 1410, 1215, 70, P0
2026/07/31 22:29:00.115, 68.88, 250.00, 0, 1410, 1215, 70, P0
2026/07/31 22:29:00.315, 68.68, 250.00, 0, 1410, 1215, 69, P0
2026/07/31 22:29:00.516, 68.61, 250.00, 0, 1410, 1215, 69, P0
2026/07/31 22:29:00.716, 68.08, 250.00, 0, 1410, 1215, 69, P0
2026/07/31 22:29:00.916, 49.15, 250.00, 0, 1140, 1215, 68, P0
2026/07/31 22:29:01.117, 48.47, 250.00, 0, 1140, 1215, 68, P0
