2026/07/31 19:38:25.612, 37.63, 250.00, 0, 1140, 1215, 44, P0
2026/07/31 19:38:25.818, 37.48, 250.00, 0, 1140, 1215, 44, P0
2026/07/31 19:38:26.019, 37.52, 250.00, 0, 1140, 1215, 44, P0
2026/07/31 19:38:26.219, 37.35, 250.00, 0, 1140, 1215, 43, P0
2026/07/31 19:38:26.419, 37.57, 250.00, 0, 1140, 1215, 43, P0
2026/07/31 19:38:26.620, 37.57, 250.00, 0, 1140, 1215, 43, P0
2026/07/31 19:38:26.959, 39.68, 250.00, 0, 1140, 1215, 44, P0
2026/07/31 19:38:27.160, 51.48, 250.00, 0, 1410, 1215, 44, P0
2026/07/31 19:38:27.361, 51.78, 250.00, 11, 1410, 1215, 44, P0
2026/07/31 19:38:27.561, 51.37, 250.00, 2, 1410, 1215, 44, P0
2026/07/31 19:38:27.761, 51.34, 250.00, 0, 1410, 1215, 44, P0
2026/07/31 19:38:27.962, 51.64, 250.00, 0, 1410, 1215, 44, P0
2026/07/31 19:38:28.162, 51.40, 250.00, 0, 1410, 1215, 44, P0
2026/07/31 19:38:28.363, 51.42, 250.00, 0, 1410, 1215, 44, P0
2026/07/31 19:38:28.563, 51.35, 250.00, 0, 1410, 1215, 44, P0
2026/07/31 19:38:28.763, 51.35, 250.00, 0, 1410, 1215, 44, P0
2026/07/31 19:38:28.964, 41.13, 250.00, 0, 1140, 1215, 44, P0
2026/07/31 19:38:29.164, 39.16, 250.00, 3, 1140, 1215, 44, P0
2026/07/31 19:38:29.365, 37.65, 250.00, 1, 1140, 1215, 44, P0
2026/07/31 19:38:29.565, 67.77, 250.00, 15, 1140, 1215, 44, P0
2026/07/31 19:38:29.766, 202.97, 250.00, 63, 1410, 1215, 47, P0
2026/07/31 19:38:29.966, 51.72, 250.00, 44, 1410, 1215, 45, P0
2026/07/31 19:38:30.167, 51.29, 250.00, 0, 1410, 1215, 44, P0
2026/07/31 19:38:30.367, 51.28, 250.00, 0, 1410, 1215, 44, P0
2026/07/31 19:38:30.568, 51.18, 250.00, 0, 1410, 1215, 44, P0
2026/07/31 19:38:30.768, 51.18, 250.00, 0, 1410, 1215, 44, P0
2026/07/31 19:38:30.968, 51.15, 250.00, 0, 1410, 1215, 44, P0
2026/07/31 19:38:31.169, 51.08, 250.00, 0, 1410, 1215, 44, P0
2026/07/31 19:38:31.369, 50.99, 250.00, 0, 1410, 1215, 44, P0
2026/07/31 19:38:31.569, 51.97, 250.00, 0, 1410, 1215, 44, P0
2026/07/31 19:38:31.770, 40.88, 250.00, 0, 1140, 1215, 44, P0
2026/07/31 19:38:31.970, 37.69, 250.00, 0, 1140, 1215, 44, P0
2026/07/31 19:38:32.171, 37.62, 250.00, 0, 1140, 1215, 43, P0
2026/07/31 19:38:32.371, 37.52, 250.00, 0, 1140, 1215, 43, P0
2026/07/31 19:38:32.572, 37.52, 250.00, 0, 1140, 1215, 43, P0
2026/07/31 19:38:32.772, 37.52, 250.00, 0, 1140, 1215, 43, P0
2026/07/31 19:38:32.972, 37.62, 250.00, 0, 1140, 1215, 43, P0
2026/07/31 19:38:33.173, 37.57, 250.00, 0, 1140, 1215, 43, P0
2026/07/31 19:38:33.373, 37.42, 250.00, 0, 1140, 1215, 43, P0
2026/07/31 19:38:33.574, 37.54, 250.00, 0, 1140, 1215, 43, P0
2026/07/31 19:38:33.774, 37.41, 250.00, 0, 1140, 1215, 43, P0
2026/07/31 19:38:33.975, 37.50, 250.00, 0, 1140, 1215, 43, P0
2026/07/31 19:38:34.175, 37.43, 250.00, 0, 1140, 1215, 43, P0
2026/07/31 19:38:34.375, 37.44, 250.00, 0, 1140, 1215, 43, P0
2026/07/31 19:38:34.576, 37.38, 250.00, 0, 1140, 1215, 43, P0
2026/07/31 19:38:34.776, 37.47, 250.00, 0, 1140, 1215, 43, P0
2026/07/31 19:38:34.977, 37.50, 250.00, 0, 1140, 1215, 43, P0
2026/07/31 19:38:35.177, 37.42, 250.00, 0, 1140, 1215, 43, P0
2026/07/31 19:38:35.377, 37.45, 250.00, 0, 1140, 1215, 43, P0
2026/07/31 19:38:35.578, 37.45, 250.00, 0, 1140, 1215, 43, P0
2026/07/31 19:38:35.778, 37.46, 250.00, 0, 1140, 1215, 43, P0
2026/07/31 19:38:35.979, 37.44, 250.00, 0, 1140, 1215, 43, P0
2026/07/31 19:38:36.179, 37.42, 250.00, 0, 1140, 1215, 43, P0
2026/07/31 19:38:36.383, 37.42, 250.00, 0, 1140, 1215, 43, P0
2026/07/31 19:38:36.584, 37.30, 250.00, 0, 1140, 1215, 43, P0
2026/07/31 19:38:36.785, 37.24, 250.00, 0, 1140, 1215, 43, P0
2026/07/31 19:38:36.985, 37.33, 250.00, 0, 1140, 1215, 43, P0
2026/07/31 19:38:37.185, 37.33, 250.00, 0, 1140, 1215, 43, P0
2026/07/31 19:38:37.386, 37.33, 250.00, 0, 1140, 1215, 43, P0
2026/07/31 19:38:37.586, 37.33, 250.00, 0, 1140, 1215, 43, P0
2026/07/31 19:38:37.787, 37.34, 250.00, 0, 1140, 1215, 43, P0
2026/07/31 19:38:37.987, 37.30, 250.00, 0, 1140, 1215, 43, P0
2026/07/31 19:38:38.188, 37.23, 250.00, 0, 1140, 1215, 43, P0
2026/07/31 19:38:38.388, 37.35, 250.00, 0, 1140, 1215, 43, P0
2026/07/31 19:38:38.588, 37.37, 250.00, 0, 1140, 1215, 43, P0
2026/07/31 19:38:38.789, 37.26, 250.00, 0, 1140, 1215, 43, P0
2026/07/31 19:38:38.989, 37.33, 250.00, 0, 1140, 1215, 43, P0
2026/07/31 19:38:39.190, 37.33, 250.00, 0, 1140, 1215, 43, P0
2026/07/31 19:38:39.390, 37.28, 250.00, 0, 1140, 1215, 43, P0
2026/07/31 19:38:39.590, 37.25, 250.00, 0, 1140, 1215, 43, P0
2026/07/31 19:38:39.791, 37.37, 250.00, 0, 1140, 1215, 43, P0
2026/07/31 19:38:39.991, 37.33, 250.00, 0, 1140, 1215, 43, P0
2026/07/31 19:38:40.192, 37.28, 250.00, 0, 1140, 1215, 43, P0
2026/07/31 19:38:40.392, 37.22, 250.00, 0, 1140, 1215, 43, P0
2026/07/31 19:38:40.592, 37.33, 250.00, 0, 1140, 1215, 43, P0
2026/07/31 19:38:40.793, 37.16, 250.00, 0, 1140, 1215, 42, P0
2026/07/31 19:38:40.993, 37.21, 250.00, 0, 1140, 1215, 42, P0
2026/07/31 19:38:41.194, 37.23, 250.00, 0, 1140, 1215, 42, P0
2026/07/31 19:38:41.394, 37.32, 250.00, 0, 1140, 1215, 42, P0
2026/07/31 19:38:41.595, 37.24, 250.00, 0, 1140, 1215, 42, P0
2026/07/31 19:38:41.795, 37.33, 250.00, 0, 1140, 1215, 42, P0
2026/07/31 19:38:41.995, 37.23, 250.00, 0, 1140, 1215, 42, P0
2026/07/31 19:38:42.196, 37.24, 250.00, 0, 1140, 1215, 42, P0
2026/07/31 19:38:42.396, 37.25, 250.00, 0, 1140, 1215, 42, P0
2026/07/31 19:38:42.597, 37.17, 250.00, 0, 1140, 1215, 42, P0
2026/07/31 19:38:42.797, 37.28, 250.00, 0, 1140, 1215, 42, P0
2026/07/31 19:38:42.997, 37.23, 250.00, 0, 1140, 1215, 42, P0
2026/07/31 19:38:43.198, 37.27, 250.00, 0, 1140, 1215, 42, P0
2026/07/31 19:38:43.398, 37.25, 250.00, 0, 1140, 1215, 42, P0
2026/07/31 19:38:43.599, 37.22, 250.00, 0, 1140, 1215, 42, P0
2026/07/31 19:38:43.799, 37.23, 250.00, 0, 1140, 1215, 42, P0
2026/07/31 19:38:43.999, 37.23, 250.00, 0, 1140, 1215, 42, P0
2026/07/31 19:38:44.200, 37.22, 250.00, 0, 1140, 1215, 42, P0
2026/07/31 19:38:44.400, 37.23, 250.00, 0, 1140, 1215, 42, P0
2026/07/31 19:38:44.601, 37.24, 250.00, 0, 1140, 1215, 42, P0
2026/07/31 19:38:44.801, 37.23, 250.00, 0, 1140, 1215, 42, P0
2026/07/31 19:38:45.001, 37.11, 250.00, 0, 1140, 1215, 42, P0
2026/07/31 19:38:45.202, 37.23, 250.00, 0, 1140, 1215, 42, P0
2026/07/31 19:38:45.403, 37.13, 250.00, 0, 1140, 1215, 42, P0
2026/07/31 19:38:45.603, 37.23, 250.00, 0, 1140, 1215, 42, P0
2026/07/31 19:38:45.803, 37.12, 250.00, 0, 1140, 1215, 42, P0
2026/07/31 19:38:46.004, 37.33, 250.00, 0, 1140, 1215, 42, P0
2026/07/31 19:38:46.204, 37.23, 250.00, 0, 1140, 1215, 42, P0
2026/07/31 19:38:46.405, 37.45, 250.00, 0, 1140, 1215, 42, P0
2026/07/31 19:38:46.605, 37.46, 250.00, 0, 1140, 1215, 42, P0
2026/07/31 19:38:46.805, 37.45, 250.00, 0, 1140, 1215, 42, P0
2026/07/31 19:38:47.006, 37.41, 250.00, 0, 1140, 1215, 42, P0
2026/07/31 19:38:47.206, 37.45, 250.00, 0, 1140, 1215, 42, P0
2026/07/31 19:38:47.407, 37.45, 250.00, 0, 1140, 1215, 42, P0
2026/07/31 19:38:47.607, 37.43, 250.00, 0, 1140, 1215, 42, P0
2026/07/31 19:38:47.808, 37.35, 250.00, 0, 1140, 1215, 42, P0
2026/07/31 19:38:48.008, 37.35, 250.00, 0, 1140, 1215, 42, P0
2026/07/31 19:38:48.208, 37.26, 250.00, 0, 1140, 1215, 42, P0
2026/07/31 19:38:48.409, 37.22, 250.00, 0, 1140, 1215, 42, P0
2026/07/31 19:38:48.609, 37.33, 250.00, 0, 1140, 1215, 42, P0
2026/07/31 19:38:48.810, 37.28, 250.00, 0, 1140, 1215, 42, P0
2026/07/31 19:38:49.010, 37.23, 250.00, 0, 1140, 1215, 42, P0
2026/07/31 19:38:49.210, 37.23, 250.00, 0, 1140, 1215, 42, P0
2026/07/31 19:38:49.411, 37.23, 250.00, 0, 1140, 1215, 42, P0
2026/07/31 19:38:49.611, 37.23, 250.00, 0, 1140, 1215, 42, P0
2026/07/31 19:38:49.811, 37.21, 250.00, 0, 1140, 1215, 42, P0
2026/07/31 19:38:50.012, 37.21, 250.00, 0, 1140, 1215, 42, P0
2026/07/31 19:38:50.212, 37.23, 250.00, 0, 1140, 1215, 42, P0
2026/07/31 19:38:50.413, 37.27, 250.00, 0, 1140, 1215, 42, P0
2026/07/31 19:38:50.613, 37.18, 250.00, 0, 1140, 1215, 42, P0
2026/07/31 19:38:50.813, 37.25, 250.00, 0, 1140, 1215, 42, P0
2026/07/31 19:38:51.014, 37.14, 250.00, 0, 1140, 1215, 42, P0
2026/07/31 19:38:51.214, 37.16, 250.00, 0, 1140, 1215, 42, P0
2026/07/31 19:38:51.415, 37.07, 250.00, 0, 1140, 1215, 42, P0
2026/07/31 19:38:51.615, 37.05, 250.00, 0, 1140, 1215, 42, P0
2026/07/31 19:38:51.816, 37.00, 250.00, 0, 1140, 1215, 42, P0
2026/07/31 19:38:52.016, 37.13, 250.00, 0, 1140, 1215, 42, P0
2026/07/31 19:38:52.216, 37.06, 250.00, 0, 1140, 1215, 42, P0
2026/07/31 19:38:52.417, 37.13, 250.00, 0, 1140, 1215, 42, P0
2026/07/31 19:38:52.617, 56.67, 250.00, 0, 1140, 1215, 45, P0
2026/07/31 19:38:52.818, 178.87, 250.00, 0, 1335, 1215, 48, P0
2026/07/31 19:38:53.018, 245.14, 250.00, 89, 1365, 1215, 50, P0
2026/07/31 19:38:53.219, 251.61, 250.00, 100, 1320, 1215, 53, P0
2026/07/31 19:38:53.420, 250.95, 250.00, 94, 1320, 1215, 54, P0
2026/07/31 19:38:53.620, 254.70, 250.00, 100, 1320, 1215, 54, P0
2026/07/31 19:38:53.820, 244.48, 250.00, 91, 1320, 1215, 54, P0
2026/07/31 19:38:54.021, 252.94, 250.00, 100, 1305, 1215, 55, P0
2026/07/31 19:38:54.221, 253.43, 250.00, 96, 1305, 1215, 55, P0
2026/07/31 19:38:54.422, 207.05, 250.00, 100, 1410, 1215, 52, P0
2026/07/31 19:38:54.622, 211.73, 250.00, 82, 1410, 1215, 51, P0
2026/07/31 19:38:54.823, 211.56, 250.00, 100, 1410, 1215, 51, P0
2026/07/31 19:38:55.023, 214.88, 250.00, 100, 1410, 1215, 51, P0
2026/07/31 19:38:55.224, 211.00, 250.00, 100, 1410, 1215, 51, P0
2026/07/31 19:38:55.424, 211.79, 250.00, 100, 1410, 1215, 51, P0
2026/07/31 19:38:55.625, 216.07, 250.00, 100, 1410, 1215, 51, P0
2026/07/31 19:38:55.825, 211.33, 250.00, 100, 1410, 1215, 51, P0
2026/07/31 19:38:56.026, 213.17, 250.00, 100, 1410, 1215, 51, P0
2026/07/31 19:38:56.226, 216.17, 250.00, 100, 1410, 1215, 51, P0
2026/07/31 19:38:56.427, 212.53, 250.00, 100, 1410, 1215, 51, P0
2026/07/31 19:38:56.627, 213.60, 250.00, 100, 1410, 1215, 52, P0
2026/07/31 19:38:56.828, 217.00, 250.00, 100, 1410, 1215, 52, P0
2026/07/31 19:38:57.028, 211.70, 250.00, 100, 1410, 1215, 52, P0
2026/07/31 19:38:57.229, 214.03, 250.00, 100, 1410, 1215, 52, P0
2026/07/31 19:38:57.429, 218.30, 250.00, 100, 1410, 1215, 52, P0
2026/07/31 19:38:57.630, 212.06, 250.00, 100, 1410, 1215, 52, P0
2026/07/31 19:38:57.830, 213.87, 250.00, 100, 1410, 1215, 52, P0
2026/07/31 19:38:58.031, 216.38, 250.00, 100, 1410, 1215, 52, P0
2026/07/31 19:38:58.231, 212.52, 250.00, 100, 1410, 1215, 52, P0
2026/07/31 19:38:58.432, 214.51, 250.00, 100, 1410, 1215, 52, P0
2026/07/31 19:38:58.632, 218.14, 250.00, 100, 1410, 1215, 53, P0
2026/07/31 19:38:58.833, 213.00, 250.00, 100, 1410, 1215, 53, P0
2026/07/31 19:38:59.033, 214.26, 250.00, 100, 1410, 1215, 53, P0
2026/07/31 19:38:59.234, 217.65, 250.00, 100, 1410, 1215, 53, P0
2026/07/31 19:38:59.434, 212.99, 250.00, 100, 1410, 1215, 53, P0
2026/07/31 19:38:59.635, 216.16, 250.00, 100, 1410, 1215, 53, P0
2026/07/31 19:38:59.835, 219.89, 250.00, 100, 1410, 1215, 53, P0
2026/07/31 19:39:00.036, 213.76, 250.00, 100, 1410, 1215, 53, P0
2026/07/31 19:39:00.236, 215.06, 250.00, 100, 1410, 1215, 53, P0
2026/07/31 19:39:00.437, 217.03, 250.00, 100, 1410, 1215, 53, P0
2026/07/31 19:39:00.637, 214.15, 250.00, 100, 1410, 1215, 53, P0
2026/07/31 19:39:00.838, 215.95, 250.00, 100, 1410, 1215, 53, P0
2026/07/31 19:39:01.039, 213.76, 250.00, 100, 1410, 1215, 54, P0
2026/07/31 19:39:01.239, 214.06, 250.00, 100, 1410, 1215, 54, P0
2026/07/31 19:39:01.440, 217.18, 250.00, 100, 1410, 1215, 54, P0
2026/07/31 19:39:01.640, 213.71, 250.00, 100, 1410, 1215, 54, P0
2026/07/31 19:39:01.841, 214.64, 250.00, 100, 1410, 1215, 54, P0
2026/07/31 19:39:02.041, 217.79, 250.00, 100, 1410, 1215, 54, P0
2026/07/31 19:39:02.242, 213.71, 250.00, 100, 1410, 1215, 54, P0
2026/07/31 19:39:02.442, 214.93, 250.00, 100, 1410, 1215, 54, P0
2026/07/31 19:39:02.643, 216.97, 250.00, 100, 1410, 1215, 54, P0
2026/07/31 19:39:02.843, 213.72, 250.00, 100, 1410, 1215, 54, P0
2026/07/31 19:39:03.044, 215.41, 250.00, 100, 1410, 1215, 54, P0
2026/07/31 19:39:03.244, 217.87, 250.00, 100, 1410, 1215, 54, P0
2026/07/31 19:39:03.445, 218.92, 250.00, 100, 1410, 1215, 55, P0
2026/07/31 19:39:03.645, 214.59, 250.00, 100, 1410, 1215, 55, P0
2026/07/31 19:39:03.846, 216.63, 250.00, 100, 1410, 1215, 55, P0
2026/07/31 19:39:04.046, 214.01, 250.00, 100, 1410, 1215, 55, P0
2026/07/31 19:39:04.247, 215.11, 250.00, 100, 1410, 1215, 55, P0
2026/07/31 19:39:04.447, 218.00, 250.00, 100, 1410, 1215, 55, P0
2026/07/31 19:39:04.648, 214.59, 250.00, 100, 1410, 1215, 55, P0
2026/07/31 19:39:04.848, 215.58, 250.00, 100, 1410, 1215, 55, P0
2026/07/31 19:39:05.049, 218.73, 250.00, 100, 1410, 1215, 55, P0
2026/07/31 19:39:05.250, 214.99, 250.00, 100, 1410, 1215, 55, P0
2026/07/31 19:39:05.450, 216.70, 250.00, 100, 1410, 1215, 55, P0
2026/07/31 19:39:05.651, 218.69, 250.00, 100, 1410, 1215, 55, P0
2026/07/31 19:39:05.851, 214.78, 250.00, 100, 1410, 1215, 55, P0
2026/07/31 19:39:06.052, 216.19, 250.00, 100, 1410, 1215, 55, P0
2026/07/31 19:39:06.259, 219.30, 250.00, 100, 1410, 1215, 56, P0
2026/07/31 19:39:06.460, 215.65, 250.00, 100, 1410, 1215, 56, P0
2026/07/31 19:39:06.660, 216.35, 250.00, 100, 1410, 1215, 56, P0
2026/07/31 19:39:06.860, 218.96, 250.00, 100, 1410, 1215, 56, P0
2026/07/31 19:39:07.061, 215.41, 250.00, 100, 1410, 1215, 56, P0
2026/07/31 19:39:07.262, 216.82, 250.00, 100, 1410, 1215, 56, P0
2026/07/31 19:39:07.462, 220.44, 250.00, 100, 1410, 1215, 56, P0
2026/07/31 19:39:07.663, 215.65, 250.00, 100, 1410, 1215, 56, P0
2026/07/31 19:39:07.863, 309.93, 250.00, 100, 1395, 1215, 60, P0
2026/07/31 19:39:08.064, 244.04, 250.00, 96, 1305, 1215, 60, P0
2026/07/31 19:39:08.264, 254.88, 250.00, 100, 1350, 1215, 61, P0
2026/07/31 19:39:08.465, 256.30, 250.00, 97, 1305, 1215, 61, P0
2026/07/31 19:39:08.665, 251.70, 250.00, 100, 1260, 1215, 60, P0
2026/07/31 19:39:08.866, 228.30, 250.00, 96, 1290, 1215, 61, P0
2026/07/31 19:39:09.066, 251.50, 250.00, 100, 1305, 1215, 62, P0
2026/07/31 19:39:09.267, 250.90, 250.00, 100, 1305, 1215, 62, P0
2026/07/31 19:39:09.467, 251.39, 250.00, 97, 1305, 1215, 62, P0
2026/07/31 19:39:09.668, 219.34, 250.00, 100, 1410, 1215, 59, P0
2026/07/31 19:39:09.870, 219.39, 250.00, 100, 1410, 1215, 58, P0
2026/07/31 19:39:10.070, 221.07, 250.00, 100, 1410, 1215, 58, P0
2026/07/31 19:39:10.271, 224.13, 250.00, 100, 1410, 1215, 58, P0
2026/07/31 19:39:10.471, 219.30, 250.00, 100, 1410, 1215, 58, P0
2026/07/31 19:39:10.672, 220.45, 250.00, 100, 1410, 1215, 58, P0
2026/07/31 19:39:10.872, 224.50, 250.00, 100, 1410, 1215, 58, P0
2026/07/31 19:39:11.073, 218.89, 250.00, 100, 1410, 1215, 58, P0
2026/07/31 19:39:11.273, 220.43, 250.00, 100, 1410, 1215, 58, P0
2026/07/31 19:39:11.474, 222.67, 250.00, 100, 1410, 1215, 58, P0
2026/07/31 19:39:11.674, 219.08, 250.00, 100, 1410, 1215, 58, P0
2026/07/31 19:39:11.875, 220.41, 250.00, 100, 1410, 1215, 58, P0
2026/07/31 19:39:12.076, 222.82, 250.00, 100, 1410, 1215, 58, P0
2026/07/31 19:39:12.276, 219.39, 250.00, 100, 1410, 1215, 58, P0
2026/07/31 19:39:12.477, 221.36, 250.00, 100, 1410, 1215, 58, P0
2026/07/31 19:39:12.677, 223.38, 250.00, 100, 1410, 1215, 58, P0
2026/07/31 19:39:12.878, 220.37, 250.00, 100, 1410, 1215, 58, P0
2026/07/31 19:39:13.078, 221.49, 250.00, 100, 1410, 1215, 58, P0
2026/07/31 19:39:13.279, 224.95, 250.00, 100, 1410, 1215, 58, P0
2026/07/31 19:39:13.479, 219.40, 250.00, 100, 1410, 1215, 58, P0
2026/07/31 19:39:13.680, 221.57, 250.00, 100, 1410, 1215, 58, P0
2026/07/31 19:39:13.880, 224.40, 250.00, 100, 1410, 1215, 58, P0
2026/07/31 19:39:14.081, 220.38, 250.00, 100, 1410, 1215, 58, P0
2026/07/31 19:39:14.281, 220.90, 250.00, 100, 1410, 1215, 58, P0
2026/07/31 19:39:14.482, 224.47, 250.00, 100, 1410, 1215, 58, P0
2026/07/31 19:39:14.682, 220.52, 250.00, 100, 1410, 1215, 58, P0
2026/07/31 19:39:14.883, 221.91, 250.00, 100, 1410, 1215, 59, P0
2026/07/31 19:39:15.083, 225.48, 250.00, 100, 1410, 1215, 59, P0
2026/07/31 19:39:15.284, 219.77, 250.00, 100, 1410, 1215, 59, P0
2026/07/31 19:39:15.484, 222.81, 250.00, 100, 1410, 1215, 59, P0
2026/07/31 19:39:15.686, 226.71, 250.00, 100, 1410, 1215, 59, P0
2026/07/31 19:39:15.890, 221.13, 250.00, 100, 1410, 1215, 59, P0
2026/07/31 19:39:16.091, 224.56, 250.00, 100, 1410, 1215, 59, P0
2026/07/31 19:39:16.293, 220.34, 250.00, 100, 1410, 1215, 59, P0
2026/07/31 19:39:16.494, 222.06, 250.00, 100, 1410, 1215, 59, P0
2026/07/31 19:39:16.694, 224.88, 250.00, 100, 1410, 1215, 59, P0
2026/07/31 19:39:16.895, 220.11, 250.00, 100, 1410, 1215, 59, P0
2026/07/31 19:39:17.095, 222.10, 250.00, 100, 1410, 1215, 59, P0
2026/07/31 19:39:17.296, 225.33, 250.00, 100, 1410, 1215, 59, P0
2026/07/31 19:39:17.497, 220.37, 250.00, 100, 1410, 1215, 59, P0
2026/07/31 19:39:17.698, 223.11, 250.00, 100, 1410, 1215, 59, P0
2026/07/31 19:39:17.898, 225.97, 250.00, 100, 1410, 1215, 59, P0
2026/07/31 19:39:18.099, 221.23, 250.00, 100, 1410, 1215, 59, P0
2026/07/31 19:39:18.299, 223.44, 250.00, 100, 1410, 1215, 59, P0
2026/07/31 19:39:18.500, 226.66, 250.00, 100, 1410, 1215, 60, P0
2026/07/31 19:39:18.700, 221.23, 250.00, 100, 1410, 1215, 59, P0
2026/07/31 19:39:18.901, 222.81, 250.00, 100, 1410, 1215, 60, P0
2026/07/31 19:39:19.101, 227.87, 250.00, 100, 1410, 1215, 60, P0
2026/07/31 19:39:19.302, 222.04, 250.00, 100, 1410, 1215, 60, P0
2026/07/31 19:39:19.502, 222.30, 250.00, 100, 1410, 1215, 60, P0
2026/07/31 19:39:19.703, 224.67, 250.00, 100, 1410, 1215, 60, P0
2026/07/31 19:39:19.904, 221.34, 250.00, 100, 1410, 1215, 60, P0
2026/07/31 19:39:20.104, 223.08, 250.00, 100, 1410, 1215, 60, P0
2026/07/31 19:39:20.305, 226.69, 250.00, 100, 1410, 1215, 60, P0
2026/07/31 19:39:20.505, 222.10, 250.00, 100, 1410, 1215, 60, P0
2026/07/31 19:39:20.706, 223.02, 250.00, 100, 1410, 1215, 60, P0
2026/07/31 19:39:20.906, 225.76, 250.00, 100, 1410, 1215, 60, P0
2026/07/31 19:39:21.107, 222.06, 250.00, 100, 1410, 1215, 60, P0
2026/07/31 19:39:21.307, 223.34, 250.00, 100, 1410, 1215, 60, P0
2026/07/31 19:39:21.508, 227.90, 250.00, 100, 1410, 1215, 60, P0
2026/07/31 19:39:21.708, 222.50, 250.00, 100, 1410, 1215, 60, P0
2026/07/31 19:39:21.909, 223.93, 250.00, 100, 1410, 1215, 60, P0
2026/07/31 19:39:22.109, 227.06, 250.00, 100, 1410, 1215, 60, P0
2026/07/31 19:39:22.310, 221.92, 250.00, 100, 1410, 1215, 60, P0
2026/07/31 19:39:22.510, 223.81, 250.00, 100, 1410, 1215, 60, P0
2026/07/31 19:39:22.711, 225.35, 250.00, 100, 1410, 1215, 61, P0
2026/07/31 19:39:22.911, 223.07, 250.00, 96, 1410, 1215, 61, P0
2026/07/31 19:39:23.112, 291.54, 250.00, 96, 1290, 1215, 64, P0
2026/07/31 19:39:23.348, 251.43, 250.00, 100, 1290, 1215, 65, P0
2026/07/31 19:39:23.549, 251.57, 250.00, 96, 1290, 1215, 65, P0
2026/07/31 19:39:23.749, 251.40, 250.00, 100, 1290, 1215, 66, P0
2026/07/31 19:39:23.949, 244.84, 250.00, 100, 1290, 1215, 65, P0
2026/07/31 19:39:24.150, 252.17, 250.00, 95, 1290, 1215, 66, P0
2026/07/31 19:39:24.350, 262.54, 250.00, 100, 1290, 1215, 66, P0
2026/07/31 19:39:24.551, 254.22, 250.00, 96, 1290, 1215, 66, P0
2026/07/31 19:39:24.751, 203.27, 250.00, 100, 1395, 1215, 63, P0
2026/07/31 19:39:24.952, 226.24, 250.00, 100, 1410, 1215, 62, P0
2026/07/31 19:39:25.152, 223.30, 250.00, 100, 1410, 1215, 62, P0
2026/07/31 19:39:25.353, 223.44, 250.00, 100, 1410, 1215, 62, P0
2026/07/31 19:39:25.553, 226.10, 250.00, 100, 1410, 1215, 62, P0
2026/07/31 19:39:25.754, 223.86, 250.00, 100, 1410, 1215, 62, P0
2026/07/31 19:39:25.954, 223.02, 250.00, 100, 1410, 1215, 62, P0
2026/07/31 19:39:26.155, 225.24, 250.00, 100, 1410, 1215, 62, P0
2026/07/31 19:39:26.356, 223.06, 250.00, 100, 1410, 1215, 62, P0
2026/07/31 19:39:26.556, 223.75, 250.00, 100, 1410, 1215, 62, P0
2026/07/31 19:39:26.757, 225.39, 250.00, 100, 1410, 1215, 62, P0
2026/07/31 19:39:26.957, 222.91, 250.00, 100, 1410, 1215, 62, P0
2026/07/31 19:39:27.157, 223.62, 250.00, 100, 1410, 1215, 62, P0
2026/07/31 19:39:27.358, 225.96, 250.00, 100, 1410, 1215, 62, P0
2026/07/31 19:39:27.559, 222.38, 250.00, 100, 1410, 1215, 62, P0
2026/07/31 19:39:27.759, 224.38, 250.00, 100, 1410, 1215, 62, P0
2026/07/31 19:39:27.960, 227.07, 250.00, 100, 1410, 1215, 62, P0
2026/07/31 19:39:28.160, 222.57, 250.00, 100, 1410, 1215, 62, P0
2026/07/31 19:39:28.361, 224.22, 250.00, 100, 1410, 1215, 62, P0
2026/07/31 19:39:28.561, 225.82, 250.00, 100, 1410, 1215, 62, P0
2026/07/31 19:39:28.762, 223.06, 250.00, 100, 1410, 1215, 62, P0
2026/07/31 19:39:28.962, 225.03, 250.00, 100, 1410, 1215, 62, P0
2026/07/31 19:39:29.163, 227.07, 250.00, 100, 1410, 1215, 62, P0
2026/07/31 19:39:29.363, 223.19, 250.00, 100, 1410, 1215, 62, P0
2026/07/31 19:39:29.564, 224.65, 250.00, 100, 1410, 1215, 62, P0
2026/07/31 19:39:29.764, 226.35, 250.00, 100, 1410, 1215, 62, P0
2026/07/31 19:39:29.965, 223.75, 250.00, 100, 1410, 1215, 62, P0
2026/07/31 19:39:30.165, 224.92, 250.00, 100, 1410, 1215, 62, P0
2026/07/31 19:39:30.366, 228.72, 250.00, 100, 1410, 1215, 62, P0
2026/07/31 19:39:30.567, 223.77, 250.00, 100, 1410, 1215, 62, P0
2026/07/31 19:39:30.767, 225.57, 250.00, 100, 1410, 1215, 62, P0
2026/07/31 19:39:30.968, 229.10, 250.00, 100, 1410, 1215, 62, P0
2026/07/31 19:39:31.168, 223.59, 250.00, 100, 1410, 1215, 63, P0
2026/07/31 19:39:31.369, 225.71, 250.00, 100, 1410, 1215, 63, P0
2026/07/31 19:39:31.570, 230.20, 250.00, 100, 1410, 1215, 63, P0
2026/07/31 19:39:31.770, 224.39, 250.00, 100, 1410, 1215, 63, P0
2026/07/31 19:39:31.971, 226.08, 250.00, 100, 1410, 1215, 63, P0
2026/07/31 19:39:32.171, 230.54, 250.00, 100, 1410, 1215, 63, P0
2026/07/31 19:39:32.372, 224.80, 250.00, 100, 1410, 1215, 63, P0
2026/07/31 19:39:32.572, 226.32, 250.00, 100, 1410, 1215, 63, P0
2026/07/31 19:39:32.773, 227.47, 250.00, 100, 1410, 1215, 63, P0
2026/07/31 19:39:32.974, 224.98, 250.00, 100, 1410, 1215, 63, P0
2026/07/31 19:39:33.174, 226.68, 250.00, 100, 1410, 1215, 63, P0
2026/07/31 19:39:33.375, 223.63, 250.00, 100, 1410, 1215, 63, P0
2026/07/31 19:39:33.575, 224.13, 250.00, 100, 1410, 1215, 63, P0
2026/07/31 19:39:33.776, 227.45, 250.00, 100, 1410, 1215, 63, P0
2026/07/31 19:39:33.976, 224.23, 250.00, 100, 1410, 1215, 63, P0
2026/07/31 19:39:34.177, 224.86, 250.00, 100, 1410, 1215, 63, P0
2026/07/31 19:39:34.377, 228.20, 250.00, 100, 1410, 1215, 63, P0
2026/07/31 19:39:34.578, 224.16, 250.00, 100, 1410, 1215, 63, P0
2026/07/31 19:39:34.778, 224.94, 250.00, 100, 1410, 1215, 63, P0
2026/07/31 19:39:34.979, 228.41, 250.00, 100, 1410, 1215, 63, P0
2026/07/31 19:39:35.179, 224.91, 250.00, 100, 1410, 1215, 63, P0
2026/07/31 19:39:35.380, 226.62, 250.00, 100, 1410, 1215, 63, P0
2026/07/31 19:39:35.581, 230.00, 250.00, 100, 1410, 1215, 63, P0
2026/07/31 19:39:35.781, 225.16, 250.00, 100, 1410, 1215, 63, P0
2026/07/31 19:39:35.982, 225.47, 250.00, 100, 1410, 1215, 63, P0
2026/07/31 19:39:36.182, 228.18, 250.00, 100, 1410, 1215, 64, P0
2026/07/31 19:39:36.383, 224.60, 250.00, 100, 1410, 1215, 64, P0
2026/07/31 19:39:36.583, 225.81, 250.00, 100, 1410, 1215, 64, P0
2026/07/31 19:39:36.784, 228.54, 250.00, 100, 1410, 1215, 64, P0
2026/07/31 19:39:36.984, 225.04, 250.00, 100, 1410, 1215, 64, P0
2026/07/31 19:39:37.185, 225.97, 250.00, 100, 1410, 1215, 64, P0
2026/07/31 19:39:37.385, 229.26, 250.00, 100, 1410, 1215, 64, P0
2026/07/31 19:39:37.586, 225.52, 250.00, 100, 1410, 1215, 64, P0
2026/07/31 19:39:37.786, 226.85, 250.00, 100, 1410, 1215, 64, P0
2026/07/31 19:39:37.987, 228.60, 250.00, 100, 1410, 1215, 64, P0
2026/07/31 19:39:38.187, 225.87, 250.00, 100, 1350, 1215, 66, P0
2026/07/31 19:39:38.388, 239.54, 250.00, 94, 1290, 1215, 68, P0
2026/07/31 19:39:38.589, 252.06, 250.00, 100, 1275, 1215, 68, P0
2026/07/31 19:39:38.792, 255.02, 250.00, 96, 1290, 1215, 69, P0
2026/07/31 19:39:38.993, 186.33, 250.00, 100, 1275, 1215, 69, P0
2026/07/31 19:39:39.195, 245.19, 250.00, 97, 1290, 1215, 69, P0
2026/07/31 19:39:39.395, 250.82, 250.00, 100, 1335, 1215, 69, P0
2026/07/31 19:39:39.598, 247.69, 250.00, 96, 1275, 1215, 69, P0
2026/07/31 19:39:39.799, 245.49, 250.00, 100, 1320, 1215, 68, P0
2026/07/31 19:39:39.999, 218.11, 250.00, 100, 1410, 1215, 65, P0
2026/07/31 19:39:40.200, 226.88, 250.00, 100, 1410, 1215, 65, P0
2026/07/31 19:39:40.450, 229.10, 250.00, 100, 1410, 1215, 65, P0
2026/07/31 19:39:40.650, 231.86, 250.00, 100, 1410, 1215, 65, P0
2026/07/31 19:39:40.851, 226.73, 250.00, 100, 1410, 1215, 65, P0
2026/07/31 19:39:41.051, 227.66, 250.00, 100, 1410, 1215, 65, P0
2026/07/31 19:39:41.252, 233.17, 250.00, 100, 1410, 1215, 65, P0
2026/07/31 19:39:41.452, 226.52, 250.00, 100, 1410, 1215, 65, P0
2026/07/31 19:39:41.653, 228.88, 250.00, 100, 1410, 1215, 65, P0
2026/07/31 19:39:41.853, 230.23, 250.00, 100, 1410, 1215, 65, P0
2026/07/31 19:39:42.054, 226.62, 250.00, 100, 1410, 1215, 65, P0
2026/07/31 19:39:42.255, 229.16, 250.00, 100, 1410, 1215, 65, P0
2026/07/31 19:39:42.455, 232.19, 250.00, 100, 1410, 1215, 65, P0
2026/07/31 19:39:42.656, 226.79, 250.00, 100, 1410, 1215, 65, P0
2026/07/31 19:39:42.856, 229.49, 250.00, 100, 1410, 1215, 65, P0
2026/07/31 19:39:43.057, 230.23, 250.00, 100, 1410, 1215, 65, P0
2026/07/31 19:39:43.257, 226.56, 250.00, 100, 1410, 1215, 65, P0
2026/07/31 19:39:43.458, 228.41, 250.00, 100, 1410, 1215, 65, P0
2026/07/31 19:39:43.658, 228.46, 250.00, 100, 1410, 1215, 65, P0
2026/07/31 19:39:43.859, 226.85, 250.00, 100, 1410, 1215, 65, P0
2026/07/31 19:39:44.059, 228.80, 250.00, 100, 1410, 1215, 65, P0
2026/07/31 19:39:44.260, 226.86, 250.00, 100, 1410, 1215, 65, P0
2026/07/31 19:39:44.461, 227.35, 250.00, 100, 1410, 1215, 65, P0
2026/07/31 19:39:44.661, 229.56, 250.00, 100, 1410, 1215, 65, P0
2026/07/31 19:39:44.862, 226.08, 250.00, 100, 1410, 1215, 65, P0
2026/07/31 19:39:45.062, 227.74, 250.00, 100, 1410, 1215, 65, P0
2026/07/31 19:39:45.263, 230.43, 250.00, 100, 1410, 1215, 65, P0
2026/07/31 19:39:45.463, 226.46, 250.00, 100, 1410, 1215, 65, P0
2026/07/31 19:39:45.664, 227.71, 250.00, 100, 1410, 1215, 65, P0
2026/07/31 19:39:45.864, 229.46, 250.00, 100, 1410, 1215, 65, P0
2026/07/31 19:39:46.065, 226.66, 250.00, 100, 1410, 1215, 65, P0
2026/07/31 19:39:46.265, 228.28, 250.00, 100, 1410, 1215, 65, P0
2026/07/31 19:39:46.466, 231.22, 250.00, 100, 1410, 1215, 65, P0
2026/07/31 19:39:46.666, 226.98, 250.00, 100, 1410, 1215, 65, P0
2026/07/31 19:39:46.867, 228.02, 250.00, 100, 1410, 1215, 65, P0
2026/07/31 19:39:47.068, 230.84, 250.00, 100, 1410, 1215, 65, P0
2026/07/31 19:39:47.268, 227.15, 250.00, 100, 1410, 1215, 66, P0
2026/07/31 19:39:47.469, 228.30, 250.00, 100, 1410, 1215, 66, P0
2026/07/31 19:39:47.669, 231.94, 250.00, 100, 1410, 1215, 66, P0
2026/07/31 19:39:47.870, 227.38, 250.00, 100, 1410, 1215, 66, P0
2026/07/31 19:39:48.071, 228.70, 250.00, 100, 1410, 1215, 66, P0
2026/07/31 19:39:48.271, 232.49, 250.00, 100, 1410, 1215, 66, P0
2026/07/31 19:39:48.472, 227.88, 250.00, 100, 1410, 1215, 66, P0
2026/07/31 19:39:48.672, 229.94, 250.00, 100, 1410, 1215, 66, P0
2026/07/31 19:39:48.873, 233.09, 250.00, 100, 1410, 1215, 66, P0
2026/07/31 19:39:49.073, 227.79, 250.00, 100, 1410, 1215, 66, P0
2026/07/31 19:39:49.274, 229.14, 250.00, 100, 1410, 1215, 66, P0
2026/07/31 19:39:49.474, 232.79, 250.00, 100, 1410, 1215, 66, P0
2026/07/31 19:39:49.675, 228.47, 250.00, 100, 1410, 1215, 66, P0
2026/07/31 19:39:49.875, 231.03, 250.00, 100, 1410, 1215, 66, P0
2026/07/31 19:39:50.076, 231.03, 250.00, 100, 1410, 1215, 66, P0
2026/07/31 19:39:50.277, 228.00, 250.00, 100, 1410, 1215, 66, P0
2026/07/31 19:39:50.477, 230.74, 250.00, 100, 1410, 1215, 66, P0
2026/07/31 19:39:50.678, 227.77, 250.00, 100, 1410, 1215, 66, P0
2026/07/31 19:39:50.878, 228.75, 250.00, 100, 1410, 1215, 66, P0
2026/07/31 19:39:51.079, 230.44, 250.00, 100, 1410, 1215, 66, P0
2026/07/31 19:39:51.279, 227.77, 250.00, 100, 1410, 1215, 66, P0
2026/07/31 19:39:51.480, 229.11, 250.00, 100, 1410, 1215, 66, P0
2026/07/31 19:39:51.680, 231.46, 250.00, 100, 1410, 1215, 66, P0
2026/07/31 19:39:51.881, 227.88, 250.00, 100, 1410, 1215, 66, P0
2026/07/31 19:39:52.082, 229.73, 250.00, 100, 1410, 1215, 66, P0
2026/07/31 19:39:52.282, 232.16, 250.00, 100, 1410, 1215, 66, P0
2026/07/31 19:39:52.483, 227.90, 250.00, 100, 1410, 1215, 66, P0
2026/07/31 19:39:52.683, 229.04, 250.00, 100, 1410, 1215, 66, P0
2026/07/31 19:39:52.884, 231.40, 250.00, 100, 1410, 1215, 66, P0
2026/07/31 19:39:53.084, 227.83, 250.00, 100, 1410, 1215, 66, P0
2026/07/31 19:39:53.285, 228.01, 250.00, 100, 1410, 1215, 66, P0
2026/07/31 19:39:53.485, 260.79, 250.00, 95, 1275, 1215, 70, P0
2026/07/31 19:39:53.686, 254.40, 250.00, 100, 1275, 1215, 71, P0
2026/07/31 19:39:53.886, 265.80, 250.00, 96, 1290, 1215, 71, P0
2026/07/31 19:39:54.087, 241.74, 250.00, 100, 1275, 1215, 71, P0
2026/07/31 19:39:54.287, 254.65, 250.00, 100, 1275, 1215, 71, P0
2026/07/31 19:39:54.488, 254.35, 250.00, 97, 1290, 1215, 72, P0
2026/07/31 19:39:54.688, 230.34, 250.00, 100, 1290, 1215, 71, P0
2026/07/31 19:39:54.889, 242.50, 250.00, 96, 1275, 1215, 72, P0
2026/07/31 19:39:55.089, 250.30, 250.00, 100, 1380, 1215, 69, P0
2026/07/31 19:39:55.290, 225.48, 250.00, 100, 1410, 1215, 68, P0
2026/07/31 19:39:55.491, 229.08, 250.00, 100, 1410, 1215, 68, P0
2026/07/31 19:39:55.693, 229.27, 250.00, 100, 1410, 1215, 67, P0
2026/07/31 19:39:55.896, 230.53, 250.00, 100, 1410, 1215, 67, P0
2026/07/31 19:39:56.098, 233.84, 250.00, 100, 1410, 1215, 67, P0
2026/07/31 19:39:56.299, 229.24, 250.00, 100, 1410, 1215, 67, P0
2026/07/31 19:39:56.500, 230.13, 250.00, 100, 1410, 1215, 67, P0
2026/07/31 19:39:56.701, 231.70, 250.00, 100, 1410, 1215, 67, P0
2026/07/31 19:39:56.901, 228.44, 250.00, 100, 1410, 1215, 67, P0
2026/07/31 19:39:57.102, 230.06, 250.00, 100, 1410, 1215, 67, P0
2026/07/31 19:39:57.302, 232.33, 250.00, 100, 1410, 1215, 67, P0
2026/07/31 19:39:57.503, 228.46, 250.00, 100, 1410, 1215, 67, P0
2026/07/31 19:39:57.703, 230.25, 250.00, 100, 1410, 1215, 67, P0
2026/07/31 19:39:57.904, 231.96, 250.00, 100, 1410, 1215, 67, P0
2026/07/31 19:39:58.104, 229.01, 250.00, 100, 1410, 1215, 67, P0
2026/07/31 19:39:58.305, 230.30, 250.00, 100, 1410, 1215, 67, P0
2026/07/31 19:39:58.505, 234.22, 250.00, 100, 1410, 1215, 67, P0
2026/07/31 19:39:58.706, 229.15, 250.00, 100, 1410, 1215, 67, P0
2026/07/31 19:39:58.906, 230.90, 250.00, 100, 1410, 1215, 67, P0
2026/07/31 19:39:59.107, 233.20, 250.00, 100, 1410, 1215, 67, P0
2026/07/31 19:39:59.308, 228.70, 250.00, 100, 1410, 1215, 67, P0
2026/07/31 19:39:59.508, 230.55, 250.00, 100, 1410, 1215, 67, P0
2026/07/31 19:39:59.709, 233.35, 250.00, 100, 1410, 1215, 67, P0
2026/07/31 19:39:59.909, 229.59, 250.00, 100, 1410, 1215, 67, P0
2026/07/31 19:40:00.110, 230.41, 250.00, 100, 1410, 1215, 67, P0
2026/07/31 19:40:00.311, 233.15, 250.00, 100, 1410, 1215, 67, P0
2026/07/31 19:40:00.511, 229.61, 250.00, 100, 1410, 1215, 67, P0
2026/07/31 19:40:00.712, 231.25, 250.00, 100, 1410, 1215, 68, P0
2026/07/31 19:40:00.912, 233.88, 250.00, 100, 1410, 1215, 68, P0
2026/07/31 19:40:01.113, 229.36, 250.00, 100, 1410, 1215, 68, P0
2026/07/31 19:40:01.313, 231.25, 250.00, 100, 1410, 1215, 68, P0
2026/07/31 19:40:01.514, 234.44, 250.00, 100, 1410, 1215, 68, P0
2026/07/31 19:40:01.714, 229.42, 250.00, 100, 1410, 1215, 68, P0
2026/07/31 19:40:01.915, 231.82, 250.00, 100, 1410, 1215, 68, P0
2026/07/31 19:40:02.115, 235.32, 250.00, 100, 1410, 1215, 68, P0
2026/07/31 19:40:02.316, 230.11, 250.00, 100, 1410, 1215, 68, P0
2026/07/31 19:40:02.517, 232.19, 250.00, 100, 1410, 1215, 68, P0
2026/07/31 19:40:02.717, 229.43, 250.00, 100, 1410, 1215, 68, P0
2026/07/31 19:40:02.918, 230.27, 250.00, 100, 1410, 1215, 68, P0
2026/07/31 19:40:03.118, 233.20, 250.00, 100, 1410, 1215, 68, P0
2026/07/31 19:40:03.319, 229.66, 250.00, 100, 1410, 1215, 68, P0
2026/07/31 19:40:03.520, 231.43, 250.00, 100, 1410, 1215, 68, P0
2026/07/31 19:40:03.720, 234.36, 250.00, 100, 1410, 1215, 68, P0
2026/07/31 19:40:03.921, 229.36, 250.00, 100, 1410, 1215, 68, P0
2026/07/31 19:40:04.121, 231.18, 250.00, 100, 1410, 1215, 68, P0
2026/07/31 19:40:04.322, 235.08, 250.00, 100, 1410, 1215, 68, P0
2026/07/31 19:40:04.522, 230.21, 250.00, 100, 1410, 1215, 68, P0
2026/07/31 19:40:04.723, 231.34, 250.00, 100, 1410, 1215, 68, P0
2026/07/31 19:40:04.923, 234.15, 250.00, 100, 1410, 1215, 68, P0
2026/07/31 19:40:05.124, 230.38, 250.00, 100, 1410, 1215, 68, P0
2026/07/31 19:40:05.325, 232.15, 250.00, 100, 1410, 1215, 68, P0
2026/07/31 19:40:05.525, 234.95, 250.00, 100, 1410, 1215, 68, P0
2026/07/31 19:40:05.726, 230.21, 250.00, 100, 1410, 1215, 68, P0
2026/07/31 19:40:05.926, 231.45, 250.00, 100, 1410, 1215, 68, P0
2026/07/31 19:40:06.127, 235.40, 250.00, 100, 1410, 1215, 68, P0
2026/07/31 19:40:06.327, 230.23, 250.00, 100, 1410, 1215, 68, P0
2026/07/31 19:40:06.528, 232.40, 250.00, 100, 1410, 1215, 68, P0
2026/07/31 19:40:06.728, 230.66, 250.00, 100, 1410, 1215, 68, P0
2026/07/31 19:40:06.929, 230.26, 250.00, 100, 1410, 1215, 68, P0
2026/07/31 19:40:07.130, 233.77, 250.00, 100, 1410, 1215, 68, P0
2026/07/31 19:40:07.330, 229.64, 250.00, 100, 1410, 1215, 68, P0
2026/07/31 19:40:07.531, 230.54, 250.00, 100, 1410, 1215, 68, P0
2026/07/31 19:40:07.731, 233.15, 250.00, 100, 1410, 1215, 68, P0
2026/07/31 19:40:07.932, 230.19, 250.00, 100, 1410, 1215, 68, P0
2026/07/31 19:40:08.133, 231.49, 250.00, 100, 1410, 1215, 68, P0
2026/07/31 19:40:08.333, 235.46, 250.00, 100, 1410, 1215, 68, P0
2026/07/31 19:40:08.534, 65.48, 250.00, 100, 1410, 1215, 65, P0
2026/07/31 19:40:08.734, 63.67, 250.00, 19, 1410, 1215, 64, P0
2026/07/31 19:40:08.935, 63.11, 250.00, 0, 1410, 1215, 63, P0
2026/07/31 19:40:09.135, 62.63, 250.00, 0, 1410, 1215, 63, P0
2026/07/31 19:40:09.335, 62.27, 250.00, 0, 1410, 1215, 62, P0
2026/07/31 19:40:09.536, 62.40, 250.00, 0, 1410, 1215, 62, P0
2026/07/31 19:40:09.736, 61.94, 250.00, 0, 1410, 1215, 62, P0
2026/07/31 19:40:09.936, 61.69, 250.00, 0, 1410, 1215, 61, P0
2026/07/31 19:40:10.137, 61.76, 250.00, 0, 1410, 1215, 61, P0
2026/07/31 19:40:10.337, 46.25, 250.00, 0, 1140, 1215, 61, P0
2026/07/31 19:40:10.538, 44.73, 250.00, 0, 1140, 1215, 60, P0
2026/07/31 19:40:10.738, 44.73, 250.00, 0, 1140, 1215, 60, P0
2026/07/31 19:40:10.939, 44.48, 250.00, 0, 1140, 1215, 60, P0
2026/07/31 19:40:11.139, 44.31, 250.00, 0, 1140, 1215, 60, P0
2026/07/31 19:40:11.339, 44.19, 250.00, 0, 1140, 1215, 59, P0
2026/07/31 19:40:11.540, 44.19, 250.00, 0, 1140, 1215, 59, P0
2026/07/31 19:40:11.740, 44.01, 250.00, 0, 1140, 1215, 59, P0
2026/07/31 19:40:11.941, 43.91, 250.00, 0, 1140, 1215, 59, P0
2026/07/31 19:40:12.141, 44.19, 250.00, 0, 1140, 1215, 59, P0
2026/07/31 19:40:12.341, 43.70, 250.00, 0, 1140, 1215, 59, P0
2026/07/31 19:40:12.542, 43.71, 250.00, 0, 1140, 1215, 59, P0
2026/07/31 19:40:12.742, 43.61, 250.00, 0, 1140, 1215, 59, P0
2026/07/31 19:40:12.943, 43.54, 250.00, 0, 1140, 1215, 58, P0
2026/07/31 19:40:13.143, 43.42, 250.00, 0, 1140, 1215, 58, P0
2026/07/31 19:40:13.343, 43.50, 250.00, 0, 1140, 1215, 58, P0
2026/07/31 19:40:13.544, 43.33, 250.00, 0, 1140, 1215, 58, P0
2026/07/31 19:40:13.744, 43.36, 250.00, 0, 1140, 1215, 58, P0
2026/07/31 19:40:13.944, 43.15, 250.00, 0, 1140, 1215, 58, P0
2026/07/31 19:40:14.145, 43.12, 250.00, 0, 1140, 1215, 58, P0
2026/07/31 19:40:14.345, 43.18, 250.00, 0, 1140, 1215, 58, P0
2026/07/31 19:40:14.546, 43.10, 250.00, 0, 1140, 1215, 58, P0
2026/07/31 19:40:14.746, 43.01, 250.00, 0, 1140, 1215, 58, P0
2026/07/31 19:40:14.946, 43.01, 250.00, 0, 1140, 1215, 57, P0
2026/07/31 19:40:15.147, 43.04, 250.00, 0, 1140, 1215, 57, P0
2026/07/31 19:40:15.347, 42.93, 250.00, 0, 1140, 1215, 57, P0
2026/07/31 19:40:15.548, 42.81, 250.00, 0, 1140, 1215, 57, P0
2026/07/31 19:40:15.748, 42.71, 250.00, 0, 1140, 1215, 57, P0
2026/07/31 19:40:15.948, 42.75, 250.00, 0, 1140, 1215, 57, P0
2026/07/31 19:40:16.149, 42.69, 250.00, 0, 1140, 1215, 57, P0
2026/07/31 19:40:16.349, 42.75, 250.00, 0, 1140, 1215, 57, P0
2026/07/31 19:40:16.550, 43.22, 250.00, 0, 1140, 1215, 57, P0
2026/07/31 19:40:16.750, 42.55, 250.00, 0, 1140, 1215, 57, P0
2026/07/31 19:40:16.950, 42.46, 250.00, 0, 1140, 1215, 57, P0
2026/07/31 19:40:17.151, 42.58, 250.00, 0, 1140, 1215, 57, P0
2026/07/31 19:40:17.351, 42.45, 250.00, 0, 1140, 1215, 56, P0
2026/07/31 19:40:17.552, 42.45, 250.00, 0, 1140, 1215, 56, P0
2026/07/31 19:40:17.752, 42.47, 250.00, 0, 1140, 1215, 56, P0
2026/07/31 19:40:17.952, 42.29, 250.00, 0, 1140, 1215, 56, P0
2026/07/31 19:40:18.153, 42.26, 250.00, 0, 1140, 1215, 56, P0
2026/07/31 19:40:18.353, 42.26, 250.00, 0, 1140, 1215, 56, P0
2026/07/31 19:40:18.553, 42.25, 250.00, 0, 1140, 1215, 56, P0
2026/07/31 19:40:18.754, 42.22, 250.00, 0, 1140, 1215, 56, P0
2026/07/31 19:40:18.954, 42.24, 250.00, 0, 1140, 1215, 56, P0
2026/07/31 19:40:19.155, 42.07, 250.00, 0, 1140, 1215, 56, P0
2026/07/31 19:40:19.355, 42.16, 250.00, 0, 1140, 1215, 56, P0
2026/07/31 19:40:19.555, 42.12, 250.00, 0, 1140, 1215, 56, P0
2026/07/31 19:40:19.756, 42.05, 250.00, 0, 1140, 1215, 56, P0
2026/07/31 19:40:19.956, 41.96, 250.00, 0, 1140, 1215, 55, P0
2026/07/31 19:40:20.157, 41.96, 250.00, 0, 1140, 1215, 55, P0
2026/07/31 19:40:20.357, 41.93, 250.00, 0, 1140, 1215, 55, P0
2026/07/31 19:40:20.557, 41.93, 250.00, 0, 1140, 1215, 55, P0
2026/07/31 19:40:20.758, 41.96, 250.00, 0, 1140, 1215, 55, P0
2026/07/31 19:40:20.958, 41.90, 250.00, 0, 1140, 1215, 55, P0
2026/07/31 19:40:21.159, 41.90, 250.00, 0, 1140, 1215, 55, P0
2026/07/31 19:40:21.359, 41.86, 250.00, 0, 1140, 1215, 55, P0
2026/07/31 19:40:21.559, 41.75, 250.00, 0, 1140, 1215, 55, P0
2026/07/31 19:40:21.760, 41.70, 250.00, 0, 1140, 1215, 55, P0
2026/07/31 19:40:21.960, 41.67, 250.00, 0, 1140, 1215, 55, P0
2026/07/31 19:40:22.161, 41.68, 250.00, 0, 1140, 1215, 55, P0
2026/07/31 19:40:22.361, 41.67, 250.00, 0, 1140, 1215, 55, P0
2026/07/31 19:40:22.561, 41.58, 250.00, 0, 1140, 1215, 55, P0
2026/07/31 19:40:22.762, 41.61, 250.00, 0, 1140, 1215, 55, P0
2026/07/31 19:40:22.962, 41.57, 250.00, 0, 1140, 1215, 54, P0
2026/07/31 19:40:23.163, 41.56, 250.00, 0, 1140, 1215, 54, P0
2026/07/31 19:40:23.363, 41.53, 250.00, 0, 1140, 1215, 54, P0
2026/07/31 19:40:23.564, 41.46, 250.00, 0, 1140, 1215, 54, P0
2026/07/31 19:40:23.764, 41.62, 250.00, 0, 1140, 1215, 54, P0
2026/07/31 19:40:23.965, 41.56, 250.00, 0, 1140, 1215, 54, P0
2026/07/31 19:40:24.165, 41.26, 250.00, 0, 1140, 1215, 54, P0
2026/07/31 19:40:24.366, 41.35, 250.00, 0, 1140, 1215, 54, P0
2026/07/31 19:40:24.566, 41.37, 250.00, 0, 1140, 1215, 54, P0
2026/07/31 19:40:24.767, 41.30, 250.00, 0, 1140, 1215, 54, P0
2026/07/31 19:40:24.967, 41.31, 250.00, 0, 1140, 1215, 54, P0
2026/07/31 19:40:25.167, 41.29, 250.00, 0, 1140, 1215, 54, P0
2026/07/31 19:40:25.368, 41.18, 250.00, 0, 1140, 1215, 54, P0
2026/07/31 19:40:25.568, 41.21, 250.00, 0, 1140, 1215, 54, P0
2026/07/31 19:40:25.769, 41.19, 250.00, 0, 1140, 1215, 54, P0
2026/07/31 19:40:25.969, 41.21, 250.00, 0, 1140, 1215, 54, P0
2026/07/31 19:40:26.169, 41.10, 250.00, 0, 1140, 1215, 53, P0
2026/07/31 19:40:26.370, 41.06, 250.00, 0, 1140, 1215, 53, P0
2026/07/31 19:40:26.570, 41.06, 250.00, 0, 1140, 1215, 53, P0
2026/07/31 19:40:26.771, 41.06, 250.00, 0, 1140, 1215, 53, P0
2026/07/31 19:40:26.971, 40.96, 250.00, 0, 1140, 1215, 53, P0
2026/07/31 19:40:27.172, 40.88, 250.00, 0, 1140, 1215, 53, P0
2026/07/31 19:40:27.372, 40.97, 250.00, 0, 1140, 1215, 53, P0
2026/07/31 19:40:27.572, 40.88, 250.00, 0, 1140, 1215, 53, P0
2026/07/31 19:40:27.773, 40.97, 250.00, 0, 1140, 1215, 53, P0
2026/07/31 19:40:27.973, 40.88, 250.00, 0, 1140, 1215, 53, P0
2026/07/31 19:40:28.174, 40.82, 250.00, 0, 1140, 1215, 53, P0
2026/07/31 19:40:28.374, 40.86, 250.00, 0, 1140, 1215, 53, P0
2026/07/31 19:40:28.574, 40.88, 250.00, 0, 1140, 1215, 53, P0
2026/07/31 19:40:28.775, 40.77, 250.00, 0, 1140, 1215, 53, P0
2026/07/31 19:40:28.975, 40.80, 250.00, 0, 1140, 1215, 53, P0
2026/07/31 19:40:29.176, 40.77, 250.00, 0, 1140, 1215, 53, P0
2026/07/31 19:40:29.376, 41.07, 250.00, 0, 1140, 1215, 53, P0
2026/07/31 19:40:29.576, 40.99, 250.00, 0, 1140, 1215, 53, P0
2026/07/31 19:40:29.777, 40.99, 250.00, 0, 1140, 1215, 52, P0
2026/07/31 19:40:29.977, 40.97, 250.00, 0, 1140, 1215, 52, P0
2026/07/31 19:40:30.178, 40.89, 250.00, 0, 1140, 1215, 52, P0
2026/07/31 19:40:30.378, 40.88, 250.00, 0, 1140, 1215, 52, P0
2026/07/31 19:40:30.579, 40.86, 250.00, 0, 1140, 1215, 52, P0
2026/07/31 19:40:30.779, 40.74, 250.00, 0, 1140, 1215, 52, P0
2026/07/31 19:40:30.979, 40.85, 250.00, 0, 1140, 1215, 52, P0
2026/07/31 19:40:31.180, 40.67, 250.00, 0, 1140, 1215, 52, P0
2026/07/31 19:40:31.380, 40.68, 250.00, 0, 1140, 1215, 52, P0
2026/07/31 19:40:31.581, 40.78, 250.00, 0, 1140, 1215, 52, P0
2026/07/31 19:40:31.781, 40.56, 250.00, 0, 1140, 1215, 52, P0
2026/07/31 19:40:31.981, 40.64, 250.00, 0, 1140, 1215, 52, P0
2026/07/31 19:40:32.182, 40.57, 250.00, 0, 1140, 1215, 52, P0
2026/07/31 19:40:32.382, 40.85, 250.00, 0, 1140, 1215, 52, P0
2026/07/31 19:40:32.583, 40.45, 250.00, 0, 1140, 1215, 52, P0
2026/07/31 19:40:32.783, 40.46, 250.00, 0, 1140, 1215, 52, P0
2026/07/31 19:40:32.983, 40.47, 250.00, 0, 1140, 1215, 52, P0
2026/07/31 19:40:33.184, 40.49, 250.00, 0, 1140, 1215, 52, P0
2026/07/31 19:40:33.384, 40.49, 250.00, 0, 1140, 1215, 52, P0
2026/07/31 19:40:33.585, 40.32, 250.00, 0, 1140, 1215, 51, P0
2026/07/31 19:40:33.785, 41.12, 250.00, 10, 1140, 1215, 51, P0
2026/07/31 19:40:33.986, 40.29, 250.00, 0, 1140, 1215, 51, P0
2026/07/31 19:40:34.186, 40.19, 250.00, 0, 1140, 1215, 51, P0
2026/07/31 19:40:34.386, 40.22, 250.00, 0, 1140, 1215, 51, P0
2026/07/31 19:40:34.587, 40.31, 250.00, 0, 1140, 1215, 51, P0
2026/07/31 19:40:34.787, 40.32, 250.00, 21, 1140, 1215, 54, P0
2026/07/31 19:40:34.988, 183.11, 250.00, 100, 1140, 1215, 57, P0
2026/07/31 19:40:35.188, 231.61, 250.00, 100, 1305, 1215, 60, P0
2026/07/31 19:40:35.389, 250.28, 250.00, 95, 1305, 1215, 61, P0
2026/07/31 19:40:35.589, 251.02, 250.00, 100, 1290, 1215, 62, P0
2026/07/31 19:40:35.790, 259.11, 250.00, 100, 1305, 1215, 63, P0
2026/07/31 19:40:35.990, 254.39, 250.00, 95, 1290, 1215, 63, P0
2026/07/31 19:40:36.191, 245.89, 250.00, 100, 1275, 1215, 63, P0
2026/07/31 19:40:36.391, 247.05, 250.00, 96, 1290, 1215, 63, P0
2026/07/31 19:40:36.592, 213.43, 250.00, 100, 1395, 1215, 61, P0
2026/07/31 19:40:36.792, 224.84, 250.00, 100, 1410, 1215, 60, P0
2026/07/31 19:40:36.993, 219.44, 250.00, 100, 1410, 1215, 60, P0
2026/07/31 19:40:37.193, 220.96, 250.00, 100, 1410, 1215, 59, P0
2026/07/31 19:40:37.394, 223.57, 250.00, 100, 1410, 1215, 60, P0
2026/07/31 19:40:37.594, 219.54, 250.00, 100, 1410, 1215, 60, P0
2026/07/31 19:40:37.795, 221.24, 250.00, 100, 1410, 1215, 60, P0
2026/07/31 19:40:37.995, 223.49, 250.00, 100, 1410, 1215, 60, P0
2026/07/31 19:40:38.196, 218.84, 250.00, 100, 1410, 1215, 60, P0
2026/07/31 19:40:38.396, 221.31, 250.00, 100, 1410, 1215, 60, P0
2026/07/31 19:40:38.598, 224.16, 250.00, 100, 1410, 1215, 60, P0
2026/07/31 19:40:38.802, 220.38, 250.00, 100, 1410, 1215, 60, P0
2026/07/31 19:40:39.003, 221.67, 250.00, 100, 1410, 1215, 60, P0
2026/07/31 19:40:39.204, 219.40, 250.00, 100, 1410, 1215, 60, P0
2026/07/31 19:40:39.405, 220.97, 250.00, 100, 1410, 1215, 60, P0
2026/07/31 19:40:39.605, 222.84, 250.00, 100, 1410, 1215, 60, P0
2026/07/31 19:40:39.806, 219.28, 250.00, 100, 1410, 1215, 60, P0
2026/07/31 19:40:40.006, 221.08, 250.00, 100, 1410, 1215, 60, P0
2026/07/31 19:40:40.207, 224.24, 250.00, 100, 1410, 1215, 60, P0
2026/07/31 19:40:40.407, 219.36, 250.00, 100, 1410, 1215, 61, P0
2026/07/31 19:40:40.608, 221.50, 250.00, 100, 1410, 1215, 61, P0
2026/07/31 19:40:40.808, 225.06, 250.00, 100, 1410, 1215, 61, P0
2026/07/31 19:40:41.009, 219.72, 250.00, 100, 1410, 1215, 61, P0
2026/07/31 19:40:41.209, 222.18, 250.00, 100, 1410, 1215, 61, P0
2026/07/31 19:40:41.410, 225.61, 250.00, 100, 1410, 1215, 61, P0
2026/07/31 19:40:41.611, 220.62, 250.00, 100, 1410, 1215, 61, P0
2026/07/31 19:40:41.811, 221.80, 250.00, 100, 1410, 1215, 61, P0
2026/07/31 19:40:42.012, 225.79, 250.00, 100, 1410, 1215, 61, P0
2026/07/31 19:40:42.212, 220.35, 250.00, 100, 1410, 1215, 61, P0
2026/07/31 19:40:42.413, 222.98, 250.00, 100, 1410, 1215, 61, P0
2026/07/31 19:40:42.613, 224.77, 250.00, 100, 1410, 1215, 61, P0
2026/07/31 19:40:42.814, 220.69, 250.00, 100, 1410, 1215, 61, P0
2026/07/31 19:40:43.014, 223.34, 250.00, 100, 1410, 1215, 61, P0
2026/07/31 19:40:43.215, 220.10, 250.00, 100, 1410, 1215, 61, P0
2026/07/31 19:40:43.415, 221.72, 250.00, 100, 1410, 1215, 61, P0
2026/07/31 19:40:43.616, 223.59, 250.00, 100, 1410, 1215, 61, P0
2026/07/31 19:40:43.816, 220.41, 250.00, 100, 1410, 1215, 61, P0
2026/07/31 19:40:44.017, 220.96, 250.00, 100, 1410, 1215, 62, P0
2026/07/31 19:40:44.218, 224.43, 250.00, 100, 1410, 1215, 62, P0
2026/07/31 19:40:44.418, 220.65, 250.00, 100, 1410, 1215, 62, P0
2026/07/31 19:40:44.619, 222.45, 250.00, 100, 1410, 1215, 62, P0
2026/07/31 19:40:44.819, 226.00, 250.00, 100, 1410, 1215, 62, P0
2026/07/31 19:40:45.020, 221.12, 250.00, 100, 1410, 1215, 62, P0
2026/07/31 19:40:45.220, 222.38, 250.00, 100, 1410, 1215, 62, P0
2026/07/31 19:40:45.421, 226.35, 250.00, 100, 1410, 1215, 62, P0
2026/07/31 19:40:45.621, 221.31, 250.00, 100, 1410, 1215, 62, P0
2026/07/31 19:40:45.822, 222.95, 250.00, 100, 1410, 1215, 62, P0
2026/07/31 19:40:46.022, 227.12, 250.00, 100, 1410, 1215, 62, P0
2026/07/31 19:40:46.223, 221.44, 250.00, 100, 1410, 1215, 62, P0
2026/07/31 19:40:46.423, 221.73, 250.00, 100, 1410, 1215, 62, P0
2026/07/31 19:40:46.624, 225.44, 250.00, 100, 1410, 1215, 62, P0
2026/07/31 19:40:46.824, 221.60, 250.00, 100, 1410, 1215, 62, P0
2026/07/31 19:40:47.025, 222.69, 250.00, 100, 1410, 1215, 62, P0
2026/07/31 19:40:47.225, 224.92, 250.00, 100, 1410, 1215, 62, P0
2026/07/31 19:40:47.426, 221.82, 250.00, 100, 1410, 1215, 62, P0
2026/07/31 19:40:47.627, 223.57, 250.00, 100, 1410, 1215, 62, P0
2026/07/31 19:40:47.827, 227.86, 250.00, 100, 1410, 1215, 62, P0
2026/07/31 19:40:48.028, 221.96, 250.00, 100, 1410, 1215, 63, P0
2026/07/31 19:40:48.228, 223.18, 250.00, 100, 1410, 1215, 63, P0
2026/07/31 19:40:48.429, 226.25, 250.00, 100, 1410, 1215, 63, P0
2026/07/31 19:40:48.629, 222.28, 250.00, 100, 1410, 1215, 63, P0
2026/07/31 19:40:48.830, 224.86, 250.00, 100, 1410, 1215, 63, P0
2026/07/31 19:40:49.030, 221.58, 250.00, 100, 1410, 1215, 63, P0
2026/07/31 19:40:49.231, 223.11, 250.00, 100, 1410, 1215, 63, P0
2026/07/31 19:40:49.432, 225.98, 250.00, 100, 1410, 1215, 63, P0
2026/07/31 19:40:49.632, 222.15, 250.00, 100, 1410, 1215, 63, P0
2026/07/31 19:40:49.833, 223.04, 250.00, 100, 1410, 1215, 63, P0
2026/07/31 19:40:50.033, 226.22, 250.00, 100, 1410, 1215, 63, P0
2026/07/31 19:40:50.234, 222.96, 250.00, 100, 1410, 1215, 63, P0
2026/07/31 19:40:50.434, 223.71, 250.00, 100, 1410, 1215, 63, P0
2026/07/31 19:40:50.635, 228.63, 250.00, 100, 1410, 1215, 63, P0
2026/07/31 19:40:50.835, 222.33, 250.00, 100, 1410, 1215, 63, P0
2026/07/31 19:40:51.036, 225.01, 250.00, 100, 1410, 1215, 63, P0
2026/07/31 19:40:51.237, 222.99, 250.00, 100, 1410, 1215, 63, P0
2026/07/31 19:40:51.437, 222.44, 250.00, 100, 1410, 1215, 63, P0
2026/07/31 19:40:51.638, 225.95, 250.00, 100, 1410, 1215, 63, P0
2026/07/31 19:40:51.838, 222.53, 250.00, 100, 1410, 1215, 63, P0
2026/07/31 19:40:52.039, 223.73, 250.00, 100, 1410, 1215, 63, P0
2026/07/31 19:40:52.239, 227.43, 250.00, 100, 1410, 1215, 63, P0
2026/07/31 19:40:52.440, 222.54, 250.00, 100, 1410, 1215, 63, P0
2026/07/31 19:40:52.640, 223.57, 250.00, 100, 1410, 1215, 63, P0
2026/07/31 19:40:52.841, 227.89, 250.00, 100, 1410, 1215, 64, P0
2026/07/31 19:40:53.041, 223.40, 250.00, 100, 1410, 1215, 64, P0
2026/07/31 19:40:53.242, 225.50, 250.00, 100, 1410, 1215, 64, P0
2026/07/31 19:40:53.442, 222.55, 250.00, 100, 1410, 1215, 64, P0
2026/07/31 19:40:53.643, 224.44, 250.00, 100, 1410, 1215, 64, P0
2026/07/31 19:40:53.843, 226.70, 250.00, 100, 1410, 1215, 64, P0
2026/07/31 19:40:54.044, 223.24, 250.00, 100, 1410, 1215, 64, P0
2026/07/31 19:40:54.244, 224.01, 250.00, 100, 1410, 1215, 64, P0
2026/07/31 19:40:54.445, 227.40, 250.00, 100, 1410, 1215, 64, P0
2026/07/31 19:40:54.646, 223.77, 250.00, 100, 1410, 1215, 64, P0
2026/07/31 19:40:54.846, 224.93, 250.00, 100, 1410, 1215, 64, P0
2026/07/31 19:40:55.047, 225.23, 250.00, 100, 1410, 1215, 64, P0
2026/07/31 19:40:55.247, 223.88, 250.00, 100, 1410, 1215, 64, P0
2026/07/31 19:40:55.448, 226.80, 250.00, 100, 1410, 1215, 64, P0
2026/07/31 19:40:55.649, 222.99, 250.00, 100, 1410, 1215, 64, P0
2026/07/31 19:40:55.849, 224.39, 250.00, 100, 1410, 1215, 64, P0
2026/07/31 19:40:56.049, 227.99, 250.00, 100, 1410, 1215, 64, P0
2026/07/31 19:40:56.250, 223.44, 250.00, 100, 1410, 1215, 64, P0
2026/07/31 19:40:56.451, 224.96, 250.00, 100, 1410, 1215, 64, P0
2026/07/31 19:40:56.651, 226.47, 250.00, 100, 1410, 1215, 64, P0
2026/07/31 19:40:56.852, 223.95, 250.00, 100, 1410, 1215, 64, P0
2026/07/31 19:40:57.052, 226.72, 250.00, 100, 1410, 1215, 64, P0
2026/07/31 19:40:57.253, 222.79, 250.00, 100, 1410, 1215, 64, P0
2026/07/31 19:40:57.453, 224.60, 250.00, 100, 1410, 1215, 64, P0
2026/07/31 19:40:57.654, 227.59, 250.00, 100, 1410, 1215, 64, P0
2026/07/31 19:40:57.854, 223.48, 250.00, 100, 1410, 1215, 64, P0
2026/07/31 19:40:58.055, 226.47, 250.00, 100, 1410, 1215, 64, P0
2026/07/31 19:40:58.255, 230.22, 250.00, 100, 1410, 1215, 65, P0
2026/07/31 19:40:58.456, 224.08, 250.00, 100, 1410, 1215, 65, P0
2026/07/31 19:40:58.656, 227.34, 250.00, 100, 1410, 1215, 65, P0
2026/07/31 19:40:58.857, 224.03, 250.00, 100, 1410, 1215, 65, P0
2026/07/31 19:40:59.057, 225.20, 250.00, 100, 1410, 1215, 65, P0
2026/07/31 19:40:59.258, 227.66, 250.00, 100, 1410, 1215, 65, P0
2026/07/31 19:40:59.458, 226.44, 250.00, 100, 1410, 1215, 65, P0
2026/07/31 19:40:59.659, 228.29, 250.00, 100, 1410, 1215, 65, P0
2026/07/31 19:40:59.859, 232.93, 250.00, 100, 1410, 1215, 65, P0
2026/07/31 19:41:00.060, 227.39, 250.00, 100, 1410, 1215, 65, P0
2026/07/31 19:41:00.260, 229.35, 250.00, 100, 1410, 1215, 65, P0
2026/07/31 19:41:00.461, 226.64, 250.00, 100, 1410, 1215, 65, P0
2026/07/31 19:41:00.662, 227.88, 250.00, 100, 1410, 1215, 65, P0
2026/07/31 19:41:00.862, 231.60, 250.00, 100, 1410, 1215, 65, P0
2026/07/31 19:41:01.062, 226.91, 250.00, 100, 1410, 1215, 65, P0
2026/07/31 19:41:01.263, 228.70, 250.00, 100, 1410, 1215, 65, P0
2026/07/31 19:41:01.463, 232.31, 250.00, 100, 1410, 1215, 65, P0
2026/07/31 19:41:01.664, 227.33, 250.00, 100, 1410, 1215, 65, P0
2026/07/31 19:41:01.865, 229.52, 250.00, 100, 1410, 1215, 65, P0
2026/07/31 19:41:02.065, 226.67, 250.00, 100, 1410, 1215, 65, P0
2026/07/31 19:41:02.265, 227.66, 250.00, 100, 1410, 1215, 65, P0
2026/07/31 19:41:02.466, 231.63, 250.00, 100, 1410, 1215, 65, P0
2026/07/31 19:41:02.667, 227.39, 250.00, 100, 1410, 1215, 65, P0
2026/07/31 19:41:02.867, 228.89, 250.00, 100, 1410, 1215, 65, P0
2026/07/31 19:41:03.068, 233.24, 250.00, 100, 1410, 1215, 66, P0
2026/07/31 19:41:03.268, 228.17, 250.00, 100, 1410, 1215, 66, P0
2026/07/31 19:41:03.469, 288.76, 250.00, 100, 1290, 1215, 68, P0
2026/07/31 19:41:03.669, 253.34, 250.00, 95, 1290, 1215, 70, P0
2026/07/31 19:41:03.870, 263.21, 250.00, 100, 1320, 1215, 70, P0
2026/07/31 19:41:04.070, 250.10, 250.00, 97, 1290, 1215, 70, P0
2026/07/31 19:41:04.271, 158.00, 250.00, 100, 1335, 1215, 69, P0
2026/07/31 19:41:04.472, 250.26, 250.00, 96, 1290, 1215, 70, P0
2026/07/31 19:41:04.672, 251.78, 250.00, 100, 1290, 1215, 71, P0
2026/07/31 19:41:04.873, 254.97, 250.00, 97, 1290, 1215, 71, P0
2026/07/31 19:41:05.073, 246.57, 250.00, 100, 1290, 1215, 71, P0
2026/07/31 19:41:05.273, 224.06, 250.00, 100, 1395, 1215, 67, P0
2026/07/31 19:41:05.474, 228.74, 250.00, 100, 1410, 1215, 67, P0
2026/07/31 19:41:05.675, 228.18, 250.00, 100, 1410, 1215, 67, P0
2026/07/31 19:41:05.875, 230.52, 250.00, 100, 1410, 1215, 67, P0
2026/07/31 19:41:06.076, 233.60, 250.00, 100, 1410, 1215, 66, P0
2026/07/31 19:41:06.277, 228.49, 250.00, 100, 1410, 1215, 66, P0
2026/07/31 19:41:06.477, 230.38, 250.00, 100, 1410, 1215, 66, P0
2026/07/31 19:41:06.678, 231.18, 250.00, 100, 1410, 1215, 66, P0
2026/07/31 19:41:06.878, 228.61, 250.00, 100, 1410, 1215, 66, P0
2026/07/31 19:41:07.079, 230.55, 250.00, 100, 1410, 1215, 66, P0
2026/07/31 19:41:07.279, 231.26, 250.00, 100, 1410, 1215, 66, P0
2026/07/31 19:41:07.480, 228.46, 250.00, 100, 1410, 1215, 66, P0
2026/07/31 19:41:07.680, 230.05, 250.00, 100, 1410, 1215, 66, P0
2026/07/31 19:41:07.881, 231.57, 250.00, 100, 1410, 1215, 66, P0
2026/07/31 19:41:08.081, 228.62, 250.00, 100, 1410, 1215, 66, P0
2026/07/31 19:41:08.282, 230.06, 250.00, 100, 1410, 1215, 66, P0
2026/07/31 19:41:08.482, 231.81, 250.00, 100, 1410, 1215, 67, P0
2026/07/31 19:41:08.683, 228.81, 250.00, 100, 1410, 1215, 67, P0
2026/07/31 19:41:08.883, 230.15, 250.00, 100, 1410, 1215, 67, P0
2026/07/31 19:41:09.084, 231.46, 250.00, 100, 1410, 1215, 67, P0
2026/07/31 19:41:09.285, 229.00, 250.00, 100, 1410, 1215, 67, P0
2026/07/31 19:41:09.485, 231.40, 250.00, 100, 1410, 1215, 67, P0
2026/07/31 19:41:09.686, 230.52, 250.00, 100, 1410, 1215, 67, P0
2026/07/31 19:41:09.887, 230.12, 250.00, 100, 1410, 1215, 67, P0
2026/07/31 19:41:10.087, 232.11, 250.00, 100, 1410, 1215, 67, P0
2026/07/31 19:41:10.288, 228.14, 250.00, 100, 1410, 1215, 67, P0
2026/07/31 19:41:10.488, 229.34, 250.00, 100, 1410, 1215, 67, P0
2026/07/31 19:41:10.689, 233.37, 250.00, 100, 1410, 1215, 67, P0
2026/07/31 19:41:10.890, 228.65, 250.00, 100, 1410, 1215, 67, P0
2026/07/31 19:41:11.090, 229.94, 250.00, 100, 1410, 1215, 67, P0
2026/07/31 19:41:11.291, 231.72, 250.00, 100, 1410, 1215, 67, P0
2026/07/31 19:41:11.491, 229.36, 250.00, 100, 1410, 1215, 67, P0
2026/07/31 19:41:11.692, 230.48, 250.00, 100, 1410, 1215, 67, P0
2026/07/31 19:41:11.893, 233.24, 250.00, 100, 1410, 1215, 67, P0
2026/07/31 19:41:12.093, 229.32, 250.00, 100, 1410, 1215, 67, P0
2026/07/31 19:41:12.294, 230.15, 250.00, 100, 1410, 1215, 67, P0
2026/07/31 19:41:12.494, 233.88, 250.00, 100, 1410, 1215, 67, P0
2026/07/31 19:41:12.695, 229.22, 250.00, 100, 1410, 1215, 67, P0
2026/07/31 19:41:12.896, 230.03, 250.00, 100, 1410, 1215, 67, P0
2026/07/31 19:41:13.096, 234.05, 250.00, 100, 1410, 1215, 67, P0
2026/07/31 19:41:13.297, 229.56, 250.00, 100, 1410, 1215, 67, P0
2026/07/31 19:41:13.497, 231.03, 250.00, 100, 1410, 1215, 67, P0
2026/07/31 19:41:13.698, 231.74, 250.00, 100, 1410, 1215, 67, P0
2026/07/31 19:41:13.898, 229.95, 250.00, 100, 1410, 1215, 67, P0
2026/07/31 19:41:14.099, 231.55, 250.00, 100, 1410, 1215, 67, P0
2026/07/31 19:41:14.299, 228.54, 250.00, 100, 1410, 1215, 67, P0
2026/07/31 19:41:14.500, 229.64, 250.00, 100, 1410, 1215, 67, P0
2026/07/31 19:41:14.700, 231.83, 250.00, 100, 1410, 1215, 67, P0
2026/07/31 19:41:14.901, 229.00, 250.00, 100, 1410, 1215, 67, P0
2026/07/31 19:41:15.101, 230.67, 250.00, 100, 1410, 1215, 67, P0
2026/07/31 19:41:15.302, 233.20, 250.00, 100, 1410, 1215, 67, P0
2026/07/31 19:41:15.502, 229.56, 250.00, 100, 1410, 1215, 67, P0
2026/07/31 19:41:15.703, 231.33, 250.00, 100, 1410, 1215, 68, P0
2026/07/31 19:41:15.904, 235.08, 250.00, 100, 1410, 1215, 68, P0
2026/07/31 19:41:16.104, 230.01, 250.00, 100, 1410, 1215, 68, P0
2026/07/31 19:41:16.305, 231.55, 250.00, 100, 1410, 1215, 68, P0
2026/07/31 19:41:16.505, 234.27, 250.00, 100, 1410, 1215, 68, P0
2026/07/31 19:41:16.706, 229.91, 250.00, 100, 1410, 1215, 68, P0
2026/07/31 19:41:16.906, 231.99, 250.00, 100, 1410, 1215, 68, P0
2026/07/31 19:41:17.107, 235.20, 250.00, 100, 1410, 1215, 68, P0
2026/07/31 19:41:17.307, 230.30, 250.00, 100, 1410, 1215, 68, P0
2026/07/31 19:41:17.508, 233.14, 250.00, 100, 1410, 1215, 68, P0
2026/07/31 19:41:17.708, 229.80, 250.00, 100, 1410, 1215, 68, P0
2026/07/31 19:41:17.909, 230.57, 250.00, 100, 1410, 1215, 68, P0
2026/07/31 19:41:18.109, 232.31, 250.00, 100, 1410, 1215, 68, P0
2026/07/31 19:41:18.310, 229.14, 250.00, 100, 1410, 1215, 68, P0
2026/07/31 19:41:18.510, 230.46, 250.00, 100, 1410, 1215, 68, P0
2026/07/31 19:41:18.711, 234.56, 250.00, 100, 1410, 1215, 68, P0
2026/07/31 19:41:18.911, 230.18, 250.00, 100, 1410, 1215, 68, P0
2026/07/31 19:41:19.112, 230.90, 250.00, 100, 1410, 1215, 68, P0
2026/07/31 19:41:19.313, 234.13, 250.00, 100, 1410, 1215, 68, P0
2026/07/31 19:41:19.515, 230.75, 250.00, 100, 1410, 1215, 68, P0
2026/07/31 19:41:19.718, 233.22, 250.00, 100, 1410, 1215, 68, P0
2026/07/31 19:41:19.919, 229.99, 250.00, 100, 1410, 1215, 68, P0
2026/07/31 19:41:20.120, 231.09, 250.00, 100, 1410, 1215, 68, P0
2026/07/31 19:41:20.322, 234.95, 250.00, 100, 1410, 1215, 68, P0
2026/07/31 19:41:20.522, 230.21, 250.00, 100, 1410, 1215, 68, P0
2026/07/31 19:41:20.723, 232.70, 250.00, 100, 1410, 1215, 68, P0
2026/07/31 19:41:20.923, 235.94, 250.00, 100, 1410, 1215, 68, P0
2026/07/31 19:41:21.125, 230.92, 250.00, 100, 1410, 1215, 68, P0
2026/07/31 19:41:21.325, 233.73, 250.00, 100, 1410, 1215, 68, P0
2026/07/31 19:41:21.526, 230.18, 250.00, 100, 1410, 1215, 68, P0
2026/07/31 19:41:21.726, 231.58, 250.00, 100, 1410, 1215, 68, P0
2026/07/31 19:41:21.927, 234.21, 250.00, 100, 1410, 1215, 68, P0
2026/07/31 19:41:22.127, 230.22, 250.00, 100, 1410, 1215, 68, P0
2026/07/31 19:41:22.328, 232.09, 250.00, 100, 1410, 1215, 68, P0
2026/07/31 19:41:22.529, 235.73, 250.00, 100, 1410, 1215, 68, P0
2026/07/31 19:41:22.729, 230.71, 250.00, 100, 1410, 1215, 68, P0
2026/07/31 19:41:22.930, 233.63, 250.00, 100, 1410, 1215, 68, P0
2026/07/31 19:41:23.130, 231.46, 250.00, 100, 1410, 1215, 68, P0
2026/07/31 19:41:23.331, 230.71, 250.00, 100, 1410, 1215, 69, P0
2026/07/31 19:41:23.531, 234.21, 250.00, 100, 1410, 1215, 69, P0
2026/07/31 19:41:23.732, 231.07, 250.00, 100, 1410, 1215, 69, P0
2026/07/31 19:41:23.932, 231.85, 250.00, 100, 1410, 1215, 69, P0
2026/07/31 19:41:24.133, 235.00, 250.00, 100, 1410, 1215, 69, P0
2026/07/31 19:41:24.334, 230.40, 250.00, 100, 1410, 1215, 69, P0
2026/07/31 19:41:24.534, 232.98, 250.00, 100, 1410, 1215, 69, P0
2026/07/31 19:41:24.735, 236.44, 250.00, 100, 1410, 1215, 69, P0
2026/07/31 19:41:24.935, 231.32, 250.00, 100, 1410, 1215, 69, P0
2026/07/31 19:41:25.136, 233.25, 250.00, 100, 1410, 1215, 69, P0
2026/07/31 19:41:25.336, 230.83, 250.00, 100, 1410, 1215, 69, P0
2026/07/31 19:41:25.537, 231.62, 250.00, 100, 1410, 1215, 69, P0
2026/07/31 19:41:25.737, 235.53, 250.00, 100, 1410, 1215, 69, P0
2026/07/31 19:41:25.938, 234.58, 250.00, 100, 1410, 1215, 69, P0
2026/07/31 19:41:26.138, 231.55, 250.00, 100, 1410, 1215, 69, P0
2026/07/31 19:41:26.339, 233.49, 250.00, 100, 1410, 1215, 69, P0
2026/07/31 19:41:26.540, 230.94, 250.00, 100, 1410, 1215, 69, P0
2026/07/31 19:41:26.740, 232.62, 250.00, 100, 1410, 1215, 69, P0
2026/07/31 19:41:26.941, 235.62, 250.00, 100, 1410, 1215, 69, P0
2026/07/31 19:41:27.141, 231.29, 250.00, 100, 1410, 1215, 69, P0
2026/07/31 19:41:27.342, 233.10, 250.00, 100, 1410, 1215, 69, P0
2026/07/31 19:41:27.542, 236.57, 250.00, 100, 1410, 1215, 69, P0
2026/07/31 19:41:27.743, 231.95, 250.00, 100, 1410, 1215, 69, P0
2026/07/31 19:41:27.943, 233.61, 250.00, 100, 1410, 1215, 69, P0
2026/07/31 19:41:28.144, 230.88, 250.00, 100, 1410, 1215, 69, P0
2026/07/31 19:41:28.345, 232.95, 250.00, 100, 1410, 1215, 69, P0
2026/07/31 19:41:28.545, 235.39, 250.00, 100, 1410, 1215, 69, P0
2026/07/31 19:41:28.746, 231.30, 250.00, 100, 1410, 1215, 69, P0
2026/07/31 19:41:28.946, 233.39, 250.00, 100, 1410, 1215, 69, P0
2026/07/31 19:41:29.147, 236.87, 250.00, 100, 1410, 1215, 69, P0
2026/07/31 19:41:29.347, 231.13, 250.00, 100, 1410, 1215, 69, P0
2026/07/31 19:41:29.548, 233.96, 250.00, 100, 1410, 1215, 69, P0
2026/07/31 19:41:29.748, 231.26, 250.00, 100, 1410, 1215, 69, P0
2026/07/31 19:41:29.949, 231.86, 250.00, 100, 1410, 1215, 69, P0
2026/07/31 19:41:30.149, 234.64, 250.00, 100, 1410, 1215, 69, P0
2026/07/31 19:41:30.350, 231.79, 250.00, 100, 1410, 1215, 69, P0
2026/07/31 19:41:30.551, 233.22, 250.00, 100, 1410, 1215, 69, P0
2026/07/31 19:41:30.751, 236.98, 250.00, 100, 1410, 1215, 69, P0
2026/07/31 19:41:30.952, 231.32, 250.00, 100, 1410, 1215, 69, P0
2026/07/31 19:41:31.152, 234.25, 250.00, 100, 1410, 1215, 69, P0
2026/07/31 19:41:31.353, 231.85, 250.00, 100, 1410, 1215, 69, P0
2026/07/31 19:41:31.553, 232.82, 250.00, 100, 1410, 1215, 69, P0
2026/07/31 19:41:31.754, 236.79, 250.00, 100, 1410, 1215, 69, P0
2026/07/31 19:41:31.954, 231.94, 250.00, 100, 1410, 1215, 69, P0
2026/07/31 19:41:32.155, 281.72, 250.00, 95, 1290, 1215, 73, P0
2026/07/31 19:41:32.355, 253.58, 250.00, 100, 1290, 1215, 74, P0
2026/07/31 19:41:32.556, 262.89, 250.00, 100, 1275, 1215, 74, P0
2026/07/31 19:41:32.756, 247.25, 250.00, 96, 1290, 1215, 74, P0
2026/07/31 19:41:32.957, 171.34, 250.00, 100, 1275, 1215, 74, P0
2026/07/31 19:41:33.157, 255.79, 250.00, 96, 1290, 1215, 74, P0
2026/07/31 19:41:33.358, 253.13, 250.00, 100, 1335, 1215, 74, P0
2026/07/31 19:41:33.558, 249.18, 250.00, 96, 1290, 1215, 75, P0
2026/07/31 19:41:33.759, 249.16, 250.00, 100, 1275, 1215, 75, P0
2026/07/31 19:41:33.960, 226.42, 250.00, 100, 1410, 1215, 71, P0
2026/07/31 19:41:34.160, 233.34, 250.00, 100, 1410, 1215, 71, P0
2026/07/31 19:41:34.361, 235.09, 250.00, 100, 1410, 1215, 70, P0
2026/07/31 19:41:34.561, 233.58, 250.00, 100, 1410, 1215, 70, P0
2026/07/31 19:41:34.762, 232.72, 250.00, 100, 1410, 1215, 70, P0
2026/07/31 19:41:34.962, 235.44, 250.00, 100, 1410, 1215, 70, P0
2026/07/31 19:41:35.163, 232.41, 250.00, 100, 1410, 1215, 70, P0
2026/07/31 19:41:35.363, 232.17, 250.00, 100, 1410, 1215, 70, P0
2026/07/31 19:41:35.564, 234.51, 250.00, 100, 1410, 1215, 70, P0
2026/07/31 19:41:35.764, 232.39, 250.00, 100, 1410, 1215, 70, P0
2026/07/31 19:41:35.965, 232.62, 250.00, 100, 1410, 1215, 70, P0
2026/07/31 19:41:36.165, 234.74, 250.00, 100, 1410, 1215, 70, P0
2026/07/31 19:41:36.366, 232.18, 250.00, 100, 1410, 1215, 70, P0
2026/07/31 19:41:36.566, 232.52, 250.00, 100, 1410, 1215, 70, P0
2026/07/31 19:41:36.767, 235.30, 250.00, 100, 1410, 1215, 70, P0
2026/07/31 19:41:36.968, 231.60, 250.00, 100, 1410, 1215, 70, P0
2026/07/31 19:41:37.168, 233.89, 250.00, 100, 1410, 1215, 70, P0
2026/07/31 19:41:37.368, 235.62, 250.00, 100, 1410, 1215, 70, P0
2026/07/31 19:41:37.569, 231.65, 250.00, 100, 1410, 1215, 70, P0
2026/07/31 19:41:37.769, 232.73, 250.00, 100, 1410, 1215, 70, P0
2026/07/31 19:41:37.970, 235.19, 250.00, 100, 1410, 1215, 70, P0
2026/07/31 19:41:38.171, 231.78, 250.00, 100, 1410, 1215, 70, P0
2026/07/31 19:41:38.371, 233.69, 250.00, 100, 1410, 1215, 70, P0
2026/07/31 19:41:38.572, 236.40, 250.00, 100, 1410, 1215, 70, P0
2026/07/31 19:41:38.772, 231.87, 250.00, 100, 1410, 1215, 70, P0
2026/07/31 19:41:38.973, 233.36, 250.00, 100, 1410, 1215, 70, P0
2026/07/31 19:41:39.173, 236.78, 250.00, 100, 1410, 1215, 70, P0
2026/07/31 19:41:39.374, 232.45, 250.00, 100, 1410, 1215, 70, P0
2026/07/31 19:41:39.574, 234.16, 250.00, 100, 1410, 1215, 70, P0
2026/07/31 19:41:39.775, 237.18, 250.00, 100, 1410, 1215, 70, P0
2026/07/31 19:41:39.975, 232.43, 250.00, 100, 1410, 1215, 70, P0
2026/07/31 19:41:40.176, 234.50, 250.00, 100, 1410, 1215, 70, P0
2026/07/31 19:41:40.376, 236.88, 250.00, 100, 1410, 1215, 70, P0
2026/07/31 19:41:40.577, 232.34, 250.00, 100, 1410, 1215, 70, P0
2026/07/31 19:41:40.777, 234.63, 250.00, 100, 1410, 1215, 70, P0
2026/07/31 19:41:40.978, 237.72, 250.00, 100, 1410, 1215, 70, P0
2026/07/31 19:41:41.179, 232.59, 250.00, 100, 1410, 1215, 70, P0
2026/07/31 19:41:41.379, 235.10, 250.00, 100, 1410, 1215, 70, P0
2026/07/31 19:41:41.579, 238.33, 250.00, 100, 1410, 1215, 70, P0
2026/07/31 19:41:41.780, 233.25, 250.00, 100, 1410, 1215, 71, P0
2026/07/31 19:41:41.981, 234.42, 250.00, 100, 1410, 1215, 71, P0
2026/07/31 19:41:42.181, 236.43, 250.00, 100, 1410, 1215, 71, P0
2026/07/31 19:41:42.381, 232.14, 250.00, 100, 1410, 1215, 71, P0
2026/07/31 19:41:42.582, 234.06, 250.00, 100, 1410, 1215, 71, P0
2026/07/31 19:41:42.783, 236.45, 250.00, 100, 1410, 1215, 71, P0
2026/07/31 19:41:42.983, 232.35, 250.00, 100, 1410, 1215, 71, P0
2026/07/31 19:41:43.184, 234.94, 250.00, 100, 1410, 1215, 71, P0
2026/07/31 19:41:43.384, 237.62, 250.00, 100, 1410, 1215, 71, P0
2026/07/31 19:41:43.585, 232.86, 250.00, 100, 1410, 1215, 71, P0
2026/07/31 19:41:43.785, 234.64, 250.00, 100, 1410, 1215, 71, P0
2026/07/31 19:41:43.986, 238.79, 250.00, 100, 1410, 1215, 71, P0
2026/07/31 19:41:44.186, 233.77, 250.00, 100, 1410, 1215, 71, P0
2026/07/31 19:41:44.387, 236.42, 250.00, 100, 1410, 1215, 71, P0
2026/07/31 19:41:44.587, 232.54, 250.00, 100, 1410, 1215, 71, P0
2026/07/31 19:41:44.788, 233.25, 250.00, 100, 1410, 1215, 71, P0
2026/07/31 19:41:44.988, 235.79, 250.00, 100, 1410, 1215, 71, P0
2026/07/31 19:41:45.189, 232.61, 250.00, 100, 1410, 1215, 71, P0
2026/07/31 19:41:45.389, 234.01, 250.00, 100, 1410, 1215, 71, P0
2026/07/31 19:41:45.590, 237.32, 250.00, 100, 1410, 1215, 71, P0
2026/07/31 19:41:45.790, 233.55, 250.00, 100, 1410, 1215, 71, P0
2026/07/31 19:41:45.991, 234.38, 250.00, 100, 1410, 1215, 71, P0
2026/07/31 19:41:46.191, 237.19, 250.00, 100, 1410, 1215, 71, P0
2026/07/31 19:41:46.392, 233.36, 250.00, 100, 1410, 1215, 71, P0
2026/07/31 19:41:46.592, 235.82, 250.00, 100, 1410, 1215, 71, P0
2026/07/31 19:41:46.793, 238.22, 250.00, 100, 1410, 1215, 71, P0
2026/07/31 19:41:46.993, 233.48, 250.00, 100, 1410, 1215, 71, P0
2026/07/31 19:41:47.194, 235.91, 250.00, 100, 1410, 1215, 71, P0
2026/07/31 19:41:47.394, 236.41, 250.00, 100, 1410, 1215, 71, P0
2026/07/31 19:41:47.595, 233.27, 250.00, 100, 1410, 1215, 71, P0
2026/07/31 19:41:47.795, 236.43, 250.00, 100, 1410, 1215, 71, P0
2026/07/31 19:41:47.996, 233.55, 250.00, 100, 1410, 1215, 71, P0
2026/07/31 19:41:48.196, 234.41, 250.00, 100, 1410, 1215, 71, P0
2026/07/31 19:41:48.397, 236.47, 250.00, 100, 1410, 1215, 71, P0
2026/07/31 19:41:48.597, 232.73, 250.00, 100, 1410, 1215, 71, P0
2026/07/31 19:41:48.798, 234.60, 250.00, 100, 1410, 1215, 71, P0
2026/07/31 19:41:48.999, 238.32, 250.00, 100, 1410, 1215, 71, P0
2026/07/31 19:41:49.199, 233.74, 250.00, 100, 1410, 1215, 71, P0
2026/07/31 19:41:49.400, 235.54, 250.00, 100, 1410, 1215, 71, P0
2026/07/31 19:41:49.600, 233.54, 250.00, 100, 1410, 1215, 71, P0
2026/07/31 19:41:49.801, 234.68, 250.00, 100, 1410, 1215, 71, P0
2026/07/31 19:41:50.001, 236.45, 250.00, 100, 1410, 1215, 71, P0
2026/07/31 19:41:50.202, 233.40, 250.00, 100, 1410, 1215, 71, P0
2026/07/31 19:41:50.403, 235.22, 250.00, 100, 1410, 1215, 71, P0
2026/07/31 19:41:50.603, 238.34, 250.00, 100, 1410, 1215, 71, P0
2026/07/31 19:41:50.804, 233.75, 250.00, 100, 1410, 1215, 71, P0
2026/07/31 19:41:51.004, 236.12, 250.00, 100, 1410, 1215, 71, P0
2026/07/31 19:41:51.205, 234.79, 250.00, 100, 1410, 1215, 71, P0
2026/07/31 19:41:51.405, 233.47, 250.00, 100, 1410, 1215, 71, P0
2026/07/31 19:41:51.606, 237.31, 250.00, 100, 1410, 1215, 71, P0
2026/07/31 19:41:51.806, 233.37, 250.00, 100, 1410, 1215, 71, P0
2026/07/31 19:41:52.007, 234.99, 250.00, 100, 1410, 1215, 71, P0
2026/07/31 19:41:52.207, 238.83, 250.00, 100, 1410, 1215, 71, P0
2026/07/31 19:41:52.408, 233.89, 250.00, 100, 1410, 1215, 71, P0
2026/07/31 19:41:52.608, 235.88, 250.00, 100, 1410, 1215, 71, P0
2026/07/31 19:41:52.809, 238.00, 250.00, 100, 1410, 1215, 71, P0
2026/07/31 19:41:53.010, 233.74, 250.00, 100, 1410, 1215, 71, P0
2026/07/31 19:41:53.210, 236.66, 250.00, 100, 1410, 1215, 71, P0
2026/07/31 19:41:53.411, 233.58, 250.00, 100, 1410, 1215, 71, P0
2026/07/31 19:41:53.611, 235.84, 250.00, 100, 1410, 1215, 71, P0
2026/07/31 19:41:53.812, 237.55, 250.00, 100, 1410, 1215, 71, P0
2026/07/31 19:41:54.012, 234.36, 250.00, 100, 1410, 1215, 72, P0
2026/07/31 19:41:54.213, 235.17, 250.00, 100, 1410, 1215, 72, P0
2026/07/31 19:41:54.413, 239.39, 250.00, 100, 1410, 1215, 72, P0
2026/07/31 19:41:54.614, 234.75, 250.00, 100, 1410, 1215, 72, P0
2026/07/31 19:41:54.814, 237.74, 250.00, 100, 1410, 1215, 72, P0
2026/07/31 19:41:55.015, 234.05, 250.00, 100, 1410, 1215, 72, P0
2026/07/31 19:41:55.215, 235.07, 250.00, 100, 1410, 1215, 72, P0
2026/07/31 19:41:55.416, 238.88, 250.00, 100, 1410, 1215, 72, P0
2026/07/31 19:41:55.616, 234.41, 250.00, 100, 1410, 1215, 72, P0
2026/07/31 19:41:55.817, 235.59, 250.00, 100, 1410, 1215, 72, P0
2026/07/31 19:41:56.017, 239.78, 250.00, 100, 1410, 1215, 72, P0
2026/07/31 19:41:56.218, 235.13, 250.00, 100, 1410, 1215, 72, P0
2026/07/31 19:41:56.419, 237.38, 250.00, 100, 1410, 1215, 72, P0
2026/07/31 19:41:56.621, 233.87, 250.00, 100, 1410, 1215, 72, P0
2026/07/31 19:41:56.824, 236.95, 250.00, 100, 1410, 1215, 72, P0
2026/07/31 19:41:57.025, 233.92, 250.00, 100, 1410, 1215, 72, P0
2026/07/31 19:41:57.226, 235.77, 250.00, 100, 1410, 1215, 72, P0
2026/07/31 19:41:57.427, 239.02, 250.00, 100, 1410, 1215, 72, P0
2026/07/31 19:41:57.628, 235.13, 250.00, 100, 1410, 1215, 72, P0
2026/07/31 19:41:57.828, 236.86, 250.00, 100, 1410, 1215, 72, P0
2026/07/31 19:41:58.029, 240.35, 250.00, 100, 1410, 1215, 72, P0
2026/07/31 19:41:58.229, 235.42, 250.00, 100, 1410, 1215, 72, P0
2026/07/31 19:41:58.430, 237.56, 250.00, 100, 1410, 1215, 72, P0
2026/07/31 19:41:58.630, 234.46, 250.00, 100, 1410, 1215, 72, P0
2026/07/31 19:41:58.831, 235.73, 250.00, 100, 1410, 1215, 72, P0
2026/07/31 19:41:59.031, 239.08, 250.00, 100, 1410, 1215, 72, P0
2026/07/31 19:41:59.232, 234.84, 250.00, 100, 1410, 1215, 72, P0
2026/07/31 19:41:59.433, 237.50, 250.00, 100, 1410, 1215, 72, P0
2026/07/31 19:41:59.633, 235.05, 250.00, 100, 1410, 1215, 72, P0
2026/07/31 19:41:59.834, 234.74, 250.00, 100, 1410, 1215, 72, P0
2026/07/31 19:42:00.034, 238.21, 250.00, 100, 1410, 1215, 72, P0
2026/07/31 19:42:00.235, 234.96, 250.00, 100, 1410, 1215, 72, P0
2026/07/31 19:42:00.436, 235.97, 250.00, 100, 1410, 1215, 72, P0
2026/07/31 19:42:00.636, 239.81, 250.00, 100, 1410, 1215, 72, P0
2026/07/31 19:42:00.837, 317.57, 250.00, 100, 1275, 1215, 73, P0
2026/07/31 19:42:01.039, 253.43, 250.00, 92, 1290, 1215, 76, P0
2026/07/31 19:42:01.239, 260.12, 250.00, 100, 1275, 1215, 76, P0
2026/07/31 19:42:01.440, 249.22, 250.00, 95, 1275, 1215, 76, P0
2026/07/31 19:42:01.640, 245.65, 250.00, 100, 1260, 1215, 76, P0
2026/07/31 19:42:01.841, 252.66, 250.00, 96, 1275, 1215, 77, P0
2026/07/31 19:42:02.041, 250.94, 250.00, 100, 1320, 1215, 76, P0
2026/07/31 19:42:02.242, 246.94, 250.00, 100, 1275, 1215, 77, P0
2026/07/31 19:42:02.442, 250.77, 250.00, 97, 1275, 1215, 77, P0
2026/07/31 19:42:02.643, 231.01, 250.00, 100, 1410, 1215, 73, P0
2026/07/31 19:42:02.843, 239.79, 250.00, 100, 1410, 1215, 73, P0
2026/07/31 19:42:03.044, 235.42, 250.00, 100, 1410, 1215, 73, P0
2026/07/31 19:42:03.244, 237.10, 250.00, 100, 1410, 1215, 73, P0
2026/07/31 19:42:03.445, 240.12, 250.00, 100, 1410, 1215, 73, P0
2026/07/31 19:42:03.646, 235.55, 250.00, 100, 1410, 1215, 72, P0
2026/07/31 19:42:03.846, 236.56, 250.00, 100, 1410, 1215, 72, P0
2026/07/31 19:42:04.047, 239.37, 250.00, 100, 1410, 1215, 72, P0
2026/07/31 19:42:04.247, 235.77, 250.00, 100, 1410, 1215, 72, P0
2026/07/31 19:42:04.448, 237.02, 250.00, 100, 1410, 1215, 72, P0
2026/07/31 19:42:04.648, 239.35, 250.00, 100, 1410, 1215, 72, P0
2026/07/31 19:42:04.849, 235.77, 250.00, 100, 1410, 1215, 72, P0
2026/07/31 19:42:05.049, 236.91, 250.00, 100, 1410, 1215, 72, P0
2026/07/31 19:42:05.250, 238.61, 250.00, 100, 1410, 1215, 72, P0
2026/07/31 19:42:05.463, 235.07, 250.00, 100, 1410, 1215, 72, P0
2026/07/31 19:42:05.663, 236.64, 250.00, 100, 1410, 1215, 72, P0
2026/07/31 19:42:05.864, 239.27, 250.00, 100, 1410, 1215, 72, P0
2026/07/31 19:42:06.064, 234.27, 250.00, 100, 1410, 1215, 72, P0
2026/07/31 19:42:06.265, 235.96, 250.00, 100, 1410, 1215, 72, P0
2026/07/31 19:42:06.465, 240.26, 250.00, 100, 1410, 1215, 72, P0
2026/07/31 19:42:06.666, 235.33, 250.00, 100, 1410, 1215, 72, P0
2026/07/31 19:42:06.867, 236.31, 250.00, 100, 1410, 1215, 72, P0
2026/07/31 19:42:07.068, 239.42, 250.00, 100, 1410, 1215, 72, P0
2026/07/31 19:42:07.268, 234.95, 250.00, 100, 1410, 1215, 72, P0
2026/07/31 19:42:07.469, 236.93, 250.00, 100, 1410, 1215, 72, P0
2026/07/31 19:42:07.670, 240.39, 250.00, 100, 1410, 1215, 73, P0
2026/07/31 19:42:07.870, 234.76, 250.00, 100, 1410, 1215, 72, P0
2026/07/31 19:42:08.071, 236.93, 250.00, 100, 1410, 1215, 73, P0
2026/07/31 19:42:08.271, 240.12, 250.00, 100, 1410, 1215, 73, P0
2026/07/31 19:42:08.472, 236.02, 250.00, 100, 1410, 1215, 73, P0
2026/07/31 19:42:08.672, 236.88, 250.00, 100, 1410, 1215, 73, P0
2026/07/31 19:42:08.873, 241.29, 250.00, 100, 1410, 1215, 73, P0
2026/07/31 19:42:09.073, 235.04, 250.00, 100, 1410, 1215, 73, P0
2026/07/31 19:42:09.274, 237.65, 250.00, 100, 1410, 1215, 73, P0
2026/07/31 19:42:09.474, 241.17, 250.00, 100, 1410, 1215, 73, P0
2026/07/31 19:42:09.675, 235.62, 250.00, 100, 1410, 1215, 73, P0
2026/07/31 19:42:09.875, 237.07, 250.00, 100, 1410, 1215, 73, P0
2026/07/31 19:42:10.076, 240.59, 250.00, 100, 1410, 1215, 73, P0
2026/07/31 19:42:10.277, 235.80, 250.00, 100, 1410, 1215, 73, P0
2026/07/31 19:42:10.477, 237.56, 250.00, 100, 1410, 1215, 73, P0
2026/07/31 19:42:10.678, 236.38, 250.00, 100, 1410, 1215, 73, P0
2026/07/31 19:42:10.878, 235.36, 250.00, 100, 1410, 1215, 73, P0
2026/07/31 19:42:11.079, 238.08, 250.00, 100, 1410, 1215, 73, P0
2026/07/31 19:42:11.279, 235.30, 250.00, 100, 1410, 1215, 73, P0
2026/07/31 19:42:11.480, 236.34, 250.00, 100, 1410, 1215, 73, P0
2026/07/31 19:42:11.680, 238.58, 250.00, 100, 1410, 1215, 73, P0
2026/07/31 19:42:11.881, 235.43, 250.00, 100, 1410, 1215, 73, P0
2026/07/31 19:42:12.081, 237.13, 250.00, 100, 1410, 1215, 73, P0
2026/07/31 19:42:12.282, 240.11, 250.00, 100, 1410, 1215, 73, P0
2026/07/31 19:42:12.482, 235.32, 250.00, 100, 1410, 1215, 73, P0
2026/07/31 19:42:12.683, 236.78, 250.00, 100, 1410, 1215, 73, P0
2026/07/31 19:42:12.884, 239.47, 250.00, 100, 1410, 1215, 73, P0
2026/07/31 19:42:13.084, 235.67, 250.00, 100, 1410, 1215, 73, P0
2026/07/31 19:42:13.285, 237.10, 250.00, 100, 1410, 1215, 73, P0
2026/07/31 19:42:13.485, 239.97, 250.00, 100, 1410, 1215, 73, P0
2026/07/31 19:42:13.686, 235.53, 250.00, 100, 1410, 1215, 73, P0
2026/07/31 19:42:13.887, 237.84, 250.00, 100, 1410, 1215, 73, P0
2026/07/31 19:42:14.087, 240.68, 250.00, 100, 1410, 1215, 73, P0
2026/07/31 19:42:14.288, 236.32, 250.00, 100, 1410, 1215, 73, P0
2026/07/31 19:42:14.488, 238.77, 250.00, 100, 1410, 1215, 73, P0
2026/07/31 19:42:14.689, 237.98, 250.00, 100, 1410, 1215, 73, P0
2026/07/31 19:42:14.889, 235.74, 250.00, 100, 1410, 1215, 73, P0
2026/07/31 19:42:15.090, 238.25, 250.00, 100, 1410, 1215, 73, P0
2026/07/31 19:42:15.291, 234.88, 250.00, 100, 1410, 1215, 73, P0
2026/07/31 19:42:15.491, 236.73, 250.00, 100, 1410, 1215, 73, P0
2026/07/31 19:42:15.692, 238.77, 250.00, 100, 1410, 1215, 73, P0
2026/07/31 19:42:15.892, 235.71, 250.00, 100, 1410, 1215, 73, P0
2026/07/31 19:42:16.093, 236.74, 250.00, 100, 1410, 1215, 73, P0
2026/07/31 19:42:16.293, 240.46, 250.00, 100, 1410, 1215, 73, P0
2026/07/31 19:42:16.494, 235.50, 250.00, 100, 1410, 1215, 73, P0
2026/07/31 19:42:16.694, 236.98, 250.00, 100, 1410, 1215, 73, P0
2026/07/31 19:42:16.895, 239.49, 250.00, 100, 1410, 1215, 73, P0
2026/07/31 19:42:17.095, 235.98, 250.00, 100, 1410, 1215, 73, P0
2026/07/31 19:42:17.296, 239.08, 250.00, 100, 1410, 1215, 73, P0
2026/07/31 19:42:17.496, 235.62, 250.00, 100, 1410, 1215, 73, P0
2026/07/31 19:42:17.697, 237.45, 250.00, 100, 1410, 1215, 73, P0
2026/07/31 19:42:17.898, 239.86, 250.00, 100, 1410, 1215, 73, P0
2026/07/31 19:42:18.098, 235.83, 250.00, 100, 1410, 1215, 73, P0
2026/07/31 19:42:18.299, 237.18, 250.00, 100, 1410, 1215, 73, P0
2026/07/31 19:42:18.499, 239.52, 250.00, 100, 1410, 1215, 73, P0
2026/07/31 19:42:18.700, 236.13, 250.00, 100, 1410, 1215, 73, P0
2026/07/31 19:42:18.900, 238.49, 250.00, 100, 1410, 1215, 73, P0
2026/07/31 19:42:19.101, 238.49, 250.00, 100, 1410, 1215, 73, P0
2026/07/31 19:42:19.301, 236.36, 250.00, 100, 1410, 1215, 73, P0
2026/07/31 19:42:19.502, 238.68, 250.00, 100, 1410, 1215, 73, P0
2026/07/31 19:42:19.702, 235.80, 250.00, 100, 1410, 1215, 73, P0
2026/07/31 19:42:19.903, 237.32, 250.00, 100, 1410, 1215, 73, P0
2026/07/31 19:42:20.103, 237.45, 250.00, 100, 1410, 1215, 73, P0
2026/07/31 19:42:20.304, 241.46, 250.00, 100, 1410, 1215, 73, P0
2026/07/31 19:42:20.504, 236.92, 250.00, 100, 1410, 1215, 73, P0
2026/07/31 19:42:20.705, 239.66, 250.00, 100, 1410, 1215, 73, P0
2026/07/31 19:42:20.906, 235.79, 250.00, 100, 1410, 1215, 73, P0
2026/07/31 19:42:21.106, 237.01, 250.00, 100, 1410, 1215, 73, P0
2026/07/31 19:42:21.307, 241.06, 250.00, 100, 1410, 1215, 73, P0
2026/07/31 19:42:21.507, 236.48, 250.00, 100, 1410, 1215, 73, P0
2026/07/31 19:42:21.708, 237.29, 250.00, 100, 1410, 1215, 73, P0
2026/07/31 19:42:21.908, 241.91, 250.00, 100, 1410, 1215, 73, P0
2026/07/31 19:42:22.109, 236.68, 250.00, 100, 1410, 1215, 73, P0
2026/07/31 19:42:22.309, 238.90, 250.00, 100, 1410, 1215, 73, P0
2026/07/31 19:42:22.510, 235.76, 250.00, 100, 1410, 1215, 73, P0
2026/07/31 19:42:22.710, 237.84, 250.00, 100, 1410, 1215, 73, P0
2026/07/31 19:42:22.911, 239.59, 250.00, 100, 1410, 1215, 73, P0
2026/07/31 19:42:23.111, 236.19, 250.00, 100, 1410, 1215, 73, P0
2026/07/31 19:42:23.312, 237.51, 250.00, 100, 1410, 1215, 73, P0
2026/07/31 19:42:23.512, 240.42, 250.00, 100, 1410, 1215, 73, P0
2026/07/31 19:42:23.713, 236.77, 250.00, 100, 1410, 1215, 73, P0
2026/07/31 19:42:23.914, 238.52, 250.00, 100, 1410, 1215, 73, P0
2026/07/31 19:42:24.114, 237.51, 250.00, 100, 1410, 1215, 73, P0
2026/07/31 19:42:24.315, 236.40, 250.00, 100, 1410, 1215, 73, P0
2026/07/31 19:42:24.515, 239.37, 250.00, 100, 1410, 1215, 73, P0
2026/07/31 19:42:24.716, 236.57, 250.00, 100, 1410, 1215, 73, P0
2026/07/31 19:42:24.916, 238.19, 250.00, 100, 1410, 1215, 73, P0
2026/07/31 19:42:25.117, 242.56, 250.00, 100, 1410, 1215, 73, P0
2026/07/31 19:42:25.317, 236.40, 250.00, 100, 1410, 1215, 73, P0
2026/07/31 19:42:25.518, 238.05, 250.00, 100, 1410, 1215, 73, P0
2026/07/31 19:42:25.718, 237.59, 250.00, 100, 1410, 1215, 73, P0
2026/07/31 19:42:25.919, 237.09, 250.00, 100, 1410, 1215, 73, P0
2026/07/31 19:42:26.119, 239.34, 250.00, 100, 1410, 1215, 73, P0
2026/07/31 19:42:26.320, 235.93, 250.00, 100, 1410, 1215, 73, P0
2026/07/31 19:42:26.520, 237.85, 250.00, 100, 1410, 1215, 73, P0
2026/07/31 19:42:26.721, 241.09, 250.00, 100, 1410, 1215, 73, P0
2026/07/31 19:42:26.921, 236.78, 250.00, 100, 1410, 1215, 73, P0
2026/07/31 19:42:27.122, 238.99, 250.00, 100, 1410, 1215, 73, P0
2026/07/31 19:42:27.322, 236.28, 250.00, 100, 1410, 1215, 74, P0
2026/07/31 19:42:27.523, 237.94, 250.00, 100, 1410, 1215, 74, P0
2026/07/31 19:42:27.725, 240.75, 250.00, 100, 1410, 1215, 73, P0
2026/07/31 19:42:27.928, 237.86, 250.00, 100, 1410, 1215, 73, P0
2026/07/31 19:42:28.130, 240.30, 250.00, 100, 1410, 1215, 74, P0
2026/07/31 19:42:28.331, 236.46, 250.00, 100, 1410, 1215, 74, P0
2026/07/31 19:42:28.533, 238.03, 250.00, 100, 1410, 1215, 74, P0
2026/07/31 19:42:28.733, 241.42, 250.00, 100, 1410, 1215, 74, P0
2026/07/31 19:42:28.934, 237.18, 250.00, 100, 1410, 1215, 74, P0
2026/07/31 19:42:29.134, 239.03, 250.00, 100, 1410, 1215, 74, P0
2026/07/31 19:42:29.335, 236.39, 250.00, 100, 1410, 1215, 74, P0
2026/07/31 19:42:29.535, 230.80, 250.00, 100, 1260, 1215, 76, P0
2026/07/31 19:42:29.786, 250.57, 250.00, 100, 1275, 1215, 77, P0
2026/07/31 19:42:29.987, 252.27, 250.00, 96, 1275, 1215, 78, P0
2026/07/31 19:42:30.187, 233.57, 250.00, 100, 1245, 1215, 77, P0
2026/07/31 19:42:30.388, 264.73, 250.00, 100, 1290, 1215, 78, P0
2026/07/31 19:42:30.588, 252.56, 250.00, 97, 1275, 1215, 78, P0
2026/07/31 19:42:30.788, 237.76, 250.00, 100, 1290, 1215, 78, P0
2026/07/31 19:42:30.989, 243.57, 250.00, 96, 1260, 1215, 78, P0
2026/07/31 19:42:31.189, 235.38, 250.00, 100, 1275, 1215, 77, P0
2026/07/31 19:42:31.390, 238.27, 250.00, 100, 1410, 1215, 75, P0
2026/07/31 19:42:31.591, 236.88, 250.00, 100, 1410, 1215, 74, P0
2026/07/31 19:42:31.801, 238.49, 250.00, 100, 1410, 1215, 74, P0
2026/07/31 19:42:32.001, 241.08, 250.00, 100, 1410, 1215, 74, P0
2026/07/31 19:42:32.202, 236.48, 250.00, 100, 1410, 1215, 74, P0
2026/07/31 19:42:32.402, 236.91, 250.00, 100, 1410, 1215, 74, P0
2026/07/31 19:42:32.603, 240.91, 250.00, 100, 1410, 1215, 74, P0
2026/07/31 19:42:32.803, 236.32, 250.00, 100, 1410, 1215, 74, P0
2026/07/31 19:42:33.004, 238.05, 250.00, 100, 1410, 1215, 74, P0
2026/07/31 19:42:33.204, 240.25, 250.00, 100, 1410, 1215, 74, P0
2026/07/31 19:42:33.405, 237.01, 250.00, 100, 1410, 1215, 74, P0
2026/07/31 19:42:33.606, 238.31, 250.00, 100, 1410, 1215, 74, P0
2026/07/31 19:42:33.806, 240.99, 250.00, 100, 1410, 1215, 74, P0
2026/07/31 19:42:34.007, 236.78, 250.00, 100, 1410, 1215, 74, P0
2026/07/31 19:42:34.207, 238.69, 250.00, 100, 1410, 1215, 74, P0
2026/07/31 19:42:34.408, 240.99, 250.00, 100, 1410, 1215, 74, P0
2026/07/31 19:42:34.608, 236.75, 250.00, 100, 1410, 1215, 74, P0
2026/07/31 19:42:34.809, 238.73, 250.00, 100, 1410, 1215, 74, P0
2026/07/31 19:42:35.009, 241.02, 250.00, 100, 1410, 1215, 74, P0
2026/07/31 19:42:35.210, 236.68, 250.00, 100, 1410, 1215, 74, P0
2026/07/31 19:42:35.410, 238.68, 250.00, 100, 1410, 1215, 74, P0
2026/07/31 19:42:35.611, 240.79, 250.00, 100, 1410, 1215, 74, P0
2026/07/31 19:42:35.811, 236.39, 250.00, 100, 1410, 1215, 74, P0
2026/07/31 19:42:36.012, 238.13, 250.00, 100, 1410, 1215, 74, P0
2026/07/31 19:42:36.213, 241.72, 250.00, 100, 1410, 1215, 74, P0
2026/07/31 19:42:36.413, 237.12, 250.00, 100, 1410, 1215, 74, P0
2026/07/31 19:42:36.614, 238.23, 250.00, 100, 1410, 1215, 74, P0
2026/07/31 19:42:36.814, 240.49, 250.00, 100, 1410, 1215, 74, P0
2026/07/31 19:42:37.015, 237.44, 250.00, 100, 1410, 1215, 74, P0
2026/07/31 19:42:37.215, 238.35, 250.00, 100, 1410, 1215, 74, P0
2026/07/31 19:42:37.416, 243.01, 250.00, 100, 1410, 1215, 74, P0
2026/07/31 19:42:37.616, 236.87, 250.00, 100, 1410, 1215, 74, P0
2026/07/31 19:42:37.817, 237.18, 250.00, 100, 1410, 1215, 74, P0
2026/07/31 19:42:38.017, 240.16, 250.00, 100, 1410, 1215, 74, P0
2026/07/31 19:42:38.218, 237.04, 250.00, 100, 1410, 1215, 74, P0
2026/07/31 19:42:38.419, 238.03, 250.00, 100, 1410, 1215, 74, P0
2026/07/31 19:42:38.619, 240.90, 250.00, 100, 1410, 1215, 74, P0
2026/07/31 19:42:38.820, 236.93, 250.00, 100, 1410, 1215, 74, P0
2026/07/31 19:42:39.020, 237.61, 250.00, 100, 1410, 1215, 74, P0
2026/07/31 19:42:39.221, 240.82, 250.00, 100, 1410, 1215, 74, P0
2026/07/31 19:42:39.421, 237.37, 250.00, 100, 1410, 1215, 74, P0
2026/07/31 19:42:39.622, 238.20, 250.00, 100, 1410, 1215, 74, P0
2026/07/31 19:42:39.822, 240.54, 250.00, 100, 1410, 1215, 74, P0
2026/07/31 19:42:40.023, 236.86, 250.00, 100, 1410, 1215, 74, P0
2026/07/31 19:42:40.223, 238.88, 250.00, 100, 1410, 1215, 74, P0
2026/07/31 19:42:40.424, 243.14, 250.00, 100, 1410, 1215, 74, P0
2026/07/31 19:42:40.625, 237.46, 250.00, 100, 1410, 1215, 74, P0
2026/07/31 19:42:40.825, 239.19, 250.00, 100, 1410, 1215, 74, P0
2026/07/31 19:42:41.025, 242.02, 250.00, 100, 1410, 1215, 74, P0
2026/07/31 19:42:41.228, 237.28, 250.00, 100, 1410, 1215, 74, P0
2026/07/31 19:42:41.431, 240.65, 250.00, 100, 1410, 1215, 74, P0
2026/07/31 19:42:41.632, 237.33, 250.00, 100, 1410, 1215, 74, P0
2026/07/31 19:42:41.834, 238.35, 250.00, 100, 1410, 1215, 74, P0
2026/07/31 19:42:42.034, 241.44, 250.00, 100, 1410, 1215, 74, P0
2026/07/31 19:42:42.235, 236.64, 250.00, 100, 1410, 1215, 74, P0
2026/07/31 19:42:42.435, 238.81, 250.00, 100, 1410, 1215, 74, P0
2026/07/31 19:42:42.636, 241.49, 250.00, 100, 1410, 1215, 74, P0
2026/07/31 19:42:42.836, 236.84, 250.00, 100, 1410, 1215, 74, P0
2026/07/31 19:42:43.037, 238.53, 250.00, 100, 1410, 1215, 74, P0
2026/07/31 19:42:43.237, 243.01, 250.00, 100, 1410, 1215, 74, P0
2026/07/31 19:42:43.438, 237.49, 250.00, 100, 1410, 1215, 74, P0
2026/07/31 19:42:43.638, 239.19, 250.00, 100, 1410, 1215, 74, P0
2026/07/31 19:42:43.839, 240.51, 250.00, 100, 1410, 1215, 74, P0
2026/07/31 19:42:44.039, 238.16, 250.00, 100, 1410, 1215, 74, P0
2026/07/31 19:42:44.240, 239.69, 250.00, 100, 1410, 1215, 74, P0
2026/07/31 19:42:44.441, 237.06, 250.00, 100, 1410, 1215, 74, P0
2026/07/31 19:42:44.641, 238.58, 250.00, 100, 1410, 1215, 74, P0
2026/07/31 19:42:44.842, 241.00, 250.00, 100, 1410, 1215, 74, P0
2026/07/31 19:42:45.042, 236.78, 250.00, 100, 1410, 1215, 74, P0
2026/07/31 19:42:45.243, 238.53, 250.00, 100, 1410, 1215, 74, P0
2026/07/31 19:42:45.444, 242.27, 250.00, 100, 1410, 1215, 74, P0
2026/07/31 19:42:45.644, 237.47, 250.00, 100, 1410, 1215, 74, P0
2026/07/31 19:42:45.845, 238.85, 250.00, 100, 1410, 1215, 74, P0
2026/07/31 19:42:46.045, 242.79, 250.00, 100, 1410, 1215, 74, P0
2026/07/31 19:42:46.246, 238.02, 250.00, 100, 1410, 1215, 74, P0
2026/07/31 19:42:46.446, 239.93, 250.00, 100, 1410, 1215, 74, P0
2026/07/31 19:42:46.647, 237.50, 250.00, 100, 1410, 1215, 74, P0
2026/07/31 19:42:46.847, 238.50, 250.00, 100, 1410, 1215, 74, P0
2026/07/31 19:42:47.048, 242.37, 250.00, 100, 1410, 1215, 74, P0
2026/07/31 19:42:47.249, 237.92, 250.00, 100, 1410, 1215, 74, P0
2026/07/31 19:42:47.449, 238.87, 250.00, 100, 1410, 1215, 74, P0
2026/07/31 19:42:47.650, 243.64, 250.00, 100, 1410, 1215, 74, P0
2026/07/31 19:42:47.850, 237.55, 250.00, 100, 1410, 1215, 74, P0
2026/07/31 19:42:48.051, 239.54, 250.00, 100, 1410, 1215, 74, P0
2026/07/31 19:42:48.251, 237.99, 250.00, 100, 1410, 1215, 74, P0
2026/07/31 19:42:48.452, 237.51, 250.00, 100, 1410, 1215, 74, P0
2026/07/31 19:42:48.652, 241.22, 250.00, 100, 1410, 1215, 74, P0
2026/07/31 19:42:48.853, 237.93, 250.00, 100, 1410, 1215, 74, P0
2026/07/31 19:42:49.053, 238.78, 250.00, 100, 1410, 1215, 74, P0
2026/07/31 19:42:49.254, 243.56, 250.00, 100, 1410, 1215, 74, P0
2026/07/31 19:42:49.454, 237.92, 250.00, 100, 1410, 1215, 74, P0
2026/07/31 19:42:49.655, 239.68, 250.00, 100, 1410, 1215, 74, P0
2026/07/31 19:42:49.855, 244.66, 250.00, 100, 1410, 1215, 74, P0
2026/07/31 19:42:50.056, 237.70, 250.00, 100, 1410, 1215, 74, P0
2026/07/31 19:42:50.256, 239.95, 250.00, 100, 1410, 1215, 74, P0
2026/07/31 19:42:50.457, 237.58, 250.00, 100, 1410, 1215, 74, P0
2026/07/31 19:42:50.658, 238.32, 250.00, 100, 1410, 1215, 74, P0
2026/07/31 19:42:50.858, 242.25, 250.00, 100, 1410, 1215, 74, P0
2026/07/31 19:42:51.059, 237.63, 250.00, 100, 1410, 1215, 74, P0
2026/07/31 19:42:51.259, 239.77, 250.00, 100, 1410, 1215, 74, P0
2026/07/31 19:42:51.460, 243.70, 250.00, 100, 1410, 1215, 74, P0
2026/07/31 19:42:51.660, 238.39, 250.00, 100, 1410, 1215, 74, P0
2026/07/31 19:42:51.861, 240.72, 250.00, 100, 1410, 1215, 74, P0
2026/07/31 19:42:52.061, 237.56, 250.00, 100, 1410, 1215, 74, P0
2026/07/31 19:42:52.262, 238.35, 250.00, 100, 1410, 1215, 74, P0
2026/07/31 19:42:52.463, 241.98, 250.00, 100, 1410, 1215, 74, P0
2026/07/31 19:42:52.663, 237.47, 250.00, 100, 1410, 1215, 74, P0
2026/07/31 19:42:52.864, 239.95, 250.00, 100, 1410, 1215, 74, P0
2026/07/31 19:42:53.064, 244.31, 250.00, 100, 1410, 1215, 74, P0
2026/07/31 19:42:53.265, 238.05, 250.00, 100, 1410, 1215, 74, P0
2026/07/31 19:42:53.465, 240.55, 250.00, 100, 1410, 1215, 74, P0
2026/07/31 19:42:53.666, 237.66, 250.00, 100, 1410, 1215, 75, P0
2026/07/31 19:42:53.866, 238.34, 250.00, 100, 1410, 1215, 75, P0
2026/07/31 19:42:54.067, 240.93, 250.00, 100, 1410, 1215, 75, P0
2026/07/31 19:42:54.267, 238.50, 250.00, 100, 1410, 1215, 75, P0
2026/07/31 19:42:54.468, 239.77, 250.00, 100, 1410, 1215, 74, P0
2026/07/31 19:42:54.668, 244.68, 250.00, 100, 1410, 1215, 75, P0
2026/07/31 19:42:54.870, 238.40, 250.00, 100, 1410, 1215, 74, P0
2026/07/31 19:42:55.070, 240.43, 250.00, 100, 1410, 1215, 75, P0
2026/07/31 19:42:55.271, 237.15, 250.00, 100, 1410, 1215, 75, P0
2026/07/31 19:42:55.471, 239.06, 250.00, 100, 1410, 1215, 75, P0
2026/07/31 19:42:55.672, 242.16, 250.00, 100, 1410, 1215, 75, P0
2026/07/31 19:42:55.872, 237.73, 250.00, 100, 1410, 1215, 75, P0
2026/07/31 19:42:56.073, 239.00, 250.00, 100, 1410, 1215, 75, P0
2026/07/31 19:42:56.274, 243.21, 250.00, 100, 1410, 1215, 75, P0
2026/07/31 19:42:56.474, 238.60, 250.00, 100, 1410, 1215, 75, P0
2026/07/31 19:42:56.675, 240.27, 250.00, 100, 1410, 1215, 75, P0
2026/07/31 19:42:56.875, 237.83, 250.00, 100, 1410, 1215, 75, P0
2026/07/31 19:42:57.076, 238.88, 250.00, 100, 1410, 1215, 75, P0
2026/07/31 19:42:57.276, 242.10, 250.00, 100, 1410, 1215, 75, P0
2026/07/31 19:42:57.477, 238.14, 250.00, 100, 1410, 1215, 75, P0
2026/07/31 19:42:57.678, 237.98, 250.00, 100, 1410, 1215, 75, P0
2026/07/31 19:42:57.878, 240.86, 250.00, 100, 1410, 1215, 75, P0
2026/07/31 19:42:58.079, 237.72, 250.00, 100, 1410, 1215, 75, P0
2026/07/31 19:42:58.279, 72.08, 250.00, 85, 1410, 1215, 71, P0
2026/07/31 19:42:58.479, 69.90, 250.00, 0, 1410, 1215, 69, P0
2026/07/31 19:42:58.680, 68.98, 250.00, 0, 1410, 1215, 69, P0
2026/07/31 19:42:58.880, 68.35, 250.00, 0, 1410, 1215, 68, P0
2026/07/31 19:42:59.081, 67.99, 250.00, 0, 1410, 1215, 68, P0
2026/07/31 19:42:59.281, 67.46, 250.00, 0, 1410, 1215, 67, P0
2026/07/31 19:42:59.481, 67.09, 250.00, 0, 1410, 1215, 67, P0
2026/07/31 19:42:59.682, 66.85, 250.00, 0, 1410, 1215, 67, P0
2026/07/31 19:42:59.882, 66.80, 250.00, 0, 1410, 1215, 67, P0
2026/07/31 19:43:00.083, 48.30, 250.00, 0, 1140, 1215, 66, P0
2026/07/31 19:43:00.283, 47.83, 250.00, 0, 1140, 1215, 66, P0
2026/07/31 19:43:00.483, 47.92, 250.00, 0, 1140, 1215, 65, P0
2026/07/31 19:43:00.684, 47.80, 250.00, 0, 1140, 1215, 65, P0
2026/07/31 19:43:00.884, 47.44, 250.00, 0, 1140, 1215, 65, P0
2026/07/31 19:43:01.085, 47.25, 250.00, 0, 1140, 1215, 65, P0
2026/07/31 19:43:01.285, 47.15, 250.00, 0, 1140, 1215, 64, P0
2026/07/31 19:43:01.486, 46.96, 250.00, 0, 1140, 1215, 64, P0
2026/07/31 19:43:01.686, 46.95, 250.00, 0, 1140, 1215, 64, P0
2026/07/31 19:43:01.886, 46.85, 250.00, 0, 1140, 1215, 64, P0
2026/07/31 19:43:02.087, 46.69, 250.00, 0, 1140, 1215, 64, P0
2026/07/31 19:43:02.287, 46.68, 250.00, 0, 1140, 1215, 64, P0
2026/07/31 19:43:02.488, 46.50, 250.00, 0, 1140, 1215, 64, P0
2026/07/31 19:43:02.688, 46.46, 250.00, 0, 1140, 1215, 63, P0
2026/07/31 19:43:02.889, 46.49, 250.00, 0, 1140, 1215, 63, P0
2026/07/31 19:43:03.089, 46.31, 250.00, 0, 1140, 1215, 63, P0
2026/07/31 19:43:03.289, 46.28, 250.00, 0, 1140, 1215, 63, P0
2026/07/31 19:43:03.490, 46.16, 250.00, 0, 1140, 1215, 63, P0
2026/07/31 19:43:03.690, 46.06, 250.00, 0, 1140, 1215, 63, P0
2026/07/31 19:43:03.891, 45.99, 250.00, 0, 1140, 1215, 63, P0
2026/07/31 19:43:04.091, 45.87, 250.00, 0, 1140, 1215, 63, P0
2026/07/31 19:43:04.291, 45.88, 250.00, 0, 1140, 1215, 62, P0
2026/07/31 19:43:04.492, 45.78, 250.00, 0, 1140, 1215, 62, P0
2026/07/31 19:43:04.692, 45.75, 250.00, 0, 1140, 1215, 62, P0
2026/07/31 19:43:04.893, 45.65, 250.00, 0, 1140, 1215, 62, P0
2026/07/31 19:43:05.093, 45.54, 250.00, 0, 1140, 1215, 62, P0
2026/07/31 19:43:05.293, 45.57, 250.00, 0, 1140, 1215, 62, P0
2026/07/31 19:43:05.494, 45.38, 250.00, 0, 1140, 1215, 62, P0
2026/07/31 19:43:05.694, 45.56, 250.00, 0, 1140, 1215, 62, P0
2026/07/31 19:43:05.895, 45.49, 250.00, 0, 1140, 1215, 62, P0
2026/07/31 19:43:06.095, 45.40, 250.00, 0, 1140, 1215, 62, P0
2026/07/31 19:43:06.296, 45.13, 250.00, 0, 1140, 1215, 61, P0
2026/07/31 19:43:06.496, 45.11, 250.00, 0, 1140, 1215, 61, P0
2026/07/31 19:43:06.697, 45.08, 250.00, 0, 1140, 1215, 61, P0
2026/07/31 19:43:06.897, 45.09, 250.00, 0, 1140, 1215, 61, P0
2026/07/31 19:43:07.097, 44.94, 250.00, 0, 1140, 1215, 61, P0
2026/07/31 19:43:07.298, 45.02, 250.00, 0, 1140, 1215, 61, P0
2026/07/31 19:43:07.498, 44.92, 250.00, 0, 1140, 1215, 61, P0
2026/07/31 19:43:07.699, 44.81, 250.00, 0, 1140, 1215, 61, P0
2026/07/31 19:43:07.899, 44.87, 250.00, 0, 1140, 1215, 61, P0
2026/07/31 19:43:08.099, 44.67, 250.00, 0, 1140, 1215, 61, P0
2026/07/31 19:43:08.300, 45.39, 250.00, 0, 1140, 1215, 61, P0
2026/07/31 19:43:08.500, 44.60, 250.00, 0, 1140, 1215, 60, P0
2026/07/31 19:43:08.701, 44.60, 250.00, 0, 1140, 1215, 60, P0
2026/07/31 19:43:08.901, 44.53, 250.00, 0, 1140, 1215, 60, P0
2026/07/31 19:43:09.102, 44.51, 250.00, 0, 1140, 1215, 60, P0
2026/07/31 19:43:09.302, 45.18, 250.00, 0, 1140, 1215, 60, P0
2026/07/31 19:43:09.503, 44.49, 250.00, 0, 1140, 1215, 60, P0
2026/07/31 19:43:09.703, 44.39, 250.00, 0, 1140, 1215, 60, P0
2026/07/31 19:43:09.903, 44.31, 250.00, 0, 1140, 1215, 60, P0
2026/07/31 19:43:10.104, 44.26, 250.00, 0, 1140, 1215, 60, P0
2026/07/31 19:43:10.304, 44.15, 250.00, 0, 1140, 1215, 60, P0
2026/07/31 19:43:10.505, 44.23, 250.00, 0, 1140, 1215, 60, P0
2026/07/31 19:43:10.705, 44.13, 250.00, 0, 1140, 1215, 59, P0
2026/07/31 19:43:10.905, 44.12, 250.00, 0, 1140, 1215, 59, P0
2026/07/31 19:43:11.106, 44.12, 250.00, 0, 1140, 1215, 59, P0
2026/07/31 19:43:11.306, 44.04, 250.00, 0, 1140, 1215, 59, P0
2026/07/31 19:43:11.507, 43.92, 250.00, 0, 1140, 1215, 59, P0
2026/07/31 19:43:11.707, 43.95, 250.00, 0, 1140, 1215, 59, P0
2026/07/31 19:43:11.907, 43.77, 250.00, 0, 1140, 1215, 59, P0
2026/07/31 19:43:12.108, 43.90, 250.00, 0, 1140, 1215, 59, P0
2026/07/31 19:43:12.308, 43.81, 250.00, 0, 1140, 1215, 59, P0
2026/07/31 19:43:12.509, 43.77, 250.00, 0, 1140, 1215, 59, P0
2026/07/31 19:43:12.709, 43.71, 250.00, 0, 1140, 1215, 59, P0
2026/07/31 19:43:12.910, 43.69, 250.00, 0, 1140, 1215, 59, P0
2026/07/31 19:43:13.110, 43.62, 250.00, 0, 1140, 1215, 59, P0
2026/07/31 19:43:13.310, 43.69, 250.00, 0, 1140, 1215, 58, P0
2026/07/31 19:43:13.511, 43.60, 250.00, 0, 1140, 1215, 58, P0
2026/07/31 19:43:13.711, 43.54, 250.00, 0, 1140, 1215, 58, P0
2026/07/31 19:43:13.912, 43.51, 250.00, 0, 1140, 1215, 58, P0
2026/07/31 19:43:14.112, 43.43, 250.00, 0, 1140, 1215, 58, P0
2026/07/31 19:43:14.312, 43.45, 250.00, 0, 1140, 1215, 58, P0
2026/07/31 19:43:14.513, 43.42, 250.00, 0, 1140, 1215, 58, P0
2026/07/31 19:43:14.713, 43.36, 250.00, 0, 1140, 1215, 58, P0
2026/07/31 19:43:14.914, 43.36, 250.00, 0, 1140, 1215, 58, P0
2026/07/31 19:43:15.114, 43.33, 250.00, 0, 1140, 1215, 58, P0
2026/07/31 19:43:15.315, 43.25, 250.00, 0, 1140, 1215, 58, P0
2026/07/31 19:43:15.515, 43.12, 250.00, 0, 1140, 1215, 58, P0
2026/07/31 19:43:15.716, 43.23, 250.00, 0, 1140, 1215, 58, P0
2026/07/31 19:43:15.916, 43.10, 250.00, 0, 1140, 1215, 58, P0
2026/07/31 19:43:16.117, 43.41, 250.00, 0, 1140, 1215, 57, P0
2026/07/31 19:43:16.317, 43.42, 250.00, 0, 1140, 1215, 57, P0
2026/07/31 19:43:16.517, 43.32, 250.00, 0, 1140, 1215, 57, P0
2026/07/31 19:43:16.718, 43.33, 250.00, 0, 1140, 1215, 57, P0
2026/07/31 19:43:16.918, 43.21, 250.00, 0, 1140, 1215, 57, P0
2026/07/31 19:43:17.119, 43.20, 250.00, 0, 1140, 1215, 57, P0
2026/07/31 19:43:17.319, 43.08, 250.00, 0, 1140, 1215, 57, P0
2026/07/31 19:43:17.519, 43.02, 250.00, 0, 1140, 1215, 57, P0
2026/07/31 19:43:17.720, 43.04, 250.00, 0, 1140, 1215, 57, P0
2026/07/31 19:43:17.920, 42.94, 250.00, 0, 1140, 1215, 57, P0
2026/07/31 19:43:18.120, 42.97, 250.00, 0, 1140, 1215, 57, P0
2026/07/31 19:43:18.321, 42.86, 250.00, 0, 1140, 1215, 57, P0
2026/07/31 19:43:18.521, 42.81, 250.00, 0, 1140, 1215, 57, P0
2026/07/31 19:43:18.722, 42.87, 250.00, 0, 1140, 1215, 57, P0
2026/07/31 19:43:18.922, 42.76, 250.00, 0, 1140, 1215, 56, P0
2026/07/31 19:43:19.123, 42.76, 250.00, 0, 1140, 1215, 56, P0
2026/07/31 19:43:19.323, 42.65, 250.00, 0, 1140, 1215, 56, P0
2026/07/31 19:43:19.524, 42.65, 250.00, 0, 1140, 1215, 56, P0
2026/07/31 19:43:19.724, 42.55, 250.00, 0, 1140, 1215, 56, P0
2026/07/31 19:43:19.925, 42.54, 250.00, 0, 1140, 1215, 56, P0
2026/07/31 19:43:20.125, 42.54, 250.00, 0, 1140, 1215, 56, P0
2026/07/31 19:43:20.325, 42.52, 250.00, 0, 1140, 1215, 56, P0
2026/07/31 19:43:20.526, 42.43, 250.00, 0, 1140, 1215, 56, P0
2026/07/31 19:43:20.726, 42.34, 250.00, 0, 1140, 1215, 56, P0
2026/07/31 19:43:20.927, 42.34, 250.00, 0, 1140, 1215, 56, P0
2026/07/31 19:43:21.127, 42.34, 250.00, 0, 1140, 1215, 56, P0
2026/07/31 19:43:21.327, 42.25, 250.00, 0, 1140, 1215, 56, P0
2026/07/31 19:43:21.528, 42.32, 250.00, 0, 1140, 1215, 56, P0
2026/07/31 19:43:21.728, 42.25, 250.00, 0, 1140, 1215, 56, P0
2026/07/31 19:43:21.929, 42.29, 250.00, 0, 1140, 1215, 56, P0
2026/07/31 19:43:22.129, 42.17, 250.00, 0, 1140, 1215, 55, P0
2026/07/31 19:43:22.329, 42.15, 250.00, 0, 1140, 1215, 55, P0
2026/07/31 19:43:22.530, 42.16, 250.00, 0, 1140, 1215, 55, P0
2026/07/31 19:43:22.730, 42.10, 250.00, 0, 1140, 1215, 55, P0
2026/07/31 19:43:22.931, 42.10, 250.00, 0, 1140, 1215, 55, P0
2026/07/31 19:43:23.131, 42.07, 250.00, 0, 1140, 1215, 55, P0
2026/07/31 19:43:23.331, 41.94, 250.00, 0, 1140, 1215, 55, P0
2026/07/31 19:43:23.532, 41.98, 250.00, 10, 1140, 1215, 55, P0
2026/07/31 19:43:23.732, 41.94, 250.00, 0, 1140, 1215, 55, P0
2026/07/31 19:43:23.933, 41.96, 250.00, 0, 1140, 1215, 55, P0
2026/07/31 19:43:24.133, 41.67, 250.00, 0, 1140, 1215, 55, P0
2026/07/31 19:43:24.333, 188.57, 250.00, 0, 1140, 1215, 60, P0
2026/07/31 19:43:24.534, 255.35, 250.00, 87, 1290, 1215, 64, P0
2026/07/31 19:43:24.734, 251.65, 250.00, 100, 1290, 1215, 65, P0
2026/07/31 19:43:24.935, 254.95, 250.00, 96, 1290, 1215, 66, P0
2026/07/31 19:43:25.135, 264.74, 250.00, 100, 1305, 1215, 66, P0
2026/07/31 19:43:25.336, 237.18, 250.00, 96, 1260, 1215, 66, P0
2026/07/31 19:43:25.536, 277.63, 250.00, 100, 1305, 1215, 67, P0
2026/07/31 19:43:25.737, 254.35, 250.00, 96, 1290, 1215, 67, P0
2026/07/31 19:43:25.937, 199.91, 250.00, 100, 1380, 1215, 65, P0
2026/07/31 19:43:26.138, 226.62, 250.00, 100, 1410, 1215, 64, P0
2026/07/31 19:43:26.340, 227.24, 250.00, 100, 1410, 1215, 63, P0
2026/07/31 19:43:26.543, 225.37, 250.00, 100, 1410, 1215, 63, P0
2026/07/31 19:43:26.744, 226.57, 250.00, 100, 1410, 1215, 63, P0
2026/07/31 19:43:26.945, 229.66, 250.00, 100, 1410, 1215, 63, P0
2026/07/31 19:43:27.147, 225.50, 250.00, 100, 1410, 1215, 63, P0
2026/07/31 19:43:27.348, 226.79, 250.00, 100, 1410, 1215, 63, P0
2026/07/31 19:43:27.548, 229.77, 250.00, 100, 1410, 1215, 64, P0
2026/07/31 19:43:27.749, 225.83, 250.00, 100, 1410, 1215, 64, P0
2026/07/31 19:43:27.949, 227.11, 250.00, 100, 1410, 1215, 64, P0
2026/07/31 19:43:28.150, 230.73, 250.00, 100, 1410, 1215, 64, P0
2026/07/31 19:43:28.350, 225.95, 250.00, 100, 1410, 1215, 64, P0
2026/07/31 19:43:28.551, 227.24, 250.00, 100, 1410, 1215, 64, P0
2026/07/31 19:43:28.752, 230.77, 250.00, 100, 1410, 1215, 64, P0
2026/07/31 19:43:28.952, 225.67, 250.00, 100, 1410, 1215, 64, P0
2026/07/31 19:43:29.153, 228.04, 250.00, 100, 1410, 1215, 64, P0
2026/07/31 19:43:29.353, 230.99, 250.00, 100, 1410, 1215, 64, P0
2026/07/31 19:43:29.554, 226.28, 250.00, 100, 1410, 1215, 64, P0
2026/07/31 19:43:29.754, 227.77, 250.00, 100, 1410, 1215, 64, P0
2026/07/31 19:43:29.955, 232.16, 250.00, 100, 1410, 1215, 64, P0
2026/07/31 19:43:30.155, 226.02, 250.00, 100, 1410, 1215, 64, P0
2026/07/31 19:43:30.356, 228.89, 250.00, 100, 1410, 1215, 64, P0
2026/07/31 19:43:30.556, 231.18, 250.00, 100, 1410, 1215, 64, P0
2026/07/31 19:43:30.757, 226.42, 250.00, 100, 1410, 1215, 64, P0
2026/07/31 19:43:30.957, 229.12, 250.00, 100, 1410, 1215, 65, P0
2026/07/31 19:43:31.158, 230.30, 250.00, 100, 1410, 1215, 65, P0
2026/07/31 19:43:31.358, 226.76, 250.00, 100, 1410, 1215, 65, P0
2026/07/31 19:43:31.559, 229.41, 250.00, 100, 1410, 1215, 65, P0
2026/07/31 19:43:31.760, 228.80, 250.00, 100, 1410, 1215, 65, P0
2026/07/31 19:43:31.960, 226.66, 250.00, 100, 1410, 1215, 65, P0
2026/07/31 19:43:32.161, 229.35, 250.00, 100, 1410, 1215, 65, P0
2026/07/31 19:43:32.361, 226.25, 250.00, 100, 1410, 1215, 65, P0
2026/07/31 19:43:32.562, 226.91, 250.00, 100, 1410, 1215, 65, P0
2026/07/31 19:43:32.762, 230.22, 250.00, 100, 1410, 1215, 65, P0
2026/07/31 19:43:32.963, 226.70, 250.00, 100, 1410, 1215, 65, P0
2026/07/31 19:43:33.163, 228.72, 250.00, 100, 1410, 1215, 65, P0
2026/07/31 19:43:33.364, 228.85, 250.00, 100, 1410, 1215, 65, P0
2026/07/31 19:43:33.565, 233.10, 250.00, 100, 1410, 1215, 65, P0
2026/07/31 19:43:33.765, 227.17, 250.00, 100, 1410, 1215, 65, P0
2026/07/31 19:43:33.966, 229.85, 250.00, 100, 1410, 1215, 65, P0
2026/07/31 19:43:34.166, 231.63, 250.00, 100, 1410, 1215, 65, P0
2026/07/31 19:43:34.367, 227.98, 250.00, 100, 1410, 1215, 65, P0
2026/07/31 19:43:34.567, 230.64, 250.00, 100, 1410, 1215, 65, P0
2026/07/31 19:43:34.768, 227.40, 250.00, 100, 1410, 1215, 65, P0
2026/07/31 19:43:34.968, 228.43, 250.00, 100, 1410, 1215, 66, P0
2026/07/31 19:43:35.169, 230.24, 250.00, 100, 1410, 1215, 66, P0
2026/07/31 19:43:35.370, 227.44, 250.00, 100, 1410, 1215, 66, P0
2026/07/31 19:43:35.570, 228.74, 250.00, 100, 1410, 1215, 66, P0
2026/07/31 19:43:35.771, 231.20, 250.00, 100, 1410, 1215, 66, P0
2026/07/31 19:43:35.971, 227.66, 250.00, 100, 1410, 1215, 66, P0
2026/07/31 19:43:36.172, 229.23, 250.00, 100, 1410, 1215, 66, P0
2026/07/31 19:43:36.372, 232.40, 250.00, 100, 1410, 1215, 66, P0
2026/07/31 19:43:36.573, 228.47, 250.00, 100, 1410, 1215, 66, P0
2026/07/31 19:43:36.773, 229.36, 250.00, 100, 1410, 1215, 66, P0
2026/07/31 19:43:36.974, 232.54, 250.00, 100, 1410, 1215, 66, P0
2026/07/31 19:43:37.174, 228.49, 250.00, 100, 1410, 1215, 66, P0
2026/07/31 19:43:37.375, 229.59, 250.00, 100, 1410, 1215, 66, P0
2026/07/31 19:43:37.576, 234.54, 250.00, 100, 1410, 1215, 66, P0
2026/07/31 19:43:37.776, 228.23, 250.00, 100, 1410, 1215, 66, P0
2026/07/31 19:43:37.977, 229.91, 250.00, 100, 1410, 1215, 66, P0
2026/07/31 19:43:38.177, 229.68, 250.00, 100, 1410, 1215, 66, P0
2026/07/31 19:43:38.378, 229.09, 250.00, 100, 1410, 1215, 66, P0
2026/07/31 19:43:38.578, 231.83, 250.00, 100, 1410, 1215, 66, P0
2026/07/31 19:43:38.779, 227.85, 250.00, 100, 1410, 1215, 66, P0
2026/07/31 19:43:38.979, 228.65, 250.00, 100, 1410, 1215, 66, P0
2026/07/31 19:43:39.180, 231.82, 250.00, 100, 1410, 1215, 66, P0
2026/07/31 19:43:39.380, 228.02, 250.00, 100, 1410, 1215, 66, P0
2026/07/31 19:43:39.581, 229.10, 250.00, 100, 1410, 1215, 66, P0
2026/07/31 19:43:39.782, 232.26, 250.00, 100, 1410, 1215, 66, P0
2026/07/31 19:43:39.982, 228.01, 250.00, 100, 1410, 1215, 67, P0
2026/07/31 19:43:40.183, 229.85, 250.00, 100, 1410, 1215, 67, P0
2026/07/31 19:43:40.383, 233.97, 250.00, 100, 1410, 1215, 67, P0
2026/07/31 19:43:40.584, 229.14, 250.00, 100, 1410, 1215, 67, P0
2026/07/31 19:43:40.784, 231.10, 250.00, 100, 1410, 1215, 67, P0
2026/07/31 19:43:40.985, 228.78, 250.00, 100, 1410, 1215, 67, P0
2026/07/31 19:43:41.185, 229.84, 250.00, 100, 1410, 1215, 67, P0
2026/07/31 19:43:41.386, 231.57, 250.00, 100, 1410, 1215, 67, P0
2026/07/31 19:43:41.586, 228.51, 250.00, 100, 1410, 1215, 67, P0
2026/07/31 19:43:41.787, 230.16, 250.00, 100, 1410, 1215, 67, P0
2026/07/31 19:43:41.987, 232.70, 250.00, 100, 1410, 1215, 67, P0
2026/07/31 19:43:42.188, 228.73, 250.00, 100, 1410, 1215, 67, P0
2026/07/31 19:43:42.388, 230.58, 250.00, 100, 1410, 1215, 67, P0
2026/07/31 19:43:42.589, 231.95, 250.00, 100, 1410, 1215, 67, P0
2026/07/31 19:43:42.789, 229.22, 250.00, 100, 1410, 1215, 67, P0
2026/07/31 19:43:42.990, 232.17, 250.00, 100, 1410, 1215, 67, P0
2026/07/31 19:43:43.190, 229.12, 250.00, 100, 1410, 1215, 67, P0
2026/07/31 19:43:43.391, 230.53, 250.00, 100, 1410, 1215, 67, P0
2026/07/31 19:43:43.591, 234.44, 250.00, 100, 1410, 1215, 67, P0
2026/07/31 19:43:43.792, 229.50, 250.00, 100, 1410, 1215, 67, P0
2026/07/31 19:43:43.992, 230.63, 250.00, 100, 1410, 1215, 67, P0
2026/07/31 19:43:44.193, 235.65, 250.00, 100, 1410, 1215, 67, P0
2026/07/31 19:43:44.393, 230.18, 250.00, 100, 1410, 1215, 67, P0
2026/07/31 19:43:44.594, 232.04, 250.00, 100, 1410, 1215, 67, P0
2026/07/31 19:43:44.794, 228.95, 250.00, 100, 1410, 1215, 67, P0
2026/07/31 19:43:44.995, 231.05, 250.00, 100, 1410, 1215, 67, P0
2026/07/31 19:43:45.195, 233.86, 250.00, 100, 1410, 1215, 67, P0
2026/07/31 19:43:45.396, 229.85, 250.00, 100, 1410, 1215, 67, P0
2026/07/31 19:43:45.596, 230.76, 250.00, 100, 1410, 1215, 67, P0
2026/07/31 19:43:45.797, 234.98, 250.00, 100, 1410, 1215, 67, P0
2026/07/31 19:43:45.998, 230.19, 250.00, 100, 1410, 1215, 67, P0
2026/07/31 19:43:46.198, 231.27, 250.00, 100, 1410, 1215, 68, P0
2026/07/31 19:43:46.399, 230.81, 250.00, 100, 1410, 1215, 68, P0
2026/07/31 19:43:46.599, 229.52, 250.00, 100, 1410, 1215, 68, P0
2026/07/31 19:43:46.800, 232.54, 250.00, 100, 1410, 1215, 68, P0
2026/07/31 19:43:47.000, 229.87, 250.00, 100, 1410, 1215, 68, P0
2026/07/31 19:43:47.201, 231.24, 250.00, 100, 1410, 1215, 68, P0
2026/07/31 19:43:47.401, 235.71, 250.00, 100, 1410, 1215, 68, P0
2026/07/31 19:43:47.602, 229.54, 250.00, 100, 1410, 1215, 68, P0
2026/07/31 19:43:47.802, 232.20, 250.00, 100, 1410, 1215, 68, P0
2026/07/31 19:43:48.003, 231.57, 250.00, 100, 1410, 1215, 68, P0
2026/07/31 19:43:48.204, 230.33, 250.00, 100, 1410, 1215, 68, P0
2026/07/31 19:43:48.404, 232.30, 250.00, 100, 1410, 1215, 68, P0
2026/07/31 19:43:48.605, 229.68, 250.00, 100, 1410, 1215, 68, P0
2026/07/31 19:43:48.805, 231.38, 250.00, 100, 1410, 1215, 68, P0
2026/07/31 19:43:49.006, 234.50, 250.00, 100, 1410, 1215, 68, P0
2026/07/31 19:43:49.207, 230.24, 250.00, 100, 1410, 1215, 68, P0
2026/07/31 19:43:49.407, 232.00, 250.00, 100, 1410, 1215, 68, P0
2026/07/31 19:43:49.608, 231.21, 250.00, 100, 1410, 1215, 68, P0
2026/07/31 19:43:49.808, 230.31, 250.00, 100, 1410, 1215, 68, P0
2026/07/31 19:43:50.009, 232.51, 250.00, 100, 1410, 1215, 68, P0
2026/07/31 19:43:50.209, 229.83, 250.00, 100, 1410, 1215, 68, P0
2026/07/31 19:43:50.410, 231.35, 250.00, 100, 1410, 1215, 68, P0
2026/07/31 19:43:50.610, 234.33, 250.00, 100, 1410, 1215, 68, P0
2026/07/31 19:43:50.811, 229.91, 250.00, 100, 1410, 1215, 68, P0
2026/07/31 19:43:51.011, 231.45, 250.00, 100, 1410, 1215, 68, P0
2026/07/31 19:43:51.212, 236.17, 250.00, 100, 1410, 1215, 68, P0
2026/07/31 19:43:51.412, 230.60, 250.00, 100, 1410, 1215, 68, P0
2026/07/31 19:43:51.613, 232.74, 250.00, 100, 1410, 1215, 68, P0
2026/07/31 19:43:51.814, 230.13, 250.00, 100, 1410, 1215, 68, P0
2026/07/31 19:43:52.014, 232.23, 250.00, 100, 1410, 1215, 68, P0
2026/07/31 19:43:52.215, 233.56, 250.00, 100, 1410, 1215, 68, P0
2026/07/31 19:43:52.415, 236.40, 250.00, 100, 1410, 1215, 68, P0
2026/07/31 19:43:52.616, 230.60, 250.00, 100, 1410, 1215, 68, P0
2026/07/31 19:43:52.816, 233.99, 250.00, 100, 1410, 1215, 68, P0
2026/07/31 19:43:53.017, 230.76, 250.00, 100, 1410, 1215, 69, P0
2026/07/31 19:43:53.217, 232.28, 250.00, 100, 1410, 1215, 69, P0
2026/07/31 19:43:53.418, 236.18, 250.00, 100, 1410, 1215, 69, P0
2026/07/31 19:43:53.618, 231.07, 250.00, 100, 1410, 1215, 69, P0
2026/07/31 19:43:53.819, 233.10, 250.00, 100, 1410, 1215, 69, P0
2026/07/31 19:43:54.020, 230.27, 250.00, 100, 1410, 1215, 69, P0
2026/07/31 19:43:54.220, 231.62, 250.00, 100, 1410, 1215, 69, P0
2026/07/31 19:43:54.421, 234.02, 250.00, 100, 1410, 1215, 69, P0
2026/07/31 19:43:54.621, 230.96, 250.00, 100, 1410, 1215, 69, P0
2026/07/31 19:43:54.822, 232.14, 250.00, 100, 1410, 1215, 69, P0
2026/07/31 19:43:55.022, 237.79, 250.00, 100, 1410, 1215, 69, P0
2026/07/31 19:43:55.223, 231.14, 250.00, 100, 1410, 1215, 69, P0
2026/07/31 19:43:55.423, 234.47, 250.00, 100, 1410, 1215, 69, P0
2026/07/31 19:43:55.624, 230.56, 250.00, 100, 1410, 1215, 69, P0
2026/07/31 19:43:55.825, 232.47, 250.00, 100, 1410, 1215, 69, P0
2026/07/31 19:43:56.025, 236.49, 250.00, 100, 1410, 1215, 69, P0
2026/07/31 19:43:56.226, 231.65, 250.00, 100, 1410, 1215, 69, P0
2026/07/31 19:43:56.426, 233.83, 250.00, 100, 1410, 1215, 69, P0
2026/07/31 19:43:56.627, 231.04, 250.00, 100, 1410, 1215, 69, P0
2026/07/31 19:43:56.827, 232.61, 250.00, 100, 1410, 1215, 69, P0
2026/07/31 19:43:57.028, 235.91, 250.00, 100, 1410, 1215, 69, P0
2026/07/31 19:43:57.228, 231.48, 250.00, 100, 1410, 1215, 69, P0
2026/07/31 19:43:57.429, 233.80, 250.00, 100, 1410, 1215, 69, P0
2026/07/31 19:43:57.629, 230.88, 250.00, 100, 1410, 1215, 69, P0
2026/07/31 19:43:57.830, 232.21, 250.00, 100, 1410, 1215, 69, P0
2026/07/31 19:43:58.030, 235.48, 250.00, 100, 1410, 1215, 69, P0
2026/07/31 19:43:58.231, 231.93, 250.00, 100, 1410, 1215, 69, P0
2026/07/31 19:43:58.431, 233.11, 250.00, 100, 1410, 1215, 69, P0
2026/07/31 19:43:58.632, 231.30, 250.00, 100, 1410, 1215, 69, P0
2026/07/31 19:43:58.833, 232.96, 250.00, 100, 1410, 1215, 69, P0
2026/07/31 19:43:59.033, 236.24, 250.00, 100, 1410, 1215, 69, P0
2026/07/31 19:43:59.234, 231.66, 250.00, 100, 1410, 1215, 69, P0
2026/07/31 19:43:59.434, 234.31, 250.00, 100, 1410, 1215, 69, P0
2026/07/31 19:43:59.635, 230.82, 250.00, 100, 1410, 1215, 69, P0
2026/07/31 19:43:59.835, 232.67, 250.00, 100, 1410, 1215, 69, P0
2026/07/31 19:44:00.036, 237.10, 250.00, 100, 1410, 1215, 69, P0
2026/07/31 19:44:00.236, 231.67, 250.00, 100, 1410, 1215, 69, P0
2026/07/31 19:44:00.437, 234.18, 250.00, 100, 1410, 1215, 69, P0
2026/07/31 19:44:00.637, 230.98, 250.00, 100, 1410, 1215, 69, P0
2026/07/31 19:44:00.838, 233.31, 250.00, 100, 1410, 1215, 70, P0
2026/07/31 19:44:01.038, 236.72, 250.00, 100, 1410, 1215, 70, P0
2026/07/31 19:44:01.239, 231.49, 250.00, 100, 1410, 1215, 70, P0
2026/07/31 19:44:01.440, 234.59, 250.00, 100, 1410, 1215, 70, P0
2026/07/31 19:44:01.641, 231.67, 250.00, 100, 1410, 1215, 70, P0
2026/07/31 19:44:01.841, 233.15, 250.00, 100, 1410, 1215, 70, P0
2026/07/31 19:44:02.042, 237.34, 250.00, 100, 1410, 1215, 70, P0
2026/07/31 19:44:02.242, 231.88, 250.00, 100, 1410, 1215, 70, P0
2026/07/31 19:44:02.443, 234.32, 250.00, 100, 1410, 1215, 70, P0
2026/07/31 19:44:02.643, 232.19, 250.00, 100, 1410, 1215, 70, P0
2026/07/31 19:44:02.844, 234.72, 250.00, 100, 1410, 1215, 70, P0
2026/07/31 19:44:03.046, 237.48, 250.00, 100, 1410, 1215, 70, P0
2026/07/31 19:44:03.249, 233.79, 250.00, 100, 1410, 1215, 70, P0
2026/07/31 19:44:03.450, 234.71, 250.00, 100, 1410, 1215, 70, P0
2026/07/31 19:44:03.652, 233.79, 250.00, 100, 1410, 1215, 70, P0
2026/07/31 19:44:03.852, 237.68, 250.00, 100, 1410, 1215, 70, P0
2026/07/31 19:44:04.053, 232.62, 250.00, 100, 1410, 1215, 70, P0
2026/07/31 19:44:04.253, 235.13, 250.00, 100, 1410, 1215, 70, P0
2026/07/31 19:44:04.454, 232.37, 250.00, 100, 1410, 1215, 70, P0
2026/07/31 19:44:04.655, 233.82, 250.00, 100, 1410, 1215, 70, P0
2026/07/31 19:44:04.855, 238.77, 250.00, 100, 1410, 1215, 70, P0
2026/07/31 19:44:05.056, 233.09, 250.00, 100, 1410, 1215, 70, P0
2026/07/31 19:44:05.256, 235.62, 250.00, 100, 1410, 1215, 70, P0
2026/07/31 19:44:05.457, 231.83, 250.00, 100, 1410, 1215, 70, P0
2026/07/31 19:44:05.657, 234.44, 250.00, 100, 1410, 1215, 70, P0
2026/07/31 19:44:05.858, 238.95, 250.00, 100, 1410, 1215, 70, P0
2026/07/31 19:44:06.058, 233.92, 250.00, 100, 1410, 1215, 70, P0
2026/07/31 19:44:06.259, 236.36, 250.00, 100, 1410, 1215, 70, P0
2026/07/31 19:44:06.459, 232.85, 250.00, 100, 1410, 1215, 70, P0
2026/07/31 19:44:06.660, 235.58, 250.00, 100, 1410, 1215, 70, P0
2026/07/31 19:44:06.861, 232.14, 250.00, 100, 1410, 1215, 70, P0
2026/07/31 19:44:07.061, 233.39, 250.00, 100, 1410, 1215, 70, P0
2026/07/31 19:44:07.262, 235.99, 250.00, 100, 1410, 1215, 70, P0
2026/07/31 19:44:07.462, 232.72, 250.00, 100, 1410, 1215, 70, P0
2026/07/31 19:44:07.663, 235.24, 250.00, 100, 1410, 1215, 70, P0
2026/07/31 19:44:07.863, 232.79, 250.00, 100, 1410, 1215, 70, P0
2026/07/31 19:44:08.064, 234.85, 250.00, 100, 1410, 1215, 70, P0
2026/07/31 19:44:08.264, 238.44, 250.00, 100, 1410, 1215, 70, P0
2026/07/31 19:44:08.465, 234.15, 250.00, 100, 1410, 1215, 70, P0
2026/07/31 19:44:08.665, 236.96, 250.00, 100, 1410, 1215, 70, P0
2026/07/31 19:44:08.866, 232.90, 250.00, 100, 1410, 1215, 70, P0
2026/07/31 19:44:09.067, 234.38, 250.00, 100, 1410, 1215, 70, P0
2026/07/31 19:44:09.267, 232.31, 250.00, 100, 1410, 1215, 70, P0
2026/07/31 19:44:09.468, 234.31, 250.00, 100, 1410, 1215, 70, P0
2026/07/31 19:44:09.668, 238.02, 250.00, 100, 1410, 1215, 70, P0
2026/07/31 19:44:09.869, 232.93, 250.00, 100, 1410, 1215, 70, P0
2026/07/31 19:44:10.069, 235.51, 250.00, 100, 1410, 1215, 71, P0
2026/07/31 19:44:10.270, 232.86, 250.00, 100, 1410, 1215, 71, P0
2026/07/31 19:44:10.470, 234.55, 250.00, 100, 1410, 1215, 71, P0
2026/07/31 19:44:10.671, 236.78, 250.00, 100, 1410, 1215, 71, P0
2026/07/31 19:44:10.873, 234.14, 250.00, 100, 1410, 1215, 71, P0
2026/07/31 19:44:11.073, 237.75, 250.00, 100, 1410, 1215, 71, P0
2026/07/31 19:44:11.274, 233.05, 250.00, 100, 1410, 1215, 71, P0
2026/07/31 19:44:11.474, 235.88, 250.00, 100, 1410, 1215, 71, P0
2026/07/31 19:44:11.675, 237.22, 250.00, 100, 1410, 1215, 71, P0
2026/07/31 19:44:11.876, 233.67, 250.00, 100, 1410, 1215, 71, P0
2026/07/31 19:44:12.076, 236.04, 250.00, 100, 1410, 1215, 71, P0
2026/07/31 19:44:12.277, 233.19, 250.00, 100, 1410, 1215, 71, P0
2026/07/31 19:44:12.477, 234.40, 250.00, 100, 1410, 1215, 71, P0
2026/07/31 19:44:12.678, 236.91, 250.00, 100, 1410, 1215, 71, P0
2026/07/31 19:44:12.878, 234.21, 250.00, 100, 1410, 1215, 71, P0
2026/07/31 19:44:13.079, 239.35, 250.00, 100, 1410, 1215, 71, P0
2026/07/31 19:44:13.279, 234.21, 250.00, 100, 1410, 1215, 71, P0
2026/07/31 19:44:13.480, 236.81, 250.00, 100, 1410, 1215, 71, P0
2026/07/31 19:44:13.680, 233.13, 250.00, 100, 1410, 1215, 71, P0
2026/07/31 19:44:13.881, 235.04, 250.00, 100, 1410, 1215, 71, P0
2026/07/31 19:44:14.081, 238.74, 250.00, 100, 1410, 1215, 71, P0
2026/07/31 19:44:14.282, 234.60, 250.00, 100, 1410, 1215, 71, P0
2026/07/31 19:44:14.482, 237.20, 250.00, 100, 1410, 1215, 71, P0
2026/07/31 19:44:14.683, 234.34, 250.00, 100, 1410, 1215, 71, P0
2026/07/31 19:44:14.883, 237.07, 250.00, 100, 1410, 1215, 71, P0
2026/07/31 19:44:15.084, 233.27, 250.00, 100, 1410, 1215, 71, P0
2026/07/31 19:44:15.285, 236.01, 250.00, 100, 1410, 1215, 71, P0
2026/07/31 19:44:15.485, 237.09, 250.00, 100, 1410, 1215, 71, P0
2026/07/31 19:44:15.686, 234.40, 250.00, 100, 1410, 1215, 71, P0
2026/07/31 19:44:15.886, 237.97, 250.00, 100, 1410, 1215, 71, P0
2026/07/31 19:44:16.087, 233.92, 250.00, 100, 1410, 1215, 71, P0
2026/07/31 19:44:16.287, 235.84, 250.00, 100, 1410, 1215, 71, P0
2026/07/31 19:44:16.488, 233.80, 250.00, 100, 1410, 1215, 71, P0
2026/07/31 19:44:16.688, 235.27, 250.00, 100, 1410, 1215, 71, P0
2026/07/31 19:44:16.889, 235.88, 250.00, 100, 1410, 1215, 71, P0
2026/07/31 19:44:17.090, 235.17, 250.00, 100, 1410, 1215, 71, P0
2026/07/31 19:44:17.290, 239.95, 250.00, 100, 1410, 1215, 71, P0
2026/07/31 19:44:17.491, 233.96, 250.00, 100, 1410, 1215, 71, P0
2026/07/31 19:44:17.691, 236.22, 250.00, 100, 1410, 1215, 71, P0
2026/07/31 19:44:17.892, 234.06, 250.00, 100, 1410, 1215, 71, P0
2026/07/31 19:44:18.092, 235.46, 250.00, 100, 1410, 1215, 71, P0
2026/07/31 19:44:18.293, 233.83, 250.00, 100, 1410, 1215, 71, P0
2026/07/31 19:44:18.493, 235.61, 250.00, 100, 1410, 1215, 71, P0
2026/07/31 19:44:18.694, 239.58, 250.00, 100, 1410, 1215, 71, P0
2026/07/31 19:44:18.895, 234.29, 250.00, 100, 1410, 1215, 71, P0
2026/07/31 19:44:19.095, 236.90, 250.00, 100, 1410, 1215, 71, P0
2026/07/31 19:44:19.296, 233.80, 250.00, 100, 1410, 1215, 71, P0
2026/07/31 19:44:19.496, 236.50, 250.00, 100, 1410, 1215, 71, P0
2026/07/31 19:44:19.697, 234.42, 250.00, 100, 1410, 1215, 71, P0
2026/07/31 19:44:19.897, 236.26, 250.00, 100, 1410, 1215, 71, P0
2026/07/31 19:44:20.098, 309.32, 250.00, 94, 1275, 1215, 76, P0
2026/07/31 19:44:20.299, 250.75, 250.00, 100, 1275, 1215, 76, P0
2026/07/31 19:44:20.499, 238.61, 250.00, 96, 1245, 1215, 75, P0
2026/07/31 19:44:20.699, 239.87, 250.00, 100, 1245, 1215, 75, P0
2026/07/31 19:44:20.900, 248.80, 250.00, 100, 1275, 1215, 76, P0
2026/07/31 19:44:21.100, 251.07, 250.00, 97, 1275, 1215, 76, P0
2026/07/31 19:44:21.301, 269.10, 250.00, 100, 1290, 1215, 76, P0
2026/07/31 19:44:21.501, 256.30, 250.00, 97, 1275, 1215, 76, P0
2026/07/31 19:44:21.702, 213.16, 250.00, 100, 1365, 1215, 74, P0
2026/07/31 19:44:21.902, 239.48, 250.00, 100, 1410, 1215, 73, P0
2026/07/31 19:44:22.103, 235.10, 250.00, 100, 1410, 1215, 72, P0
2026/07/31 19:44:22.304, 236.72, 250.00, 100, 1410, 1215, 72, P0
2026/07/31 19:44:22.504, 238.73, 250.00, 100, 1410, 1215, 72, P0
2026/07/31 19:44:22.705, 234.44, 250.00, 100, 1410, 1215, 72, P0
2026/07/31 19:44:22.905, 236.70, 250.00, 100, 1410, 1215, 72, P0
2026/07/31 19:44:23.106, 239.50, 250.00, 100, 1410, 1215, 72, P0
2026/07/31 19:44:23.306, 235.09, 250.00, 100, 1410, 1215, 72, P0
2026/07/31 19:44:23.507, 236.04, 250.00, 100, 1410, 1215, 72, P0
2026/07/31 19:44:23.707, 239.35, 250.00, 100, 1410, 1215, 72, P0
2026/07/31 19:44:23.908, 234.65, 250.00, 100, 1410, 1215, 72, P0
2026/07/31 19:44:24.109, 236.34, 250.00, 100, 1410, 1215, 72, P0
2026/07/31 19:44:24.309, 239.47, 250.00, 100, 1410, 1215, 72, P0
2026/07/31 19:44:24.509, 234.64, 250.00, 100, 1410, 1215, 72, P0
2026/07/31 19:44:24.710, 236.29, 250.00, 100, 1410, 1215, 72, P0
2026/07/31 19:44:24.911, 239.57, 250.00, 100, 1410, 1215, 72, P0
2026/07/31 19:44:25.111, 234.02, 250.00, 100, 1410, 1215, 72, P0
2026/07/31 19:44:25.312, 236.34, 250.00, 100, 1410, 1215, 72, P0
2026/07/31 19:44:25.512, 240.35, 250.00, 100, 1410, 1215, 72, P0
2026/07/31 19:44:25.713, 234.79, 250.00, 100, 1410, 1215, 72, P0
2026/07/31 19:44:25.913, 235.58, 250.00, 100, 1410, 1215, 72, P0
2026/07/31 19:44:26.114, 238.04, 250.00, 100, 1410, 1215, 72, P0
2026/07/31 19:44:26.314, 235.10, 250.00, 100, 1410, 1215, 72, P0
2026/07/31 19:44:26.515, 236.29, 250.00, 100, 1410, 1215, 72, P0
2026/07/31 19:44:26.715, 238.81, 250.00, 100, 1410, 1215, 72, P0
2026/07/31 19:44:26.916, 235.03, 250.00, 100, 1410, 1215, 72, P0
2026/07/31 19:44:27.117, 236.10, 250.00, 100, 1410, 1215, 72, P0
2026/07/31 19:44:27.317, 239.49, 250.00, 100, 1410, 1215, 72, P0
2026/07/31 19:44:27.518, 234.40, 250.00, 100, 1410, 1215, 72, P0
2026/07/31 19:44:27.718, 236.52, 250.00, 100, 1410, 1215, 72, P0
2026/07/31 19:44:27.919, 239.98, 250.00, 100, 1410, 1215, 72, P0
2026/07/31 19:44:28.119, 234.67, 250.00, 100, 1410, 1215, 72, P0
2026/07/31 19:44:28.320, 236.61, 250.00, 100, 1410, 1215, 72, P0
2026/07/31 19:44:28.520, 240.19, 250.00, 100, 1410, 1215, 72, P0
2026/07/31 19:44:28.721, 235.60, 250.00, 100, 1410, 1215, 72, P0
2026/07/31 19:44:28.921, 236.90, 250.00, 100, 1410, 1215, 72, P0
2026/07/31 19:44:29.122, 241.23, 250.00, 100, 1410, 1215, 72, P0
2026/07/31 19:44:29.322, 235.60, 250.00, 100, 1410, 1215, 72, P0
2026/07/31 19:44:29.523, 235.83, 250.00, 100, 1410, 1215, 72, P0
2026/07/31 19:44:29.724, 237.59, 250.00, 100, 1410, 1215, 72, P0
2026/07/31 19:44:29.924, 234.87, 250.00, 100, 1410, 1215, 72, P0
2026/07/31 19:44:30.125, 235.67, 250.00, 100, 1410, 1215, 72, P0
2026/07/31 19:44:30.325, 238.01, 250.00, 100, 1410, 1215, 72, P0
2026/07/31 19:44:30.526, 234.58, 250.00, 100, 1410, 1215, 72, P0
2026/07/31 19:44:30.726, 236.01, 250.00, 100, 1410, 1215, 72, P0
2026/07/31 19:44:30.927, 240.08, 250.00, 100, 1410, 1215, 72, P0
2026/07/31 19:44:31.127, 235.35, 250.00, 100, 1410, 1215, 72, P0
2026/07/31 19:44:31.328, 236.98, 250.00, 100, 1410, 1215, 72, P0
2026/07/31 19:44:31.529, 235.18, 250.00, 100, 1410, 1215, 72, P0
2026/07/31 19:44:31.729, 235.84, 250.00, 100, 1410, 1215, 72, P0
2026/07/31 19:44:31.930, 237.84, 250.00, 100, 1410, 1215, 72, P0
2026/07/31 19:44:32.130, 234.55, 250.00, 100, 1410, 1215, 72, P0
2026/07/31 19:44:32.331, 234.90, 250.00, 100, 1410, 1215, 72, P0
2026/07/31 19:44:32.531, 237.99, 250.00, 100, 1410, 1215, 72, P0
2026/07/31 19:44:32.732, 234.37, 250.00, 100, 1410, 1215, 72, P0
2026/07/31 19:44:32.933, 235.53, 250.00, 100, 1410, 1215, 72, P0
2026/07/31 19:44:33.133, 239.20, 250.00, 100, 1410, 1215, 72, P0
2026/07/31 19:44:33.334, 235.13, 250.00, 100, 1410, 1215, 72, P0
2026/07/31 19:44:33.534, 236.29, 250.00, 100, 1410, 1215, 72, P0
2026/07/31 19:44:33.734, 239.17, 250.00, 100, 1410, 1215, 72, P0
2026/07/31 19:44:33.935, 235.58, 250.00, 100, 1410, 1215, 72, P0
2026/07/31 19:44:34.136, 236.86, 250.00, 100, 1410, 1215, 72, P0
2026/07/31 19:44:34.336, 240.96, 250.00, 100, 1410, 1215, 73, P0
2026/07/31 19:44:34.536, 235.45, 250.00, 100, 1410, 1215, 73, P0
2026/07/31 19:44:34.737, 236.71, 250.00, 100, 1410, 1215, 73, P0
2026/07/31 19:44:34.938, 240.63, 250.00, 100, 1410, 1215, 73, P0
2026/07/31 19:44:35.138, 235.99, 250.00, 100, 1410, 1215, 73, P0
2026/07/31 19:44:35.339, 239.05, 250.00, 100, 1410, 1215, 73, P0
2026/07/31 19:44:35.539, 234.72, 250.00, 100, 1410, 1215, 73, P0
2026/07/31 19:44:35.740, 236.19, 250.00, 100, 1410, 1215, 73, P0
2026/07/31 19:44:35.940, 238.70, 250.00, 100, 1410, 1215, 73, P0
2026/07/31 19:44:36.141, 235.03, 250.00, 100, 1410, 1215, 73, P0
2026/07/31 19:44:36.341, 236.22, 250.00, 100, 1410, 1215, 73, P0
2026/07/31 19:44:36.542, 240.33, 250.00, 100, 1410, 1215, 73, P0
2026/07/31 19:44:36.742, 234.88, 250.00, 100, 1410, 1215, 73, P0
2026/07/31 19:44:36.943, 236.67, 250.00, 100, 1410, 1215, 73, P0
2026/07/31 19:44:37.144, 240.62, 250.00, 100, 1410, 1215, 73, P0
2026/07/31 19:44:37.344, 235.51, 250.00, 100, 1410, 1215, 73, P0
2026/07/31 19:44:37.545, 237.37, 250.00, 100, 1410, 1215, 73, P0
2026/07/31 19:44:37.745, 235.52, 250.00, 100, 1410, 1215, 73, P0
2026/07/31 19:44:37.946, 236.54, 250.00, 100, 1410, 1215, 73, P0
2026/07/31 19:44:38.146, 238.10, 250.00, 100, 1410, 1215, 73, P0
2026/07/31 19:44:38.347, 235.15, 250.00, 100, 1410, 1215, 73, P0
2026/07/31 19:44:38.547, 236.75, 250.00, 100, 1410, 1215, 73, P0
2026/07/31 19:44:38.748, 238.89, 250.00, 100, 1410, 1215, 73, P0
2026/07/31 19:44:38.949, 235.63, 250.00, 100, 1410, 1215, 73, P0
2026/07/31 19:44:39.149, 237.96, 250.00, 100, 1410, 1215, 73, P0
2026/07/31 19:44:39.351, 241.14, 250.00, 100, 1410, 1215, 73, P0
2026/07/31 19:44:39.555, 237.37, 250.00, 100, 1410, 1215, 73, P0
2026/07/31 19:44:39.756, 240.10, 250.00, 100, 1410, 1215, 73, P0
2026/07/31 19:44:39.958, 236.01, 250.00, 100, 1410, 1215, 73, P0
2026/07/31 19:44:40.159, 237.13, 250.00, 100, 1410, 1215, 73, P0
2026/07/31 19:44:40.360, 235.47, 250.00, 100, 1410, 1215, 73, P0
2026/07/31 19:44:40.560, 236.02, 250.00, 100, 1410, 1215, 73, P0
2026/07/31 19:44:40.761, 239.43, 250.00, 100, 1410, 1215, 73, P0
2026/07/31 19:44:40.962, 235.96, 250.00, 100, 1410, 1215, 73, P0
2026/07/31 19:44:41.162, 236.97, 250.00, 100, 1410, 1215, 73, P0
2026/07/31 19:44:41.363, 240.54, 250.00, 100, 1410, 1215, 73, P0
2026/07/31 19:44:41.563, 235.98, 250.00, 100, 1410, 1215, 73, P0
2026/07/31 19:44:41.764, 237.37, 250.00, 100, 1410, 1215, 73, P0
2026/07/31 19:44:41.964, 241.40, 250.00, 100, 1410, 1215, 73, P0
2026/07/31 19:44:42.165, 236.56, 250.00, 100, 1410, 1215, 73, P0
2026/07/31 19:44:42.365, 239.34, 250.00, 100, 1410, 1215, 73, P0
2026/07/31 19:44:42.566, 235.30, 250.00, 100, 1410, 1215, 73, P0
2026/07/31 19:44:42.767, 236.84, 250.00, 100, 1410, 1215, 73, P0
2026/07/31 19:44:42.967, 239.15, 250.00, 100, 1410, 1215, 73, P0
2026/07/31 19:44:43.168, 236.29, 250.00, 100, 1410, 1215, 73, P0
2026/07/31 19:44:43.368, 238.10, 250.00, 100, 1410, 1215, 73, P0
2026/07/31 19:44:43.569, 242.08, 250.00, 100, 1410, 1215, 73, P0
2026/07/31 19:44:43.769, 236.48, 250.00, 100, 1410, 1215, 73, P0
2026/07/31 19:44:43.970, 239.09, 250.00, 100, 1410, 1215, 73, P0
2026/07/31 19:44:44.170, 235.74, 250.00, 100, 1410, 1215, 73, P0
2026/07/31 19:44:44.371, 237.08, 250.00, 100, 1410, 1215, 73, P0
2026/07/31 19:44:44.571, 240.50, 250.00, 100, 1410, 1215, 73, P0
2026/07/31 19:44:44.772, 236.51, 250.00, 100, 1410, 1215, 73, P0
2026/07/31 19:44:44.973, 237.63, 250.00, 100, 1410, 1215, 73, P0
2026/07/31 19:44:45.173, 241.61, 250.00, 100, 1410, 1215, 73, P0
2026/07/31 19:44:45.374, 236.64, 250.00, 100, 1410, 1215, 73, P0
2026/07/31 19:44:45.574, 238.87, 250.00, 100, 1410, 1215, 73, P0
2026/07/31 19:44:45.775, 236.20, 250.00, 100, 1410, 1215, 73, P0
2026/07/31 19:44:45.975, 237.24, 250.00, 100, 1410, 1215, 73, P0
2026/07/31 19:44:46.176, 239.79, 250.00, 100, 1410, 1215, 73, P0
2026/07/31 19:44:46.377, 236.26, 250.00, 100, 1410, 1215, 73, P0
2026/07/31 19:44:46.577, 238.15, 250.00, 100, 1410, 1215, 73, P0
2026/07/31 19:44:46.778, 238.25, 250.00, 100, 1410, 1215, 73, P0
2026/07/31 19:44:46.978, 237.05, 250.00, 100, 1410, 1215, 73, P0
2026/07/31 19:44:47.179, 240.05, 250.00, 100, 1410, 1215, 73, P0
2026/07/31 19:44:47.379, 236.27, 250.00, 100, 1410, 1215, 73, P0
2026/07/31 19:44:47.580, 237.85, 250.00, 100, 1410, 1215, 73, P0
2026/07/31 19:44:47.781, 241.56, 250.00, 100, 1410, 1215, 73, P0
2026/07/31 19:44:47.981, 237.15, 250.00, 100, 1410, 1215, 73, P0
2026/07/31 19:44:48.182, 240.06, 250.00, 100, 1410, 1215, 73, P0
2026/07/31 19:44:48.382, 235.91, 250.00, 100, 1410, 1215, 73, P0
2026/07/31 19:44:48.583, 236.96, 250.00, 100, 1410, 1215, 73, P0
2026/07/31 19:44:48.783, 238.93, 250.00, 100, 1410, 1215, 73, P0
2026/07/31 19:44:48.984, 241.69, 250.00, 100, 1410, 1215, 73, P0
2026/07/31 19:44:49.184, 237.25, 250.00, 100, 1410, 1215, 73, P0
2026/07/31 19:44:49.385, 240.07, 250.00, 100, 1410, 1215, 73, P0
2026/07/31 19:44:49.585, 235.70, 250.00, 100, 1410, 1215, 73, P0
2026/07/31 19:44:49.786, 238.28, 250.00, 100, 1410, 1215, 73, P0
2026/07/31 19:44:49.987, 241.25, 250.00, 100, 1410, 1215, 73, P0
2026/07/31 19:44:50.187, 237.02, 250.00, 100, 1410, 1215, 73, P0
2026/07/31 19:44:50.388, 239.62, 250.00, 100, 1410, 1215, 73, P0
2026/07/31 19:44:50.588, 236.40, 250.00, 100, 1410, 1215, 73, P0
2026/07/31 19:44:50.789, 237.72, 250.00, 100, 1410, 1215, 73, P0
2026/07/31 19:44:50.989, 241.13, 250.00, 100, 1410, 1215, 73, P0
2026/07/31 19:44:51.190, 237.09, 250.00, 100, 1410, 1215, 73, P0
2026/07/31 19:44:51.390, 239.18, 250.00, 100, 1410, 1215, 74, P0
2026/07/31 19:44:51.591, 235.84, 250.00, 100, 1410, 1215, 74, P0
2026/07/31 19:44:51.791, 237.20, 250.00, 100, 1410, 1215, 74, P0
2026/07/31 19:44:51.992, 239.37, 250.00, 100, 1410, 1215, 74, P0
2026/07/31 19:44:52.192, 236.42, 250.00, 100, 1410, 1215, 74, P0
2026/07/31 19:44:52.393, 237.94, 250.00, 100, 1410, 1215, 74, P0
2026/07/31 19:44:52.593, 236.81, 250.00, 100, 1410, 1215, 74, P0
2026/07/31 19:44:52.794, 236.78, 250.00, 100, 1410, 1215, 74, P0
2026/07/31 19:44:52.995, 241.08, 250.00, 100, 1410, 1215, 74, P0
2026/07/31 19:44:53.195, 236.46, 250.00, 100, 1410, 1215, 74, P0
2026/07/31 19:44:53.396, 239.41, 250.00, 100, 1410, 1215, 74, P0
2026/07/31 19:44:53.596, 240.72, 250.00, 100, 1410, 1215, 74, P0
2026/07/31 19:44:53.797, 237.22, 250.00, 100, 1410, 1215, 74, P0
2026/07/31 19:44:53.997, 240.36, 250.00, 100, 1410, 1215, 74, P0
2026/07/31 19:44:54.198, 236.36, 250.00, 100, 1410, 1215, 74, P0
2026/07/31 19:44:54.398, 239.09, 250.00, 100, 1410, 1215, 74, P0
2026/07/31 19:44:54.599, 243.06, 250.00, 100, 1410, 1215, 74, P0
2026/07/31 19:44:54.799, 237.09, 250.00, 100, 1410, 1215, 74, P0
2026/07/31 19:44:55.000, 240.48, 250.00, 100, 1410, 1215, 74, P0
2026/07/31 19:44:55.200, 237.09, 250.00, 100, 1410, 1215, 74, P0
2026/07/31 19:44:55.401, 237.78, 250.00, 100, 1410, 1215, 74, P0
2026/07/31 19:44:55.601, 242.02, 250.00, 100, 1410, 1215, 74, P0
2026/07/31 19:44:55.802, 237.64, 250.00, 100, 1410, 1215, 74, P0
2026/07/31 19:44:56.002, 239.78, 250.00, 100, 1410, 1215, 74, P0
2026/07/31 19:44:56.203, 237.41, 250.00, 100, 1410, 1215, 74, P0
2026/07/31 19:44:56.403, 238.50, 250.00, 100, 1410, 1215, 74, P0
2026/07/31 19:44:56.604, 242.59, 250.00, 100, 1410, 1215, 74, P0
2026/07/31 19:44:56.805, 236.91, 250.00, 100, 1410, 1215, 74, P0
2026/07/31 19:44:57.005, 240.34, 250.00, 100, 1410, 1215, 74, P0
2026/07/31 19:44:57.206, 236.34, 250.00, 100, 1410, 1215, 74, P0
2026/07/31 19:44:57.406, 239.02, 250.00, 100, 1410, 1215, 74, P0
2026/07/31 19:44:57.607, 243.22, 250.00, 100, 1410, 1215, 74, P0
2026/07/31 19:44:57.807, 237.28, 250.00, 100, 1410, 1215, 74, P0
2026/07/31 19:44:58.008, 240.78, 250.00, 100, 1410, 1215, 74, P0
2026/07/31 19:44:58.209, 236.85, 250.00, 100, 1410, 1215, 74, P0
2026/07/31 19:44:58.409, 239.10, 250.00, 100, 1410, 1215, 74, P0
2026/07/31 19:44:58.610, 242.85, 250.00, 100, 1410, 1215, 74, P0
2026/07/31 19:44:58.810, 236.92, 250.00, 100, 1410, 1215, 74, P0
2026/07/31 19:44:59.011, 239.89, 250.00, 100, 1410, 1215, 74, P0
2026/07/31 19:44:59.212, 237.56, 250.00, 100, 1410, 1215, 74, P0
2026/07/31 19:44:59.412, 238.74, 250.00, 100, 1410, 1215, 74, P0
2026/07/31 19:44:59.613, 240.75, 250.00, 100, 1410, 1215, 74, P0
2026/07/31 19:44:59.813, 238.20, 250.00, 100, 1410, 1215, 74, P0
2026/07/31 19:45:00.014, 241.18, 250.00, 100, 1410, 1215, 74, P0
2026/07/31 19:45:00.214, 237.38, 250.00, 100, 1410, 1215, 74, P0
2026/07/31 19:45:00.415, 238.79, 250.00, 100, 1410, 1215, 74, P0
2026/07/31 19:45:00.615, 236.74, 250.00, 100, 1410, 1215, 74, P0
2026/07/31 19:45:00.816, 238.15, 250.00, 100, 1410, 1215, 74, P0
2026/07/31 19:45:01.017, 240.95, 250.00, 100, 1410, 1215, 74, P0
2026/07/31 19:45:01.217, 237.70, 250.00, 100, 1410, 1215, 74, P0
2026/07/31 19:45:01.418, 240.36, 250.00, 100, 1410, 1215, 74, P0
2026/07/31 19:45:01.618, 237.23, 250.00, 100, 1410, 1215, 74, P0
2026/07/31 19:45:01.819, 239.54, 250.00, 100, 1410, 1215, 74, P0
2026/07/31 19:45:02.019, 243.13, 250.00, 100, 1410, 1215, 74, P0
2026/07/31 19:45:02.220, 237.88, 250.00, 100, 1410, 1215, 74, P0
2026/07/31 19:45:02.420, 239.74, 250.00, 100, 1410, 1215, 74, P0
2026/07/31 19:45:02.621, 237.48, 250.00, 100, 1410, 1215, 74, P0
2026/07/31 19:45:02.821, 239.95, 250.00, 100, 1410, 1215, 74, P0
2026/07/31 19:45:03.022, 236.42, 250.00, 100, 1410, 1215, 74, P0
2026/07/31 19:45:03.222, 238.28, 250.00, 100, 1410, 1215, 74, P0
2026/07/31 19:45:03.423, 241.26, 250.00, 100, 1410, 1215, 74, P0
2026/07/31 19:45:03.624, 237.37, 250.00, 100, 1410, 1215, 74, P0
2026/07/31 19:45:03.824, 239.71, 250.00, 100, 1410, 1215, 74, P0
2026/07/31 19:45:04.025, 236.61, 250.00, 100, 1410, 1215, 74, P0
2026/07/31 19:45:04.225, 238.13, 250.00, 100, 1410, 1215, 74, P0
2026/07/31 19:45:04.426, 244.04, 250.00, 100, 1410, 1215, 74, P0
2026/07/31 19:45:04.626, 237.39, 250.00, 100, 1410, 1215, 74, P0
2026/07/31 19:45:04.827, 240.27, 250.00, 100, 1410, 1215, 74, P0
2026/07/31 19:45:05.027, 237.51, 250.00, 100, 1410, 1215, 74, P0
2026/07/31 19:45:05.228, 239.73, 250.00, 100, 1410, 1215, 74, P0
2026/07/31 19:45:05.428, 236.77, 250.00, 100, 1410, 1215, 74, P0
2026/07/31 19:45:05.629, 238.39, 250.00, 100, 1410, 1215, 74, P0
2026/07/31 19:45:05.829, 243.47, 250.00, 100, 1410, 1215, 74, P0
2026/07/31 19:45:06.030, 237.62, 250.00, 100, 1410, 1215, 74, P0
2026/07/31 19:45:06.231, 240.63, 250.00, 100, 1410, 1215, 74, P0
2026/07/31 19:45:06.431, 237.56, 250.00, 100, 1410, 1215, 74, P0
2026/07/31 19:45:06.632, 239.77, 250.00, 100, 1410, 1215, 74, P0
2026/07/31 19:45:06.832, 236.63, 250.00, 100, 1410, 1215, 74, P0
2026/07/31 19:45:07.033, 238.25, 250.00, 100, 1410, 1215, 74, P0
2026/07/31 19:45:07.233, 241.28, 250.00, 100, 1410, 1215, 74, P0
2026/07/31 19:45:07.434, 237.39, 250.00, 100, 1410, 1215, 74, P0
2026/07/31 19:45:07.635, 241.05, 250.00, 100, 1410, 1215, 74, P0
2026/07/31 19:45:07.835, 237.47, 250.00, 100, 1410, 1215, 74, P0
2026/07/31 19:45:08.036, 239.65, 250.00, 100, 1410, 1215, 74, P0
2026/07/31 19:45:08.236, 239.82, 250.00, 100, 1410, 1215, 74, P0
2026/07/31 19:45:08.437, 238.41, 250.00, 100, 1410, 1215, 74, P0
2026/07/31 19:45:08.637, 242.18, 250.00, 100, 1410, 1215, 74, P0
2026/07/31 19:45:08.838, 237.10, 250.00, 100, 1410, 1215, 74, P0
2026/07/31 19:45:09.038, 238.46, 250.00, 100, 1410, 1215, 74, P0
2026/07/31 19:45:09.239, 241.79, 250.00, 100, 1410, 1215, 74, P0
2026/07/31 19:45:09.439, 238.69, 250.00, 100, 1410, 1215, 74, P0
2026/07/31 19:45:09.640, 240.73, 250.00, 100, 1410, 1215, 74, P0
2026/07/31 19:45:09.840, 237.45, 250.00, 100, 1410, 1215, 74, P0
2026/07/31 19:45:10.041, 239.09, 250.00, 100, 1410, 1215, 74, P0
2026/07/31 19:45:10.241, 238.23, 250.00, 100, 1410, 1215, 74, P0
2026/07/31 19:45:10.442, 238.61, 250.00, 100, 1410, 1215, 74, P0
2026/07/31 19:45:10.642, 243.68, 250.00, 100, 1410, 1215, 74, P0
2026/07/31 19:45:10.843, 238.05, 250.00, 100, 1410, 1215, 74, P0
2026/07/31 19:45:11.043, 241.30, 250.00, 100, 1410, 1215, 74, P0
2026/07/31 19:45:11.244, 238.39, 250.00, 100, 1410, 1215, 74, P0
2026/07/31 19:45:11.444, 239.04, 250.00, 100, 1410, 1215, 74, P0
2026/07/31 19:45:11.645, 241.41, 250.00, 100, 1410, 1215, 74, P0
2026/07/31 19:45:11.845, 238.74, 250.00, 100, 1410, 1215, 74, P0
2026/07/31 19:45:12.046, 241.97, 250.00, 100, 1410, 1215, 74, P0
2026/07/31 19:45:12.246, 238.78, 250.00, 100, 1410, 1215, 74, P0
2026/07/31 19:45:12.447, 240.32, 250.00, 100, 1410, 1215, 74, P0
2026/07/31 19:45:12.647, 237.85, 250.00, 100, 1410, 1215, 74, P0
2026/07/31 19:45:12.848, 239.24, 250.00, 100, 1410, 1215, 74, P0
2026/07/31 19:45:13.048, 239.53, 250.00, 100, 1410, 1215, 74, P0
2026/07/31 19:45:13.249, 238.88, 250.00, 100, 1410, 1215, 74, P0
2026/07/31 19:45:13.449, 243.94, 250.00, 100, 1410, 1215, 74, P0
2026/07/31 19:45:13.650, 237.66, 250.00, 100, 1410, 1215, 74, P0
2026/07/31 19:45:13.850, 240.74, 250.00, 100, 1410, 1215, 74, P0
2026/07/31 19:45:14.051, 238.33, 250.00, 100, 1410, 1215, 74, P0
2026/07/31 19:45:14.251, 239.41, 250.00, 100, 1410, 1215, 74, P0
2026/07/31 19:45:14.452, 237.93, 250.00, 100, 1410, 1215, 75, P0
2026/07/31 19:45:14.652, 239.30, 250.00, 100, 1410, 1215, 75, P0
2026/07/31 19:45:14.853, 243.39, 250.00, 100, 1410, 1215, 74, P0
2026/07/31 19:45:15.053, 238.73, 250.00, 100, 1410, 1215, 74, P0
2026/07/31 19:45:15.254, 241.71, 250.00, 100, 1410, 1215, 74, P0
2026/07/31 19:45:15.454, 238.06, 250.00, 100, 1410, 1215, 75, P0
2026/07/31 19:45:15.655, 240.90, 250.00, 100, 1410, 1215, 75, P0
2026/07/31 19:45:15.857, 245.64, 250.00, 100, 1275, 1215, 77, P0
2026/07/31 19:45:16.060, 249.22, 250.00, 94, 1275, 1215, 78, P0
2026/07/31 19:45:16.282, 252.72, 250.00, 100, 1275, 1215, 78, P0
2026/07/31 19:45:16.487, 246.99, 250.00, 96, 1260, 1215, 79, P0
2026/07/31 19:45:16.688, 263.77, 250.00, 100, 1245, 1215, 78, P0
2026/07/31 19:45:16.888, 247.56, 250.00, 96, 1275, 1215, 79, P0
2026/07/31 19:45:17.089, 220.25, 250.00, 100, 1290, 1215, 79, P0
2026/07/31 19:45:17.289, 246.80, 250.00, 96, 1260, 1215, 79, P0
2026/07/31 19:45:17.490, 251.27, 250.00, 100, 1335, 1215, 78, P0
2026/07/31 19:45:17.690, 227.93, 250.00, 100, 1410, 1215, 76, P0
2026/07/31 19:45:17.899, 248.03, 250.00, 100, 1410, 1215, 75, P0
2026/07/31 19:45:18.099, 241.50, 250.00, 100, 1410, 1215, 75, P0
2026/07/31 19:45:18.300, 243.64, 250.00, 100, 1410, 1215, 75, P0
2026/07/31 19:45:18.500, 247.45, 250.00, 100, 1410, 1215, 75, P0
2026/07/31 19:45:18.701, 241.06, 250.00, 100, 1410, 1215, 75, P0
2026/07/31 19:45:18.901, 243.60, 250.00, 100, 1410, 1215, 75, P0
2026/07/31 19:45:19.102, 246.15, 250.00, 100, 1410, 1215, 75, P0
2026/07/31 19:45:19.303, 241.34, 250.00, 100, 1410, 1215, 75, P0
2026/07/31 19:45:19.503, 243.90, 250.00, 100, 1410, 1215, 75, P0
2026/07/31 19:45:19.704, 246.20, 250.00, 100, 1410, 1215, 75, P0
2026/07/31 19:45:19.904, 241.28, 250.00, 100, 1410, 1215, 75, P0
2026/07/31 19:45:20.105, 244.06, 250.00, 100, 1410, 1215, 75, P0
2026/07/31 19:45:20.305, 245.54, 250.00, 100, 1410, 1215, 75, P0
2026/07/31 19:45:20.506, 241.25, 250.00, 100, 1410, 1215, 75, P0
2026/07/31 19:45:20.706, 243.59, 250.00, 100, 1410, 1215, 75, P0
2026/07/31 19:45:20.907, 244.59, 250.00, 100, 1410, 1215, 75, P0
2026/07/31 19:45:21.107, 241.24, 250.00, 100, 1410, 1215, 75, P0
2026/07/31 19:45:21.308, 242.78, 250.00, 100, 1410, 1215, 75, P0
2026/07/31 19:45:21.508, 244.42, 250.00, 100, 1410, 1215, 75, P0
2026/07/31 19:45:21.709, 241.61, 250.00, 100, 1410, 1215, 75, P0
2026/07/31 19:45:21.910, 244.10, 250.00, 100, 1410, 1215, 75, P0
2026/07/31 19:45:22.110, 243.08, 250.00, 100, 1410, 1215, 75, P0
2026/07/31 19:45:22.311, 241.63, 250.00, 100, 1410, 1215, 75, P0
2026/07/31 19:45:22.511, 244.04, 250.00, 100, 1410, 1215, 75, P0
2026/07/31 19:45:22.712, 242.19, 250.00, 100, 1410, 1215, 75, P0
2026/07/31 19:45:22.912, 241.22, 250.00, 100, 1410, 1215, 75, P0
2026/07/31 19:45:23.113, 242.70, 250.00, 100, 1410, 1215, 75, P0
2026/07/31 19:45:23.313, 244.30, 250.00, 100, 1410, 1215, 75, P0
2026/07/31 19:45:23.514, 241.49, 250.00, 100, 1410, 1215, 75, P0
2026/07/31 19:45:23.714, 244.54, 250.00, 100, 1410, 1215, 75, P0
2026/07/31 19:45:23.915, 241.59, 250.00, 100, 1410, 1215, 75, P0
2026/07/31 19:45:24.115, 241.91, 250.00, 100, 1410, 1215, 75, P0
2026/07/31 19:45:24.316, 244.35, 250.00, 100, 1410, 1215, 75, P0
2026/07/31 19:45:24.517, 240.89, 250.00, 100, 1410, 1215, 75, P0
2026/07/31 19:45:24.717, 242.44, 250.00, 100, 1410, 1215, 75, P0
2026/07/31 19:45:24.918, 244.03, 250.00, 100, 1410, 1215, 75, P0
2026/07/31 19:45:25.118, 240.75, 250.00, 100, 1410, 1215, 75, P0
2026/07/31 19:45:25.319, 242.10, 250.00, 100, 1410, 1215, 75, P0
2026/07/31 19:45:25.519, 243.57, 250.00, 100, 1410, 1215, 75, P0
2026/07/31 19:45:25.720, 247.92, 250.00, 100, 1410, 1215, 75, P0
2026/07/31 19:45:25.920, 241.97, 250.00, 100, 1410, 1215, 75, P0
2026/07/31 19:45:26.121, 242.94, 250.00, 100, 1410, 1215, 75, P0
2026/07/31 19:45:26.321, 246.16, 250.00, 100, 1410, 1215, 75, P0
2026/07/31 19:45:26.522, 241.80, 250.00, 100, 1410, 1215, 75, P0
2026/07/31 19:45:26.722, 243.18, 250.00, 100, 1410, 1215, 75, P0
2026/07/31 19:45:26.923, 242.12, 250.00, 100, 1410, 1215, 75, P0
2026/07/31 19:45:27.123, 240.96, 250.00, 100, 1410, 1215, 75, P0
2026/07/31 19:45:27.324, 244.34, 250.00, 100, 1410, 1215, 75, P0
2026/07/31 19:45:27.524, 240.99, 250.00, 100, 1410, 1215, 75, P0
2026/07/31 19:45:27.725, 242.41, 250.00, 100, 1410, 1215, 75, P0
2026/07/31 19:45:27.925, 244.89, 250.00, 100, 1410, 1215, 75, P0
2026/07/31 19:45:28.126, 241.32, 250.00, 100, 1410, 1215, 75, P0
2026/07/31 19:45:28.326, 243.29, 250.00, 100, 1410, 1215, 75, P0
2026/07/31 19:45:28.527, 246.27, 250.00, 100, 1410, 1215, 75, P0
2026/07/31 19:45:28.727, 241.57, 250.00, 100, 1410, 1215, 75, P0
2026/07/31 19:45:28.928, 242.65, 250.00, 100, 1410, 1215, 75, P0
2026/07/31 19:45:29.128, 245.91, 250.00, 100, 1410, 1215, 75, P0
2026/07/31 19:45:29.329, 241.90, 250.00, 100, 1410, 1215, 75, P0
2026/07/31 19:45:29.530, 243.32, 250.00, 100, 1410, 1215, 75, P0
2026/07/31 19:45:29.730, 247.80, 250.00, 100, 1410, 1215, 75, P0
2026/07/31 19:45:29.931, 241.98, 250.00, 100, 1410, 1215, 75, P0
2026/07/31 19:45:30.131, 243.43, 250.00, 100, 1410, 1215, 75, P0
2026/07/31 19:45:30.332, 246.87, 250.00, 100, 1410, 1215, 75, P0
2026/07/31 19:45:30.532, 241.43, 250.00, 100, 1410, 1215, 75, P0
2026/07/31 19:45:30.733, 244.02, 250.00, 100, 1410, 1215, 75, P0
2026/07/31 19:45:30.933, 246.36, 250.00, 100, 1410, 1215, 75, P0
2026/07/31 19:45:31.134, 242.09, 250.00, 100, 1410, 1215, 75, P0
2026/07/31 19:45:31.334, 244.29, 250.00, 100, 1410, 1215, 75, P0
2026/07/31 19:45:31.535, 241.17, 250.00, 100, 1410, 1215, 75, P0
2026/07/31 19:45:31.735, 242.60, 250.00, 100, 1410, 1215, 75, P0
2026/07/31 19:45:31.936, 244.48, 250.00, 100, 1410, 1215, 75, P0
2026/07/31 19:45:32.136, 241.09, 250.00, 100, 1410, 1215, 75, P0
2026/07/31 19:45:32.337, 242.24, 250.00, 100, 1410, 1215, 75, P0
2026/07/31 19:45:32.537, 244.52, 250.00, 100, 1410, 1215, 75, P0
2026/07/31 19:45:32.738, 241.19, 250.00, 100, 1410, 1215, 75, P0
2026/07/31 19:45:32.939, 242.49, 250.00, 100, 1410, 1215, 75, P0
2026/07/31 19:45:33.139, 246.72, 250.00, 100, 1410, 1215, 75, P0
2026/07/31 19:45:33.340, 241.67, 250.00, 100, 1410, 1215, 75, P0
2026/07/31 19:45:33.540, 243.17, 250.00, 100, 1410, 1215, 75, P0
2026/07/31 19:45:33.741, 243.42, 250.00, 100, 1410, 1215, 75, P0
2026/07/31 19:45:33.941, 242.29, 250.00, 100, 1410, 1215, 75, P0
2026/07/31 19:45:34.142, 245.36, 250.00, 100, 1410, 1215, 75, P0
2026/07/31 19:45:34.343, 241.69, 250.00, 100, 1410, 1215, 75, P0
2026/07/31 19:45:34.543, 242.78, 250.00, 100, 1410, 1215, 75, P0
2026/07/31 19:45:34.744, 246.34, 250.00, 100, 1410, 1215, 75, P0
2026/07/31 19:45:34.944, 241.52, 250.00, 100, 1410, 1215, 75, P0
2026/07/31 19:45:35.145, 243.05, 250.00, 100, 1410, 1215, 75, P0
2026/07/31 19:45:35.345, 246.96, 250.00, 100, 1410, 1215, 75, P0
2026/07/31 19:45:35.546, 242.41, 250.00, 100, 1410, 1215, 75, P0
2026/07/31 19:45:35.746, 244.47, 250.00, 100, 1410, 1215, 75, P0
2026/07/31 19:45:35.947, 241.23, 250.00, 100, 1410, 1215, 75, P0
2026/07/31 19:45:36.147, 242.72, 250.00, 100, 1410, 1215, 75, P0
2026/07/31 19:45:36.348, 245.38, 250.00, 100, 1410, 1215, 75, P0
2026/07/31 19:45:36.548, 241.13, 250.00, 100, 1410, 1215, 76, P0
2026/07/31 19:45:36.749, 243.60, 250.00, 100, 1410, 1215, 76, P0
2026/07/31 19:45:36.949, 248.39, 250.00, 100, 1410, 1215, 76, P0
2026/07/31 19:45:37.150, 242.19, 250.00, 100, 1410, 1215, 75, P0
2026/07/31 19:45:37.350, 242.89, 250.00, 100, 1410, 1215, 75, P0
2026/07/31 19:45:37.551, 247.69, 250.00, 100, 1410, 1215, 76, P0
2026/07/31 19:45:37.752, 242.36, 250.00, 100, 1410, 1215, 76, P0
2026/07/31 19:45:37.952, 245.09, 250.00, 100, 1410, 1215, 76, P0
2026/07/31 19:45:38.153, 241.80, 250.00, 100, 1410, 1215, 76, P0
2026/07/31 19:45:38.353, 243.05, 250.00, 100, 1410, 1215, 76, P0
2026/07/31 19:45:38.554, 246.93, 250.00, 100, 1410, 1215, 76, P0
2026/07/31 19:45:38.754, 242.58, 250.00, 100, 1410, 1215, 76, P0
2026/07/31 19:45:38.955, 243.76, 250.00, 100, 1410, 1215, 76, P0
2026/07/31 19:45:39.155, 241.58, 250.00, 100, 1410, 1215, 76, P0
2026/07/31 19:45:39.356, 242.21, 250.00, 100, 1410, 1215, 76, P0
2026/07/31 19:45:39.556, 245.24, 250.00, 100, 1410, 1215, 76, P0
2026/07/31 19:45:39.757, 242.35, 250.00, 100, 1410, 1215, 76, P0
2026/07/31 19:45:39.958, 243.37, 250.00, 100, 1410, 1215, 76, P0
2026/07/31 19:45:40.158, 247.71, 250.00, 100, 1410, 1215, 76, P0
2026/07/31 19:45:40.359, 242.52, 250.00, 100, 1410, 1215, 76, P0
2026/07/31 19:45:40.561, 244.95, 250.00, 100, 1410, 1215, 76, P0
2026/07/31 19:45:40.764, 241.82, 250.00, 100, 1410, 1215, 76, P0
2026/07/31 19:45:40.966, 243.36, 250.00, 100, 1410, 1215, 76, P0
2026/07/31 19:45:41.167, 246.18, 250.00, 100, 1410, 1215, 76, P0
2026/07/31 19:45:41.368, 243.12, 250.00, 100, 1410, 1215, 76, P0
2026/07/31 19:45:41.569, 245.35, 250.00, 100, 1410, 1215, 76, P0
2026/07/31 19:45:41.769, 241.82, 250.00, 100, 1410, 1215, 76, P0
2026/07/31 19:45:41.970, 243.24, 250.00, 100, 1410, 1215, 76, P0
2026/07/31 19:45:42.170, 246.55, 250.00, 100, 1410, 1215, 76, P0
2026/07/31 19:45:42.371, 242.11, 250.00, 100, 1410, 1215, 76, P0
2026/07/31 19:45:42.571, 244.14, 250.00, 100, 1410, 1215, 76, P0
2026/07/31 19:45:42.772, 242.97, 250.00, 100, 1410, 1215, 76, P0
2026/07/31 19:45:42.972, 242.65, 250.00, 100, 1410, 1215, 76, P0
2026/07/31 19:45:43.173, 245.46, 250.00, 100, 1410, 1215, 76, P0
2026/07/31 19:45:43.373, 241.86, 250.00, 100, 1410, 1215, 76, P0
2026/07/31 19:45:43.574, 243.75, 250.00, 100, 1410, 1215, 76, P0
2026/07/31 19:45:43.774, 248.04, 250.00, 100, 1410, 1215, 76, P0
2026/07/31 19:45:43.975, 242.44, 250.00, 100, 1410, 1215, 76, P0
2026/07/31 19:45:44.175, 244.28, 250.00, 100, 1410, 1215, 76, P0
2026/07/31 19:45:44.376, 245.93, 250.00, 100, 1410, 1215, 76, P0
2026/07/31 19:45:44.576, 242.15, 250.00, 100, 1410, 1215, 76, P0
2026/07/31 19:45:44.777, 244.50, 250.00, 100, 1410, 1215, 76, P0
2026/07/31 19:45:44.977, 247.69, 250.00, 100, 1410, 1215, 76, P0
2026/07/31 19:45:45.178, 242.59, 250.00, 100, 1410, 1215, 76, P0
2026/07/31 19:45:45.379, 246.14, 250.00, 100, 1410, 1215, 76, P0
2026/07/31 19:45:45.579, 241.62, 250.00, 100, 1410, 1215, 76, P0
2026/07/31 19:45:45.780, 243.57, 250.00, 100, 1410, 1215, 76, P0
2026/07/31 19:45:45.980, 247.31, 250.00, 100, 1410, 1215, 76, P0
2026/07/31 19:45:46.181, 242.69, 250.00, 100, 1410, 1215, 76, P0
2026/07/31 19:45:46.381, 244.71, 250.00, 100, 1410, 1215, 76, P0
2026/07/31 19:45:46.582, 242.55, 250.00, 100, 1410, 1215, 76, P0
2026/07/31 19:45:46.782, 243.72, 250.00, 100, 1410, 1215, 76, P0
2026/07/31 19:45:46.983, 247.39, 250.00, 100, 1410, 1215, 76, P0
2026/07/31 19:45:47.183, 242.53, 250.00, 100, 1410, 1215, 76, P0
2026/07/31 19:45:47.384, 244.09, 250.00, 100, 1410, 1215, 76, P0
2026/07/31 19:45:47.584, 241.63, 250.00, 100, 1410, 1215, 76, P0
2026/07/31 19:45:47.785, 243.13, 250.00, 100, 1410, 1215, 76, P0
2026/07/31 19:45:47.985, 245.65, 250.00, 100, 1410, 1215, 76, P0
2026/07/31 19:45:48.186, 242.38, 250.00, 100, 1410, 1215, 76, P0
2026/07/31 19:45:48.386, 244.05, 250.00, 100, 1410, 1215, 76, P0
2026/07/31 19:45:48.587, 242.95, 250.00, 100, 1410, 1215, 76, P0
2026/07/31 19:45:48.788, 242.74, 250.00, 100, 1410, 1215, 76, P0
2026/07/31 19:45:48.988, 247.71, 250.00, 100, 1410, 1215, 76, P0
2026/07/31 19:45:49.189, 242.66, 250.00, 100, 1410, 1215, 76, P0
2026/07/31 19:45:49.389, 245.15, 250.00, 100, 1410, 1215, 76, P0
2026/07/31 19:45:49.590, 242.87, 250.00, 100, 1410, 1215, 76, P0
2026/07/31 19:45:49.790, 242.69, 250.00, 100, 1410, 1215, 76, P0
2026/07/31 19:45:49.991, 248.13, 250.00, 100, 1410, 1215, 76, P0
2026/07/31 19:45:50.191, 242.65, 250.00, 100, 1410, 1215, 76, P0
2026/07/31 19:45:50.392, 244.33, 250.00, 100, 1410, 1215, 76, P0
2026/07/31 19:45:50.592, 242.77, 250.00, 100, 1410, 1215, 76, P0
2026/07/31 19:45:50.793, 243.32, 250.00, 100, 1410, 1215, 76, P0
2026/07/31 19:45:50.993, 246.51, 250.00, 100, 1410, 1215, 76, P0
2026/07/31 19:45:51.194, 242.38, 250.00, 100, 1410, 1215, 76, P0
2026/07/31 19:45:51.395, 244.96, 250.00, 100, 1410, 1215, 76, P0
2026/07/31 19:45:51.595, 241.91, 250.00, 100, 1410, 1215, 76, P0
2026/07/31 19:45:51.796, 243.13, 250.00, 100, 1410, 1215, 76, P0
2026/07/31 19:45:51.996, 247.29, 250.00, 100, 1410, 1215, 76, P0
2026/07/31 19:45:52.197, 242.30, 250.00, 100, 1410, 1215, 76, P0
2026/07/31 19:45:52.397, 245.69, 250.00, 100, 1410, 1215, 76, P0
2026/07/31 19:45:52.598, 242.97, 250.00, 100, 1410, 1215, 76, P0
2026/07/31 19:45:52.798, 243.58, 250.00, 100, 1410, 1215, 76, P0
2026/07/31 19:45:52.999, 245.89, 250.00, 100, 1410, 1215, 76, P0
2026/07/31 19:45:53.200, 243.23, 250.00, 100, 1410, 1215, 76, P0
2026/07/31 19:45:53.400, 245.45, 250.00, 100, 1410, 1215, 76, P0
2026/07/31 19:45:53.601, 241.94, 250.00, 100, 1410, 1215, 76, P0
2026/07/31 19:45:53.801, 243.60, 250.00, 100, 1410, 1215, 76, P0
2026/07/31 19:45:54.002, 246.64, 250.00, 100, 1410, 1215, 76, P0
2026/07/31 19:45:54.202, 242.98, 250.00, 100, 1410, 1215, 76, P0
2026/07/31 19:45:54.403, 245.40, 250.00, 100, 1410, 1215, 76, P0
2026/07/31 19:45:54.604, 242.11, 250.00, 100, 1410, 1215, 76, P0
2026/07/31 19:45:54.804, 243.54, 250.00, 100, 1410, 1215, 76, P0
2026/07/31 19:45:55.005, 247.57, 250.00, 100, 1410, 1215, 76, P0
2026/07/31 19:45:55.205, 243.11, 250.00, 100, 1410, 1215, 76, P0
2026/07/31 19:45:55.406, 245.37, 250.00, 100, 1410, 1215, 76, P0
2026/07/31 19:45:55.606, 242.01, 250.00, 100, 1410, 1215, 76, P0
2026/07/31 19:45:55.807, 244.27, 250.00, 100, 1410, 1215, 76, P0
2026/07/31 19:45:56.007, 249.20, 250.00, 100, 1410, 1215, 76, P0
2026/07/31 19:45:56.208, 243.69, 250.00, 100, 1410, 1215, 76, P0
2026/07/31 19:45:56.408, 245.92, 250.00, 100, 1410, 1215, 76, P0
2026/07/31 19:45:56.609, 243.02, 250.00, 100, 1410, 1215, 76, P0
2026/07/31 19:45:56.809, 245.05, 250.00, 100, 1410, 1215, 76, P0
2026/07/31 19:45:57.010, 248.46, 250.00, 100, 1410, 1215, 76, P0
2026/07/31 19:45:57.210, 243.82, 250.00, 100, 1410, 1215, 76, P0
2026/07/31 19:45:57.411, 246.81, 250.00, 100, 1410, 1215, 76, P0
2026/07/31 19:45:57.611, 242.74, 250.00, 100, 1410, 1215, 76, P0
2026/07/31 19:45:57.812, 244.59, 250.00, 100, 1410, 1215, 76, P0
2026/07/31 19:45:58.012, 244.70, 250.00, 100, 1410, 1215, 76, P0
2026/07/31 19:45:58.213, 243.28, 250.00, 100, 1410, 1215, 76, P0
2026/07/31 19:45:58.414, 246.24, 250.00, 100, 1410, 1215, 76, P0
2026/07/31 19:45:58.614, 243.13, 250.00, 100, 1410, 1215, 76, P0
2026/07/31 19:45:58.815, 244.37, 250.00, 100, 1410, 1215, 76, P0
2026/07/31 19:45:59.015, 242.15, 250.00, 100, 1410, 1215, 76, P0
2026/07/31 19:45:59.216, 244.03, 250.00, 100, 1410, 1215, 76, P0
2026/07/31 19:45:59.416, 246.74, 250.00, 100, 1410, 1215, 76, P0
2026/07/31 19:45:59.617, 243.11, 250.00, 100, 1410, 1215, 76, P0
2026/07/31 19:45:59.817, 245.06, 250.00, 100, 1410, 1215, 76, P0
2026/07/31 19:46:00.018, 243.20, 250.00, 100, 1410, 1215, 76, P0
2026/07/31 19:46:00.219, 244.98, 250.00, 100, 1410, 1215, 76, P0
2026/07/31 19:46:00.419, 249.20, 250.00, 100, 1410, 1215, 76, P0
2026/07/31 19:46:00.620, 242.99, 250.00, 100, 1410, 1215, 76, P0
2026/07/31 19:46:00.820, 245.68, 250.00, 100, 1410, 1215, 76, P0
2026/07/31 19:46:01.021, 242.88, 250.00, 100, 1410, 1215, 76, P0
2026/07/31 19:46:01.221, 246.22, 250.00, 100, 1410, 1215, 76, P0
2026/07/31 19:46:01.422, 243.02, 250.00, 100, 1410, 1215, 76, P0
2026/07/31 19:46:01.622, 244.41, 250.00, 100, 1410, 1215, 76, P0
2026/07/31 19:46:01.823, 247.20, 250.00, 100, 1410, 1215, 76, P0
2026/07/31 19:46:02.023, 243.15, 250.00, 100, 1410, 1215, 76, P0
2026/07/31 19:46:02.224, 246.38, 250.00, 100, 1410, 1215, 76, P0
2026/07/31 19:46:02.424, 242.68, 250.00, 100, 1410, 1215, 76, P0
2026/07/31 19:46:02.625, 244.22, 250.00, 100, 1410, 1215, 76, P0
2026/07/31 19:46:02.826, 245.24, 250.00, 100, 1410, 1215, 76, P0
2026/07/31 19:46:03.026, 243.61, 250.00, 100, 1410, 1215, 76, P0
2026/07/31 19:46:03.227, 245.79, 250.00, 100, 1410, 1215, 76, P0
2026/07/31 19:46:03.427, 243.19, 250.00, 100, 1410, 1215, 76, P0
2026/07/31 19:46:03.628, 243.50, 250.00, 100, 1410, 1215, 76, P0
2026/07/31 19:46:03.828, 248.41, 250.00, 100, 1410, 1215, 76, P0
2026/07/31 19:46:04.029, 244.17, 250.00, 100, 1410, 1215, 76, P0
2026/07/31 19:46:04.229, 246.34, 250.00, 100, 1410, 1215, 76, P0
2026/07/31 19:46:04.430, 243.39, 250.00, 100, 1410, 1215, 76, P0
2026/07/31 19:46:04.630, 244.23, 250.00, 100, 1410, 1215, 76, P0
2026/07/31 19:46:04.831, 247.08, 250.00, 100, 1410, 1215, 76, P0
2026/07/31 19:46:05.032, 243.53, 250.00, 100, 1410, 1215, 76, P0
2026/07/31 19:46:05.232, 245.90, 250.00, 100, 1410, 1215, 76, P0
2026/07/31 19:46:05.433, 243.26, 250.00, 100, 1410, 1215, 76, P0
2026/07/31 19:46:05.633, 245.37, 250.00, 100, 1410, 1215, 76, P0
2026/07/31 19:46:05.834, 243.32, 250.00, 100, 1410, 1215, 76, P0
2026/07/31 19:46:06.034, 244.69, 250.00, 100, 1410, 1215, 76, P0
2026/07/31 19:46:06.235, 249.76, 250.00, 100, 1410, 1215, 76, P0
2026/07/31 19:46:06.435, 243.22, 250.00, 100, 1410, 1215, 76, P0
2026/07/31 19:46:06.636, 247.88, 250.00, 100, 1410, 1215, 76, P0
2026/07/31 19:46:06.836, 243.11, 250.00, 100, 1410, 1215, 76, P0
2026/07/31 19:46:07.037, 245.29, 250.00, 100, 1410, 1215, 76, P0
2026/07/31 19:46:07.237, 242.78, 250.00, 100, 1410, 1215, 76, P0
2026/07/31 19:46:07.438, 244.39, 250.00, 100, 1410, 1215, 76, P0
2026/07/31 19:46:07.638, 249.36, 250.00, 100, 1410, 1215, 76, P0
2026/07/31 19:46:07.839, 243.79, 250.00, 100, 1410, 1215, 76, P0
2026/07/31 19:46:08.039, 246.03, 250.00, 100, 1410, 1215, 76, P0
2026/07/31 19:46:08.240, 243.51, 250.00, 100, 1410, 1215, 76, P0
2026/07/31 19:46:08.440, 245.54, 250.00, 100, 1410, 1215, 76, P0
2026/07/31 19:46:08.641, 242.69, 250.00, 100, 1410, 1215, 76, P0
2026/07/31 19:46:08.841, 245.34, 250.00, 100, 1410, 1215, 76, P0
2026/07/31 19:46:09.042, 248.90, 250.00, 100, 1410, 1215, 76, P0
2026/07/31 19:46:09.243, 244.10, 250.00, 100, 1410, 1215, 76, P0
2026/07/31 19:46:09.443, 246.49, 250.00, 100, 1410, 1215, 76, P0
2026/07/31 19:46:09.644, 243.52, 250.00, 100, 1410, 1215, 76, P0
2026/07/31 19:46:09.844, 246.51, 250.00, 100, 1410, 1215, 76, P0
2026/07/31 19:46:10.045, 243.56, 250.00, 100, 1410, 1215, 76, P0
2026/07/31 19:46:10.245, 244.05, 250.00, 100, 1410, 1215, 76, P0
2026/07/31 19:46:10.446, 248.62, 250.00, 100, 1410, 1215, 76, P0
2026/07/31 19:46:10.646, 243.90, 250.00, 100, 1410, 1215, 76, P0
2026/07/31 19:46:10.847, 246.41, 250.00, 100, 1410, 1215, 76, P0
2026/07/31 19:46:11.047, 243.34, 250.00, 100, 1410, 1215, 76, P0
2026/07/31 19:46:11.248, 245.72, 250.00, 100, 1410, 1215, 76, P0
2026/07/31 19:46:11.448, 242.92, 250.00, 100, 1410, 1215, 76, P0
2026/07/31 19:46:11.649, 177.90, 250.00, 95, 1290, 1215, 79, P0
2026/07/31 19:46:11.849, 237.78, 250.00, 100, 1245, 1215, 79, P0
2026/07/31 19:46:12.050, 248.62, 250.00, 100, 1335, 1215, 79, P0
2026/07/31 19:46:12.250, 239.66, 250.00, 97, 1260, 1215, 80, P0
2026/07/31 19:46:12.451, 239.20, 250.00, 100, 1245, 1215, 80, P0
2026/07/31 19:46:12.651, 263.04, 250.00, 96, 1275, 1215, 81, P0
2026/07/31 19:46:12.852, 257.04, 250.00, 100, 1260, 1215, 81, P0
2026/07/31 19:46:13.052, 261.49, 250.00, 96, 1260, 1215, 81, P0
2026/07/31 19:46:13.253, 252.39, 250.00, 100, 1245, 1215, 81, P0
2026/07/31 19:46:13.453, 213.05, 250.00, 100, 1395, 1215, 77, P0
2026/07/31 19:46:13.654, 246.54, 250.00, 100, 1410, 1215, 77, P0
2026/07/31 19:46:13.854, 242.60, 250.00, 100, 1410, 1215, 77, P0
2026/07/31 19:46:14.055, 243.75, 250.00, 100, 1410, 1215, 77, P0
2026/07/31 19:46:14.255, 246.03, 250.00, 100, 1410, 1215, 77, P0
2026/07/31 19:46:14.456, 243.48, 250.00, 100, 1410, 1215, 77, P0
2026/07/31 19:46:14.656, 243.90, 250.00, 100, 1410, 1215, 77, P0
2026/07/31 19:46:14.857, 245.78, 250.00, 100, 1410, 1215, 77, P0
2026/07/31 19:46:15.057, 243.04, 250.00, 100, 1410, 1215, 77, P0
2026/07/31 19:46:15.258, 243.90, 250.00, 100, 1410, 1215, 77, P0
2026/07/31 19:46:15.458, 246.07, 250.00, 100, 1410, 1215, 77, P0
2026/07/31 19:46:15.659, 243.51, 250.00, 100, 1410, 1215, 77, P0
2026/07/31 19:46:15.859, 244.28, 250.00, 100, 1410, 1215, 77, P0
2026/07/31 19:46:16.060, 245.85, 250.00, 100, 1410, 1215, 77, P0
2026/07/31 19:46:16.260, 243.00, 250.00, 100, 1410, 1215, 77, P0
2026/07/31 19:46:16.461, 243.55, 250.00, 100, 1410, 1215, 77, P0
2026/07/31 19:46:16.662, 246.12, 250.00, 100, 1410, 1215, 77, P0
2026/07/31 19:46:16.862, 242.38, 250.00, 100, 1410, 1215, 77, P0
2026/07/31 19:46:17.063, 243.83, 250.00, 100, 1410, 1215, 77, P0
2026/07/31 19:46:17.263, 245.98, 250.00, 100, 1410, 1215, 77, P0
2026/07/31 19:46:17.464, 242.47, 250.00, 100, 1410, 1215, 77, P0
2026/07/31 19:46:17.667, 244.49, 250.00, 100, 1410, 1215, 77, P0
2026/07/31 19:46:17.870, 247.22, 250.00, 100, 1410, 1215, 77, P0
2026/07/31 19:46:18.071, 243.12, 250.00, 100, 1410, 1215, 77, P0
2026/07/31 19:46:18.272, 244.96, 250.00, 100, 1410, 1215, 77, P0
2026/07/31 19:46:18.472, 248.03, 250.00, 100, 1410, 1215, 77, P0
2026/07/31 19:46:18.673, 243.54, 250.00, 100, 1410, 1215, 77, P0
2026/07/31 19:46:18.874, 244.42, 250.00, 100, 1410, 1215, 77, P0
2026/07/31 19:46:19.074, 247.69, 250.00, 100, 1410, 1215, 77, P0
2026/07/31 19:46:19.275, 243.67, 250.00, 100, 1410, 1215, 77, P0
2026/07/31 19:46:19.475, 245.81, 250.00, 100, 1410, 1215, 77, P0
2026/07/31 19:46:19.676, 250.03, 250.00, 100, 1410, 1215, 77, P0
2026/07/31 19:46:19.876, 243.59, 250.00, 100, 1410, 1215, 77, P0
2026/07/31 19:46:20.077, 245.30, 250.00, 100, 1410, 1215, 77, P0
2026/07/31 19:46:20.278, 247.31, 250.00, 100, 1410, 1215, 77, P0
2026/07/31 19:46:20.478, 243.32, 250.00, 100, 1410, 1215, 77, P0
2026/07/31 19:46:20.679, 245.15, 250.00, 100, 1410, 1215, 77, P0
2026/07/31 19:46:20.879, 247.50, 250.00, 100, 1410, 1215, 77, P0
2026/07/31 19:46:21.080, 243.41, 250.00, 100, 1410, 1215, 77, P0
2026/07/31 19:46:21.280, 245.19, 250.00, 100, 1410, 1215, 77, P0
2026/07/31 19:46:21.481, 248.36, 250.00, 100, 1410, 1215, 77, P0
2026/07/31 19:46:21.682, 243.18, 250.00, 100, 1410, 1215, 77, P0
2026/07/31 19:46:21.882, 245.09, 250.00, 100, 1410, 1215, 77, P0
2026/07/31 19:46:22.083, 249.27, 250.00, 100, 1410, 1215, 77, P0
2026/07/31 19:46:22.283, 244.07, 250.00, 100, 1410, 1215, 77, P0
2026/07/31 19:46:22.484, 245.41, 250.00, 100, 1410, 1215, 77, P0
2026/07/31 19:46:22.684, 248.37, 250.00, 100, 1410, 1215, 77, P0
2026/07/31 19:46:22.885, 243.53, 250.00, 100, 1410, 1215, 77, P0
2026/07/31 19:46:23.085, 245.63, 250.00, 100, 1410, 1215, 77, P0
2026/07/31 19:46:23.286, 248.90, 250.00, 100, 1410, 1215, 77, P0
2026/07/31 19:46:23.486, 244.08, 250.00, 100, 1410, 1215, 77, P0
2026/07/31 19:46:23.687, 245.37, 250.00, 100, 1410, 1215, 77, P0
2026/07/31 19:46:23.887, 245.53, 250.00, 100, 1410, 1215, 77, P0
2026/07/31 19:46:24.088, 243.27, 250.00, 100, 1410, 1215, 77, P0
2026/07/31 19:46:24.289, 246.24, 250.00, 100, 1410, 1215, 77, P0
2026/07/31 19:46:24.489, 243.00, 250.00, 100, 1410, 1215, 77, P0
2026/07/31 19:46:24.690, 244.68, 250.00, 100, 1410, 1215, 77, P0
2026/07/31 19:46:24.890, 247.01, 250.00, 100, 1410, 1215, 77, P0
2026/07/31 19:46:25.091, 243.45, 250.00, 100, 1410, 1215, 77, P0
2026/07/31 19:46:25.291, 244.97, 250.00, 100, 1410, 1215, 77, P0
2026/07/31 19:46:25.492, 246.65, 250.00, 100, 1410, 1215, 77, P0
2026/07/31 19:46:25.693, 243.08, 250.00, 100, 1410, 1215, 77, P0
2026/07/31 19:46:25.893, 244.80, 250.00, 100, 1410, 1215, 77, P0
2026/07/31 19:46:26.094, 247.86, 250.00, 100, 1410, 1215, 77, P0
2026/07/31 19:46:26.294, 243.79, 250.00, 100, 1410, 1215, 77, P0
2026/07/31 19:46:26.495, 245.70, 250.00, 100, 1410, 1215, 77, P0
2026/07/31 19:46:26.695, 248.53, 250.00, 100, 1410, 1215, 77, P0
2026/07/31 19:46:26.896, 243.94, 250.00, 100, 1410, 1215, 77, P0
2026/07/31 19:46:27.096, 246.58, 250.00, 100, 1410, 1215, 77, P0
2026/07/31 19:46:27.297, 245.55, 250.00, 100, 1410, 1215, 77, P0
2026/07/31 19:46:27.497, 243.76, 250.00, 100, 1410, 1215, 77, P0
2026/07/31 19:46:27.698, 246.20, 250.00, 100, 1410, 1215, 77, P0
2026/07/31 19:46:27.898, 243.55, 250.00, 100, 1410, 1215, 77, P0
2026/07/31 19:46:28.099, 244.81, 250.00, 100, 1410, 1215, 77, P0
2026/07/31 19:46:28.300, 248.82, 250.00, 100, 1410, 1215, 77, P0
2026/07/31 19:46:28.500, 243.53, 250.00, 100, 1410, 1215, 77, P0
2026/07/31 19:46:28.701, 245.45, 250.00, 100, 1410, 1215, 77, P0
2026/07/31 19:46:28.901, 248.19, 250.00, 100, 1410, 1215, 77, P0
2026/07/31 19:46:29.102, 243.94, 250.00, 100, 1410, 1215, 77, P0
2026/07/31 19:46:29.302, 246.05, 250.00, 100, 1410, 1215, 77, P0
2026/07/31 19:46:29.503, 245.67, 250.00, 100, 1410, 1215, 77, P0
2026/07/31 19:46:29.703, 244.65, 250.00, 100, 1410, 1215, 77, P0
2026/07/31 19:46:29.904, 246.76, 250.00, 100, 1410, 1215, 77, P0
2026/07/31 19:46:30.104, 243.59, 250.00, 100, 1410, 1215, 77, P0
2026/07/31 19:46:30.305, 245.50, 250.00, 100, 1410, 1215, 77, P0
2026/07/31 19:46:30.505, 247.89, 250.00, 100, 1410, 1215, 77, P0
2026/07/31 19:46:30.706, 243.24, 250.00, 100, 1410, 1215, 77, P0
2026/07/31 19:46:30.906, 245.81, 250.00, 100, 1410, 1215, 77, P0
2026/07/31 19:46:31.107, 249.86, 250.00, 100, 1410, 1215, 77, P0
2026/07/31 19:46:31.307, 244.37, 250.00, 100, 1410, 1215, 77, P0
2026/07/31 19:46:31.508, 247.28, 250.00, 100, 1410, 1215, 77, P0
2026/07/31 19:46:31.708, 243.11, 250.00, 100, 1410, 1215, 77, P0
2026/07/31 19:46:31.909, 244.24, 250.00, 100, 1410, 1215, 77, P0
2026/07/31 19:46:32.110, 248.33, 250.00, 100, 1410, 1215, 77, P0
2026/07/31 19:46:32.310, 244.20, 250.00, 100, 1410, 1215, 77, P0
2026/07/31 19:46:32.511, 244.80, 250.00, 100, 1410, 1215, 77, P0
2026/07/31 19:46:32.711, 249.49, 250.00, 100, 1410, 1215, 77, P0
2026/07/31 19:46:32.912, 244.37, 250.00, 100, 1410, 1215, 77, P0
2026/07/31 19:46:33.112, 246.33, 250.00, 100, 1410, 1215, 77, P0
2026/07/31 19:46:33.313, 243.22, 250.00, 100, 1410, 1215, 77, P0
2026/07/31 19:46:33.513, 244.89, 250.00, 100, 1410, 1215, 77, P0
2026/07/31 19:46:33.714, 247.84, 250.00, 100, 1410, 1215, 77, P0
2026/07/31 19:46:33.914, 243.98, 250.00, 100, 1410, 1215, 77, P0
2026/07/31 19:46:34.115, 244.77, 250.00, 100, 1410, 1215, 77, P0
2026/07/31 19:46:34.315, 247.62, 250.00, 100, 1410, 1215, 77, P0
2026/07/31 19:46:34.516, 244.58, 250.00, 100, 1410, 1215, 77, P0
2026/07/31 19:46:34.717, 245.92, 250.00, 100, 1410, 1215, 77, P0
2026/07/31 19:46:34.917, 248.11, 250.00, 100, 1410, 1215, 77, P0
2026/07/31 19:46:35.118, 243.73, 250.00, 100, 1410, 1215, 77, P0
2026/07/31 19:46:35.318, 246.61, 250.00, 100, 1410, 1215, 77, P0
2026/07/31 19:46:35.519, 243.52, 250.00, 100, 1410, 1215, 77, P0
2026/07/31 19:46:35.719, 245.46, 250.00, 100, 1410, 1215, 77, P0
2026/07/31 19:46:35.920, 248.32, 250.00, 100, 1410, 1215, 77, P0
2026/07/31 19:46:36.120, 243.90, 250.00, 100, 1410, 1215, 77, P0
2026/07/31 19:46:36.321, 245.97, 250.00, 100, 1410, 1215, 77, P0
2026/07/31 19:46:36.521, 249.43, 250.00, 100, 1410, 1215, 77, P0
2026/07/31 19:46:36.722, 244.20, 250.00, 100, 1410, 1215, 77, P0
2026/07/31 19:46:36.923, 245.69, 250.00, 100, 1410, 1215, 77, P0
2026/07/31 19:46:37.123, 246.16, 250.00, 100, 1410, 1215, 77, P0
2026/07/31 19:46:37.324, 244.81, 250.00, 100, 1410, 1215, 77, P0
2026/07/31 19:46:37.524, 247.65, 250.00, 100, 1410, 1215, 77, P0
2026/07/31 19:46:37.725, 243.51, 250.00, 100, 1410, 1215, 77, P0
2026/07/31 19:46:37.925, 245.12, 250.00, 100, 1410, 1215, 77, P0
2026/07/31 19:46:38.126, 249.92, 250.00, 100, 1410, 1215, 77, P0
2026/07/31 19:46:38.326, 244.78, 250.00, 100, 1410, 1215, 77, P0
2026/07/31 19:46:38.527, 246.86, 250.00, 100, 1410, 1215, 77, P0
2026/07/31 19:46:38.727, 250.88, 250.00, 100, 1410, 1215, 77, P0
2026/07/31 19:46:38.928, 244.37, 250.00, 100, 1410, 1215, 77, P0
2026/07/31 19:46:39.129, 246.99, 250.00, 100, 1410, 1215, 77, P0
2026/07/31 19:46:39.329, 248.65, 250.00, 100, 1410, 1215, 77, P0
2026/07/31 19:46:39.530, 244.40, 250.00, 100, 1410, 1215, 77, P0
2026/07/31 19:46:39.730, 246.53, 250.00, 100, 1410, 1215, 77, P0
2026/07/31 19:46:39.931, 243.53, 250.00, 100, 1410, 1215, 77, P0
2026/07/31 19:46:40.131, 244.13, 250.00, 100, 1410, 1215, 77, P0
2026/07/31 19:46:40.332, 246.76, 250.00, 100, 1410, 1215, 77, P0
2026/07/31 19:46:40.532, 243.68, 250.00, 100, 1410, 1215, 77, P0
2026/07/31 19:46:40.733, 246.41, 250.00, 100, 1410, 1215, 77, P0
2026/07/31 19:46:40.933, 250.57, 250.00, 100, 1410, 1215, 77, P0
2026/07/31 19:46:41.134, 243.75, 250.00, 100, 1410, 1215, 77, P0
2026/07/31 19:46:41.335, 247.58, 250.00, 100, 1410, 1215, 77, P0
2026/07/31 19:46:41.535, 243.74, 250.00, 100, 1410, 1215, 77, P0
2026/07/31 19:46:41.736, 245.43, 250.00, 100, 1410, 1215, 77, P0
2026/07/31 19:46:41.936, 248.71, 250.00, 100, 1410, 1215, 77, P0
2026/07/31 19:46:42.137, 244.88, 250.00, 100, 1410, 1215, 77, P0
2026/07/31 19:46:42.337, 246.73, 250.00, 100, 1410, 1215, 77, P0
2026/07/31 19:46:42.538, 243.07, 250.00, 100, 1410, 1215, 77, P0
2026/07/31 19:46:42.738, 245.50, 250.00, 100, 1410, 1215, 77, P0
2026/07/31 19:46:42.939, 249.45, 250.00, 100, 1410, 1215, 77, P0
2026/07/31 19:46:43.139, 244.48, 250.00, 100, 1410, 1215, 77, P0
2026/07/31 19:46:43.340, 246.40, 250.00, 100, 1410, 1215, 77, P0
2026/07/31 19:46:43.541, 243.92, 250.00, 100, 1410, 1215, 77, P0
2026/07/31 19:46:43.741, 244.52, 250.00, 100, 1410, 1215, 77, P0
2026/07/31 19:46:43.942, 248.07, 250.00, 100, 1410, 1215, 77, P0
2026/07/31 19:46:44.142, 243.85, 250.00, 100, 1410, 1215, 77, P0
2026/07/31 19:46:44.343, 245.57, 250.00, 100, 1410, 1215, 77, P0
2026/07/31 19:46:44.543, 246.36, 250.00, 100, 1410, 1215, 77, P0
2026/07/31 19:46:44.744, 244.59, 250.00, 100, 1410, 1215, 77, P0
2026/07/31 19:46:44.944, 247.40, 250.00, 100, 1410, 1215, 77, P0
2026/07/31 19:46:45.145, 244.09, 250.00, 100, 1410, 1215, 77, P0
2026/07/31 19:46:45.345, 246.62, 250.00, 100, 1410, 1215, 77, P0
2026/07/31 19:46:45.546, 244.49, 250.00, 100, 1410, 1215, 77, P0
2026/07/31 19:46:45.746, 245.41, 250.00, 100, 1410, 1215, 77, P0
2026/07/31 19:46:45.947, 250.38, 250.00, 100, 1410, 1215, 77, P0
2026/07/31 19:46:46.147, 244.61, 250.00, 100, 1410, 1215, 77, P0
2026/07/31 19:46:46.348, 247.60, 250.00, 100, 1410, 1215, 77, P0
2026/07/31 19:46:46.548, 244.17, 250.00, 100, 1410, 1215, 77, P0
2026/07/31 19:46:46.749, 245.43, 250.00, 100, 1410, 1215, 77, P0
2026/07/31 19:46:46.949, 248.74, 250.00, 100, 1410, 1215, 77, P0
2026/07/31 19:46:47.150, 244.04, 250.00, 100, 1410, 1215, 77, P0
2026/07/31 19:46:47.351, 246.17, 250.00, 100, 1410, 1215, 77, P0
2026/07/31 19:46:47.551, 244.12, 250.00, 100, 1410, 1215, 77, P0
2026/07/31 19:46:47.752, 245.38, 250.00, 100, 1410, 1215, 77, P0
2026/07/31 19:46:47.952, 247.99, 250.00, 100, 1410, 1215, 77, P0
2026/07/31 19:46:48.153, 244.68, 250.00, 100, 1410, 1215, 77, P0
2026/07/31 19:46:48.353, 246.90, 250.00, 100, 1410, 1215, 77, P0
2026/07/31 19:46:48.554, 243.99, 250.00, 100, 1410, 1215, 77, P0
2026/07/31 19:46:48.754, 245.78, 250.00, 100, 1410, 1215, 77, P0
2026/07/31 19:46:48.955, 248.55, 250.00, 100, 1410, 1215, 77, P0
2026/07/31 19:46:49.155, 244.53, 250.00, 100, 1410, 1215, 77, P0
2026/07/31 19:46:49.356, 247.07, 250.00, 100, 1410, 1215, 77, P0
2026/07/31 19:46:49.556, 244.47, 250.00, 100, 1410, 1215, 77, P0
2026/07/31 19:46:49.757, 245.22, 250.00, 100, 1410, 1215, 77, P0
2026/07/31 19:46:49.957, 248.34, 250.00, 100, 1410, 1215, 77, P0
2026/07/31 19:46:50.158, 244.46, 250.00, 100, 1410, 1215, 77, P0
2026/07/31 19:46:50.359, 247.90, 250.00, 100, 1410, 1215, 77, P0
2026/07/31 19:46:50.559, 243.82, 250.00, 100, 1410, 1215, 77, P0
2026/07/31 19:46:50.759, 245.07, 250.00, 100, 1410, 1215, 77, P0
2026/07/31 19:46:50.960, 248.74, 250.00, 100, 1410, 1215, 77, P0
2026/07/31 19:46:51.161, 244.50, 250.00, 100, 1410, 1215, 77, P0
2026/07/31 19:46:51.361, 247.84, 250.00, 100, 1410, 1215, 77, P0
2026/07/31 19:46:51.562, 244.42, 250.00, 100, 1410, 1215, 77, P0
2026/07/31 19:46:51.762, 246.40, 250.00, 100, 1410, 1215, 77, P0
2026/07/31 19:46:51.963, 249.99, 250.00, 100, 1410, 1215, 77, P0
2026/07/31 19:46:52.163, 245.09, 250.00, 100, 1410, 1215, 77, P0
2026/07/31 19:46:52.364, 247.77, 250.00, 100, 1410, 1215, 77, P0
2026/07/31 19:46:52.564, 244.02, 250.00, 100, 1410, 1215, 77, P0
2026/07/31 19:46:52.765, 245.37, 250.00, 100, 1410, 1215, 77, P0
2026/07/31 19:46:52.966, 249.99, 250.00, 100, 1410, 1215, 77, P0
2026/07/31 19:46:53.166, 244.89, 250.00, 100, 1410, 1215, 77, P0
2026/07/31 19:46:53.367, 247.35, 250.00, 100, 1410, 1215, 77, P0
2026/07/31 19:46:53.567, 244.72, 250.00, 100, 1410, 1215, 77, P0
2026/07/31 19:46:53.767, 247.25, 250.00, 100, 1410, 1215, 77, P0
2026/07/31 19:46:53.968, 246.40, 250.00, 100, 1410, 1215, 77, P0
2026/07/31 19:46:54.169, 245.22, 250.00, 100, 1410, 1215, 77, P0
2026/07/31 19:46:54.369, 247.33, 250.00, 100, 1410, 1215, 77, P0
2026/07/31 19:46:54.570, 244.24, 250.00, 100, 1410, 1215, 77, P0
2026/07/31 19:46:54.770, 245.96, 250.00, 100, 1410, 1215, 77, P0
2026/07/31 19:46:54.972, 244.08, 250.00, 100, 1410, 1215, 77, P0
2026/07/31 19:46:55.175, 247.67, 250.00, 100, 1410, 1215, 77, P0
2026/07/31 19:46:55.377, 244.60, 250.00, 100, 1410, 1215, 77, P0
2026/07/31 19:46:55.578, 246.40, 250.00, 100, 1410, 1215, 77, P0
2026/07/31 19:46:55.780, 250.72, 250.00, 100, 1410, 1215, 77, P0
2026/07/31 19:46:55.980, 244.60, 250.00, 100, 1410, 1215, 77, P0
2026/07/31 19:46:56.181, 248.61, 250.00, 100, 1410, 1215, 77, P0
2026/07/31 19:46:56.381, 244.49, 250.00, 100, 1410, 1215, 77, P0
2026/07/31 19:46:56.582, 246.37, 250.00, 100, 1410, 1215, 77, P0
2026/07/31 19:46:56.782, 244.20, 250.00, 100, 1410, 1215, 77, P0
2026/07/31 19:46:56.983, 245.59, 250.00, 100, 1410, 1215, 77, P0
2026/07/31 19:46:57.183, 248.14, 250.00, 100, 1410, 1215, 77, P0
2026/07/31 19:46:57.384, 244.21, 250.00, 100, 1410, 1215, 77, P0
2026/07/31 19:46:57.585, 247.51, 250.00, 100, 1410, 1215, 77, P0
2026/07/31 19:46:57.785, 245.01, 250.00, 100, 1410, 1215, 77, P0
2026/07/31 19:46:57.986, 246.61, 250.00, 100, 1410, 1215, 77, P0
2026/07/31 19:46:58.186, 251.21, 250.00, 100, 1410, 1215, 77, P0
2026/07/31 19:46:58.387, 244.68, 250.00, 100, 1410, 1215, 77, P0
2026/07/31 19:46:58.587, 246.31, 250.00, 100, 1410, 1215, 77, P0
2026/07/31 19:46:58.788, 248.31, 250.00, 100, 1410, 1215, 77, P0
2026/07/31 19:46:58.988, 245.11, 250.00, 100, 1410, 1215, 77, P0
2026/07/31 19:46:59.189, 248.57, 250.00, 100, 1410, 1215, 77, P0
2026/07/31 19:46:59.389, 244.13, 250.00, 100, 1410, 1215, 77, P0
2026/07/31 19:46:59.590, 247.92, 250.00, 100, 1410, 1215, 77, P0
2026/07/31 19:46:59.791, 244.37, 250.00, 100, 1410, 1215, 77, P0
2026/07/31 19:46:59.991, 246.13, 250.00, 100, 1410, 1215, 77, P0
2026/07/31 19:47:00.192, 249.42, 250.00, 100, 1410, 1215, 77, P0
2026/07/31 19:47:00.392, 245.47, 250.00, 100, 1410, 1215, 77, P0
2026/07/31 19:47:00.593, 248.28, 250.00, 100, 1410, 1215, 77, P0
2026/07/31 19:47:00.793, 244.65, 250.00, 100, 1410, 1215, 77, P0
2026/07/31 19:47:00.994, 247.71, 250.00, 100, 1410, 1215, 77, P0
2026/07/31 19:47:01.194, 244.12, 250.00, 100, 1410, 1215, 77, P0
2026/07/31 19:47:01.395, 245.63, 250.00, 100, 1410, 1215, 77, P0
2026/07/31 19:47:01.595, 250.19, 250.00, 100, 1410, 1215, 77, P0
2026/07/31 19:47:01.796, 245.04, 250.00, 100, 1410, 1215, 77, P0
2026/07/31 19:47:01.996, 248.48, 250.00, 100, 1410, 1215, 77, P0
2026/07/31 19:47:02.197, 244.57, 250.00, 100, 1410, 1215, 77, P0
2026/07/31 19:47:02.397, 247.25, 250.00, 100, 1410, 1215, 77, P0
2026/07/31 19:47:02.597, 243.44, 250.00, 100, 1410, 1215, 77, P0
2026/07/31 19:47:02.798, 246.16, 250.00, 100, 1410, 1215, 77, P0
2026/07/31 19:47:02.998, 249.32, 250.00, 100, 1410, 1215, 77, P0
2026/07/31 19:47:03.199, 244.90, 250.00, 100, 1410, 1215, 77, P0
2026/07/31 19:47:03.400, 247.01, 250.00, 100, 1410, 1215, 77, P0
2026/07/31 19:47:03.600, 244.44, 250.00, 100, 1410, 1215, 77, P0
2026/07/31 19:47:03.801, 246.79, 250.00, 100, 1410, 1215, 77, P0
2026/07/31 19:47:04.001, 244.62, 250.00, 100, 1410, 1215, 77, P0
2026/07/31 19:47:04.202, 245.43, 250.00, 100, 1410, 1215, 77, P0
2026/07/31 19:47:04.402, 248.95, 250.00, 100, 1410, 1215, 77, P0
2026/07/31 19:47:04.603, 244.71, 250.00, 100, 1410, 1215, 77, P0
2026/07/31 19:47:04.803, 247.66, 250.00, 100, 1410, 1215, 77, P0
2026/07/31 19:47:05.004, 244.96, 250.00, 100, 1410, 1215, 77, P0
2026/07/31 19:47:05.205, 246.34, 250.00, 100, 1410, 1215, 77, P0
2026/07/31 19:47:05.405, 244.28, 250.00, 100, 1410, 1215, 77, P0
2026/07/31 19:47:05.606, 245.71, 250.00, 100, 1410, 1215, 77, P0
2026/07/31 19:47:05.806, 249.19, 250.00, 100, 1410, 1215, 77, P0
2026/07/31 19:47:06.007, 244.41, 250.00, 100, 1410, 1215, 77, P0
2026/07/31 19:47:06.207, 247.93, 250.00, 100, 1410, 1215, 77, P0
2026/07/31 19:47:06.408, 244.64, 250.00, 100, 1410, 1215, 77, P0
2026/07/31 19:47:06.608, 247.01, 250.00, 100, 1410, 1215, 77, P0
2026/07/31 19:47:06.809, 244.86, 250.00, 100, 1410, 1215, 77, P0
2026/07/31 19:47:07.010, 245.63, 250.00, 100, 1410, 1215, 77, P0
2026/07/31 19:47:07.210, 251.24, 250.00, 100, 1410, 1215, 77, P0
2026/07/31 19:47:07.411, 244.55, 250.00, 100, 1395, 1215, 77, P0
2026/07/31 19:47:07.611, 252.17, 250.00, 89, 1260, 1215, 80, P0
2026/07/31 19:47:07.812, 254.08, 250.00, 100, 1245, 1215, 80, P0
2026/07/31 19:47:08.012, 254.69, 250.00, 96, 1260, 1215, 81, P0
2026/07/31 19:47:08.213, 246.02, 250.00, 100, 1260, 1215, 81, P0
2026/07/31 19:47:08.413, 251.21, 250.00, 96, 1260, 1215, 81, P0
2026/07/31 19:47:08.614, 252.66, 250.00, 99, 1260, 1215, 81, P0
2026/07/31 19:47:08.814, 255.84, 250.00, 100, 1275, 1215, 81, P0
2026/07/31 19:47:09.015, 255.14, 250.00, 96, 1245, 1215, 81, P0
2026/07/31 19:47:09.215, 209.07, 250.00, 100, 1380, 1215, 79, P0
2026/07/31 19:47:09.416, 247.92, 250.00, 100, 1410, 1215, 78, P0
2026/07/31 19:47:09.616, 245.00, 250.00, 100, 1410, 1215, 78, P0
2026/07/31 19:47:09.817, 246.61, 250.00, 100, 1410, 1215, 78, P0
2026/07/31 19:47:10.018, 249.19, 250.00, 100, 1410, 1215, 78, P0
2026/07/31 19:47:10.218, 244.60, 250.00, 100, 1410, 1215, 78, P0
2026/07/31 19:47:10.419, 245.96, 250.00, 100, 1410, 1215, 77, P0
2026/07/31 19:47:10.619, 248.25, 250.00, 100, 1410, 1215, 77, P0
2026/07/31 19:47:10.820, 244.85, 250.00, 100, 1410, 1215, 77, P0
2026/07/31 19:47:11.020, 246.26, 250.00, 100, 1410, 1215, 77, P0
2026/07/31 19:47:11.221, 249.71, 250.00, 100, 1410, 1215, 77, P0
2026/07/31 19:47:11.421, 245.26, 250.00, 100, 1410, 1215, 77, P0
2026/07/31 19:47:11.622, 247.18, 250.00, 100, 1410, 1215, 77, P0
2026/07/31 19:47:11.823, 249.20, 250.00, 100, 1410, 1215, 77, P0
2026/07/31 19:47:12.023, 244.43, 250.00, 100, 1410, 1215, 77, P0
2026/07/31 19:47:12.224, 245.57, 250.00, 100, 1410, 1215, 77, P0
2026/07/31 19:47:12.424, 247.98, 250.00, 100, 1410, 1215, 77, P0
2026/07/31 19:47:12.625, 244.53, 250.00, 100, 1410, 1215, 77, P0
2026/07/31 19:47:12.825, 246.81, 250.00, 100, 1410, 1215, 77, P0
2026/07/31 19:47:13.026, 248.55, 250.00, 100, 1410, 1215, 77, P0
2026/07/31 19:47:13.226, 244.76, 250.00, 100, 1410, 1215, 77, P0
2026/07/31 19:47:13.427, 247.24, 250.00, 100, 1410, 1215, 77, P0
2026/07/31 19:47:13.627, 250.37, 250.00, 100, 1410, 1215, 77, P0
2026/07/31 19:47:13.828, 244.63, 250.00, 100, 1410, 1215, 77, P0
2026/07/31 19:47:14.028, 247.06, 250.00, 100, 1410, 1215, 77, P0
2026/07/31 19:47:14.229, 250.85, 250.00, 100, 1410, 1215, 77, P0
2026/07/31 19:47:14.429, 244.75, 250.00, 100, 1410, 1215, 77, P0
2026/07/31 19:47:14.630, 246.73, 250.00, 100, 1410, 1215, 77, P0
2026/07/31 19:47:14.831, 251.57, 250.00, 100, 1410, 1215, 77, P0
2026/07/31 19:47:15.031, 244.79, 250.00, 100, 1410, 1215, 77, P0
2026/07/31 19:47:15.232, 247.07, 250.00, 100, 1410, 1215, 77, P0
2026/07/31 19:47:15.432, 249.80, 250.00, 100, 1410, 1215, 77, P0
2026/07/31 19:47:15.633, 244.52, 250.00, 100, 1410, 1215, 77, P0
2026/07/31 19:47:15.833, 245.07, 250.00, 100, 1410, 1215, 77, P0
2026/07/31 19:47:16.034, 248.52, 250.00, 100, 1410, 1215, 77, P0
2026/07/31 19:47:16.234, 244.02, 250.00, 100, 1410, 1215, 77, P0
2026/07/31 19:47:16.435, 245.96, 250.00, 100, 1410, 1215, 77, P0
2026/07/31 19:47:16.636, 247.92, 250.00, 100, 1410, 1215, 77, P0
2026/07/31 19:47:16.836, 244.48, 250.00, 100, 1410, 1215, 77, P0
2026/07/31 19:47:17.037, 245.71, 250.00, 100, 1410, 1215, 77, P0
2026/07/31 19:47:17.237, 247.67, 250.00, 100, 1410, 1215, 77, P0
2026/07/31 19:47:17.438, 244.11, 250.00, 100, 1410, 1215, 77, P0
2026/07/31 19:47:17.638, 245.60, 250.00, 100, 1410, 1215, 77, P0
2026/07/31 19:47:17.839, 247.86, 250.00, 100, 1410, 1215, 77, P0
2026/07/31 19:47:18.039, 244.85, 250.00, 100, 1410, 1215, 77, P0
2026/07/31 19:47:18.240, 246.10, 250.00, 100, 1410, 1215, 77, P0
2026/07/31 19:47:18.440, 250.50, 250.00, 100, 1410, 1215, 77, P0
2026/07/31 19:47:18.641, 244.01, 250.00, 100, 1410, 1215, 77, P0
2026/07/31 19:47:18.841, 246.23, 250.00, 100, 1410, 1215, 77, P0
2026/07/31 19:47:19.042, 249.52, 250.00, 100, 1410, 1215, 77, P0
2026/07/31 19:47:19.243, 244.05, 250.00, 100, 1410, 1215, 77, P0
2026/07/31 19:47:19.443, 246.16, 250.00, 100, 1410, 1215, 77, P0
2026/07/31 19:47:19.644, 249.89, 250.00, 100, 1410, 1215, 77, P0
2026/07/31 19:47:19.844, 244.15, 250.00, 100, 1410, 1215, 77, P0
2026/07/31 19:47:20.045, 246.79, 250.00, 100, 1410, 1215, 77, P0
2026/07/31 19:47:20.245, 250.28, 250.00, 100, 1410, 1215, 77, P0
2026/07/31 19:47:20.446, 244.63, 250.00, 100, 1410, 1215, 77, P0
2026/07/31 19:47:20.647, 247.07, 250.00, 100, 1410, 1215, 77, P0
2026/07/31 19:47:20.847, 249.08, 250.00, 100, 1410, 1215, 77, P0
2026/07/31 19:47:21.048, 244.75, 250.00, 100, 1410, 1215, 77, P0
2026/07/31 19:47:21.248, 246.90, 250.00, 100, 1410, 1215, 77, P0
2026/07/31 19:47:21.449, 245.07, 250.00, 100, 1410, 1215, 77, P0
2026/07/31 19:47:21.649, 245.35, 250.00, 100, 1410, 1215, 77, P0
2026/07/31 19:47:21.850, 247.67, 250.00, 100, 1410, 1215, 77, P0
2026/07/31 19:47:22.050, 244.17, 250.00, 100, 1410, 1215, 77, P0
2026/07/31 19:47:22.251, 245.76, 250.00, 100, 1410, 1215, 77, P0
2026/07/31 19:47:22.452, 248.05, 250.00, 100, 1410, 1215, 77, P0
2026/07/31 19:47:22.652, 244.16, 250.00, 100, 1410, 1215, 77, P0
2026/07/31 19:47:22.853, 245.39, 250.00, 100, 1410, 1215, 77, P0
2026/07/31 19:47:23.054, 248.82, 250.00, 100, 1410, 1215, 77, P0
2026/07/31 19:47:23.254, 244.14, 250.00, 100, 1410, 1215, 77, P0
2026/07/31 19:47:23.455, 246.32, 250.00, 100, 1410, 1215, 77, P0
2026/07/31 19:47:23.655, 248.84, 250.00, 100, 1410, 1215, 77, P0
2026/07/31 19:47:23.856, 244.41, 250.00, 100, 1410, 1215, 77, P0
2026/07/31 19:47:24.056, 247.19, 250.00, 100, 1410, 1215, 77, P0
2026/07/31 19:47:24.257, 249.49, 250.00, 100, 1410, 1215, 77, P0
2026/07/31 19:47:24.457, 245.16, 250.00, 100, 1410, 1215, 77, P0
2026/07/31 19:47:24.658, 246.99, 250.00, 100, 1410, 1215, 77, P0
2026/07/31 19:47:24.858, 243.98, 250.00, 100, 1410, 1215, 77, P0
2026/07/31 19:47:25.059, 244.90, 250.00, 100, 1410, 1215, 77, P0
2026/07/31 19:47:25.259, 247.82, 250.00, 100, 1410, 1215, 77, P0
2026/07/31 19:47:25.460, 244.47, 250.00, 100, 1410, 1215, 77, P0
2026/07/31 19:47:25.661, 246.48, 250.00, 100, 1410, 1215, 77, P0
2026/07/31 19:47:25.861, 249.38, 250.00, 100, 1410, 1215, 77, P0
2026/07/31 19:47:26.062, 244.86, 250.00, 100, 1410, 1215, 77, P0
2026/07/31 19:47:26.262, 246.39, 250.00, 100, 1410, 1215, 77, P0
2026/07/31 19:47:26.463, 246.27, 250.00, 100, 1410, 1215, 77, P0
2026/07/31 19:47:26.663, 244.79, 250.00, 100, 1410, 1215, 77, P0
2026/07/31 19:47:26.864, 248.24, 250.00, 100, 1410, 1215, 77, P0
2026/07/31 19:47:27.064, 243.95, 250.00, 100, 1410, 1215, 77, P0
2026/07/31 19:47:27.265, 245.82, 250.00, 100, 1410, 1215, 77, P0
2026/07/31 19:47:27.465, 248.83, 250.00, 100, 1410, 1215, 77, P0
2026/07/31 19:47:27.666, 245.19, 250.00, 100, 1410, 1215, 77, P0
2026/07/31 19:47:27.866, 246.43, 250.00, 100, 1410, 1215, 77, P0
2026/07/31 19:47:28.067, 249.89, 250.00, 100, 1410, 1215, 77, P0
2026/07/31 19:47:28.267, 245.30, 250.00, 100, 1410, 1215, 77, P0
2026/07/31 19:47:28.468, 247.18, 250.00, 100, 1410, 1215, 77, P0
2026/07/31 19:47:28.668, 244.00, 250.00, 100, 1410, 1215, 77, P0
2026/07/31 19:47:28.869, 245.55, 250.00, 100, 1410, 1215, 77, P0
2026/07/31 19:47:29.069, 248.24, 250.00, 100, 1410, 1215, 77, P0
2026/07/31 19:47:29.270, 244.75, 250.00, 100, 1410, 1215, 77, P0
2026/07/31 19:47:29.470, 245.99, 250.00, 100, 1410, 1215, 77, P0
2026/07/31 19:47:29.671, 249.17, 250.00, 100, 1410, 1215, 77, P0
2026/07/31 19:47:29.871, 245.41, 250.00, 100, 1410, 1215, 77, P0
2026/07/31 19:47:30.072, 246.42, 250.00, 100, 1410, 1215, 77, P0
2026/07/31 19:47:30.273, 249.99, 250.00, 100, 1410, 1215, 77, P0
2026/07/31 19:47:30.473, 245.15, 250.00, 100, 1410, 1215, 77, P0
2026/07/31 19:47:30.674, 247.87, 250.00, 100, 1410, 1215, 77, P0
2026/07/31 19:47:30.874, 244.32, 250.00, 100, 1410, 1215, 77, P0
2026/07/31 19:47:31.075, 245.10, 250.00, 100, 1410, 1215, 77, P0
2026/07/31 19:47:31.275, 249.52, 250.00, 100, 1410, 1215, 77, P0
2026/07/31 19:47:31.476, 244.44, 250.00, 100, 1410, 1215, 77, P0
2026/07/31 19:47:31.678, 246.15, 250.00, 100, 1410, 1215, 77, P0
2026/07/31 19:47:31.881, 244.38, 250.00, 100, 1410, 1215, 77, P0
2026/07/31 19:47:32.082, 246.38, 250.00, 100, 1410, 1215, 77, P0
2026/07/31 19:47:32.284, 248.63, 250.00, 100, 1410, 1215, 77, P0
2026/07/31 19:47:32.484, 245.04, 250.00, 100, 1410, 1215, 77, P0
2026/07/31 19:47:32.685, 245.87, 250.00, 100, 1410, 1215, 77, P0
2026/07/31 19:47:32.886, 249.84, 250.00, 100, 1410, 1215, 77, P0
2026/07/31 19:47:33.086, 245.42, 250.00, 100, 1410, 1215, 77, P0
2026/07/31 19:47:33.287, 248.19, 250.00, 100, 1410, 1215, 77, P0
2026/07/31 19:47:33.487, 244.48, 250.00, 100, 1410, 1215, 77, P0
2026/07/31 19:47:33.688, 245.70, 250.00, 100, 1410, 1215, 77, P0
2026/07/31 19:47:33.888, 248.85, 250.00, 100, 1410, 1215, 77, P0
2026/07/31 19:47:34.089, 250.87, 250.00, 100, 1410, 1215, 77, P0
2026/07/31 19:47:34.289, 245.28, 250.00, 100, 1410, 1215, 78, P0
2026/07/31 19:47:34.490, 246.92, 250.00, 100, 1410, 1215, 77, P0
2026/07/31 19:47:34.691, 244.53, 250.00, 100, 1410, 1215, 78, P0
2026/07/31 19:47:34.891, 246.10, 250.00, 100, 1410, 1215, 77, P0
2026/07/31 19:47:35.092, 247.77, 250.00, 100, 1410, 1215, 77, P0
2026/07/31 19:47:35.292, 244.96, 250.00, 100, 1410, 1215, 77, P0
2026/07/31 19:47:35.493, 246.41, 250.00, 100, 1410, 1215, 77, P0
2026/07/31 19:47:35.693, 251.19, 250.00, 100, 1410, 1215, 77, P0
2026/07/31 19:47:35.894, 245.43, 250.00, 100, 1410, 1215, 77, P0
2026/07/31 19:47:36.094, 247.34, 250.00, 100, 1410, 1215, 78, P0
2026/07/31 19:47:36.295, 244.18, 250.00, 100, 1410, 1215, 78, P0
2026/07/31 19:47:36.496, 246.05, 250.00, 100, 1410, 1215, 77, P0
2026/07/31 19:47:36.696, 248.42, 250.00, 100, 1410, 1215, 78, P0
2026/07/31 19:47:36.897, 244.94, 250.00, 100, 1410, 1215, 78, P0
2026/07/31 19:47:37.097, 246.23, 250.00, 100, 1410, 1215, 78, P0
2026/07/31 19:47:37.298, 250.60, 250.00, 100, 1410, 1215, 77, P0
2026/07/31 19:47:37.498, 245.55, 250.00, 100, 1410, 1215, 77, P0
2026/07/31 19:47:37.699, 248.42, 250.00, 100, 1410, 1215, 78, P0
2026/07/31 19:47:37.899, 244.91, 250.00, 100, 1410, 1215, 78, P0
2026/07/31 19:47:38.100, 246.05, 250.00, 100, 1410, 1215, 77, P0
2026/07/31 19:47:38.301, 251.30, 250.00, 100, 1410, 1215, 78, P0
2026/07/31 19:47:38.501, 245.25, 250.00, 100, 1410, 1215, 78, P0
2026/07/31 19:47:38.702, 247.39, 250.00, 100, 1410, 1215, 78, P0
2026/07/31 19:47:38.902, 244.69, 250.00, 100, 1410, 1215, 78, P0
2026/07/31 19:47:39.103, 245.37, 250.00, 100, 1410, 1215, 78, P0
2026/07/31 19:47:39.304, 248.38, 250.00, 100, 1410, 1215, 78, P0
2026/07/31 19:47:39.504, 245.43, 250.00, 100, 1410, 1215, 78, P0
2026/07/31 19:47:39.705, 246.53, 250.00, 100, 1410, 1215, 78, P0
2026/07/31 19:47:39.907, 248.79, 250.00, 100, 1410, 1215, 78, P0
2026/07/31 19:47:40.107, 246.48, 250.00, 100, 1410, 1215, 78, P0
2026/07/31 19:47:40.308, 249.26, 250.00, 100, 1410, 1215, 78, P0
2026/07/31 19:47:40.509, 244.40, 250.00, 100, 1410, 1215, 78, P0
2026/07/31 19:47:40.709, 245.85, 250.00, 100, 1410, 1215, 78, P0
2026/07/31 19:47:40.910, 251.96, 250.00, 100, 1410, 1215, 78, P0
2026/07/31 19:47:41.110, 245.89, 250.00, 100, 1410, 1215, 78, P0
2026/07/31 19:47:41.311, 248.07, 250.00, 100, 1410, 1215, 78, P0
2026/07/31 19:47:41.511, 244.62, 250.00, 100, 1410, 1215, 78, P0
2026/07/31 19:47:41.712, 246.01, 250.00, 100, 1410, 1215, 78, P0
2026/07/31 19:47:41.912, 251.48, 250.00, 100, 1410, 1215, 78, P0
2026/07/31 19:47:42.113, 245.24, 250.00, 100, 1410, 1215, 78, P0
2026/07/31 19:47:42.313, 248.34, 250.00, 100, 1410, 1215, 78, P0
2026/07/31 19:47:42.514, 244.77, 250.00, 100, 1410, 1215, 78, P0
2026/07/31 19:47:42.714, 246.33, 250.00, 100, 1410, 1215, 78, P0
2026/07/31 19:47:42.915, 249.40, 250.00, 100, 1410, 1215, 78, P0
2026/07/31 19:47:43.116, 245.39, 250.00, 100, 1410, 1215, 78, P0
2026/07/31 19:47:43.316, 247.59, 250.00, 100, 1410, 1215, 78, P0
2026/07/31 19:47:43.517, 244.67, 250.00, 100, 1410, 1215, 78, P0
2026/07/31 19:47:43.717, 246.01, 250.00, 100, 1410, 1215, 78, P0
2026/07/31 19:47:43.918, 248.76, 250.00, 100, 1410, 1215, 78, P0
2026/07/31 19:47:44.118, 245.34, 250.00, 100, 1410, 1215, 78, P0
2026/07/31 19:47:44.319, 247.54, 250.00, 100, 1410, 1215, 78, P0
2026/07/31 19:47:44.519, 244.50, 250.00, 100, 1410, 1215, 78, P0
2026/07/31 19:47:44.720, 246.22, 250.00, 100, 1410, 1215, 78, P0
2026/07/31 19:47:44.920, 248.94, 250.00, 100, 1410, 1215, 78, P0
2026/07/31 19:47:45.121, 245.33, 250.00, 100, 1410, 1215, 78, P0
2026/07/31 19:47:45.321, 247.58, 250.00, 100, 1410, 1215, 78, P0
2026/07/31 19:47:45.522, 244.43, 250.00, 100, 1410, 1215, 78, P0
2026/07/31 19:47:45.723, 246.33, 250.00, 100, 1410, 1215, 78, P0
2026/07/31 19:47:45.923, 249.21, 250.00, 100, 1410, 1215, 78, P0
2026/07/31 19:47:46.124, 245.24, 250.00, 100, 1410, 1215, 78, P0
2026/07/31 19:47:46.324, 247.07, 250.00, 100, 1410, 1215, 78, P0
2026/07/31 19:47:46.525, 244.91, 250.00, 100, 1410, 1215, 78, P0
2026/07/31 19:47:46.725, 246.40, 250.00, 100, 1410, 1215, 78, P0
2026/07/31 19:47:46.926, 249.15, 250.00, 100, 1410, 1215, 78, P0
2026/07/31 19:47:47.126, 244.87, 250.00, 100, 1410, 1215, 78, P0
2026/07/31 19:47:47.327, 246.69, 250.00, 100, 1410, 1215, 78, P0
2026/07/31 19:47:47.527, 244.64, 250.00, 100, 1410, 1215, 78, P0
2026/07/31 19:47:47.728, 246.15, 250.00, 100, 1410, 1215, 78, P0
2026/07/31 19:47:47.928, 248.56, 250.00, 100, 1410, 1215, 78, P0
2026/07/31 19:47:48.129, 245.12, 250.00, 100, 1410, 1215, 78, P0
2026/07/31 19:47:48.329, 247.34, 250.00, 100, 1410, 1215, 78, P0
2026/07/31 19:47:48.530, 244.57, 250.00, 100, 1410, 1215, 78, P0
2026/07/31 19:47:48.730, 246.67, 250.00, 100, 1410, 1215, 78, P0
2026/07/31 19:47:48.931, 250.51, 250.00, 100, 1410, 1215, 78, P0
2026/07/31 19:47:49.131, 244.84, 250.00, 100, 1410, 1215, 78, P0
2026/07/31 19:47:49.332, 247.60, 250.00, 100, 1410, 1215, 78, P0
2026/07/31 19:47:49.532, 244.79, 250.00, 100, 1410, 1215, 78, P0
2026/07/31 19:47:49.733, 246.71, 250.00, 100, 1410, 1215, 78, P0
2026/07/31 19:47:49.933, 249.50, 250.00, 100, 1410, 1215, 78, P0
2026/07/31 19:47:50.134, 244.89, 250.00, 100, 1410, 1215, 78, P0
2026/07/31 19:47:50.334, 247.66, 250.00, 100, 1410, 1215, 78, P0
2026/07/31 19:47:50.535, 244.40, 250.00, 100, 1410, 1215, 78, P0
2026/07/31 19:47:50.735, 246.14, 250.00, 100, 1410, 1215, 78, P0
2026/07/31 19:47:50.936, 251.16, 250.00, 100, 1410, 1215, 78, P0
2026/07/31 19:47:51.136, 245.41, 250.00, 100, 1410, 1215, 78, P0
2026/07/31 19:47:51.337, 247.46, 250.00, 100, 1410, 1215, 78, P0
2026/07/31 19:47:51.537, 244.79, 250.00, 100, 1410, 1215, 78, P0
2026/07/31 19:47:51.738, 246.73, 250.00, 100, 1410, 1215, 78, P0
2026/07/31 19:47:51.938, 249.88, 250.00, 100, 1410, 1215, 78, P0
2026/07/31 19:47:52.139, 245.16, 250.00, 100, 1410, 1215, 78, P0
2026/07/31 19:47:52.340, 250.08, 250.00, 100, 1410, 1215, 78, P0
2026/07/31 19:47:52.540, 245.74, 250.00, 100, 1410, 1215, 78, P0
2026/07/31 19:47:52.741, 247.97, 250.00, 100, 1410, 1215, 78, P0
2026/07/31 19:47:52.941, 249.49, 250.00, 100, 1410, 1215, 78, P0
2026/07/31 19:47:53.142, 245.37, 250.00, 100, 1410, 1215, 78, P0
2026/07/31 19:47:53.342, 248.35, 250.00, 100, 1410, 1215, 78, P0
2026/07/31 19:47:53.543, 244.61, 250.00, 100, 1410, 1215, 78, P0
2026/07/31 19:47:53.743, 247.20, 250.00, 100, 1410, 1215, 78, P0
2026/07/31 19:47:53.944, 251.82, 250.00, 100, 1410, 1215, 78, P0
2026/07/31 19:47:54.144, 245.56, 250.00, 100, 1410, 1215, 78, P0
2026/07/31 19:47:54.345, 250.05, 250.00, 100, 1410, 1215, 78, P0
2026/07/31 19:47:54.546, 245.37, 250.00, 100, 1410, 1215, 78, P0
2026/07/31 19:47:54.746, 248.70, 250.00, 100, 1410, 1215, 78, P0
2026/07/31 19:47:54.947, 245.23, 250.00, 100, 1410, 1215, 78, P0
2026/07/31 19:47:55.147, 246.22, 250.00, 100, 1410, 1215, 78, P0
2026/07/31 19:47:55.348, 251.65, 250.00, 100, 1410, 1215, 78, P0
2026/07/31 19:47:55.548, 246.32, 250.00, 100, 1410, 1215, 78, P0
2026/07/31 19:47:55.749, 248.52, 250.00, 100, 1410, 1215, 78, P0
2026/07/31 19:47:55.950, 244.63, 250.00, 100, 1410, 1215, 78, P0
2026/07/31 19:47:56.150, 247.17, 250.00, 100, 1410, 1215, 78, P0
2026/07/31 19:47:56.351, 250.63, 250.00, 100, 1410, 1215, 78, P0
2026/07/31 19:47:56.551, 246.03, 250.00, 100, 1410, 1215, 78, P0
2026/07/31 19:47:56.752, 249.30, 250.00, 100, 1410, 1215, 78, P0
2026/07/31 19:47:56.952, 245.38, 250.00, 100, 1410, 1215, 78, P0
2026/07/31 19:47:57.153, 247.48, 250.00, 100, 1410, 1215, 78, P0
2026/07/31 19:47:57.353, 244.88, 250.00, 100, 1410, 1215, 78, P0
2026/07/31 19:47:57.554, 246.32, 250.00, 100, 1410, 1215, 78, P0
2026/07/31 19:47:57.755, 250.65, 250.00, 100, 1410, 1215, 78, P0
2026/07/31 19:47:57.955, 245.55, 250.00, 100, 1410, 1215, 78, P0
2026/07/31 19:47:58.156, 248.35, 250.00, 100, 1410, 1215, 78, P0
2026/07/31 19:47:58.356, 245.47, 250.00, 100, 1410, 1215, 78, P0
2026/07/31 19:47:58.557, 247.01, 250.00, 100, 1410, 1215, 78, P0
2026/07/31 19:47:58.757, 246.39, 250.00, 100, 1410, 1215, 78, P0
2026/07/31 19:47:58.958, 245.81, 250.00, 100, 1410, 1215, 78, P0
2026/07/31 19:47:59.158, 250.44, 250.00, 100, 1410, 1215, 78, P0
2026/07/31 19:47:59.359, 245.18, 250.00, 100, 1410, 1215, 78, P0
2026/07/31 19:47:59.559, 248.88, 250.00, 100, 1410, 1215, 78, P0
2026/07/31 19:47:59.760, 245.32, 250.00, 100, 1410, 1215, 78, P0
2026/07/31 19:47:59.960, 246.60, 250.00, 100, 1410, 1215, 78, P0
2026/07/31 19:48:00.161, 250.76, 250.00, 100, 1410, 1215, 78, P0
2026/07/31 19:48:00.361, 246.02, 250.00, 100, 1410, 1215, 78, P0
2026/07/31 19:48:00.562, 248.10, 250.00, 100, 1410, 1215, 78, P0
2026/07/31 19:48:00.763, 246.00, 250.00, 100, 1410, 1215, 78, P0
2026/07/31 19:48:00.963, 247.95, 250.00, 100, 1410, 1215, 78, P0
2026/07/31 19:48:01.164, 245.08, 250.00, 100, 1410, 1215, 78, P0
2026/07/31 19:48:01.364, 245.89, 250.00, 100, 1410, 1215, 78, P0
2026/07/31 19:48:01.565, 251.92, 250.00, 100, 1410, 1215, 78, P0
2026/07/31 19:48:01.765, 246.12, 250.00, 100, 1410, 1215, 78, P0
2026/07/31 19:48:01.966, 248.21, 250.00, 100, 1410, 1215, 78, P0
2026/07/31 19:48:02.166, 245.36, 250.00, 100, 1410, 1215, 78, P0
2026/07/31 19:48:02.367, 247.68, 250.00, 100, 1410, 1215, 78, P0
2026/07/31 19:48:02.567, 244.58, 250.00, 100, 1410, 1215, 78, P0
2026/07/31 19:48:02.768, 246.39, 250.00, 100, 1410, 1215, 78, P0
2026/07/31 19:48:02.968, 250.63, 250.00, 100, 1410, 1215, 78, P0
2026/07/31 19:48:03.169, 246.15, 250.00, 100, 1410, 1215, 78, P0
2026/07/31 19:48:03.369, 75.40, 250.00, 100, 1410, 1215, 75, P0
2026/07/31 19:48:03.570, 72.84, 250.00, 12, 1410, 1215, 73, P0
2026/07/31 19:48:03.770, 70.98, 250.00, 0, 1410, 1215, 72, P0
2026/07/31 19:48:03.970, 70.29, 250.00, 0, 1410, 1215, 71, P0
2026/07/31 19:48:04.171, 69.72, 250.00, 0, 1410, 1215, 71, P0
2026/07/31 19:48:04.371, 69.27, 250.00, 0, 1410, 1215, 70, P0
2026/07/31 19:48:04.572, 69.15, 250.00, 0, 1410, 1215, 70, P0
2026/07/31 19:48:04.772, 68.91, 250.00, 0, 1410, 1215, 70, P0
2026/07/31 19:48:04.972, 68.57, 250.00, 0, 1410, 1215, 69, P0
2026/07/31 19:48:05.173, 48.97, 250.00, 0, 1140, 1215, 69, P0
2026/07/31 19:48:05.373, 48.70, 250.00, 0, 1140, 1215, 68, P0
2026/07/31 19:48:05.574, 48.52, 250.00, 0, 1140, 1215, 68, P0
2026/07/31 19:48:05.774, 48.33, 250.00, 0, 1140, 1215, 68, P0
2026/07/31 19:48:05.975, 48.23, 250.00, 0, 1140, 1215, 67, P0
2026/07/31 19:48:06.175, 48.60, 250.00, 0, 1140, 1215, 67, P0
2026/07/31 19:48:06.375, 48.52, 250.00, 0, 1140, 1215, 67, P0
2026/07/31 19:48:06.576, 48.36, 250.00, 0, 1140, 1215, 67, P0
2026/07/31 19:48:06.776, 48.26, 250.00, 0, 1140, 1215, 67, P0
2026/07/31 19:48:06.977, 48.13, 250.00, 0, 1140, 1215, 66, P0
2026/07/31 19:48:07.177, 47.98, 250.00, 0, 1140, 1215, 66, P0
2026/07/31 19:48:07.378, 47.83, 250.00, 0, 1140, 1215, 66, P0
2026/07/31 19:48:07.578, 47.83, 250.00, 0, 1140, 1215, 66, P0
2026/07/31 19:48:07.778, 47.76, 250.00, 0, 1140, 1215, 66, P0
2026/07/31 19:48:07.979, 47.64, 250.00, 0, 1140, 1215, 66, P0
2026/07/31 19:48:08.179, 47.78, 250.00, 0, 1140, 1215, 66, P0
2026/07/31 19:48:08.380, 47.51, 250.00, 0, 1140, 1215, 65, P0
2026/07/31 19:48:08.580, 47.44, 250.00, 0, 1140, 1215, 65, P0
2026/07/31 19:48:08.781, 47.35, 250.00, 0, 1140, 1215, 65, P0
2026/07/31 19:48:08.982, 47.23, 250.00, 0, 1140, 1215, 65, P0
2026/07/31 19:48:09.185, 47.05, 250.00, 0, 1140, 1215, 65, P0
2026/07/31 19:48:09.386, 47.05, 250.00, 0, 1140, 1215, 65, P0
2026/07/31 19:48:09.587, 47.05, 250.00, 0, 1140, 1215, 65, P0
2026/07/31 19:48:09.787, 46.96, 250.00, 0, 1140, 1215, 64, P0
2026/07/31 19:48:09.988, 47.15, 250.00, 0, 1140, 1215, 64, P0
2026/07/31 19:48:10.188, 47.07, 250.00, 0, 1140, 1215, 64, P0
2026/07/31 19:48:10.389, 47.97, 250.00, 0, 1140, 1215, 64, P0
2026/07/31 19:48:10.589, 46.98, 250.00, 0, 1140, 1215, 64, P0
2026/07/31 19:48:10.790, 46.86, 250.00, 0, 1140, 1215, 64, P0
2026/07/31 19:48:10.990, 46.87, 250.00, 0, 1140, 1215, 64, P0
2026/07/31 19:48:11.190, 46.60, 250.00, 0, 1140, 1215, 64, P0
2026/07/31 19:48:11.391, 46.67, 250.00, 0, 1140, 1215, 64, P0
2026/07/31 19:48:11.592, 46.59, 250.00, 0, 1140, 1215, 63, P0
2026/07/31 19:48:11.792, 46.47, 250.00, 0, 1140, 1215, 63, P0
2026/07/31 19:48:11.993, 46.39, 250.00, 0, 1140, 1215, 63, P0
2026/07/31 19:48:12.193, 46.25, 250.00, 0, 1140, 1215, 63, P0
2026/07/31 19:48:12.393, 46.25, 250.00, 0, 1140, 1215, 63, P0
2026/07/31 19:48:12.594, 46.25, 250.00, 0, 1140, 1215, 63, P0
2026/07/31 19:48:12.794, 46.15, 250.00, 0, 1140, 1215, 63, P0
2026/07/31 19:48:12.995, 46.06, 250.00, 0, 1140, 1215, 63, P0
2026/07/31 19:48:13.195, 46.24, 250.00, 0, 1140, 1215, 63, P0
2026/07/31 19:48:13.395, 45.90, 250.00, 0, 1140, 1215, 63, P0
2026/07/31 19:48:13.596, 45.83, 250.00, 0, 1140, 1215, 62, P0
2026/07/31 19:48:13.796, 45.86, 250.00, 0, 1140, 1215, 62, P0
2026/07/31 19:48:13.997, 45.79, 250.00, 0, 1140, 1215, 62, P0
2026/07/31 19:48:14.197, 45.53, 250.00, 0, 1140, 1215, 62, P0
2026/07/31 19:48:14.397, 45.71, 250.00, 0, 1140, 1215, 62, P0
2026/07/31 19:48:14.598, 45.61, 250.00, 0, 1140, 1215, 62, P0
2026/07/31 19:48:14.798, 45.40, 250.00, 0, 1140, 1215, 62, P0
2026/07/31 19:48:14.999, 45.41, 250.00, 0, 1140, 1215, 62, P0
2026/07/31 19:48:15.199, 45.42, 250.00, 0, 1140, 1215, 62, P0
2026/07/31 19:48:15.400, 45.32, 250.00, 0, 1140, 1215, 62, P0
2026/07/31 19:48:15.600, 45.19, 250.00, 0, 1140, 1215, 62, P0
2026/07/31 19:48:15.800, 45.12, 250.00, 0, 1140, 1215, 61, P0
2026/07/31 19:48:16.001, 45.17, 250.00, 0, 1140, 1215, 61, P0
2026/07/31 19:48:16.201, 45.08, 250.00, 0, 1140, 1215, 61, P0
2026/07/31 19:48:16.402, 44.94, 250.00, 0, 1140, 1215, 61, P0
2026/07/31 19:48:16.602, 44.88, 250.00, 0, 1140, 1215, 61, P0
2026/07/31 19:48:16.802, 44.99, 250.00, 0, 1140, 1215, 61, P0
2026/07/31 19:48:17.003, 44.88, 250.00, 0, 1140, 1215, 61, P0
2026/07/31 19:48:17.203, 44.80, 250.00, 0, 1140, 1215, 61, P0
2026/07/31 19:48:17.404, 44.77, 250.00, 0, 1140, 1215, 61, P0
2026/07/31 19:48:17.604, 44.66, 250.00, 0, 1140, 1215, 61, P0
2026/07/31 19:48:17.805, 44.60, 250.00, 0, 1140, 1215, 61, P0
2026/07/31 19:48:18.005, 44.64, 250.00, 0, 1140, 1215, 60, P0
2026/07/31 19:48:18.205, 44.64, 250.00, 0, 1140, 1215, 60, P0
2026/07/31 19:48:18.406, 44.51, 250.00, 0, 1140, 1215, 60, P0
2026/07/31 19:48:18.606, 44.46, 250.00, 0, 1140, 1215, 60, P0
2026/07/31 19:48:18.807, 44.36, 250.00, 0, 1140, 1215, 60, P0
2026/07/31 19:48:19.007, 44.45, 250.00, 0, 1140, 1215, 60, P0
2026/07/31 19:48:19.208, 44.33, 250.00, 0, 1140, 1215, 60, P0
2026/07/31 19:48:19.408, 44.25, 250.00, 0, 1140, 1215, 60, P0
2026/07/31 19:48:19.608, 44.23, 250.00, 0, 1140, 1215, 60, P0
2026/07/31 19:48:19.809, 44.20, 250.00, 0, 1140, 1215, 60, P0
2026/07/31 19:48:20.009, 44.31, 250.00, 0, 1140, 1215, 60, P0
2026/07/31 19:48:20.210, 44.10, 250.00, 0, 1140, 1215, 60, P0
2026/07/31 19:48:20.410, 44.12, 250.00, 0, 1140, 1215, 60, P0
2026/07/31 19:48:20.610, 44.02, 250.00, 0, 1140, 1215, 59, P0
2026/07/31 19:48:20.811, 43.91, 250.00, 0, 1140, 1215, 59, P0
2026/07/31 19:48:21.011, 44.02, 250.00, 0, 1140, 1215, 59, P0
2026/07/31 19:48:21.212, 43.91, 250.00, 0, 1140, 1215, 59, P0
2026/07/31 19:48:21.412, 43.91, 250.00, 0, 1140, 1215, 59, P0
2026/07/31 19:48:21.613, 43.72, 250.00, 0, 1140, 1215, 59, P0
2026/07/31 19:48:21.813, 43.74, 250.00, 0, 1140, 1215, 59, P0
2026/07/31 19:48:22.013, 43.85, 250.00, 0, 1140, 1215, 59, P0
2026/07/31 19:48:22.214, 43.72, 250.00, 0, 1140, 1215, 59, P0
2026/07/31 19:48:22.414, 43.65, 250.00, 0, 1140, 1215, 59, P0
2026/07/31 19:48:22.615, 43.64, 250.00, 0, 1140, 1215, 59, P0
2026/07/31 19:48:22.815, 43.65, 250.00, 0, 1140, 1215, 59, P0
2026/07/31 19:48:23.016, 43.64, 250.00, 0, 1140, 1215, 59, P0
2026/07/31 19:48:23.216, 43.45, 250.00, 0, 1140, 1215, 58, P0
2026/07/31 19:48:23.416, 43.42, 250.00, 0, 1140, 1215, 58, P0
2026/07/31 19:48:23.617, 43.33, 250.00, 0, 1140, 1215, 58, P0
2026/07/31 19:48:23.817, 43.40, 250.00, 0, 1140, 1215, 58, P0
2026/07/31 19:48:24.018, 43.33, 250.00, 0, 1140, 1215, 58, P0
2026/07/31 19:48:24.218, 43.42, 250.00, 0, 1140, 1215, 58, P0
2026/07/31 19:48:24.418, 43.32, 250.00, 0, 1140, 1215, 58, P0
2026/07/31 19:48:24.619, 43.23, 250.00, 0, 1140, 1215, 58, P0
2026/07/31 19:48:24.819, 43.32, 250.00, 0, 1140, 1215, 58, P0
2026/07/31 19:48:25.020, 43.21, 250.00, 0, 1140, 1215, 58, P0
2026/07/31 19:48:25.220, 43.20, 250.00, 0, 1140, 1215, 58, P0
2026/07/31 19:48:25.421, 43.08, 250.00, 0, 1140, 1215, 58, P0
2026/07/31 19:48:25.621, 43.14, 250.00, 0, 1140, 1215, 58, P0
2026/07/31 19:48:25.821, 43.11, 250.00, 0, 1140, 1215, 58, P0
2026/07/31 19:48:26.022, 43.15, 250.00, 0, 1140, 1215, 57, P0
2026/07/31 19:48:26.222, 43.04, 250.00, 0, 1140, 1215, 57, P0
2026/07/31 19:48:26.423, 42.94, 250.00, 0, 1140, 1215, 57, P0
2026/07/31 19:48:26.623, 42.98, 250.00, 0, 1140, 1215, 57, P0
2026/07/31 19:48:26.823, 42.86, 250.00, 0, 1140, 1215, 57, P0
2026/07/31 19:48:27.024, 42.96, 250.00, 0, 1140, 1215, 57, P0
2026/07/31 19:48:27.224, 42.86, 250.00, 0, 1140, 1215, 57, P0
2026/07/31 19:48:27.425, 42.84, 250.00, 0, 1140, 1215, 57, P0
2026/07/31 19:48:27.625, 42.73, 250.00, 0, 1140, 1215, 57, P0
2026/07/31 19:48:27.825, 42.76, 250.00, 0, 1140, 1215, 57, P0
2026/07/31 19:48:28.026, 42.75, 250.00, 0, 1140, 1215, 57, P0
2026/07/31 19:48:28.226, 42.72, 250.00, 0, 1140, 1215, 57, P0
2026/07/31 19:48:28.427, 42.94, 250.00, 0, 1140, 1215, 57, P0
2026/07/31 19:48:28.627, 42.91, 250.00, 0, 1140, 1215, 57, P0
2026/07/31 19:48:28.828, 42.93, 250.00, 0, 1140, 1215, 57, P0
2026/07/31 19:48:29.028, 42.90, 250.00, 10, 1140, 1215, 57, P0
2026/07/31 19:48:29.228, 42.82, 250.00, 0, 1140, 1215, 56, P0
2026/07/31 19:48:29.429, 42.76, 250.00, 0, 1140, 1215, 56, P0
2026/07/31 19:48:29.629, 42.79, 250.00, 0, 1140, 1215, 56, P0
2026/07/31 19:48:29.829, 42.80, 250.00, 0, 1140, 1215, 56, P0
2026/07/31 19:48:30.030, 182.12, 250.00, 22, 1140, 1215, 61, P0
2026/07/31 19:48:30.230, 210.15, 250.00, 100, 1290, 1215, 64, P0
2026/07/31 19:48:30.431, 227.07, 250.00, 100, 1305, 1215, 66, P0
2026/07/31 19:48:30.631, 250.32, 250.00, 96, 1290, 1215, 67, P0
2026/07/31 19:48:30.832, 252.75, 250.00, 100, 1320, 1215, 67, P0
2026/07/31 19:48:31.032, 256.09, 250.00, 96, 1275, 1215, 68, P0
2026/07/31 19:48:31.232, 249.85, 250.00, 100, 1350, 1215, 67, P0
2026/07/31 19:48:31.433, 253.64, 250.00, 95, 1305, 1215, 69, P0
2026/07/31 19:48:31.634, 240.06, 250.00, 100, 1290, 1215, 69, P0
2026/07/31 19:48:31.834, 249.94, 250.00, 96, 1290, 1215, 69, P0
2026/07/31 19:48:32.034, 258.41, 250.00, 100, 1275, 1215, 69, P0
2026/07/31 19:48:32.235, 258.89, 250.00, 96, 1275, 1215, 69, P0
2026/07/31 19:48:32.435, 251.79, 250.00, 100, 1290, 1215, 69, P0
2026/07/31 19:48:32.636, 209.71, 250.00, 100, 1395, 1215, 67, P0
2026/07/31 19:48:32.836, 225.58, 250.00, 100, 1410, 1215, 66, P0
2026/07/31 19:48:33.037, 228.20, 250.00, 100, 1410, 1215, 65, P0
2026/07/31 19:48:33.237, 230.30, 250.00, 100, 1410, 1215, 65, P0
2026/07/31 19:48:33.438, 226.97, 250.00, 100, 1410, 1215, 65, P0
2026/07/31 19:48:33.638, 228.11, 250.00, 100, 1410, 1215, 65, P0
2026/07/31 19:48:33.839, 229.05, 250.00, 100, 1410, 1215, 65, P0
2026/07/31 19:48:34.039, 232.13, 250.00, 100, 1410, 1215, 65, P0
2026/07/31 19:48:34.240, 227.73, 250.00, 100, 1410, 1215, 65, P0
2026/07/31 19:48:34.440, 229.44, 250.00, 100, 1410, 1215, 65, P0
2026/07/31 19:48:34.641, 231.35, 250.00, 100, 1410, 1215, 65, P0
2026/07/31 19:48:34.841, 227.98, 250.00, 100, 1410, 1215, 66, P0
2026/07/31 19:48:35.042, 228.73, 250.00, 100, 1410, 1215, 66, P0
2026/07/31 19:48:35.242, 230.15, 250.00, 100, 1410, 1215, 66, P0
2026/07/31 19:48:35.443, 234.16, 250.00, 100, 1410, 1215, 66, P0
2026/07/31 19:48:35.643, 228.27, 250.00, 100, 1410, 1215, 66, P0
2026/07/31 19:48:35.844, 230.33, 250.00, 100, 1410, 1215, 66, P0
2026/07/31 19:48:36.045, 231.88, 250.00, 100, 1410, 1215, 66, P0
2026/07/31 19:48:36.245, 228.38, 250.00, 100, 1410, 1215, 66, P0
2026/07/31 19:48:36.446, 229.25, 250.00, 100, 1410, 1215, 66, P0
2026/07/31 19:48:36.646, 231.07, 250.00, 100, 1410, 1215, 66, P0
2026/07/31 19:48:36.847, 229.17, 250.00, 100, 1410, 1215, 66, P0
2026/07/31 19:48:37.047, 229.01, 250.00, 100, 1410, 1215, 66, P0
2026/07/31 19:48:37.248, 230.60, 250.00, 100, 1410, 1215, 66, P0
2026/07/31 19:48:37.448, 232.44, 250.00, 100, 1410, 1215, 66, P0
2026/07/31 19:48:37.649, 229.07, 250.00, 100, 1410, 1215, 66, P0
2026/07/31 19:48:37.849, 229.84, 250.00, 100, 1410, 1215, 66, P0
2026/07/31 19:48:38.050, 233.24, 250.00, 100, 1410, 1215, 66, P0
2026/07/31 19:48:38.250, 228.63, 250.00, 100, 1410, 1215, 66, P0
2026/07/31 19:48:38.451, 229.42, 250.00, 100, 1410, 1215, 66, P0
2026/07/31 19:48:38.651, 232.18, 250.00, 100, 1410, 1215, 66, P0
2026/07/31 19:48:38.852, 230.19, 250.00, 100, 1410, 1215, 67, P0
2026/07/31 19:48:39.052, 229.82, 250.00, 100, 1410, 1215, 67, P0
2026/07/31 19:48:39.253, 230.44, 250.00, 100, 1410, 1215, 67, P0
2026/07/31 19:48:39.453, 234.93, 250.00, 100, 1410, 1215, 67, P0
2026/07/31 19:48:39.654, 228.97, 250.00, 100, 1410, 1215, 67, P0
2026/07/31 19:48:39.854, 231.37, 250.00, 100, 1410, 1215, 67, P0
2026/07/31 19:48:40.055, 231.77, 250.00, 100, 1410, 1215, 67, P0
2026/07/31 19:48:40.255, 229.70, 250.00, 100, 1410, 1215, 67, P0
2026/07/31 19:48:40.456, 229.38, 250.00, 100, 1410, 1215, 67, P0
2026/07/31 19:48:40.657, 233.26, 250.00, 100, 1410, 1215, 67, P0
2026/07/31 19:48:40.857, 229.42, 250.00, 100, 1410, 1215, 67, P0
2026/07/31 19:48:41.058, 229.83, 250.00, 100, 1410, 1215, 67, P0
2026/07/31 19:48:41.258, 231.25, 250.00, 100, 1410, 1215, 67, P0
2026/07/31 19:48:41.459, 233.95, 250.00, 100, 1410, 1215, 67, P0
2026/07/31 19:48:41.659, 230.06, 250.00, 100, 1410, 1215, 67, P0
2026/07/31 19:48:41.860, 231.34, 250.00, 100, 1410, 1215, 67, P0
2026/07/31 19:48:42.060, 234.29, 250.00, 100, 1410, 1215, 67, P0
2026/07/31 19:48:42.261, 229.61, 250.00, 100, 1410, 1215, 67, P0
2026/07/31 19:48:42.461, 229.80, 250.00, 100, 1410, 1215, 67, P0
2026/07/31 19:48:42.662, 233.67, 250.00, 100, 1410, 1215, 67, P0
2026/07/31 19:48:42.862, 229.19, 250.00, 100, 1410, 1215, 67, P0
2026/07/31 19:48:43.063, 230.90, 250.00, 100, 1410, 1215, 67, P0
2026/07/31 19:48:43.263, 232.31, 250.00, 100, 1410, 1215, 67, P0
2026/07/31 19:48:43.464, 235.96, 250.00, 100, 1410, 1215, 67, P0
2026/07/31 19:48:43.665, 230.41, 250.00, 100, 1410, 1215, 67, P0
2026/07/31 19:48:43.865, 231.18, 250.00, 100, 1410, 1215, 68, P0
2026/07/31 19:48:44.066, 233.54, 250.00, 100, 1410, 1215, 68, P0
2026/07/31 19:48:44.266, 230.20, 250.00, 100, 1410, 1215, 68, P0
2026/07/31 19:48:44.467, 231.94, 250.00, 100, 1410, 1215, 68, P0
2026/07/31 19:48:44.667, 232.93, 250.00, 100, 1410, 1215, 68, P0
2026/07/31 19:48:44.868, 229.65, 250.00, 100, 1410, 1215, 68, P0
2026/07/31 19:48:45.068, 231.57, 250.00, 100, 1410, 1215, 68, P0
2026/07/31 19:48:45.269, 231.22, 250.00, 100, 1410, 1215, 68, P0
2026/07/31 19:48:45.469, 233.04, 250.00, 100, 1410, 1215, 68, P0
2026/07/31 19:48:45.670, 230.02, 250.00, 100, 1410, 1215, 68, P0
2026/07/31 19:48:45.871, 232.07, 250.00, 100, 1410, 1215, 68, P0
2026/07/31 19:48:46.071, 256.84, 250.00, 96, 1275, 1215, 72, P0
2026/07/31 19:48:46.271, 250.65, 250.00, 100, 1290, 1215, 72, P0
2026/07/31 19:48:46.472, 183.57, 250.00, 97, 1290, 1215, 73, P0
2026/07/31 19:48:46.673, 253.25, 250.00, 100, 1290, 1215, 73, P0
2026/07/31 19:48:46.873, 242.23, 250.00, 97, 1290, 1215, 72, P0
2026/07/31 19:48:47.074, 254.50, 250.00, 97, 1290, 1215, 73, P0
2026/07/31 19:48:47.274, 253.33, 250.00, 97, 1335, 1215, 72, P0
2026/07/31 19:48:47.475, 256.89, 250.00, 97, 1290, 1215, 73, P0
2026/07/31 19:48:47.675, 249.68, 250.00, 100, 1290, 1215, 73, P0
2026/07/31 19:48:47.876, 253.00, 250.00, 100, 1275, 1215, 73, P0
2026/07/31 19:48:48.076, 246.24, 250.00, 97, 1275, 1215, 73, P0
2026/07/31 19:48:48.276, 260.07, 250.00, 100, 1290, 1215, 73, P0
2026/07/31 19:48:48.477, 250.34, 250.00, 96, 1290, 1215, 73, P0
2026/07/31 19:48:48.677, 201.44, 250.00, 100, 1395, 1215, 71, P0
2026/07/31 19:48:48.878, 233.38, 250.00, 100, 1410, 1215, 70, P0
2026/07/31 19:48:49.078, 234.92, 250.00, 100, 1410, 1215, 69, P0
2026/07/31 19:48:49.279, 231.70, 250.00, 100, 1410, 1215, 69, P0
2026/07/31 19:48:49.481, 232.13, 250.00, 100, 1410, 1215, 69, P0
2026/07/31 19:48:49.682, 233.25, 250.00, 100, 1410, 1215, 69, P0
2026/07/31 19:48:49.882, 236.07, 250.00, 100, 1410, 1215, 69, P0
2026/07/31 19:48:50.083, 231.60, 250.00, 100, 1410, 1215, 69, P0
2026/07/31 19:48:50.284, 232.15, 250.00, 100, 1410, 1215, 69, P0
2026/07/31 19:48:50.484, 235.13, 250.00, 100, 1410, 1215, 69, P0
2026/07/31 19:48:50.685, 231.41, 250.00, 100, 1410, 1215, 69, P0
2026/07/31 19:48:50.885, 232.18, 250.00, 100, 1410, 1215, 69, P0
2026/07/31 19:48:51.086, 233.90, 250.00, 100, 1410, 1215, 69, P0
2026/07/31 19:48:51.287, 235.64, 250.00, 100, 1410, 1215, 69, P0
2026/07/31 19:48:51.487, 231.37, 250.00, 100, 1410, 1215, 69, P0
2026/07/31 19:48:51.688, 233.15, 250.00, 100, 1410, 1215, 69, P0
2026/07/31 19:48:51.890, 235.34, 250.00, 100, 1410, 1215, 69, P0
2026/07/31 19:48:52.093, 231.50, 250.00, 100, 1410, 1215, 69, P0
2026/07/31 19:48:52.294, 233.78, 250.00, 100, 1410, 1215, 69, P0
2026/07/31 19:48:52.496, 234.36, 250.00, 100, 1410, 1215, 69, P0
2026/07/31 19:48:52.696, 232.00, 250.00, 100, 1410, 1215, 69, P0
2026/07/31 19:48:52.897, 232.56, 250.00, 100, 1410, 1215, 69, P0
2026/07/31 19:48:53.097, 235.16, 250.00, 100, 1410, 1215, 69, P0
2026/07/31 19:48:53.298, 231.54, 250.00, 100, 1410, 1215, 69, P0
2026/07/31 19:48:53.499, 232.24, 250.00, 100, 1410, 1215, 69, P0
2026/07/31 19:48:53.699, 234.19, 250.00, 100, 1410, 1215, 69, P0
2026/07/31 19:48:53.900, 238.02, 250.00, 100, 1410, 1215, 69, P0
2026/07/31 19:48:54.100, 232.37, 250.00, 100, 1410, 1215, 69, P0
2026/07/31 19:48:54.301, 233.30, 250.00, 100, 1410, 1215, 69, P0
2026/07/31 19:48:54.501, 236.41, 250.00, 100, 1410, 1215, 69, P0
2026/07/31 19:48:54.702, 231.59, 250.00, 100, 1410, 1215, 69, P0
2026/07/31 19:48:54.902, 232.99, 250.00, 100, 1410, 1215, 69, P0
2026/07/31 19:48:55.103, 234.58, 250.00, 100, 1410, 1215, 69, P0
2026/07/31 19:48:55.303, 232.23, 250.00, 100, 1410, 1215, 69, P0
2026/07/31 19:48:55.504, 232.41, 250.00, 100, 1410, 1215, 69, P0
2026/07/31 19:48:55.704, 234.94, 250.00, 100, 1410, 1215, 69, P0
2026/07/31 19:48:55.905, 237.57, 250.00, 100, 1410, 1215, 69, P0
2026/07/31 19:48:56.106, 232.71, 250.00, 100, 1410, 1215, 69, P0
2026/07/31 19:48:56.306, 233.16, 250.00, 100, 1410, 1215, 70, P0
2026/07/31 19:48:56.507, 235.55, 250.00, 100, 1410, 1215, 70, P0
2026/07/31 19:48:56.707, 232.08, 250.00, 100, 1410, 1215, 70, P0
2026/07/31 19:48:56.908, 233.18, 250.00, 100, 1410, 1215, 70, P0
2026/07/31 19:48:57.108, 235.05, 250.00, 100, 1410, 1215, 70, P0
2026/07/31 19:48:57.309, 232.45, 250.00, 100, 1410, 1215, 70, P0
2026/07/31 19:48:57.509, 232.59, 250.00, 100, 1410, 1215, 70, P0
2026/07/31 19:48:57.710, 234.38, 250.00, 100, 1410, 1215, 70, P0
2026/07/31 19:48:57.910, 236.63, 250.00, 100, 1410, 1215, 70, P0
2026/07/31 19:48:58.111, 232.42, 250.00, 100, 1410, 1215, 70, P0
2026/07/31 19:48:58.311, 234.19, 250.00, 100, 1410, 1215, 70, P0
2026/07/31 19:48:58.512, 234.86, 250.00, 100, 1410, 1215, 70, P0
2026/07/31 19:48:58.712, 233.00, 250.00, 100, 1410, 1215, 70, P0
2026/07/31 19:48:58.913, 233.50, 250.00, 100, 1410, 1215, 70, P0
2026/07/31 19:48:59.114, 234.52, 250.00, 100, 1410, 1215, 70, P0
2026/07/31 19:48:59.314, 232.83, 250.00, 100, 1410, 1215, 70, P0
2026/07/31 19:48:59.515, 233.04, 250.00, 100, 1410, 1215, 70, P0
2026/07/31 19:48:59.715, 235.62, 250.00, 100, 1410, 1215, 70, P0
2026/07/31 19:48:59.916, 237.18, 250.00, 100, 1410, 1215, 70, P0
2026/07/31 19:49:00.116, 232.40, 250.00, 100, 1410, 1215, 70, P0
2026/07/31 19:49:00.317, 234.74, 250.00, 100, 1410, 1215, 70, P0
2026/07/31 19:49:00.517, 236.96, 250.00, 100, 1410, 1215, 70, P0
2026/07/31 19:49:00.718, 232.78, 250.00, 100, 1410, 1215, 70, P0
2026/07/31 19:49:00.918, 234.32, 250.00, 100, 1410, 1215, 70, P0
2026/07/31 19:49:01.119, 236.21, 250.00, 100, 1410, 1215, 70, P0
2026/07/31 19:49:01.319, 233.21, 250.00, 100, 1410, 1215, 70, P0
2026/07/31 19:49:01.520, 233.14, 250.00, 100, 1410, 1215, 70, P0
2026/07/31 19:49:01.720, 235.88, 250.00, 100, 1410, 1215, 70, P0
2026/07/31 19:49:01.921, 267.33, 250.00, 100, 1410, 1215, 70, P0
2026/07/31 19:49:02.121, 267.33, 250.00, 96, 1275, 1215, 73, P0
2026/07/31 19:49:02.349, 252.84, 250.00, 99, 1275, 1215, 74, P0
2026/07/31 19:49:02.549, 252.17, 250.00, 100, 1275, 1215, 75, P0
2026/07/31 19:49:02.750, 245.81, 250.00, 96, 1260, 1215, 75, P0
2026/07/31 19:49:02.950, 264.07, 250.00, 100, 1275, 1215, 75, P0
2026/07/31 19:49:03.151, 248.55, 250.00, 96, 1275, 1215, 75, P0
2026/07/31 19:49:03.351, 109.12, 250.00, 100, 1395, 1215, 69, P0
2026/07/31 19:49:03.551, 66.06, 250.00, 49, 1410, 1215, 68, P0
2026/07/31 19:49:03.763, 333.09, 250.00, 13, 1275, 1215, 74, P0
2026/07/31 19:49:03.965, 248.95, 250.00, 100, 1290, 1215, 74, P0
2026/07/31 19:49:04.166, 253.33, 250.00, 100, 1275, 1215, 75, P0
2026/07/31 19:49:04.366, 244.93, 250.00, 97, 1275, 1215, 75, P0
2026/07/31 19:49:04.566, 216.15, 250.00, 100, 1275, 1215, 74, P0
2026/07/31 19:49:04.767, 259.26, 250.00, 96, 1290, 1215, 75, P0
2026/07/31 19:49:04.967, 208.04, 250.00, 100, 1395, 1215, 72, P0
2026/07/31 19:49:05.168, 236.35, 250.00, 100, 1410, 1215, 71, P0
2026/07/31 19:49:05.374, 237.56, 250.00, 100, 1410, 1215, 71, P0
2026/07/31 19:49:05.574, 233.85, 250.00, 100, 1410, 1215, 71, P0
2026/07/31 19:49:05.775, 233.77, 250.00, 100, 1410, 1215, 71, P0
2026/07/31 19:49:05.977, 235.32, 250.00, 100, 1410, 1215, 71, P0
2026/07/31 19:49:06.177, 237.64, 250.00, 100, 1410, 1215, 71, P0
2026/07/31 19:49:06.378, 233.48, 250.00, 100, 1410, 1215, 71, P0
2026/07/31 19:49:06.578, 234.58, 250.00, 100, 1410, 1215, 71, P0
2026/07/31 19:49:06.779, 237.53, 250.00, 100, 1410, 1215, 71, P0
2026/07/31 19:49:06.979, 233.30, 250.00, 100, 1410, 1215, 71, P0
2026/07/31 19:49:07.180, 234.08, 250.00, 100, 1410, 1215, 71, P0
2026/07/31 19:49:07.380, 235.74, 250.00, 100, 1410, 1215, 71, P0
2026/07/31 19:49:07.581, 237.58, 250.00, 100, 1410, 1215, 71, P0
2026/07/31 19:49:07.782, 233.80, 250.00, 100, 1410, 1215, 71, P0
2026/07/31 19:49:07.982, 234.68, 250.00, 100, 1410, 1215, 71, P0
2026/07/31 19:49:08.183, 237.64, 250.00, 100, 1410, 1215, 71, P0
2026/07/31 19:49:08.383, 233.03, 250.00, 100, 1410, 1215, 71, P0
2026/07/31 19:49:08.584, 234.07, 250.00, 100, 1410, 1215, 71, P0
2026/07/31 19:49:08.784, 235.68, 250.00, 100, 1410, 1215, 71, P0
2026/07/31 19:49:08.985, 240.86, 250.00, 100, 1410, 1215, 71, P0
2026/07/31 19:49:09.185, 234.33, 250.00, 100, 1410, 1215, 71, P0
2026/07/31 19:49:09.386, 234.96, 250.00, 100, 1410, 1215, 71, P0
2026/07/31 19:49:09.587, 236.69, 250.00, 100, 1410, 1215, 71, P0
2026/07/31 19:49:09.787, 233.47, 250.00, 100, 1410, 1215, 71, P0
2026/07/31 19:49:09.988, 234.35, 250.00, 100, 1410, 1215, 71, P0
2026/07/31 19:49:10.188, 237.67, 250.00, 100, 1410, 1215, 71, P0
2026/07/31 19:49:10.389, 233.19, 250.00, 100, 1410, 1215, 71, P0
2026/07/31 19:49:10.589, 234.13, 250.00, 100, 1410, 1215, 71, P0
2026/07/31 19:49:10.790, 235.64, 250.00, 100, 1410, 1215, 71, P0
2026/07/31 19:49:10.990, 238.25, 250.00, 100, 1410, 1215, 71, P0
2026/07/31 19:49:11.191, 234.74, 250.00, 100, 1410, 1215, 71, P0
2026/07/31 19:49:11.393, 235.35, 250.00, 100, 1410, 1215, 71, P0
2026/07/31 19:49:11.596, 237.94, 250.00, 100, 1410, 1215, 71, P0
2026/07/31 19:49:11.798, 234.26, 250.00, 100, 1410, 1215, 71, P0
2026/07/31 19:49:11.999, 235.09, 250.00, 100, 1410, 1215, 71, P0
2026/07/31 19:49:12.200, 239.71, 250.00, 100, 1410, 1215, 71, P0
2026/07/31 19:49:12.400, 234.51, 250.00, 100, 1410, 1215, 71, P0
2026/07/31 19:49:12.601, 235.46, 250.00, 100, 1410, 1215, 71, P0
2026/07/31 19:49:12.801, 239.04, 250.00, 100, 1410, 1215, 71, P0
2026/07/31 19:49:13.002, 234.05, 250.00, 100, 1410, 1215, 71, P0
2026/07/31 19:49:13.202, 234.92, 250.00, 100, 1410, 1215, 71, P0
2026/07/31 19:49:13.403, 236.84, 250.00, 100, 1410, 1215, 71, P0
2026/07/31 19:49:13.604, 233.97, 250.00, 100, 1410, 1215, 71, P0
2026/07/31 19:49:13.804, 235.01, 250.00, 100, 1410, 1215, 71, P0
2026/07/31 19:49:14.005, 235.86, 250.00, 100, 1410, 1215, 71, P0
2026/07/31 19:49:14.205, 239.79, 250.00, 100, 1410, 1215, 71, P0
2026/07/31 19:49:14.406, 234.24, 250.00, 100, 1410, 1215, 71, P0
2026/07/31 19:49:14.606, 235.73, 250.00, 100, 1410, 1215, 71, P0
2026/07/31 19:49:14.807, 239.11, 250.00, 100, 1410, 1215, 72, P0
2026/07/31 19:49:15.007, 234.57, 250.00, 100, 1410, 1215, 72, P0
2026/07/31 19:49:15.208, 236.02, 250.00, 100, 1410, 1215, 72, P0
2026/07/31 19:49:15.409, 238.72, 250.00, 100, 1410, 1215, 72, P0
2026/07/31 19:49:15.609, 235.03, 250.00, 100, 1410, 1215, 72, P0
2026/07/31 19:49:15.810, 235.80, 250.00, 100, 1410, 1215, 72, P0
2026/07/31 19:49:16.010, 236.97, 250.00, 100, 1410, 1215, 72, P0
2026/07/31 19:49:16.211, 234.52, 250.00, 100, 1410, 1215, 72, P0
2026/07/31 19:49:16.411, 235.13, 250.00, 100, 1410, 1215, 72, P0
2026/07/31 19:49:16.612, 236.79, 250.00, 100, 1410, 1215, 72, P0
2026/07/31 19:49:16.812, 241.31, 250.00, 100, 1410, 1215, 72, P0
2026/07/31 19:49:17.013, 234.61, 250.00, 100, 1410, 1215, 72, P0
2026/07/31 19:49:17.214, 236.06, 250.00, 100, 1410, 1215, 72, P0
2026/07/31 19:49:17.414, 238.31, 250.00, 100, 1410, 1215, 72, P0
2026/07/31 19:49:17.615, 234.89, 250.00, 100, 1410, 1215, 72, P0
2026/07/31 19:49:17.815, 235.42, 250.00, 100, 1410, 1215, 72, P0
2026/07/31 19:49:18.016, 238.02, 250.00, 100, 1410, 1215, 72, P0
2026/07/31 19:49:18.216, 239.16, 250.00, 95, 1335, 1215, 73, P0
2026/07/31 19:49:18.417, 296.34, 250.00, 95, 1290, 1215, 75, P0
2026/07/31 19:49:18.644, 248.12, 250.00, 99, 1335, 1215, 75, P0
2026/07/31 19:49:18.844, 236.00, 250.00, 99, 1275, 1215, 76, P0
2026/07/31 19:49:19.056, 245.75, 250.00, 100, 1260, 1215, 76, P0
2026/07/31 19:49:19.256, 254.86, 250.00, 96, 1275, 1215, 76, P0
2026/07/31 19:49:19.457, 253.23, 250.00, 100, 1275, 1215, 77, P0
2026/07/31 19:49:19.657, 264.07, 250.00, 96, 1275, 1215, 77, P0
2026/07/31 19:49:19.858, 252.69, 250.00, 100, 1290, 1215, 77, P0
2026/07/31 19:49:20.058, 244.38, 250.00, 100, 1275, 1215, 76, P0
2026/07/31 19:49:20.259, 255.91, 250.00, 96, 1275, 1215, 77, P0
2026/07/31 19:49:20.459, 252.05, 250.00, 100, 1320, 1215, 76, P0
2026/07/31 19:49:20.660, 247.64, 250.00, 96, 1275, 1215, 77, P0
2026/07/31 19:49:20.860, 250.53, 250.00, 100, 1290, 1215, 77, P0
2026/07/31 19:49:21.061, 230.88, 250.00, 100, 1410, 1215, 74, P0
2026/07/31 19:49:21.261, 238.09, 250.00, 100, 1410, 1215, 73, P0
2026/07/31 19:49:21.462, 239.07, 250.00, 100, 1410, 1215, 73, P0
2026/07/31 19:49:21.663, 235.31, 250.00, 100, 1410, 1215, 73, P0
2026/07/31 19:49:21.863, 235.46, 250.00, 100, 1410, 1215, 73, P0
2026/07/31 19:49:22.064, 238.08, 250.00, 100, 1410, 1215, 73, P0
2026/07/31 19:49:22.265, 239.41, 250.00, 100, 1410, 1215, 72, P0
2026/07/31 19:49:22.465, 236.10, 250.00, 100, 1410, 1215, 72, P0
2026/07/31 19:49:22.666, 237.18, 250.00, 100, 1410, 1215, 72, P0
2026/07/31 19:49:22.867, 239.24, 250.00, 100, 1410, 1215, 72, P0
2026/07/31 19:49:23.067, 235.62, 250.00, 100, 1410, 1215, 72, P0
2026/07/31 19:49:23.268, 236.73, 250.00, 100, 1410, 1215, 72, P0
2026/07/31 19:49:23.468, 237.76, 250.00, 100, 1410, 1215, 72, P0
2026/07/31 19:49:23.669, 237.48, 250.00, 100, 1410, 1215, 72, P0
2026/07/31 19:49:23.869, 236.04, 250.00, 100, 1410, 1215, 72, P0
2026/07/31 19:49:24.070, 236.89, 250.00, 100, 1410, 1215, 72, P0
2026/07/31 19:49:24.270, 239.80, 250.00, 100, 1410, 1215, 72, P0
2026/07/31 19:49:24.471, 235.32, 250.00, 100, 1410, 1215, 72, P0
2026/07/31 19:49:24.671, 236.78, 250.00, 100, 1410, 1215, 72, P0
2026/07/31 19:49:24.872, 238.81, 250.00, 100, 1410, 1215, 72, P0
2026/07/31 19:49:25.072, 235.45, 250.00, 100, 1410, 1215, 72, P0
2026/07/31 19:49:25.273, 236.06, 250.00, 100, 1410, 1215, 72, P0
2026/07/31 19:49:25.474, 237.36, 250.00, 100, 1410, 1215, 73, P0
2026/07/31 19:49:25.674, 241.16, 250.00, 100, 1410, 1215, 73, P0
2026/07/31 19:49:25.875, 235.45, 250.00, 100, 1410, 1215, 73, P0
2026/07/31 19:49:26.075, 236.91, 250.00, 100, 1410, 1215, 73, P0
2026/07/31 19:49:26.276, 239.34, 250.00, 100, 1410, 1215, 73, P0
2026/07/31 19:49:26.476, 235.60, 250.00, 100, 1410, 1215, 73, P0
2026/07/31 19:49:26.677, 236.61, 250.00, 100, 1410, 1215, 73, P0
2026/07/31 19:49:26.878, 238.04, 250.00, 100, 1410, 1215, 73, P0
2026/07/31 19:49:27.078, 235.35, 250.00, 100, 1410, 1215, 73, P0
2026/07/31 19:49:27.279, 235.90, 250.00, 100, 1410, 1215, 73, P0
2026/07/31 19:49:27.479, 238.88, 250.00, 100, 1410, 1215, 73, P0
2026/07/31 19:49:27.680, 241.43, 250.00, 100, 1410, 1215, 73, P0
2026/07/31 19:49:27.880, 236.45, 250.00, 100, 1410, 1215, 73, P0
2026/07/31 19:49:28.081, 237.53, 250.00, 100, 1410, 1215, 73, P0
2026/07/31 19:49:28.281, 239.28, 250.00, 100, 1410, 1215, 73, P0
2026/07/31 19:49:28.482, 236.01, 250.00, 100, 1410, 1215, 73, P0
2026/07/31 19:49:28.682, 236.76, 250.00, 100, 1410, 1215, 73, P0
2026/07/31 19:49:28.883, 240.10, 250.00, 100, 1410, 1215, 73, P0
2026/07/31 19:49:29.084, 235.59, 250.00, 100, 1410, 1215, 73, P0
2026/07/31 19:49:29.284, 236.82, 250.00, 100, 1410, 1215, 73, P0
2026/07/31 19:49:29.485, 238.32, 250.00, 100, 1410, 1215, 73, P0
2026/07/31 19:49:29.685, 238.13, 250.00, 100, 1410, 1215, 73, P0
2026/07/31 19:49:29.886, 236.99, 250.00, 100, 1410, 1215, 73, P0
2026/07/31 19:49:30.086, 237.76, 250.00, 100, 1410, 1215, 73, P0
2026/07/31 19:49:30.287, 241.84, 250.00, 100, 1410, 1215, 73, P0
2026/07/31 19:49:30.487, 236.59, 250.00, 100, 1410, 1215, 73, P0
2026/07/31 19:49:30.688, 237.01, 250.00, 100, 1410, 1215, 73, P0
2026/07/31 19:49:30.888, 240.24, 250.00, 100, 1410, 1215, 73, P0
2026/07/31 19:49:31.089, 236.00, 250.00, 100, 1410, 1215, 73, P0
2026/07/31 19:49:31.289, 237.44, 250.00, 100, 1410, 1215, 73, P0
2026/07/31 19:49:31.490, 238.90, 250.00, 100, 1410, 1215, 73, P0
2026/07/31 19:49:31.690, 235.35, 250.00, 100, 1410, 1215, 73, P0
2026/07/31 19:49:31.891, 237.26, 250.00, 100, 1410, 1215, 73, P0
2026/07/31 19:49:32.092, 239.45, 250.00, 100, 1410, 1215, 73, P0
2026/07/31 19:49:32.292, 242.76, 250.00, 100, 1410, 1215, 73, P0
2026/07/31 19:49:32.493, 236.31, 250.00, 100, 1410, 1215, 73, P0
2026/07/31 19:49:32.693, 237.73, 250.00, 100, 1410, 1215, 73, P0
2026/07/31 19:49:32.894, 240.43, 250.00, 100, 1410, 1215, 73, P0
2026/07/31 19:49:33.094, 236.20, 250.00, 100, 1410, 1215, 73, P0
2026/07/31 19:49:33.296, 237.88, 250.00, 100, 1410, 1215, 73, P0
2026/07/31 19:49:33.499, 241.59, 250.00, 100, 1410, 1215, 73, P0
2026/07/31 19:49:33.701, 236.28, 250.00, 100, 1410, 1215, 73, P0
2026/07/31 19:49:33.902, 237.76, 250.00, 100, 1410, 1215, 73, P0
2026/07/31 19:49:34.103, 238.85, 250.00, 100, 1410, 1215, 73, P0
2026/07/31 19:49:34.304, 275.08, 250.00, 100, 1260, 1215, 73, P0
2026/07/31 19:49:34.562, 247.08, 250.00, 95, 1260, 1215, 77, P0
2026/07/31 19:49:34.762, 249.26, 250.00, 100, 1275, 1215, 77, P0
2026/07/31 19:49:34.963, 255.34, 250.00, 96, 1260, 1215, 77, P0
2026/07/31 19:49:35.163, 233.13, 250.00, 100, 1320, 1215, 76, P0
2026/07/31 19:49:35.364, 253.55, 250.00, 95, 1260, 1215, 78, P0
2026/07/31 19:49:35.564, 242.28, 250.00, 100, 1260, 1215, 78, P0
2026/07/31 19:49:35.765, 255.37, 250.00, 100, 1275, 1215, 78, P0
2026/07/31 19:49:35.965, 256.49, 250.00, 96, 1260, 1215, 78, P0
2026/07/31 19:49:36.166, 267.20, 250.00, 100, 1260, 1215, 78, P0
2026/07/31 19:49:36.366, 259.10, 250.00, 97, 1275, 1215, 78, P0
2026/07/31 19:49:36.567, 224.83, 250.00, 100, 1290, 1215, 78, P0
2026/07/31 19:49:36.767, 243.25, 250.00, 97, 1275, 1215, 78, P0
2026/07/31 19:49:36.968, 256.96, 250.00, 100, 1365, 1215, 76, P0
2026/07/31 19:49:37.168, 229.59, 250.00, 100, 1410, 1215, 74, P0
2026/07/31 19:49:37.369, 237.85, 250.00, 100, 1410, 1215, 74, P0
2026/07/31 19:49:37.569, 238.61, 250.00, 100, 1410, 1215, 74, P0
2026/07/31 19:49:37.774, 244.04, 250.00, 100, 1410, 1215, 74, P0
2026/07/31 19:49:37.974, 237.37, 250.00, 100, 1410, 1215, 74, P0
2026/07/31 19:49:38.175, 238.96, 250.00, 100, 1410, 1215, 74, P0
2026/07/31 19:49:38.376, 241.49, 250.00, 100, 1410, 1215, 74, P0
2026/07/31 19:49:38.576, 236.48, 250.00, 100, 1410, 1215, 74, P0
2026/07/31 19:49:38.777, 237.64, 250.00, 100, 1410, 1215, 74, P0
2026/07/31 19:49:38.978, 238.90, 250.00, 100, 1410, 1215, 74, P0
2026/07/31 19:49:39.179, 242.48, 250.00, 100, 1410, 1215, 73, P0
2026/07/31 19:49:39.379, 237.01, 250.00, 100, 1410, 1215, 73, P0
2026/07/31 19:49:39.580, 238.88, 250.00, 100, 1410, 1215, 74, P0
2026/07/31 19:49:39.780, 241.65, 250.00, 100, 1410, 1215, 74, P0
2026/07/31 19:49:39.981, 236.82, 250.00, 100, 1410, 1215, 74, P0
2026/07/31 19:49:40.181, 238.21, 250.00, 100, 1410, 1215, 73, P0
2026/07/31 19:49:40.382, 238.96, 250.00, 100, 1410, 1215, 74, P0
2026/07/31 19:49:40.583, 237.72, 250.00, 100, 1410, 1215, 74, P0
2026/07/31 19:49:40.783, 236.80, 250.00, 100, 1410, 1215, 74, P0
2026/07/31 19:49:40.984, 238.96, 250.00, 100, 1410, 1215, 74, P0
2026/07/31 19:49:41.184, 241.52, 250.00, 100, 1410, 1215, 74, P0
2026/07/31 19:49:41.385, 236.95, 250.00, 100, 1410, 1215, 74, P0
2026/07/31 19:49:41.586, 237.98, 250.00, 100, 1410, 1215, 74, P0
2026/07/31 19:49:41.786, 240.31, 250.00, 100, 1410, 1215, 74, P0
2026/07/31 19:49:41.987, 236.76, 250.00, 100, 1410, 1215, 74, P0
2026/07/31 19:49:42.187, 237.95, 250.00, 100, 1410, 1215, 74, P0
2026/07/31 19:49:42.388, 239.19, 250.00, 100, 1410, 1215, 74, P0
2026/07/31 19:49:42.589, 237.59, 250.00, 100, 1410, 1215, 74, P0
2026/07/31 19:49:42.789, 237.45, 250.00, 100, 1410, 1215, 74, P0
2026/07/31 19:49:42.990, 240.12, 250.00, 100, 1410, 1215, 74, P0
2026/07/31 19:49:43.190, 241.33, 250.00, 100, 1410, 1215, 74, P0
2026/07/31 19:49:43.391, 237.45, 250.00, 100, 1410, 1215, 74, P0
2026/07/31 19:49:43.592, 238.88, 250.00, 100, 1410, 1215, 74, P0
2026/07/31 19:49:43.792, 240.78, 250.00, 100, 1410, 1215, 74, P0
2026/07/31 19:49:43.993, 237.16, 250.00, 100, 1410, 1215, 74, P0
2026/07/31 19:49:44.193, 237.48, 250.00, 100, 1410, 1215, 74, P0
2026/07/31 19:49:44.394, 241.21, 250.00, 100, 1410, 1215, 74, P0
2026/07/31 19:49:44.594, 237.15, 250.00, 100, 1410, 1215, 74, P0
2026/07/31 19:49:44.795, 238.46, 250.00, 100, 1410, 1215, 74, P0
2026/07/31 19:49:44.995, 239.95, 250.00, 100, 1410, 1215, 74, P0
2026/07/31 19:49:45.196, 237.25, 250.00, 100, 1410, 1215, 74, P0
2026/07/31 19:49:45.396, 237.29, 250.00, 100, 1410, 1215, 74, P0
2026/07/31 19:49:45.599, 238.48, 250.00, 100, 1410, 1215, 74, P0
2026/07/31 19:49:45.803, 243.96, 250.00, 100, 1410, 1215, 74, P0
2026/07/31 19:49:46.004, 237.47, 250.00, 100, 1410, 1215, 74, P0
2026/07/31 19:49:46.204, 241.18, 250.00, 100, 1410, 1215, 74, P0
2026/07/31 19:49:46.406, 241.04, 250.00, 100, 1410, 1215, 74, P0
2026/07/31 19:49:46.607, 237.79, 250.00, 100, 1410, 1215, 74, P0
2026/07/31 19:49:46.807, 239.58, 250.00, 100, 1410, 1215, 74, P0
2026/07/31 19:49:47.008, 241.25, 250.00, 100, 1410, 1215, 74, P0
2026/07/31 19:49:47.208, 237.83, 250.00, 100, 1410, 1215, 74, P0
2026/07/31 19:49:47.409, 238.67, 250.00, 100, 1410, 1215, 74, P0
2026/07/31 19:49:47.609, 242.01, 250.00, 100, 1410, 1215, 74, P0
2026/07/31 19:49:47.810, 237.17, 250.00, 100, 1410, 1215, 74, P0
2026/07/31 19:49:48.010, 237.57, 250.00, 100, 1410, 1215, 74, P0
2026/07/31 19:49:48.211, 241.41, 250.00, 100, 1410, 1215, 74, P0
2026/07/31 19:49:48.411, 237.41, 250.00, 100, 1410, 1215, 74, P0
2026/07/31 19:49:48.612, 237.76, 250.00, 100, 1410, 1215, 74, P0
2026/07/31 19:49:48.812, 240.66, 250.00, 100, 1410, 1215, 74, P0
2026/07/31 19:49:49.013, 243.12, 250.00, 100, 1410, 1215, 74, P0
2026/07/31 19:49:49.213, 237.67, 250.00, 100, 1410, 1215, 74, P0
2026/07/31 19:49:49.414, 239.38, 250.00, 100, 1410, 1215, 74, P0
2026/07/31 19:49:49.615, 240.99, 250.00, 100, 1410, 1215, 74, P0
2026/07/31 19:49:49.815, 237.09, 250.00, 100, 1410, 1215, 74, P0
2026/07/31 19:49:50.016, 237.86, 250.00, 100, 1410, 1215, 74, P0
2026/07/31 19:49:50.216, 241.07, 250.00, 100, 1410, 1215, 74, P0
2026/07/31 19:49:50.417, 268.78, 250.00, 100, 1275, 1215, 77, P0
2026/07/31 19:49:50.639, 249.13, 250.00, 100, 1275, 1215, 78, P0
2026/07/31 19:49:50.839, 252.59, 250.00, 95, 1275, 1215, 78, P0
2026/07/31 19:49:51.040, 234.92, 250.00, 100, 1245, 1215, 78, P0
2026/07/31 19:49:51.240, 237.88, 250.00, 96, 1275, 1215, 78, P0
2026/07/31 19:49:51.441, 247.42, 250.00, 100, 1275, 1215, 78, P0
2026/07/31 19:49:51.641, 251.95, 250.00, 96, 1305, 1215, 78, P0
2026/07/31 19:49:51.842, 260.62, 250.00, 100, 1260, 1215, 79, P0
2026/07/31 19:49:52.042, 252.38, 250.00, 100, 1245, 1215, 78, P0
2026/07/31 19:49:52.243, 257.05, 250.00, 96, 1260, 1215, 79, P0
2026/07/31 19:49:52.443, 234.42, 250.00, 100, 1260, 1215, 79, P0
2026/07/31 19:49:52.643, 261.66, 250.00, 96, 1275, 1215, 79, P0
2026/07/31 19:49:52.844, 252.54, 250.00, 100, 1275, 1215, 79, P0
2026/07/31 19:49:53.044, 199.08, 250.00, 100, 1395, 1215, 76, P0
2026/07/31 19:49:53.245, 236.38, 250.00, 100, 1410, 1215, 75, P0
2026/07/31 19:49:53.462, 237.86, 250.00, 100, 1410, 1215, 75, P0
2026/07/31 19:49:53.663, 239.75, 250.00, 100, 1410, 1215, 75, P0
2026/07/31 19:49:53.863, 241.03, 250.00, 100, 1410, 1215, 75, P0
2026/07/31 19:49:54.064, 237.73, 250.00, 100, 1410, 1215, 75, P0
2026/07/31 19:49:54.264, 238.35, 250.00, 100, 1410, 1215, 74, P0
2026/07/31 19:49:54.465, 240.24, 250.00, 100, 1410, 1215, 74, P0
2026/07/31 19:49:54.666, 242.30, 250.00, 100, 1410, 1215, 74, P0
2026/07/31 19:49:54.866, 238.40, 250.00, 100, 1410, 1215, 74, P0
2026/07/31 19:49:55.067, 239.62, 250.00, 100, 1410, 1215, 74, P0
2026/07/31 19:49:55.267, 241.35, 250.00, 100, 1410, 1215, 74, P0
2026/07/31 19:49:55.468, 237.53, 250.00, 100, 1410, 1215, 74, P0
2026/07/31 19:49:55.668, 238.64, 250.00, 100, 1410, 1215, 74, P0
2026/07/31 19:49:55.869, 240.26, 250.00, 100, 1410, 1215, 74, P0
2026/07/31 19:49:56.069, 243.01, 250.00, 100, 1410, 1215, 74, P0
2026/07/31 19:49:56.270, 238.38, 250.00, 100, 1410, 1215, 74, P0
2026/07/31 19:49:56.470, 239.74, 250.00, 100, 1410, 1215, 74, P0
2026/07/31 19:49:56.671, 240.49, 250.00, 100, 1410, 1215, 74, P0
2026/07/31 19:49:56.872, 237.63, 250.00, 100, 1410, 1215, 74, P0
2026/07/31 19:49:57.072, 238.62, 250.00, 100, 1410, 1215, 74, P0
2026/07/31 19:49:57.273, 239.96, 250.00, 100, 1410, 1215, 74, P0
2026/07/31 19:49:57.473, 242.58, 250.00, 100, 1410, 1215, 74, P0
2026/07/31 19:49:57.674, 238.58, 250.00, 100, 1410, 1215, 74, P0
2026/07/31 19:49:57.874, 239.87, 250.00, 100, 1410, 1215, 74, P0
2026/07/31 19:49:58.075, 243.23, 250.00, 100, 1410, 1215, 74, P0
2026/07/31 19:49:58.275, 237.85, 250.00, 100, 1410, 1215, 74, P0
2026/07/31 19:49:58.476, 239.36, 250.00, 100, 1410, 1215, 74, P0
2026/07/31 19:49:58.677, 242.00, 250.00, 100, 1410, 1215, 74, P0
2026/07/31 19:49:58.877, 238.14, 250.00, 100, 1410, 1215, 74, P0
2026/07/31 19:49:59.078, 238.69, 250.00, 100, 1410, 1215, 74, P0
2026/07/31 19:49:59.278, 239.88, 250.00, 100, 1410, 1215, 74, P0
2026/07/31 19:49:59.479, 243.51, 250.00, 100, 1410, 1215, 74, P0
2026/07/31 19:49:59.679, 238.61, 250.00, 100, 1410, 1215, 74, P0
2026/07/31 19:49:59.879, 239.40, 250.00, 100, 1410, 1215, 74, P0
2026/07/31 19:50:00.080, 243.78, 250.00, 100, 1410, 1215, 74, P0
2026/07/31 19:50:00.281, 237.83, 250.00, 100, 1410, 1215, 74, P0
2026/07/31 19:50:00.481, 239.83, 250.00, 100, 1410, 1215, 74, P0
2026/07/31 19:50:00.682, 241.38, 250.00, 100, 1410, 1215, 74, P0
2026/07/31 19:50:00.882, 237.82, 250.00, 100, 1410, 1215, 74, P0
2026/07/31 19:50:01.083, 239.12, 250.00, 100, 1410, 1215, 74, P0
2026/07/31 19:50:01.283, 239.80, 250.00, 100, 1410, 1215, 74, P0
2026/07/31 19:50:01.484, 242.29, 250.00, 100, 1410, 1215, 74, P0
2026/07/31 19:50:01.684, 238.73, 250.00, 100, 1410, 1215, 75, P0
2026/07/31 19:50:01.885, 240.36, 250.00, 100, 1410, 1215, 75, P0
2026/07/31 19:50:02.085, 242.32, 250.00, 100, 1410, 1215, 75, P0
2026/07/31 19:50:02.286, 238.43, 250.00, 100, 1410, 1215, 75, P0
2026/07/31 19:50:02.487, 239.99, 250.00, 100, 1410, 1215, 75, P0
2026/07/31 19:50:02.687, 241.62, 250.00, 100, 1410, 1215, 75, P0
2026/07/31 19:50:02.888, 238.50, 250.00, 100, 1410, 1215, 75, P0
2026/07/31 19:50:03.088, 239.06, 250.00, 100, 1410, 1215, 75, P0
2026/07/31 19:50:03.289, 240.06, 250.00, 100, 1410, 1215, 75, P0
2026/07/31 19:50:03.489, 242.33, 250.00, 100, 1410, 1215, 75, P0
2026/07/31 19:50:03.690, 238.88, 250.00, 100, 1410, 1215, 75, P0
2026/07/31 19:50:03.890, 239.78, 250.00, 100, 1410, 1215, 75, P0
2026/07/31 19:50:04.091, 244.08, 250.00, 100, 1410, 1215, 75, P0
2026/07/31 19:50:04.291, 238.47, 250.00, 100, 1410, 1215, 75, P0
2026/07/31 19:50:04.492, 239.10, 250.00, 100, 1410, 1215, 75, P0
2026/07/31 19:50:04.692, 242.91, 250.00, 100, 1410, 1215, 75, P0
2026/07/31 19:50:04.893, 238.11, 250.00, 100, 1410, 1215, 75, P0
2026/07/31 19:50:05.093, 238.56, 250.00, 100, 1410, 1215, 75, P0
2026/07/31 19:50:05.294, 242.16, 250.00, 100, 1410, 1215, 75, P0
2026/07/31 19:50:05.494, 243.72, 250.00, 100, 1410, 1215, 75, P0
2026/07/31 19:50:05.695, 238.24, 250.00, 100, 1410, 1215, 75, P0
2026/07/31 19:50:05.895, 240.61, 250.00, 100, 1410, 1215, 75, P0
2026/07/31 19:50:06.096, 243.65, 250.00, 100, 1410, 1215, 75, P0
2026/07/31 19:50:06.297, 238.97, 250.00, 100, 1410, 1215, 75, P0
2026/07/31 19:50:06.497, 248.25, 250.00, 95, 1260, 1215, 78, P0
2026/07/31 19:50:06.698, 258.31, 250.00, 100, 1275, 1215, 78, P0
2026/07/31 19:50:06.898, 250.17, 250.00, 100, 1260, 1215, 79, P0
2026/07/31 19:50:07.099, 234.27, 250.00, 96, 1245, 1215, 79, P0
2026/07/31 19:50:07.299, 266.85, 250.00, 100, 1305, 1215, 78, P0
2026/07/31 19:50:07.499, 251.20, 250.00, 96, 1275, 1215, 79, P0
2026/07/31 19:50:07.701, 254.80, 250.00, 100, 1275, 1215, 79, P0
2026/07/31 19:50:07.904, 251.52, 250.00, 96, 1260, 1215, 79, P0
2026/07/31 19:50:08.105, 232.00, 250.00, 100, 1380, 1215, 77, P0
2026/07/31 19:50:08.306, 241.31, 250.00, 97, 1410, 1215, 76, P0
2026/07/31 19:50:08.507, 240.56, 250.00, 100, 1410, 1215, 76, P0
2026/07/31 19:50:08.743, 240.25, 250.00, 100, 1410, 1215, 75, P0
2026/07/31 19:50:08.944, 240.14, 250.00, 100, 1410, 1215, 75, P0
2026/07/31 19:50:09.144, 240.46, 250.00, 100, 1410, 1215, 75, P0
2026/07/31 19:50:09.345, 240.13, 250.00, 100, 1410, 1215, 75, P0
2026/07/31 19:50:09.545, 240.63, 250.00, 100, 1410, 1215, 75, P0
2026/07/31 19:50:09.746, 239.91, 250.00, 100, 1410, 1215, 75, P0
2026/07/31 19:50:09.946, 240.80, 250.00, 100, 1410, 1215, 75, P0
2026/07/31 19:50:10.147, 240.45, 250.00, 100, 1410, 1215, 75, P0
2026/07/31 19:50:10.347, 240.80, 250.00, 100, 1410, 1215, 75, P0
2026/07/31 19:50:10.548, 241.02, 250.00, 100, 1410, 1215, 75, P0
2026/07/31 19:50:10.748, 241.49, 250.00, 100, 1410, 1215, 75, P0
2026/07/31 19:50:10.949, 240.93, 250.00, 100, 1410, 1215, 75, P0
2026/07/31 19:50:11.150, 241.68, 250.00, 100, 1410, 1215, 75, P0
2026/07/31 19:50:11.350, 242.02, 250.00, 100, 1410, 1215, 75, P0
2026/07/31 19:50:11.551, 242.38, 250.00, 100, 1410, 1215, 75, P0
2026/07/31 19:50:11.751, 241.79, 250.00, 100, 1410, 1215, 75, P0
2026/07/31 19:50:11.952, 242.36, 250.00, 100, 1410, 1215, 75, P0
2026/07/31 19:50:12.152, 243.83, 250.00, 100, 1410, 1215, 75, P0
2026/07/31 19:50:12.353, 243.21, 250.00, 100, 1410, 1215, 75, P0
2026/07/31 19:50:12.553, 242.36, 250.00, 100, 1410, 1215, 75, P0
2026/07/31 19:50:12.754, 243.45, 250.00, 100, 1410, 1215, 75, P0
2026/07/31 19:50:12.954, 245.51, 250.00, 100, 1410, 1215, 75, P0
2026/07/31 19:50:13.155, 244.86, 250.00, 100, 1410, 1215, 75, P0
2026/07/31 19:50:13.355, 244.57, 250.00, 100, 1410, 1215, 75, P0
2026/07/31 19:50:13.556, 241.99, 250.00, 100, 1410, 1215, 75, P0
2026/07/31 19:50:13.756, 239.78, 250.00, 100, 1410, 1215, 75, P0
2026/07/31 19:50:13.957, 238.94, 250.00, 100, 1410, 1215, 75, P0
2026/07/31 19:50:14.157, 239.45, 250.00, 100, 1410, 1215, 75, P0
2026/07/31 19:50:14.358, 238.85, 250.00, 100, 1410, 1215, 75, P0
2026/07/31 19:50:14.558, 239.48, 250.00, 100, 1410, 1215, 75, P0
2026/07/31 19:50:14.759, 239.36, 250.00, 100, 1410, 1215, 75, P0
2026/07/31 19:50:14.959, 239.37, 250.00, 100, 1410, 1215, 75, P0
2026/07/31 19:50:15.160, 239.61, 250.00, 100, 1410, 1215, 75, P0
2026/07/31 19:50:15.360, 239.54, 250.00, 100, 1410, 1215, 75, P0
2026/07/31 19:50:15.561, 239.82, 250.00, 100, 1410, 1215, 75, P0
2026/07/31 19:50:15.762, 239.39, 250.00, 100, 1410, 1215, 75, P0
2026/07/31 19:50:15.962, 239.93, 250.00, 100, 1410, 1215, 75, P0
2026/07/31 19:50:16.163, 240.40, 250.00, 100, 1410, 1215, 75, P0
2026/07/31 19:50:16.363, 240.71, 250.00, 100, 1410, 1215, 75, P0
2026/07/31 19:50:16.564, 240.65, 250.00, 100, 1410, 1215, 75, P0
2026/07/31 19:50:16.764, 241.10, 250.00, 100, 1410, 1215, 75, P0
2026/07/31 19:50:16.965, 242.28, 250.00, 100, 1410, 1215, 75, P0
2026/07/31 19:50:17.165, 241.88, 250.00, 100, 1410, 1215, 75, P0
2026/07/31 19:50:17.366, 241.91, 250.00, 100, 1410, 1215, 75, P0
2026/07/31 19:50:17.567, 241.81, 250.00, 100, 1410, 1215, 75, P0
2026/07/31 19:50:17.767, 243.16, 250.00, 100, 1410, 1215, 75, P0
2026/07/31 19:50:17.968, 243.34, 250.00, 100, 1410, 1215, 75, P0
2026/07/31 19:50:18.168, 245.31, 250.00, 100, 1410, 1215, 75, P0
2026/07/31 19:50:18.369, 244.88, 250.00, 100, 1410, 1215, 75, P0
2026/07/31 19:50:18.569, 241.52, 250.00, 100, 1410, 1215, 75, P0
2026/07/31 19:50:18.770, 240.56, 250.00, 100, 1410, 1215, 75, P0
2026/07/31 19:50:18.970, 239.58, 250.00, 100, 1410, 1215, 75, P0
2026/07/31 19:50:19.171, 239.02, 250.00, 100, 1410, 1215, 75, P0
2026/07/31 19:50:19.371, 239.00, 250.00, 100, 1410, 1215, 75, P0
2026/07/31 19:50:19.572, 239.90, 250.00, 100, 1410, 1215, 75, P0
2026/07/31 19:50:19.772, 239.73, 250.00, 100, 1410, 1215, 75, P0
2026/07/31 19:50:19.973, 239.94, 250.00, 100, 1410, 1215, 75, P0
2026/07/31 19:50:20.173, 240.05, 250.00, 100, 1410, 1215, 75, P0
2026/07/31 19:50:20.374, 240.12, 250.00, 100, 1410, 1215, 75, P0
2026/07/31 19:50:20.575, 240.12, 250.00, 100, 1410, 1215, 75, P0
2026/07/31 19:50:20.775, 240.51, 250.00, 100, 1410, 1215, 75, P0
2026/07/31 19:50:20.976, 241.34, 250.00, 100, 1410, 1215, 75, P0
2026/07/31 19:50:21.176, 71.34, 250.00, 100, 1410, 1215, 72, P0
2026/07/31 19:50:21.376, 69.44, 250.00, 8, 1410, 1215, 70, P0
2026/07/31 19:50:21.577, 68.60, 250.00, 0, 1410, 1215, 69, P0
2026/07/31 19:50:21.777, 67.94, 250.00, 0, 1410, 1215, 69, P0
2026/07/31 19:50:21.977, 67.55, 250.00, 0, 1410, 1215, 68, P0
2026/07/31 19:50:22.178, 67.33, 250.00, 0, 1410, 1215, 68, P0
2026/07/31 19:50:22.378, 66.97, 250.00, 0, 1410, 1215, 68, P0
2026/07/31 19:50:22.579, 66.78, 250.00, 0, 1410, 1215, 67, P0
2026/07/31 19:50:22.779, 66.60, 250.00, 0, 1410, 1215, 67, P0
2026/07/31 19:50:22.980, 48.01, 250.00, 0, 1140, 1215, 66, P0
2026/07/31 19:50:23.180, 47.81, 250.00, 0, 1140, 1215, 66, P0
2026/07/31 19:50:23.380, 47.62, 250.00, 0, 1140, 1215, 66, P0
2026/07/31 19:50:23.581, 47.57, 250.00, 0, 1140, 1215, 66, P0
2026/07/31 19:50:23.781, 47.41, 250.00, 0, 1140, 1215, 65, P0
2026/07/31 19:50:23.981, 47.23, 250.00, 0, 1140, 1215, 65, P0
2026/07/31 19:50:24.182, 47.15, 250.00, 0, 1140, 1215, 65, P0
2026/07/31 19:50:24.382, 47.20, 250.00, 0, 1140, 1215, 65, P0
2026/07/31 19:50:24.583, 46.97, 250.00, 0, 1140, 1215, 65, P0
2026/07/31 19:50:24.783, 46.90, 250.00, 0, 1140, 1215, 64, P0
2026/07/31 19:50:24.983, 46.98, 250.00, 0, 1140, 1215, 64, P0
2026/07/31 19:50:25.184, 47.05, 250.00, 0, 1140, 1215, 64, P0
2026/07/31 19:50:25.384, 47.08, 250.00, 0, 1140, 1215, 64, P0
2026/07/31 19:50:25.585, 46.86, 250.00, 0, 1140, 1215, 64, P0
2026/07/31 19:50:25.785, 46.87, 250.00, 0, 1140, 1215, 64, P0
2026/07/31 19:50:25.985, 46.75, 250.00, 0, 1140, 1215, 64, P0
2026/07/31 19:50:26.186, 46.65, 250.00, 0, 1140, 1215, 64, P0
2026/07/31 19:50:26.386, 46.55, 250.00, 0, 1140, 1215, 63, P0
2026/07/31 19:50:26.587, 46.43, 250.00, 0, 1140, 1215, 63, P0
2026/07/31 19:50:26.787, 46.46, 250.00, 0, 1140, 1215, 63, P0
2026/07/31 19:50:26.988, 46.33, 250.00, 0, 1140, 1215, 63, P0
2026/07/31 19:50:27.188, 46.25, 250.00, 0, 1140, 1215, 63, P0
2026/07/31 19:50:27.389, 46.06, 250.00, 0, 1140, 1215, 63, P0
2026/07/31 19:50:27.589, 46.08, 250.00, 0, 1140, 1215, 63, P0
2026/07/31 19:50:27.789, 46.02, 250.00, 0, 1140, 1215, 63, P0
2026/07/31 19:50:27.990, 46.27, 250.00, 0, 1140, 1215, 62, P0
2026/07/31 19:50:28.190, 45.78, 250.00, 0, 1140, 1215, 62, P0
2026/07/31 19:50:28.392, 45.81, 250.00, 0, 1140, 1215, 62, P0
2026/07/31 19:50:28.592, 45.73, 250.00, 0, 1140, 1215, 62, P0
2026/07/31 19:50:28.793, 45.67, 250.00, 0, 1140, 1215, 62, P0
2026/07/31 19:50:28.993, 45.57, 250.00, 0, 1140, 1215, 62, P0
2026/07/31 19:50:29.193, 45.29, 250.00, 0, 1140, 1215, 62, P0
2026/07/31 19:50:29.394, 45.41, 250.00, 0, 1140, 1215, 62, P0
2026/07/31 19:50:29.594, 45.27, 250.00, 0, 1140, 1215, 62, P0
2026/07/31 19:50:29.795, 45.19, 250.00, 0, 1140, 1215, 62, P0
2026/07/31 19:50:29.995, 45.38, 250.00, 0, 1140, 1215, 61, P0
2026/07/31 19:50:30.195, 45.78, 250.00, 0, 1140, 1215, 61, P0
2026/07/31 19:50:30.396, 45.10, 250.00, 0, 1140, 1215, 61, P0
2026/07/31 19:50:30.596, 44.99, 250.00, 0, 1140, 1215, 61, P0
2026/07/31 19:50:30.797, 45.00, 250.00, 0, 1140, 1215, 61, P0
2026/07/31 19:50:30.997, 45.00, 250.00, 0, 1140, 1215, 61, P0
2026/07/31 19:50:31.198, 44.87, 250.00, 0, 1140, 1215, 61, P0
2026/07/31 19:50:31.398, 44.78, 250.00, 0, 1140, 1215, 61, P0
2026/07/31 19:50:31.598, 44.81, 250.00, 0, 1140, 1215, 61, P0
2026/07/31 19:50:31.799, 44.65, 250.00, 0, 1140, 1215, 61, P0
2026/07/31 19:50:31.999, 44.72, 250.00, 0, 1140, 1215, 61, P0
2026/07/31 19:50:32.200, 44.49, 250.00, 0, 1140, 1215, 60, P0
2026/07/31 19:50:32.400, 44.49, 250.00, 0, 1140, 1215, 60, P0
2026/07/31 19:50:32.600, 44.53, 250.00, 0, 1140, 1215, 60, P0
2026/07/31 19:50:32.801, 44.45, 250.00, 0, 1140, 1215, 60, P0
2026/07/31 19:50:33.001, 44.53, 250.00, 0, 1140, 1215, 60, P0
2026/07/31 19:50:33.202, 44.42, 250.00, 0, 1140, 1215, 60, P0
2026/07/31 19:50:33.402, 44.32, 250.00, 0, 1140, 1215, 60, P0
2026/07/31 19:50:33.603, 44.19, 250.00, 0, 1140, 1215, 60, P0
2026/07/31 19:50:33.804, 44.29, 250.00, 0, 1140, 1215, 60, P0
2026/07/31 19:50:34.007, 44.21, 250.00, 0, 1140, 1215, 60, P0
2026/07/31 19:50:34.208, 44.20, 250.00, 0, 1140, 1215, 60, P0
2026/07/31 19:50:34.409, 44.12, 250.00, 0, 1140, 1215, 60, P0
2026/07/31 19:50:34.610, 44.02, 250.00, 0, 1140, 1215, 59, P0
2026/07/31 19:50:34.810, 43.89, 250.00, 0, 1140, 1215, 59, P0
2026/07/31 19:50:35.011, 43.89, 250.00, 0, 1140, 1215, 59, P0
2026/07/31 19:50:35.211, 43.80, 250.00, 0, 1140, 1215, 59, P0
2026/07/31 19:50:35.412, 43.74, 250.00, 0, 1140, 1215, 59, P0
2026/07/31 19:50:35.612, 43.73, 250.00, 0, 1140, 1215, 59, P0
2026/07/31 19:50:35.812, 43.74, 250.00, 0, 1140, 1215, 59, P0
2026/07/31 19:50:36.013, 43.71, 250.00, 0, 1140, 1215, 59, P0
2026/07/31 19:50:36.213, 43.61, 250.00, 0, 1140, 1215, 59, P0
2026/07/31 19:50:36.414, 43.65, 250.00, 0, 1140, 1215, 59, P0
2026/07/31 19:50:36.614, 43.65, 250.00, 0, 1140, 1215, 59, P0
2026/07/31 19:50:36.814, 43.55, 250.00, 0, 1140, 1215, 59, P0
2026/07/31 19:50:37.015, 43.52, 250.00, 0, 1140, 1215, 58, P0
2026/07/31 19:50:37.215, 43.55, 250.00, 0, 1140, 1215, 58, P0
2026/07/31 19:50:37.416, 43.32, 250.00, 0, 1140, 1215, 58, P0
2026/07/31 19:50:37.616, 43.41, 250.00, 0, 1140, 1215, 58, P0
2026/07/31 19:50:37.817, 43.32, 250.00, 0, 1140, 1215, 58, P0
2026/07/31 19:50:38.017, 43.41, 250.00, 0, 1140, 1215, 58, P0
2026/07/31 19:50:38.217, 43.29, 250.00, 0, 1140, 1215, 58, P0
2026/07/31 19:50:38.418, 43.25, 250.00, 0, 1140, 1215, 58, P0
2026/07/31 19:50:38.618, 43.30, 250.00, 0, 1140, 1215, 58, P0
2026/07/31 19:50:38.819, 43.12, 250.00, 0, 1140, 1215, 58, P0
2026/07/31 19:50:39.019, 43.21, 250.00, 0, 1140, 1215, 58, P0
2026/07/31 19:50:39.219, 43.10, 250.00, 0, 1140, 1215, 58, P0
2026/07/31 19:50:39.420, 43.15, 250.00, 0, 1140, 1215, 58, P0
2026/07/31 19:50:39.620, 43.08, 250.00, 0, 1140, 1215, 58, P0
2026/07/31 19:50:39.821, 43.06, 250.00, 0, 1140, 1215, 57, P0
2026/07/31 19:50:40.021, 42.94, 250.00, 0, 1140, 1215, 57, P0
2026/07/31 19:50:40.222, 42.96, 250.00, 0, 1140, 1215, 57, P0
2026/07/31 19:50:40.422, 42.98, 250.00, 0, 1140, 1215, 57, P0
2026/07/31 19:50:40.622, 42.89, 250.00, 0, 1140, 1215, 57, P0
2026/07/31 19:50:40.823, 42.94, 250.00, 0, 1140, 1215, 57, P0
2026/07/31 19:50:41.023, 42.84, 250.00, 0, 1140, 1215, 57, P0
2026/07/31 19:50:41.224, 42.79, 250.00, 0, 1140, 1215, 57, P0
2026/07/31 19:50:41.424, 42.68, 250.00, 0, 1140, 1215, 57, P0
2026/07/31 19:50:41.624, 42.73, 250.00, 0, 1140, 1215, 57, P0
2026/07/31 19:50:41.825, 42.75, 250.00, 0, 1140, 1215, 57, P0
2026/07/31 19:50:42.025, 42.65, 250.00, 0, 1140, 1215, 57, P0
2026/07/31 19:50:42.226, 42.65, 250.00, 0, 1140, 1215, 57, P0
2026/07/31 19:50:42.426, 42.52, 250.00, 0, 1140, 1215, 57, P0
2026/07/31 19:50:42.627, 42.55, 250.00, 0, 1140, 1215, 57, P0
2026/07/31 19:50:42.827, 42.55, 250.00, 0, 1140, 1215, 56, P0
2026/07/31 19:50:43.028, 42.43, 250.00, 0, 1140, 1215, 56, P0
2026/07/31 19:50:43.228, 42.55, 250.00, 0, 1140, 1215, 56, P0
2026/07/31 19:50:43.428, 42.37, 250.00, 0, 1140, 1215, 56, P0
2026/07/31 19:50:43.629, 42.48, 250.00, 0, 1140, 1215, 56, P0
2026/07/31 19:50:43.829, 42.50, 250.00, 0, 1140, 1215, 56, P0
2026/07/31 19:50:44.030, 42.54, 250.00, 0, 1140, 1215, 56, P0
2026/07/31 19:50:44.230, 42.55, 250.00, 0, 1140, 1215, 56, P0
2026/07/31 19:50:44.431, 42.56, 250.00, 0, 1140, 1215, 56, P0
2026/07/31 19:50:44.631, 42.55, 250.00, 0, 1140, 1215, 56, P0
2026/07/31 19:50:44.831, 42.55, 250.00, 0, 1140, 1215, 56, P0
2026/07/31 19:50:45.032, 42.47, 250.00, 0, 1140, 1215, 56, P0
2026/07/31 19:50:45.232, 42.39, 250.00, 0, 1140, 1215, 56, P0
2026/07/31 19:50:45.433, 42.44, 250.00, 0, 1140, 1215, 56, P0
2026/07/31 19:50:45.633, 42.25, 250.00, 0, 1140, 1215, 56, P0
2026/07/31 19:50:45.834, 42.26, 250.00, 0, 1140, 1215, 56, P0
2026/07/31 19:50:46.034, 42.24, 250.00, 0, 1140, 1215, 55, P0
2026/07/31 19:50:46.234, 42.24, 250.00, 0, 1140, 1215, 55, P0
2026/07/31 19:50:46.435, 42.15, 250.00, 0, 1140, 1215, 55, P0
2026/07/31 19:50:46.635, 42.05, 250.00, 0, 1140, 1215, 55, P0
2026/07/31 19:50:46.836, 42.05, 250.00, 0, 1140, 1215, 55, P0
2026/07/31 19:50:47.036, 42.04, 250.00, 0, 1140, 1215, 55, P0
2026/07/31 19:50:47.237, 41.97, 250.00, 10, 1140, 1215, 55, P0
2026/07/31 19:50:47.437, 41.97, 250.00, 0, 1140, 1215, 55, P0
2026/07/31 19:50:47.637, 41.98, 250.00, 0, 1140, 1215, 55, P0
2026/07/31 19:50:47.838, 41.97, 250.00, 0, 1140, 1215, 55, P0
2026/07/31 19:50:48.038, 41.87, 250.00, 0, 1140, 1215, 55, P0
2026/07/31 19:50:48.239, 247.72, 250.00, 55, 1290, 1215, 62, P0
2026/07/31 19:50:48.439, 246.62, 250.00, 100, 1305, 1215, 64, P0
2026/07/31 19:50:48.639, 253.63, 250.00, 96, 1290, 1215, 65, P0
2026/07/31 19:50:48.840, 258.61, 250.00, 100, 1290, 1215, 66, P0
2026/07/31 19:50:49.040, 262.04, 250.00, 96, 1290, 1215, 66, P0
2026/07/31 19:50:49.241, 256.77, 250.00, 100, 1290, 1215, 67, P0
2026/07/31 19:50:49.441, 261.89, 250.00, 96, 1290, 1215, 67, P0
2026/07/31 19:50:49.642, 251.75, 250.00, 100, 1275, 1215, 67, P0
2026/07/31 19:50:49.842, 168.80, 250.00, 100, 1305, 1215, 67, P0
2026/07/31 19:50:50.043, 240.73, 250.00, 95, 1290, 1215, 68, P0
2026/07/31 19:50:50.244, 241.41, 250.00, 100, 1335, 1215, 67, P0
2026/07/31 19:50:50.444, 251.81, 250.00, 96, 1305, 1215, 68, P0
2026/07/31 19:50:50.645, 256.02, 250.00, 100, 1275, 1215, 68, P0
2026/07/31 19:50:50.845, 222.51, 250.00, 100, 1410, 1215, 65, P0
2026/07/31 19:50:51.046, 231.89, 250.00, 100, 1410, 1215, 64, P0
2026/07/31 19:50:51.246, 225.91, 250.00, 100, 1410, 1215, 64, P0
2026/07/31 19:50:51.447, 227.60, 250.00, 100, 1410, 1215, 64, P0
2026/07/31 19:50:51.647, 229.26, 250.00, 100, 1410, 1215, 64, P0
2026/07/31 19:50:51.848, 226.13, 250.00, 100, 1410, 1215, 64, P0
2026/07/31 19:50:52.048, 226.16, 250.00, 100, 1410, 1215, 64, P0
2026/07/31 19:50:52.249, 228.13, 250.00, 100, 1410, 1215, 64, P0
2026/07/31 19:50:52.449, 230.47, 250.00, 100, 1410, 1215, 64, P0
2026/07/31 19:50:52.650, 226.42, 250.00, 100, 1410, 1215, 64, P0
2026/07/31 19:50:52.851, 227.53, 250.00, 100, 1410, 1215, 64, P0
2026/07/31 19:50:53.051, 229.18, 250.00, 100, 1410, 1215, 64, P0
2026/07/31 19:50:53.252, 226.62, 250.00, 100, 1410, 1215, 64, P0
2026/07/31 19:50:53.452, 226.71, 250.00, 100, 1410, 1215, 64, P0
2026/07/31 19:50:53.653, 228.57, 250.00, 100, 1410, 1215, 64, P0
2026/07/31 19:50:53.853, 232.06, 250.00, 100, 1410, 1215, 64, P0
2026/07/31 19:50:54.054, 226.85, 250.00, 100, 1410, 1215, 65, P0
2026/07/31 19:50:54.254, 227.96, 250.00, 100, 1410, 1215, 65, P0
2026/07/31 19:50:54.455, 231.26, 250.00, 100, 1410, 1215, 65, P0
2026/07/31 19:50:54.655, 226.41, 250.00, 100, 1410, 1215, 65, P0
2026/07/31 19:50:54.856, 228.45, 250.00, 100, 1410, 1215, 65, P0
2026/07/31 19:50:55.056, 230.16, 250.00, 100, 1410, 1215, 65, P0
2026/07/31 19:50:55.257, 228.48, 250.00, 100, 1410, 1215, 65, P0
2026/07/31 19:50:55.457, 228.30, 250.00, 100, 1410, 1215, 65, P0
2026/07/31 19:50:55.658, 228.84, 250.00, 100, 1410, 1215, 65, P0
2026/07/31 19:50:55.858, 233.76, 250.00, 100, 1410, 1215, 65, P0
2026/07/31 19:50:56.059, 227.00, 250.00, 100, 1410, 1215, 65, P0
2026/07/31 19:50:56.259, 229.59, 250.00, 100, 1410, 1215, 65, P0
2026/07/31 19:50:56.460, 229.93, 250.00, 100, 1410, 1215, 65, P0
2026/07/31 19:50:56.661, 227.77, 250.00, 100, 1410, 1215, 65, P0
2026/07/31 19:50:56.861, 227.82, 250.00, 100, 1410, 1215, 65, P0
2026/07/31 19:50:57.062, 231.24, 250.00, 100, 1410, 1215, 65, P0
2026/07/31 19:50:57.262, 229.93, 250.00, 100, 1410, 1215, 65, P0
2026/07/31 19:50:57.463, 227.90, 250.00, 100, 1410, 1215, 65, P0
2026/07/31 19:50:57.663, 230.19, 250.00, 100, 1410, 1215, 65, P0
2026/07/31 19:50:57.864, 232.29, 250.00, 100, 1410, 1215, 65, P0
2026/07/31 19:50:58.064, 228.15, 250.00, 100, 1410, 1215, 65, P0
2026/07/31 19:50:58.265, 228.50, 250.00, 100, 1410, 1215, 66, P0
2026/07/31 19:50:58.466, 231.19, 250.00, 100, 1410, 1215, 66, P0
2026/07/31 19:50:58.666, 227.51, 250.00, 100, 1410, 1215, 66, P0
2026/07/31 19:50:58.867, 228.75, 250.00, 100, 1410, 1215, 66, P0
2026/07/31 19:50:59.067, 230.08, 250.00, 100, 1410, 1215, 66, P0
2026/07/31 19:50:59.268, 231.90, 250.00, 100, 1410, 1215, 66, P0
2026/07/31 19:50:59.468, 228.57, 250.00, 100, 1410, 1215, 66, P0
2026/07/31 19:50:59.669, 230.37, 250.00, 100, 1410, 1215, 66, P0
2026/07/31 19:50:59.869, 233.06, 250.00, 100, 1410, 1215, 66, P0
2026/07/31 19:51:00.070, 228.24, 250.00, 100, 1410, 1215, 66, P0
2026/07/31 19:51:00.270, 229.19, 250.00, 100, 1410, 1215, 66, P0
2026/07/31 19:51:00.471, 231.92, 250.00, 100, 1410, 1215, 66, P0
2026/07/31 19:51:00.671, 235.06, 250.00, 100, 1410, 1215, 66, P0
2026/07/31 19:51:00.872, 228.26, 250.00, 100, 1410, 1215, 66, P0
2026/07/31 19:51:01.072, 229.26, 250.00, 100, 1410, 1215, 66, P0
2026/07/31 19:51:01.273, 232.08, 250.00, 100, 1410, 1215, 66, P0
2026/07/31 19:51:01.473, 228.73, 250.00, 100, 1410, 1215, 66, P0
2026/07/31 19:51:01.674, 230.08, 250.00, 100, 1410, 1215, 66, P0
2026/07/31 19:51:01.874, 231.65, 250.00, 100, 1410, 1215, 66, P0
2026/07/31 19:51:02.075, 228.59, 250.00, 100, 1410, 1215, 66, P0
2026/07/31 19:51:02.275, 229.17, 250.00, 100, 1410, 1215, 66, P0
2026/07/31 19:51:02.476, 229.98, 250.00, 100, 1410, 1215, 66, P0
2026/07/31 19:51:02.677, 235.77, 250.00, 100, 1410, 1215, 66, P0
2026/07/31 19:51:02.877, 229.48, 250.00, 100, 1410, 1215, 66, P0
2026/07/31 19:51:03.078, 230.26, 250.00, 100, 1410, 1215, 67, P0
2026/07/31 19:51:03.278, 234.39, 250.00, 100, 1410, 1215, 67, P0
2026/07/31 19:51:03.479, 228.89, 250.00, 100, 1410, 1215, 67, P0
2026/07/31 19:51:03.679, 229.78, 250.00, 100, 1410, 1215, 67, P0
2026/07/31 19:51:03.880, 233.43, 250.00, 100, 1410, 1215, 67, P0
2026/07/31 19:51:04.080, 229.37, 250.00, 100, 1410, 1215, 67, P0
2026/07/31 19:51:04.281, 230.32, 250.00, 100, 1410, 1215, 67, P0
2026/07/31 19:51:04.481, 232.03, 250.00, 100, 1410, 1215, 67, P0
2026/07/31 19:51:04.682, 228.76, 250.00, 100, 1410, 1215, 67, P0
2026/07/31 19:51:04.882, 229.76, 250.00, 100, 1410, 1215, 67, P0
2026/07/31 19:51:05.083, 231.75, 250.00, 100, 1410, 1215, 67, P0
2026/07/31 19:51:05.283, 235.49, 250.00, 100, 1410, 1215, 67, P0
2026/07/31 19:51:05.484, 229.87, 250.00, 100, 1410, 1215, 67, P0
2026/07/31 19:51:05.684, 231.40, 250.00, 100, 1410, 1215, 67, P0
2026/07/31 19:51:05.885, 233.07, 250.00, 100, 1410, 1215, 67, P0
2026/07/31 19:51:06.085, 229.99, 250.00, 100, 1410, 1215, 67, P0
2026/07/31 19:51:06.286, 230.97, 250.00, 100, 1410, 1215, 67, P0
2026/07/31 19:51:06.486, 231.88, 250.00, 100, 1410, 1215, 67, P0
2026/07/31 19:51:06.687, 229.42, 250.00, 100, 1410, 1215, 67, P0
2026/07/31 19:51:06.887, 229.98, 250.00, 100, 1410, 1215, 67, P0
2026/07/31 19:51:07.088, 232.51, 250.00, 100, 1410, 1215, 67, P0
2026/07/31 19:51:07.288, 229.93, 250.00, 100, 1410, 1215, 67, P0
2026/07/31 19:51:07.489, 230.16, 250.00, 100, 1410, 1215, 67, P0
2026/07/31 19:51:07.689, 233.38, 250.00, 100, 1410, 1215, 67, P0
2026/07/31 19:51:07.890, 233.64, 250.00, 100, 1410, 1215, 67, P0
2026/07/31 19:51:08.091, 230.57, 250.00, 100, 1410, 1215, 67, P0
2026/07/31 19:51:08.291, 231.55, 250.00, 100, 1410, 1215, 67, P0
2026/07/31 19:51:08.491, 234.49, 250.00, 100, 1410, 1215, 67, P0
2026/07/31 19:51:08.692, 230.54, 250.00, 100, 1410, 1215, 67, P0
2026/07/31 19:51:08.893, 231.95, 250.00, 100, 1410, 1215, 68, P0
2026/07/31 19:51:09.093, 234.93, 250.00, 100, 1410, 1215, 68, P0
2026/07/31 19:51:09.294, 229.77, 250.00, 100, 1410, 1215, 68, P0
2026/07/31 19:51:09.494, 231.70, 250.00, 100, 1410, 1215, 68, P0
2026/07/31 19:51:09.695, 233.37, 250.00, 100, 1410, 1215, 68, P0
2026/07/31 19:51:09.895, 230.28, 250.00, 100, 1410, 1215, 68, P0
2026/07/31 19:51:10.096, 230.69, 250.00, 100, 1410, 1215, 68, P0
2026/07/31 19:51:10.296, 233.11, 250.00, 100, 1410, 1215, 68, P0
2026/07/31 19:51:10.497, 230.25, 250.00, 100, 1410, 1215, 68, P0
2026/07/31 19:51:10.697, 231.13, 250.00, 100, 1410, 1215, 68, P0
2026/07/31 19:51:10.898, 232.40, 250.00, 100, 1410, 1215, 68, P0
2026/07/31 19:51:11.098, 231.21, 250.00, 100, 1410, 1215, 68, P0
2026/07/31 19:51:11.299, 230.98, 250.00, 100, 1410, 1215, 68, P0
2026/07/31 19:51:11.499, 232.33, 250.00, 100, 1410, 1215, 68, P0
2026/07/31 19:51:11.700, 234.74, 250.00, 100, 1410, 1215, 68, P0
2026/07/31 19:51:11.900, 230.39, 250.00, 100, 1410, 1215, 68, P0
2026/07/31 19:51:12.101, 231.84, 250.00, 100, 1410, 1215, 68, P0
2026/07/31 19:51:12.301, 234.86, 250.00, 100, 1410, 1215, 68, P0
2026/07/31 19:51:12.502, 230.46, 250.00, 100, 1410, 1215, 68, P0
2026/07/31 19:51:12.702, 231.98, 250.00, 100, 1410, 1215, 68, P0
2026/07/31 19:51:12.903, 236.28, 250.00, 100, 1410, 1215, 68, P0
2026/07/31 19:51:13.103, 231.05, 250.00, 100, 1410, 1215, 68, P0
2026/07/31 19:51:13.304, 231.89, 250.00, 100, 1410, 1215, 68, P0
2026/07/31 19:51:13.504, 234.66, 250.00, 100, 1410, 1215, 68, P0
2026/07/31 19:51:13.705, 231.17, 250.00, 100, 1410, 1215, 68, P0
2026/07/31 19:51:13.906, 233.29, 250.00, 100, 1410, 1215, 68, P0
2026/07/31 19:51:14.106, 236.51, 250.00, 100, 1410, 1215, 68, P0
2026/07/31 19:51:14.306, 231.71, 250.00, 100, 1410, 1215, 68, P0
2026/07/31 19:51:14.507, 231.89, 250.00, 100, 1410, 1215, 68, P0
2026/07/31 19:51:14.707, 236.31, 250.00, 100, 1410, 1215, 68, P0
2026/07/31 19:51:14.908, 230.96, 250.00, 100, 1410, 1215, 68, P0
2026/07/31 19:51:15.108, 232.81, 250.00, 100, 1410, 1215, 68, P0
2026/07/31 19:51:15.311, 235.74, 250.00, 100, 1410, 1215, 68, P0
2026/07/31 19:51:15.514, 232.28, 250.00, 100, 1410, 1215, 69, P0
2026/07/31 19:51:15.716, 233.40, 250.00, 100, 1410, 1215, 69, P0
2026/07/31 19:51:15.916, 230.87, 250.00, 100, 1410, 1215, 69, P0
2026/07/31 19:51:16.117, 231.67, 250.00, 100, 1410, 1215, 69, P0
2026/07/31 19:51:16.318, 234.43, 250.00, 100, 1410, 1215, 69, P0
2026/07/31 19:51:16.518, 230.91, 250.00, 100, 1410, 1215, 69, P0
2026/07/31 19:51:16.719, 232.60, 250.00, 100, 1410, 1215, 69, P0
2026/07/31 19:51:16.919, 234.47, 250.00, 100, 1410, 1215, 69, P0
2026/07/31 19:51:17.120, 231.21, 250.00, 100, 1410, 1215, 69, P0
2026/07/31 19:51:17.321, 232.52, 250.00, 100, 1410, 1215, 69, P0
2026/07/31 19:51:17.521, 158.29, 250.00, 100, 1305, 1215, 69, P0
2026/07/31 19:51:17.734, 249.68, 250.00, 94, 1290, 1215, 73, P0
2026/07/31 19:51:17.934, 266.06, 250.00, 100, 1290, 1215, 73, P0
2026/07/31 19:51:18.135, 248.56, 250.00, 95, 1275, 1215, 74, P0
2026/07/31 19:51:18.335, 238.79, 250.00, 100, 1290, 1215, 72, P0
2026/07/31 19:51:18.536, 247.05, 250.00, 100, 1275, 1215, 74, P0
2026/07/31 19:51:18.736, 201.17, 250.00, 96, 1275, 1215, 73, P0
2026/07/31 19:51:18.937, 250.67, 250.00, 100, 1290, 1215, 74, P0
2026/07/31 19:51:19.137, 250.73, 250.00, 97, 1290, 1215, 74, P0
2026/07/31 19:51:19.337, 252.44, 250.00, 100, 1260, 1215, 74, P0
2026/07/31 19:51:19.538, 245.85, 250.00, 97, 1275, 1215, 74, P0
2026/07/31 19:51:19.738, 244.69, 250.00, 100, 1275, 1215, 74, P0
2026/07/31 19:51:19.939, 255.51, 250.00, 97, 1290, 1215, 74, P0
2026/07/31 19:51:20.139, 252.65, 250.00, 100, 1395, 1215, 72, P0
2026/07/31 19:51:20.340, 234.98, 250.00, 100, 1410, 1215, 70, P0
2026/07/31 19:51:20.540, 232.50, 250.00, 100, 1410, 1215, 70, P0
2026/07/31 19:51:20.741, 233.31, 250.00, 100, 1410, 1215, 70, P0
2026/07/31 19:51:20.942, 234.47, 250.00, 100, 1410, 1215, 70, P0
2026/07/31 19:51:21.142, 237.84, 250.00, 100, 1410, 1215, 70, P0
2026/07/31 19:51:21.343, 231.75, 250.00, 100, 1410, 1215, 70, P0
2026/07/31 19:51:21.558, 233.56, 250.00, 100, 1410, 1215, 70, P0
2026/07/31 19:51:21.759, 234.52, 250.00, 100, 1410, 1215, 70, P0
2026/07/31 19:51:21.959, 234.79, 250.00, 100, 1410, 1215, 70, P0
2026/07/31 19:51:22.160, 232.60, 250.00, 100, 1410, 1215, 70, P0
2026/07/31 19:51:22.360, 233.59, 250.00, 100, 1410, 1215, 70, P0
2026/07/31 19:51:22.561, 236.12, 250.00, 100, 1410, 1215, 70, P0
2026/07/31 19:51:22.761, 232.51, 250.00, 100, 1410, 1215, 70, P0
2026/07/31 19:51:22.962, 233.27, 250.00, 100, 1410, 1215, 70, P0
2026/07/31 19:51:23.162, 235.42, 250.00, 100, 1410, 1215, 70, P0
2026/07/31 19:51:23.363, 239.13, 250.00, 100, 1410, 1215, 70, P0
2026/07/31 19:51:23.563, 232.21, 250.00, 100, 1410, 1215, 70, P0
2026/07/31 19:51:23.764, 234.10, 250.00, 100, 1410, 1215, 70, P0
2026/07/31 19:51:23.964, 236.87, 250.00, 100, 1410, 1215, 70, P0
2026/07/31 19:51:24.165, 232.39, 250.00, 100, 1410, 1215, 70, P0
2026/07/31 19:51:24.366, 233.89, 250.00, 100, 1410, 1215, 70, P0
2026/07/31 19:51:24.566, 236.40, 250.00, 100, 1410, 1215, 70, P0
2026/07/31 19:51:24.767, 232.61, 250.00, 100, 1410, 1215, 70, P0
2026/07/31 19:51:24.967, 233.12, 250.00, 100, 1410, 1215, 70, P0
2026/07/31 19:51:25.168, 235.41, 250.00, 100, 1410, 1215, 70, P0
2026/07/31 19:51:25.368, 238.22, 250.00, 100, 1410, 1215, 70, P0
2026/07/31 19:51:25.569, 233.37, 250.00, 100, 1410, 1215, 70, P0
2026/07/31 19:51:25.769, 234.56, 250.00, 100, 1410, 1215, 70, P0
2026/07/31 19:51:25.970, 237.90, 250.00, 100, 1410, 1215, 70, P0
2026/07/31 19:51:26.170, 232.51, 250.00, 100, 1410, 1215, 70, P0
2026/07/31 19:51:26.371, 233.11, 250.00, 100, 1410, 1215, 70, P0
2026/07/31 19:51:26.571, 236.07, 250.00, 100, 1410, 1215, 70, P0
2026/07/31 19:51:26.772, 232.20, 250.00, 100, 1410, 1215, 70, P0
2026/07/31 19:51:26.973, 233.80, 250.00, 100, 1410, 1215, 70, P0
2026/07/31 19:51:27.173, 234.71, 250.00, 100, 1410, 1215, 70, P0
2026/07/31 19:51:27.374, 235.04, 250.00, 100, 1410, 1215, 70, P0
2026/07/31 19:51:27.574, 233.45, 250.00, 100, 1410, 1215, 70, P0
2026/07/31 19:51:27.775, 235.49, 250.00, 100, 1410, 1215, 70, P0
2026/07/31 19:51:27.975, 238.07, 250.00, 100, 1410, 1215, 70, P0
2026/07/31 19:51:28.176, 233.04, 250.00, 100, 1410, 1215, 70, P0
2026/07/31 19:51:28.376, 234.30, 250.00, 100, 1410, 1215, 70, P0
2026/07/31 19:51:28.577, 235.55, 250.00, 100, 1410, 1215, 70, P0
2026/07/31 19:51:28.777, 233.37, 250.00, 100, 1410, 1215, 70, P0
2026/07/31 19:51:28.978, 234.44, 250.00, 100, 1410, 1215, 70, P0
2026/07/31 19:51:29.178, 235.85, 250.00, 100, 1410, 1215, 70, P0
2026/07/31 19:51:29.379, 234.28, 250.00, 100, 1410, 1215, 70, P0
2026/07/31 19:51:29.579, 233.31, 250.00, 100, 1410, 1215, 70, P0
2026/07/31 19:51:29.780, 235.57, 250.00, 100, 1410, 1215, 70, P0
2026/07/31 19:51:29.980, 237.76, 250.00, 100, 1410, 1215, 70, P0
2026/07/31 19:51:30.181, 233.74, 250.00, 100, 1410, 1215, 70, P0
2026/07/31 19:51:30.381, 234.80, 250.00, 100, 1410, 1215, 70, P0
2026/07/31 19:51:30.582, 236.11, 250.00, 100, 1410, 1215, 70, P0
2026/07/31 19:51:30.783, 233.79, 250.00, 100, 1410, 1215, 70, P0
2026/07/31 19:51:30.985, 233.97, 250.00, 100, 1410, 1215, 70, P0
2026/07/31 19:51:31.185, 237.38, 250.00, 100, 1410, 1215, 71, P0
2026/07/31 19:51:31.386, 233.18, 250.00, 100, 1410, 1215, 71, P0
2026/07/31 19:51:31.587, 234.23, 250.00, 100, 1410, 1215, 71, P0
2026/07/31 19:51:31.787, 237.12, 250.00, 100, 1410, 1215, 71, P0
2026/07/31 19:51:31.988, 238.42, 250.00, 100, 1410, 1215, 71, P0
2026/07/31 19:51:32.188, 233.52, 250.00, 100, 1410, 1215, 71, P0
2026/07/31 19:51:32.389, 235.60, 250.00, 100, 1410, 1215, 71, P0
2026/07/31 19:51:32.589, 237.82, 250.00, 100, 1410, 1215, 71, P0
2026/07/31 19:51:32.790, 233.36, 250.00, 100, 1410, 1215, 71, P0
2026/07/31 19:51:32.991, 234.32, 250.00, 100, 1410, 1215, 71, P0
2026/07/31 19:51:33.191, 238.37, 250.00, 100, 1410, 1215, 71, P0
2026/07/31 19:51:33.392, 233.69, 250.00, 100, 1410, 1215, 71, P0
2026/07/31 19:51:33.592, 235.04, 250.00, 100, 1410, 1215, 71, P0
2026/07/31 19:51:33.793, 235.81, 250.00, 100, 1410, 1215, 71, P0
2026/07/31 19:51:33.993, 232.72, 250.00, 100, 1410, 1215, 71, P0
2026/07/31 19:51:34.194, 234.52, 250.00, 100, 1410, 1215, 71, P0
2026/07/31 19:51:34.394, 236.54, 250.00, 100, 1410, 1215, 71, P0
2026/07/31 19:51:34.595, 235.42, 250.00, 100, 1410, 1215, 71, P0
2026/07/31 19:51:34.795, 234.61, 250.00, 100, 1410, 1215, 71, P0
2026/07/31 19:51:34.996, 236.35, 250.00, 100, 1410, 1215, 71, P0
2026/07/31 19:51:35.196, 239.57, 250.00, 100, 1410, 1215, 71, P0
2026/07/31 19:51:35.397, 234.22, 250.00, 100, 1410, 1215, 71, P0
2026/07/31 19:51:35.597, 235.78, 250.00, 100, 1410, 1215, 71, P0
2026/07/31 19:51:35.798, 238.56, 250.00, 100, 1410, 1215, 71, P0
2026/07/31 19:51:35.998, 233.44, 250.00, 100, 1410, 1215, 71, P0
2026/07/31 19:51:36.199, 235.32, 250.00, 100, 1410, 1215, 71, P0
2026/07/31 19:51:36.400, 236.70, 250.00, 100, 1410, 1215, 71, P0
2026/07/31 19:51:36.600, 233.88, 250.00, 100, 1410, 1215, 71, P0
2026/07/31 19:51:36.801, 234.50, 250.00, 100, 1410, 1215, 71, P0
2026/07/31 19:51:37.001, 237.65, 250.00, 100, 1410, 1215, 71, P0
2026/07/31 19:51:37.202, 234.43, 250.00, 100, 1410, 1215, 71, P0
2026/07/31 19:51:37.402, 234.71, 250.00, 100, 1410, 1215, 71, P0
2026/07/31 19:51:37.603, 238.17, 250.00, 100, 1410, 1215, 71, P0
2026/07/31 19:51:37.803, 234.91, 250.00, 100, 1410, 1215, 71, P0
2026/07/31 19:51:38.004, 234.47, 250.00, 100, 1410, 1215, 71, P0
2026/07/31 19:51:38.204, 235.32, 250.00, 100, 1410, 1215, 71, P0
2026/07/31 19:51:38.405, 237.62, 250.00, 100, 1410, 1215, 71, P0
2026/07/31 19:51:38.606, 233.99, 250.00, 100, 1410, 1215, 71, P0
2026/07/31 19:51:38.806, 234.87, 250.00, 100, 1410, 1215, 71, P0
2026/07/31 19:51:39.007, 237.06, 250.00, 100, 1410, 1215, 71, P0
2026/07/31 19:51:39.207, 233.85, 250.00, 100, 1410, 1215, 71, P0
2026/07/31 19:51:39.408, 235.10, 250.00, 100, 1410, 1215, 71, P0
2026/07/31 19:51:39.608, 236.70, 250.00, 100, 1410, 1215, 71, P0
2026/07/31 19:51:39.809, 241.13, 250.00, 100, 1410, 1215, 71, P0
2026/07/31 19:51:40.009, 234.40, 250.00, 100, 1410, 1215, 71, P0
2026/07/31 19:51:40.210, 235.81, 250.00, 100, 1410, 1215, 71, P0
2026/07/31 19:51:40.410, 238.60, 250.00, 100, 1410, 1215, 71, P0
2026/07/31 19:51:40.611, 234.85, 250.00, 100, 1410, 1215, 71, P0
2026/07/31 19:51:40.811, 236.28, 250.00, 100, 1410, 1215, 71, P0
2026/07/31 19:51:41.012, 240.46, 250.00, 100, 1410, 1215, 71, P0
2026/07/31 19:51:41.213, 234.47, 250.00, 100, 1410, 1215, 71, P0
2026/07/31 19:51:41.415, 236.19, 250.00, 100, 1410, 1215, 71, P0
2026/07/31 19:51:41.618, 237.91, 250.00, 100, 1410, 1215, 71, P0
2026/07/31 19:51:41.820, 235.24, 250.00, 100, 1410, 1215, 71, P0
2026/07/31 19:51:42.020, 236.55, 250.00, 100, 1410, 1215, 72, P0
2026/07/31 19:51:42.222, 238.80, 250.00, 100, 1410, 1215, 72, P0
2026/07/31 19:51:42.423, 235.62, 250.00, 100, 1410, 1215, 72, P0
2026/07/31 19:51:42.623, 235.64, 250.00, 100, 1410, 1215, 72, P0
2026/07/31 19:51:42.824, 240.11, 250.00, 100, 1410, 1215, 72, P0
2026/07/31 19:51:43.024, 234.54, 250.00, 100, 1410, 1215, 72, P0
2026/07/31 19:51:43.225, 236.09, 250.00, 100, 1410, 1215, 72, P0
2026/07/31 19:51:43.425, 240.05, 250.00, 100, 1410, 1215, 72, P0
2026/07/31 19:51:43.626, 234.72, 250.00, 100, 1410, 1215, 72, P0
2026/07/31 19:51:43.826, 237.18, 250.00, 100, 1410, 1215, 72, P0
2026/07/31 19:51:44.027, 240.70, 250.00, 100, 1410, 1215, 72, P0
2026/07/31 19:51:44.227, 235.43, 250.00, 100, 1410, 1215, 72, P0
2026/07/31 19:51:44.428, 237.05, 250.00, 100, 1410, 1215, 72, P0
2026/07/31 19:51:44.629, 240.17, 250.00, 100, 1410, 1215, 72, P0
2026/07/31 19:51:44.829, 235.24, 250.00, 100, 1410, 1215, 72, P0
2026/07/31 19:51:45.030, 237.52, 250.00, 100, 1410, 1215, 72, P0
2026/07/31 19:51:45.230, 240.64, 250.00, 100, 1410, 1215, 72, P0
2026/07/31 19:51:45.431, 235.92, 250.00, 100, 1410, 1215, 72, P0
2026/07/31 19:51:45.631, 236.01, 250.00, 100, 1410, 1215, 72, P0
2026/07/31 19:51:45.832, 240.34, 250.00, 100, 1410, 1215, 72, P0
2026/07/31 19:51:46.032, 234.91, 250.00, 100, 1410, 1215, 72, P0
2026/07/31 19:51:46.233, 236.50, 250.00, 100, 1410, 1215, 72, P0
2026/07/31 19:51:46.433, 239.42, 250.00, 100, 1410, 1215, 72, P0
2026/07/31 19:51:46.634, 235.20, 250.00, 100, 1410, 1215, 72, P0
2026/07/31 19:51:46.835, 237.31, 250.00, 100, 1410, 1215, 72, P0
2026/07/31 19:51:47.035, 284.98, 250.00, 100, 1275, 1215, 75, P0
2026/07/31 19:51:47.282, 249.96, 250.00, 100, 1275, 1215, 76, P0
2026/07/31 19:51:47.483, 260.33, 250.00, 100, 1290, 1215, 76, P0
2026/07/31 19:51:47.683, 232.38, 250.00, 97, 1245, 1215, 76, P0
2026/07/31 19:51:47.884, 254.13, 250.00, 100, 1275, 1215, 76, P0
2026/07/31 19:51:48.084, 251.21, 250.00, 96, 1275, 1215, 77, P0
2026/07/31 19:51:48.285, 268.67, 250.00, 100, 1290, 1215, 77, P0
2026/07/31 19:51:48.485, 245.04, 250.00, 96, 1275, 1215, 77, P0
2026/07/31 19:51:48.686, 169.16, 250.00, 100, 1275, 1215, 76, P0
2026/07/31 19:51:48.886, 240.82, 250.00, 96, 1275, 1215, 76, P0
2026/07/31 19:51:49.087, 249.41, 250.00, 100, 1260, 1215, 76, P0
2026/07/31 19:51:49.287, 256.61, 250.00, 97, 1290, 1215, 77, P0
2026/07/31 19:51:49.488, 246.53, 250.00, 100, 1290, 1215, 77, P0
2026/07/31 19:51:49.688, 229.95, 250.00, 100, 1410, 1215, 74, P0
2026/07/31 19:51:49.889, 241.07, 250.00, 100, 1410, 1215, 73, P0
2026/07/31 19:51:50.089, 238.02, 250.00, 100, 1410, 1215, 73, P0
2026/07/31 19:51:50.290, 239.94, 250.00, 100, 1410, 1215, 73, P0
2026/07/31 19:51:50.490, 242.26, 250.00, 100, 1410, 1215, 73, P0
2026/07/31 19:51:50.691, 238.34, 250.00, 100, 1410, 1215, 73, P0
2026/07/31 19:51:50.892, 239.36, 250.00, 100, 1410, 1215, 73, P0
2026/07/31 19:51:51.092, 241.26, 250.00, 100, 1410, 1215, 73, P0
2026/07/31 19:51:51.293, 244.44, 250.00, 100, 1410, 1215, 73, P0
2026/07/31 19:51:51.493, 238.66, 250.00, 100, 1410, 1215, 73, P0
2026/07/31 19:51:51.694, 239.62, 250.00, 100, 1410, 1215, 73, P0
2026/07/31 19:51:51.894, 241.06, 250.00, 100, 1410, 1215, 73, P0
2026/07/31 19:51:52.095, 238.12, 250.00, 100, 1410, 1215, 73, P0
2026/07/31 19:51:52.296, 239.30, 250.00, 100, 1410, 1215, 73, P0
2026/07/31 19:51:52.496, 241.88, 250.00, 100, 1410, 1215, 73, P0
2026/07/31 19:51:52.697, 244.31, 250.00, 100, 1410, 1215, 73, P0
2026/07/31 19:51:52.897, 238.81, 250.00, 100, 1410, 1215, 73, P0
2026/07/31 19:51:53.098, 240.06, 250.00, 100, 1410, 1215, 73, P0
2026/07/31 19:51:53.298, 243.33, 250.00, 100, 1410, 1215, 73, P0
2026/07/31 19:51:53.499, 238.22, 250.00, 100, 1410, 1215, 73, P0
2026/07/31 19:51:53.699, 238.83, 250.00, 100, 1410, 1215, 73, P0
2026/07/31 19:51:53.900, 241.29, 250.00, 100, 1410, 1215, 73, P0
2026/07/31 19:51:54.100, 244.19, 250.00, 100, 1410, 1215, 73, P0
2026/07/31 19:51:54.301, 238.53, 250.00, 100, 1410, 1215, 73, P0
2026/07/31 19:51:54.501, 240.20, 250.00, 100, 1410, 1215, 73, P0
2026/07/31 19:51:54.702, 241.64, 250.00, 100, 1410, 1215, 73, P0
2026/07/31 19:51:54.902, 240.59, 250.00, 100, 1410, 1215, 73, P0
2026/07/31 19:51:55.103, 238.67, 250.00, 100, 1410, 1215, 73, P0
2026/07/31 19:51:55.304, 241.57, 250.00, 100, 1410, 1215, 73, P0
2026/07/31 19:51:55.504, 244.67, 250.00, 100, 1410, 1215, 73, P0
2026/07/31 19:51:55.705, 238.81, 250.00, 100, 1410, 1215, 73, P0
2026/07/31 19:51:55.905, 240.73, 250.00, 100, 1410, 1215, 73, P0
2026/07/31 19:51:56.106, 241.91, 250.00, 100, 1410, 1215, 73, P0
2026/07/31 19:51:56.306, 238.88, 250.00, 100, 1410, 1215, 73, P0
2026/07/31 19:51:56.507, 240.04, 250.00, 100, 1410, 1215, 73, P0
2026/07/31 19:51:56.707, 241.49, 250.00, 100, 1410, 1215, 73, P0
2026/07/31 19:51:56.908, 238.81, 250.00, 100, 1410, 1215, 73, P0
2026/07/31 19:51:57.109, 239.59, 250.00, 100, 1410, 1215, 73, P0
2026/07/31 19:51:57.309, 241.69, 250.00, 100, 1410, 1215, 73, P0
2026/07/31 19:51:57.510, 241.52, 250.00, 100, 1410, 1215, 73, P0
2026/07/31 19:51:57.710, 240.05, 250.00, 100, 1410, 1215, 73, P0
2026/07/31 19:51:57.911, 241.60, 250.00, 100, 1410, 1215, 73, P0
2026/07/31 19:51:58.111, 243.79, 250.00, 100, 1410, 1215, 73, P0
2026/07/31 19:51:58.312, 239.51, 250.00, 100, 1410, 1215, 73, P0
2026/07/31 19:51:58.512, 240.73, 250.00, 100, 1410, 1215, 73, P0
2026/07/31 19:51:58.713, 243.23, 250.00, 100, 1410, 1215, 73, P0
2026/07/31 19:51:58.913, 239.17, 250.00, 100, 1410, 1215, 73, P0
2026/07/31 19:51:59.114, 240.33, 250.00, 100, 1410, 1215, 73, P0
2026/07/31 19:51:59.314, 242.92, 250.00, 100, 1410, 1215, 73, P0
2026/07/31 19:51:59.515, 238.80, 250.00, 100, 1410, 1215, 73, P0
2026/07/31 19:51:59.716, 240.58, 250.00, 100, 1410, 1215, 73, P0
2026/07/31 19:51:59.923, 243.81, 250.00, 100, 1410, 1215, 73, P0
2026/07/31 19:52:00.124, 239.38, 250.00, 100, 1410, 1215, 73, P0
2026/07/31 19:52:00.324, 241.12, 250.00, 100, 1410, 1215, 73, P0
2026/07/31 19:52:00.525, 243.13, 250.00, 100, 1410, 1215, 73, P0
2026/07/31 19:52:00.725, 238.98, 250.00, 100, 1410, 1215, 73, P0
2026/07/31 19:52:00.926, 240.35, 250.00, 100, 1410, 1215, 73, P0
2026/07/31 19:52:01.126, 242.21, 250.00, 100, 1410, 1215, 73, P0
2026/07/31 19:52:01.327, 239.11, 250.00, 100, 1410, 1215, 73, P0
2026/07/31 19:52:01.528, 239.79, 250.00, 100, 1410, 1215, 73, P0
2026/07/31 19:52:01.728, 242.06, 250.00, 100, 1410, 1215, 73, P0
2026/07/31 19:52:01.929, 245.42, 250.00, 100, 1410, 1215, 73, P0
2026/07/31 19:52:02.129, 239.26, 250.00, 100, 1410, 1215, 73, P0
2026/07/31 19:52:02.330, 241.43, 250.00, 100, 1410, 1215, 73, P0
2026/07/31 19:52:02.530, 245.36, 250.00, 100, 1410, 1215, 73, P0
2026/07/31 19:52:02.731, 239.86, 250.00, 100, 1410, 1215, 73, P0
2026/07/31 19:52:02.931, 240.63, 250.00, 100, 1410, 1215, 73, P0
2026/07/31 19:52:03.132, 241.88, 250.00, 100, 1410, 1215, 73, P0
2026/07/31 19:52:03.332, 239.07, 250.00, 100, 1410, 1215, 73, P0
2026/07/31 19:52:03.533, 241.08, 250.00, 100, 1410, 1215, 73, P0
2026/07/31 19:52:03.734, 243.30, 250.00, 100, 1410, 1215, 73, P0
2026/07/31 19:52:03.934, 238.87, 250.00, 100, 1410, 1215, 73, P0
2026/07/31 19:52:04.135, 240.44, 250.00, 100, 1410, 1215, 73, P0
2026/07/31 19:52:04.335, 241.98, 250.00, 100, 1410, 1215, 73, P0
2026/07/31 19:52:04.536, 241.60, 250.00, 100, 1410, 1215, 73, P0
2026/07/31 19:52:04.736, 239.70, 250.00, 100, 1410, 1215, 73, P0
2026/07/31 19:52:04.937, 241.55, 250.00, 100, 1410, 1215, 73, P0
2026/07/31 19:52:05.137, 243.55, 250.00, 100, 1410, 1215, 73, P0
2026/07/31 19:52:05.338, 240.36, 250.00, 100, 1410, 1215, 73, P0
2026/07/31 19:52:05.538, 242.26, 250.00, 100, 1410, 1215, 74, P0
2026/07/31 19:52:05.739, 245.43, 250.00, 100, 1410, 1215, 74, P0
2026/07/31 19:52:05.939, 239.93, 250.00, 100, 1410, 1215, 74, P0
2026/07/31 19:52:06.140, 242.03, 250.00, 100, 1410, 1215, 74, P0
2026/07/31 19:52:06.340, 243.67, 250.00, 100, 1410, 1215, 74, P0
2026/07/31 19:52:06.541, 239.58, 250.00, 100, 1410, 1215, 74, P0
2026/07/31 19:52:06.742, 240.98, 250.00, 100, 1410, 1215, 74, P0
2026/07/31 19:52:06.942, 244.73, 250.00, 100, 1410, 1215, 74, P0
2026/07/31 19:52:07.143, 240.00, 250.00, 100, 1410, 1215, 74, P0
2026/07/31 19:52:07.343, 241.55, 250.00, 100, 1410, 1215, 74, P0
2026/07/31 19:52:07.544, 242.64, 250.00, 100, 1410, 1215, 74, P0
2026/07/31 19:52:07.744, 239.62, 250.00, 100, 1410, 1215, 74, P0
2026/07/31 19:52:07.945, 240.74, 250.00, 100, 1410, 1215, 74, P0
2026/07/31 19:52:08.145, 244.54, 250.00, 100, 1410, 1215, 74, P0
2026/07/31 19:52:08.346, 239.52, 250.00, 100, 1410, 1215, 74, P0
2026/07/31 19:52:08.546, 239.99, 250.00, 100, 1410, 1215, 74, P0
2026/07/31 19:52:08.747, 242.13, 250.00, 100, 1410, 1215, 74, P0
2026/07/31 19:52:08.948, 239.70, 250.00, 100, 1410, 1215, 74, P0
2026/07/31 19:52:09.148, 240.65, 250.00, 100, 1410, 1215, 74, P0
2026/07/31 19:52:09.349, 242.96, 250.00, 100, 1410, 1215, 74, P0
2026/07/31 19:52:09.549, 238.85, 250.00, 100, 1410, 1215, 74, P0
2026/07/31 19:52:09.750, 240.35, 250.00, 100, 1410, 1215, 74, P0
2026/07/31 19:52:09.950, 243.64, 250.00, 100, 1410, 1215, 74, P0
2026/07/31 19:52:10.151, 242.38, 250.00, 100, 1410, 1215, 74, P0
2026/07/31 19:52:10.351, 240.42, 250.00, 100, 1410, 1215, 74, P0
2026/07/31 19:52:10.552, 243.24, 250.00, 100, 1410, 1215, 74, P0
2026/07/31 19:52:10.752, 243.02, 250.00, 100, 1410, 1215, 74, P0
2026/07/31 19:52:10.953, 240.49, 250.00, 100, 1410, 1215, 74, P0
2026/07/31 19:52:11.153, 242.11, 250.00, 100, 1410, 1215, 74, P0
2026/07/31 19:52:11.354, 246.86, 250.00, 100, 1410, 1215, 74, P0
2026/07/31 19:52:11.554, 240.26, 250.00, 100, 1410, 1215, 74, P0
2026/07/31 19:52:11.755, 242.84, 250.00, 100, 1410, 1215, 74, P0
2026/07/31 19:52:11.956, 245.59, 250.00, 100, 1410, 1215, 74, P0
2026/07/31 19:52:12.156, 240.38, 250.00, 100, 1410, 1215, 74, P0
2026/07/31 19:52:12.357, 242.65, 250.00, 100, 1410, 1215, 74, P0
2026/07/31 19:52:12.557, 244.14, 250.00, 100, 1410, 1215, 74, P0
2026/07/31 19:52:12.758, 240.63, 250.00, 100, 1410, 1215, 74, P0
2026/07/31 19:52:12.959, 241.39, 250.00, 100, 1410, 1215, 74, P0
2026/07/31 19:52:13.159, 245.62, 250.00, 100, 1410, 1215, 74, P0
2026/07/31 19:52:13.360, 239.97, 250.00, 100, 1410, 1215, 74, P0
2026/07/31 19:52:13.560, 240.95, 250.00, 100, 1410, 1215, 74, P0
2026/07/31 19:52:13.761, 244.12, 250.00, 100, 1410, 1215, 74, P0
2026/07/31 19:52:13.961, 239.83, 250.00, 100, 1410, 1215, 74, P0
2026/07/31 19:52:14.162, 241.46, 250.00, 100, 1410, 1215, 74, P0
2026/07/31 19:52:14.363, 243.54, 250.00, 100, 1410, 1215, 74, P0
2026/07/31 19:52:14.563, 245.16, 250.00, 100, 1410, 1215, 74, P0
2026/07/31 19:52:14.764, 240.50, 250.00, 100, 1410, 1215, 74, P0
2026/07/31 19:52:14.964, 242.24, 250.00, 100, 1410, 1215, 74, P0
2026/07/31 19:52:15.165, 244.75, 250.00, 100, 1410, 1215, 74, P0
2026/07/31 19:52:15.365, 240.95, 250.00, 100, 1410, 1215, 74, P0
2026/07/31 19:52:15.566, 242.11, 250.00, 100, 1410, 1215, 74, P0
2026/07/31 19:52:15.766, 242.53, 250.00, 100, 1410, 1215, 74, P0
2026/07/31 19:52:15.967, 241.06, 250.00, 100, 1410, 1215, 74, P0
2026/07/31 19:52:16.167, 243.72, 250.00, 100, 1410, 1215, 74, P0
2026/07/31 19:52:16.368, 242.39, 250.00, 100, 1260, 1215, 77, P0
2026/07/31 19:52:16.568, 252.25, 250.00, 94, 1260, 1215, 78, P0
2026/07/31 19:52:16.769, 257.47, 250.00, 100, 1290, 1215, 78, P0
2026/07/31 19:52:16.969, 257.62, 250.00, 96, 1260, 1215, 78, P0
2026/07/31 19:52:17.170, 240.87, 250.00, 100, 1245, 1215, 78, P0
2026/07/31 19:52:17.370, 246.05, 250.00, 96, 1260, 1215, 78, P0
2026/07/31 19:52:17.571, 244.37, 250.00, 100, 1260, 1215, 78, P0
2026/07/31 19:52:17.771, 261.20, 250.00, 96, 1275, 1215, 79, P0
2026/07/31 19:52:17.972, 251.96, 250.00, 100, 1275, 1215, 79, P0
2026/07/31 19:52:18.172, 260.02, 250.00, 100, 1260, 1215, 79, P0
2026/07/31 19:52:18.372, 258.61, 250.00, 96, 1260, 1215, 79, P0
2026/07/31 19:52:18.573, 236.51, 250.00, 100, 1290, 1215, 78, P0
2026/07/31 19:52:18.773, 248.08, 250.00, 97, 1275, 1215, 79, P0
2026/07/31 19:52:18.974, 251.21, 250.00, 100, 1290, 1215, 78, P0
2026/07/31 19:52:19.174, 232.11, 250.00, 100, 1410, 1215, 75, P0
2026/07/31 19:52:19.375, 242.07, 250.00, 100, 1410, 1215, 75, P0
2026/07/31 19:52:19.575, 241.87, 250.00, 100, 1410, 1215, 75, P0
2026/07/31 19:52:19.776, 246.79, 250.00, 100, 1410, 1215, 75, P0
2026/07/31 19:52:19.976, 241.51, 250.00, 100, 1410, 1215, 75, P0
2026/07/31 19:52:20.177, 242.38, 250.00, 100, 1410, 1215, 75, P0
2026/07/31 19:52:20.377, 245.52, 250.00, 100, 1410, 1215, 75, P0
2026/07/31 19:52:20.578, 240.50, 250.00, 100, 1410, 1215, 75, P0
2026/07/31 19:52:20.778, 242.79, 250.00, 100, 1410, 1215, 75, P0
2026/07/31 19:52:20.979, 244.96, 250.00, 100, 1410, 1215, 75, P0
2026/07/31 19:52:21.179, 240.85, 250.00, 100, 1410, 1215, 75, P0
2026/07/31 19:52:21.380, 241.53, 250.00, 100, 1410, 1215, 75, P0
2026/07/31 19:52:21.580, 242.33, 250.00, 100, 1410, 1215, 75, P0
2026/07/31 19:52:21.781, 246.61, 250.00, 100, 1410, 1215, 74, P0
2026/07/31 19:52:21.981, 241.43, 250.00, 100, 1410, 1215, 75, P0
2026/07/31 19:52:22.182, 242.42, 250.00, 100, 1410, 1215, 75, P0
2026/07/31 19:52:22.382, 245.35, 250.00, 100, 1410, 1215, 75, P0
2026/07/31 19:52:22.583, 240.56, 250.00, 100, 1410, 1215, 75, P0
2026/07/31 19:52:22.784, 242.33, 250.00, 100, 1410, 1215, 75, P0
2026/07/31 19:52:22.984, 243.97, 250.00, 100, 1410, 1215, 75, P0
2026/07/31 19:52:23.185, 240.88, 250.00, 100, 1410, 1215, 75, P0
2026/07/31 19:52:23.385, 241.21, 250.00, 100, 1410, 1215, 75, P0
2026/07/31 19:52:23.586, 243.53, 250.00, 100, 1410, 1215, 75, P0
2026/07/31 19:52:23.786, 247.51, 250.00, 100, 1410, 1215, 75, P0
2026/07/31 19:52:23.987, 241.72, 250.00, 100, 1410, 1215, 75, P0
2026/07/31 19:52:24.188, 242.66, 250.00, 100, 1410, 1215, 75, P0
2026/07/31 19:52:24.388, 246.12, 250.00, 100, 1410, 1215, 75, P0
2026/07/31 19:52:24.589, 240.97, 250.00, 100, 1410, 1215, 75, P0
2026/07/31 19:52:24.789, 242.20, 250.00, 100, 1410, 1215, 75, P0
2026/07/31 19:52:24.990, 244.66, 250.00, 100, 1410, 1215, 75, P0
2026/07/31 19:52:25.190, 240.58, 250.00, 100, 1410, 1215, 75, P0
2026/07/31 19:52:25.391, 241.23, 250.00, 100, 1410, 1215, 75, P0
2026/07/31 19:52:25.591, 245.05, 250.00, 100, 1410, 1215, 75, P0
2026/07/31 19:52:25.792, 243.51, 250.00, 100, 1410, 1215, 75, P0
2026/07/31 19:52:25.992, 242.11, 250.00, 100, 1410, 1215, 75, P0
2026/07/31 19:52:26.193, 243.11, 250.00, 100, 1410, 1215, 75, P0
2026/07/31 19:52:26.393, 246.14, 250.00, 100, 1410, 1215, 75, P0
2026/07/31 19:52:26.594, 241.55, 250.00, 100, 1410, 1215, 75, P0
2026/07/31 19:52:26.794, 242.31, 250.00, 100, 1410, 1215, 75, P0
2026/07/31 19:52:26.995, 245.17, 250.00, 100, 1410, 1215, 75, P0
2026/07/31 19:52:27.196, 241.28, 250.00, 100, 1410, 1215, 75, P0
2026/07/31 19:52:27.396, 242.36, 250.00, 100, 1410, 1215, 75, P0
2026/07/31 19:52:27.597, 243.98, 250.00, 100, 1410, 1215, 75, P0
2026/07/31 19:52:27.797, 241.37, 250.00, 100, 1410, 1215, 75, P0
2026/07/31 19:52:27.998, 241.60, 250.00, 100, 1410, 1215, 75, P0
2026/07/31 19:52:28.198, 243.06, 250.00, 100, 1410, 1215, 75, P0
2026/07/31 19:52:28.399, 246.99, 250.00, 100, 1410, 1215, 75, P0
2026/07/31 19:52:28.599, 241.06, 250.00, 100, 1410, 1215, 75, P0
2026/07/31 19:52:28.800, 243.35, 250.00, 100, 1410, 1215, 75, P0
2026/07/31 19:52:29.000, 246.40, 250.00, 100, 1410, 1215, 75, P0
2026/07/31 19:52:29.201, 241.60, 250.00, 100, 1410, 1215, 75, P0
2026/07/31 19:52:29.402, 242.85, 250.00, 100, 1410, 1215, 75, P0
2026/07/31 19:52:29.602, 243.91, 250.00, 100, 1410, 1215, 75, P0
2026/07/31 19:52:29.803, 242.00, 250.00, 100, 1410, 1215, 75, P0
2026/07/31 19:52:30.003, 242.53, 250.00, 100, 1410, 1215, 75, P0
2026/07/31 19:52:30.204, 244.03, 250.00, 100, 1410, 1215, 75, P0
2026/07/31 19:52:30.404, 242.37, 250.00, 100, 1410, 1215, 75, P0
2026/07/31 19:52:30.605, 242.23, 250.00, 100, 1410, 1215, 75, P0
2026/07/31 19:52:30.805, 243.51, 250.00, 100, 1410, 1215, 75, P0
2026/07/31 19:52:31.006, 248.01, 250.00, 100, 1410, 1215, 75, P0
2026/07/31 19:52:31.206, 242.15, 250.00, 100, 1410, 1215, 75, P0
2026/07/31 19:52:31.407, 242.53, 250.00, 100, 1410, 1215, 75, P0
2026/07/31 19:52:31.608, 245.88, 250.00, 100, 1410, 1215, 75, P0
2026/07/31 19:52:31.808, 241.16, 250.00, 100, 1410, 1215, 75, P0
2026/07/31 19:52:32.009, 241.98, 250.00, 100, 1410, 1215, 75, P0
2026/07/31 19:52:32.209, 244.42, 250.00, 100, 1410, 1215, 75, P0
2026/07/31 19:52:32.410, 246.50, 250.00, 100, 1410, 1215, 75, P0
2026/07/31 19:52:32.610, 241.62, 250.00, 100, 1410, 1215, 75, P0
2026/07/31 19:52:32.811, 243.30, 250.00, 100, 1410, 1215, 75, P0
2026/07/31 19:52:33.012, 245.02, 250.00, 100, 1410, 1215, 75, P0
2026/07/31 19:52:33.212, 241.43, 250.00, 100, 1410, 1215, 75, P0
2026/07/31 19:52:33.413, 243.06, 250.00, 100, 1410, 1215, 75, P0
2026/07/31 19:52:33.613, 243.99, 250.00, 100, 1410, 1215, 75, P0
2026/07/31 19:52:33.814, 241.01, 250.00, 100, 1410, 1215, 75, P0
2026/07/31 19:52:34.014, 242.36, 250.00, 100, 1410, 1215, 75, P0
2026/07/31 19:52:34.215, 244.57, 250.00, 100, 1410, 1215, 75, P0
2026/07/31 19:52:34.415, 245.30, 250.00, 100, 1410, 1215, 75, P0
2026/07/31 19:52:34.616, 242.91, 250.00, 100, 1410, 1215, 75, P0
2026/07/31 19:52:34.816, 243.42, 250.00, 100, 1410, 1215, 75, P0
2026/07/31 19:52:35.017, 246.55, 250.00, 100, 1410, 1215, 75, P0
2026/07/31 19:52:35.217, 242.62, 250.00, 100, 1410, 1215, 75, P0
2026/07/31 19:52:35.418, 243.16, 250.00, 100, 1410, 1215, 75, P0
2026/07/31 19:52:35.618, 246.22, 250.00, 100, 1410, 1215, 75, P0
2026/07/31 19:52:35.819, 241.47, 250.00, 100, 1410, 1215, 75, P0
2026/07/31 19:52:36.020, 243.29, 250.00, 100, 1410, 1215, 75, P0
2026/07/31 19:52:36.220, 244.70, 250.00, 100, 1410, 1215, 75, P0
2026/07/31 19:52:36.421, 241.66, 250.00, 100, 1410, 1215, 75, P0
2026/07/31 19:52:36.623, 242.57, 250.00, 100, 1410, 1215, 75, P0
2026/07/31 19:52:36.826, 246.13, 250.00, 100, 1410, 1215, 75, P0
2026/07/31 19:52:37.028, 241.63, 250.00, 100, 1410, 1215, 75, P0
2026/07/31 19:52:37.229, 243.13, 250.00, 100, 1410, 1215, 75, P0
2026/07/31 19:52:37.430, 245.95, 250.00, 100, 1410, 1215, 75, P0
2026/07/31 19:52:37.631, 241.85, 250.00, 100, 1410, 1215, 75, P0
2026/07/31 19:52:37.831, 243.11, 250.00, 100, 1410, 1215, 75, P0
2026/07/31 19:52:38.032, 244.91, 250.00, 100, 1410, 1215, 75, P0
2026/07/31 19:52:38.232, 242.26, 250.00, 100, 1410, 1215, 75, P0
2026/07/31 19:52:38.433, 242.45, 250.00, 100, 1410, 1215, 75, P0
2026/07/31 19:52:38.633, 244.49, 250.00, 100, 1410, 1215, 75, P0
2026/07/31 19:52:38.834, 241.74, 250.00, 100, 1410, 1215, 75, P0
2026/07/31 19:52:39.035, 243.27, 250.00, 100, 1410, 1215, 75, P0
2026/07/31 19:52:39.235, 245.17, 250.00, 100, 1410, 1215, 75, P0
2026/07/31 19:52:39.436, 242.61, 250.00, 100, 1410, 1215, 75, P0
2026/07/31 19:52:39.636, 243.24, 250.00, 100, 1410, 1215, 75, P0
2026/07/31 19:52:39.837, 244.79, 250.00, 100, 1410, 1215, 75, P0
2026/07/31 19:52:40.037, 241.53, 250.00, 100, 1410, 1215, 75, P0
2026/07/31 19:52:40.238, 242.47, 250.00, 100, 1410, 1215, 75, P0
2026/07/31 19:52:40.439, 243.85, 250.00, 100, 1410, 1215, 75, P0
2026/07/31 19:52:40.639, 244.88, 250.00, 100, 1410, 1215, 75, P0
2026/07/31 19:52:40.840, 242.66, 250.00, 100, 1410, 1215, 75, P0
2026/07/31 19:52:41.041, 244.22, 250.00, 100, 1410, 1215, 75, P0
2026/07/31 19:52:41.241, 248.91, 250.00, 100, 1410, 1215, 75, P0
2026/07/31 19:52:41.442, 242.70, 250.00, 100, 1410, 1215, 75, P0
2026/07/31 19:52:41.642, 245.07, 250.00, 100, 1410, 1215, 75, P0
2026/07/31 19:52:41.843, 248.24, 250.00, 100, 1410, 1215, 75, P0
2026/07/31 19:52:42.043, 242.93, 250.00, 100, 1410, 1215, 75, P0
2026/07/31 19:52:42.244, 244.29, 250.00, 100, 1410, 1215, 75, P0
2026/07/31 19:52:42.444, 248.98, 250.00, 100, 1410, 1215, 75, P0
2026/07/31 19:52:42.645, 242.72, 250.00, 100, 1410, 1215, 75, P0
2026/07/31 19:52:42.846, 245.12, 250.00, 100, 1410, 1215, 75, P0
2026/07/31 19:52:43.046, 246.71, 250.00, 100, 1410, 1215, 75, P0
2026/07/31 19:52:43.247, 242.89, 250.00, 100, 1410, 1215, 75, P0
2026/07/31 19:52:43.447, 243.29, 250.00, 100, 1410, 1215, 75, P0
2026/07/31 19:52:43.648, 248.70, 250.00, 100, 1410, 1215, 75, P0
2026/07/31 19:52:43.848, 242.27, 250.00, 100, 1410, 1215, 75, P0
2026/07/31 19:52:44.049, 243.93, 250.00, 100, 1410, 1215, 75, P0
2026/07/31 19:52:44.249, 246.43, 250.00, 100, 1410, 1215, 75, P0
2026/07/31 19:52:44.450, 242.85, 250.00, 100, 1410, 1215, 75, P0
2026/07/31 19:52:44.650, 244.76, 250.00, 100, 1410, 1215, 75, P0
2026/07/31 19:52:44.851, 247.03, 250.00, 100, 1410, 1215, 75, P0
2026/07/31 19:52:45.051, 242.86, 250.00, 100, 1410, 1215, 75, P0
2026/07/31 19:52:45.252, 243.44, 250.00, 100, 1410, 1215, 75, P0
2026/07/31 19:52:45.453, 248.66, 250.00, 100, 1410, 1215, 75, P0
2026/07/31 19:52:45.653, 242.24, 250.00, 100, 1410, 1215, 75, P0
2026/07/31 19:52:45.854, 249.11, 250.00, 95, 1260, 1215, 78, P0
2026/07/31 19:52:46.054, 260.60, 250.00, 100, 1245, 1215, 79, P0
2026/07/31 19:52:46.254, 254.85, 250.00, 96, 1275, 1215, 79, P0
2026/07/31 19:52:46.455, 246.59, 250.00, 100, 1260, 1215, 79, P0
2026/07/31 19:52:46.656, 239.65, 250.00, 100, 1290, 1215, 79, P0
2026/07/31 19:52:46.856, 247.01, 250.00, 96, 1260, 1215, 79, P0
2026/07/31 19:52:47.056, 254.26, 250.00, 100, 1320, 1215, 80, P0
2026/07/31 19:52:47.257, 256.79, 250.00, 97, 1275, 1215, 80, P0
2026/07/31 19:52:47.457, 248.23, 250.00, 100, 1260, 1215, 80, P0
2026/07/31 19:52:47.658, 251.97, 250.00, 96, 1260, 1215, 80, P0
2026/07/31 19:52:47.858, 252.50, 250.00, 100, 1260, 1215, 80, P0
2026/07/31 19:52:48.059, 259.97, 250.00, 96, 1275, 1215, 80, P0
2026/07/31 19:52:48.259, 249.97, 250.00, 100, 1260, 1215, 80, P0
2026/07/31 19:52:48.460, 251.50, 250.00, 100, 1380, 1215, 78, P0
2026/07/31 19:52:48.660, 239.31, 250.00, 100, 1410, 1215, 76, P0
2026/07/31 19:52:48.861, 247.57, 250.00, 100, 1410, 1215, 76, P0
2026/07/31 19:52:49.062, 246.06, 250.00, 100, 1410, 1215, 76, P0
2026/07/31 19:52:49.262, 243.01, 250.00, 100, 1410, 1215, 76, P0
2026/07/31 19:52:49.463, 244.36, 250.00, 100, 1410, 1215, 76, P0
2026/07/31 19:52:49.663, 245.95, 250.00, 100, 1410, 1215, 76, P0
2026/07/31 19:52:49.864, 242.39, 250.00, 100, 1410, 1215, 76, P0
2026/07/31 19:52:50.064, 242.66, 250.00, 100, 1410, 1215, 76, P0
2026/07/31 19:52:50.265, 244.94, 250.00, 100, 1410, 1215, 76, P0
2026/07/31 19:52:50.465, 245.05, 250.00, 100, 1410, 1215, 76, P0
2026/07/31 19:52:50.666, 242.83, 250.00, 100, 1410, 1215, 76, P0
2026/07/31 19:52:50.867, 244.23, 250.00, 100, 1410, 1215, 76, P0
2026/07/31 19:52:51.067, 246.69, 250.00, 100, 1410, 1215, 76, P0
2026/07/31 19:52:51.268, 242.42, 250.00, 100, 1410, 1215, 76, P0
2026/07/31 19:52:51.468, 244.03, 250.00, 100, 1410, 1215, 76, P0
2026/07/31 19:52:51.669, 245.26, 250.00, 100, 1410, 1215, 76, P0
2026/07/31 19:52:51.869, 244.21, 250.00, 100, 1410, 1215, 76, P0
2026/07/31 19:52:52.070, 242.96, 250.00, 100, 1410, 1215, 76, P0
2026/07/31 19:52:52.270, 244.34, 250.00, 100, 1410, 1215, 76, P0
2026/07/31 19:52:52.471, 247.81, 250.00, 100, 1410, 1215, 76, P0
2026/07/31 19:52:52.671, 242.20, 250.00, 100, 1410, 1215, 76, P0
2026/07/31 19:52:52.872, 243.44, 250.00, 100, 1410, 1215, 76, P0
2026/07/31 19:52:53.073, 246.13, 250.00, 100, 1410, 1215, 76, P0
2026/07/31 19:52:53.273, 242.81, 250.00, 100, 1410, 1215, 76, P0
2026/07/31 19:52:53.474, 243.05, 250.00, 100, 1410, 1215, 76, P0
2026/07/31 19:52:53.674, 245.42, 250.00, 100, 1410, 1215, 76, P0
2026/07/31 19:52:53.875, 246.76, 250.00, 100, 1410, 1215, 76, P0
2026/07/31 19:52:54.075, 242.38, 250.00, 100, 1410, 1215, 76, P0
2026/07/31 19:52:54.276, 245.02, 250.00, 100, 1410, 1215, 76, P0
2026/07/31 19:52:54.477, 245.96, 250.00, 100, 1410, 1215, 76, P0
2026/07/31 19:52:54.677, 243.36, 250.00, 100, 1410, 1215, 76, P0
2026/07/31 19:52:54.878, 242.97, 250.00, 100, 1410, 1215, 76, P0
2026/07/31 19:52:55.078, 245.99, 250.00, 100, 1410, 1215, 76, P0
2026/07/31 19:52:55.279, 242.38, 250.00, 100, 1410, 1215, 76, P0
2026/07/31 19:52:55.479, 243.62, 250.00, 100, 1410, 1215, 76, P0
2026/07/31 19:52:55.680, 245.26, 250.00, 100, 1410, 1215, 76, P0
2026/07/31 19:52:55.880, 248.15, 250.00, 100, 1410, 1215, 76, P0
2026/07/31 19:52:56.081, 242.97, 250.00, 100, 1410, 1215, 76, P0
2026/07/31 19:52:56.282, 245.08, 250.00, 100, 1410, 1215, 76, P0
2026/07/31 19:52:56.482, 247.22, 250.00, 100, 1410, 1215, 76, P0
2026/07/31 19:52:56.683, 243.04, 250.00, 100, 1410, 1215, 76, P0
2026/07/31 19:52:56.883, 243.50, 250.00, 100, 1410, 1215, 76, P0
2026/07/31 19:52:57.084, 246.26, 250.00, 100, 1410, 1215, 76, P0
2026/07/31 19:52:57.284, 242.92, 250.00, 100, 1410, 1215, 76, P0
2026/07/31 19:52:57.485, 244.26, 250.00, 100, 1410, 1215, 76, P0
2026/07/31 19:52:57.685, 245.40, 250.00, 100, 1410, 1215, 76, P0
2026/07/31 19:52:57.886, 243.51, 250.00, 100, 1410, 1215, 76, P0
2026/07/31 19:52:58.086, 243.32, 250.00, 100, 1410, 1215, 76, P0
2026/07/31 19:52:58.287, 245.40, 250.00, 100, 1410, 1215, 76, P0
2026/07/31 19:52:58.487, 248.13, 250.00, 100, 1410, 1215, 76, P0
2026/07/31 19:52:58.688, 243.12, 250.00, 100, 1410, 1215, 76, P0
2026/07/31 19:52:58.888, 244.67, 250.00, 100, 1410, 1215, 76, P0
2026/07/31 19:52:59.089, 245.87, 250.00, 100, 1410, 1215, 76, P0
2026/07/31 19:52:59.289, 243.45, 250.00, 100, 1410, 1215, 76, P0
2026/07/31 19:52:59.490, 243.64, 250.00, 100, 1410, 1215, 76, P0
2026/07/31 19:52:59.690, 246.88, 250.00, 100, 1410, 1215, 76, P0
2026/07/31 19:52:59.891, 243.18, 250.00, 100, 1410, 1215, 76, P0
2026/07/31 19:53:00.091, 243.74, 250.00, 100, 1410, 1215, 76, P0
2026/07/31 19:53:00.292, 246.12, 250.00, 100, 1410, 1215, 76, P0
2026/07/31 19:53:00.492, 248.73, 250.00, 100, 1410, 1215, 76, P0
2026/07/31 19:53:00.693, 243.37, 250.00, 100, 1410, 1215, 76, P0
2026/07/31 19:53:00.893, 244.99, 250.00, 100, 1410, 1215, 76, P0
2026/07/31 19:53:01.094, 247.10, 250.00, 100, 1410, 1215, 76, P0
2026/07/31 19:53:01.294, 243.28, 250.00, 100, 1410, 1215, 76, P0
2026/07/31 19:53:01.495, 244.27, 250.00, 100, 1410, 1215, 76, P0
2026/07/31 19:53:01.695, 246.82, 250.00, 100, 1410, 1215, 76, P0
2026/07/31 19:53:01.896, 243.09, 250.00, 100, 1410, 1215, 76, P0
2026/07/31 19:53:02.096, 244.74, 250.00, 100, 1410, 1215, 76, P0
2026/07/31 19:53:02.297, 247.07, 250.00, 100, 1410, 1215, 76, P0
2026/07/31 19:53:02.497, 242.64, 250.00, 100, 1410, 1215, 76, P0
2026/07/31 19:53:02.698, 244.01, 250.00, 100, 1410, 1215, 76, P0
2026/07/31 19:53:02.898, 245.55, 250.00, 100, 1410, 1215, 76, P0
2026/07/31 19:53:03.099, 242.71, 250.00, 100, 1410, 1215, 76, P0
2026/07/31 19:53:03.300, 243.52, 250.00, 100, 1410, 1215, 76, P0
2026/07/31 19:53:03.500, 246.24, 250.00, 100, 1410, 1215, 76, P0
2026/07/31 19:53:03.701, 247.48, 250.00, 100, 1410, 1215, 76, P0
2026/07/31 19:53:03.901, 243.42, 250.00, 100, 1410, 1215, 76, P0
2026/07/31 19:53:04.102, 245.65, 250.00, 100, 1410, 1215, 76, P0
2026/07/31 19:53:04.302, 247.69, 250.00, 100, 1410, 1215, 76, P0
2026/07/31 19:53:04.503, 242.68, 250.00, 100, 1410, 1215, 76, P0
2026/07/31 19:53:04.703, 244.69, 250.00, 100, 1410, 1215, 76, P0
2026/07/31 19:53:04.904, 246.43, 250.00, 100, 1410, 1215, 76, P0
2026/07/31 19:53:05.105, 243.28, 250.00, 100, 1410, 1215, 76, P0
2026/07/31 19:53:05.305, 245.46, 250.00, 100, 1410, 1215, 76, P0
2026/07/31 19:53:05.506, 247.38, 250.00, 100, 1410, 1215, 76, P0
2026/07/31 19:53:05.706, 242.87, 250.00, 100, 1410, 1215, 76, P0
2026/07/31 19:53:05.907, 244.30, 250.00, 100, 1410, 1215, 76, P0
2026/07/31 19:53:06.107, 246.97, 250.00, 100, 1410, 1215, 76, P0
2026/07/31 19:53:06.308, 243.39, 250.00, 100, 1410, 1215, 76, P0
2026/07/31 19:53:06.508, 243.35, 250.00, 100, 1410, 1215, 76, P0
2026/07/31 19:53:06.709, 245.27, 250.00, 100, 1410, 1215, 76, P0
2026/07/31 19:53:06.909, 245.64, 250.00, 100, 1410, 1215, 76, P0
2026/07/31 19:53:07.110, 243.68, 250.00, 100, 1410, 1215, 76, P0
2026/07/31 19:53:07.310, 246.19, 250.00, 100, 1410, 1215, 76, P0
2026/07/31 19:53:07.511, 249.72, 250.00, 100, 1410, 1215, 76, P0
2026/07/31 19:53:07.712, 243.80, 250.00, 100, 1410, 1215, 76, P0
2026/07/31 19:53:07.912, 244.29, 250.00, 100, 1410, 1215, 76, P0
2026/07/31 19:53:08.112, 246.51, 250.00, 100, 1410, 1215, 76, P0
2026/07/31 19:53:08.313, 243.05, 250.00, 100, 1410, 1215, 76, P0
2026/07/31 19:53:08.514, 243.65, 250.00, 100, 1410, 1215, 76, P0
2026/07/31 19:53:08.714, 244.72, 250.00, 100, 1410, 1215, 76, P0
2026/07/31 19:53:08.915, 247.30, 250.00, 100, 1410, 1215, 76, P0
2026/07/31 19:53:09.115, 243.91, 250.00, 100, 1410, 1215, 76, P0
2026/07/31 19:53:09.315, 245.52, 250.00, 100, 1410, 1215, 76, P0
2026/07/31 19:53:09.516, 248.92, 250.00, 100, 1410, 1215, 76, P0
2026/07/31 19:53:09.717, 244.00, 250.00, 100, 1410, 1215, 76, P0
2026/07/31 19:53:09.917, 244.57, 250.00, 100, 1410, 1215, 76, P0
2026/07/31 19:53:10.118, 246.52, 250.00, 100, 1410, 1215, 76, P0
2026/07/31 19:53:10.318, 243.59, 250.00, 100, 1410, 1215, 76, P0
2026/07/31 19:53:10.519, 244.55, 250.00, 100, 1410, 1215, 76, P0
2026/07/31 19:53:10.719, 248.02, 250.00, 100, 1410, 1215, 76, P0
2026/07/31 19:53:10.920, 243.50, 250.00, 100, 1410, 1215, 76, P0
2026/07/31 19:53:11.120, 243.87, 250.00, 100, 1410, 1215, 76, P0
2026/07/31 19:53:11.321, 246.70, 250.00, 100, 1410, 1215, 76, P0
2026/07/31 19:53:11.521, 243.51, 250.00, 100, 1410, 1215, 76, P0
2026/07/31 19:53:11.722, 244.68, 250.00, 100, 1410, 1215, 76, P0
2026/07/31 19:53:11.922, 248.05, 250.00, 100, 1410, 1215, 76, P0
2026/07/31 19:53:12.123, 243.38, 250.00, 100, 1410, 1215, 76, P0
2026/07/31 19:53:12.323, 244.34, 250.00, 100, 1410, 1215, 76, P0
2026/07/31 19:53:12.524, 246.66, 250.00, 100, 1410, 1215, 76, P0
2026/07/31 19:53:12.724, 243.16, 250.00, 100, 1410, 1215, 76, P0
2026/07/31 19:53:12.925, 245.39, 250.00, 100, 1410, 1215, 76, P0
2026/07/31 19:53:13.126, 245.75, 250.00, 100, 1410, 1215, 76, P0
2026/07/31 19:53:13.326, 243.20, 250.00, 100, 1410, 1215, 76, P0
2026/07/31 19:53:13.527, 244.92, 250.00, 100, 1410, 1215, 76, P0
2026/07/31 19:53:13.729, 246.78, 250.00, 100, 1410, 1215, 76, P0
2026/07/31 19:53:13.932, 244.33, 250.00, 100, 1410, 1215, 76, P0
2026/07/31 19:53:14.133, 244.68, 250.00, 100, 1410, 1215, 76, P0
2026/07/31 19:53:14.335, 249.00, 250.00, 100, 1410, 1215, 76, P0
2026/07/31 19:53:14.535, 243.45, 250.00, 100, 1410, 1215, 76, P0
2026/07/31 19:53:14.736, 245.68, 250.00, 100, 1410, 1215, 76, P0
2026/07/31 19:53:14.936, 247.93, 250.00, 100, 1410, 1215, 76, P0
2026/07/31 19:53:15.137, 244.23, 250.00, 100, 1410, 1215, 76, P0
2026/07/31 19:53:15.337, 333.29, 250.00, 100, 1260, 1215, 79, P0
2026/07/31 19:53:15.599, 229.71, 250.00, 95, 1245, 1215, 79, P0
2026/07/31 19:53:15.799, 243.62, 250.00, 100, 1245, 1215, 80, P0
2026/07/31 19:53:16.000, 239.86, 250.00, 96, 1245, 1215, 80, P0
2026/07/31 19:53:16.200, 275.33, 250.00, 100, 1275, 1215, 80, P0
2026/07/31 19:53:16.400, 257.85, 250.00, 96, 1275, 1215, 81, P0
2026/07/31 19:53:16.601, 223.56, 250.00, 100, 1275, 1215, 80, P0
2026/07/31 19:53:16.801, 255.64, 250.00, 96, 1260, 1215, 81, P0
2026/07/31 19:53:17.002, 235.83, 250.00, 100, 1275, 1215, 80, P0
2026/07/31 19:53:17.202, 262.72, 250.00, 96, 1275, 1215, 81, P0
2026/07/31 19:53:17.403, 252.35, 250.00, 100, 1260, 1215, 80, P0
2026/07/31 19:53:17.603, 253.61, 250.00, 100, 1260, 1215, 81, P0
2026/07/31 19:53:17.803, 253.52, 250.00, 95, 1260, 1215, 81, P0
2026/07/31 19:53:18.004, 222.62, 250.00, 100, 1395, 1215, 78, P0
2026/07/31 19:53:18.205, 243.75, 250.00, 100, 1410, 1215, 77, P0
2026/07/31 19:53:18.408, 244.20, 250.00, 100, 1410, 1215, 77, P0
2026/07/31 19:53:18.608, 246.49, 250.00, 100, 1410, 1215, 77, P0
2026/07/31 19:53:18.809, 248.92, 250.00, 100, 1410, 1215, 77, P0
2026/07/31 19:53:19.009, 244.04, 250.00, 100, 1410, 1215, 77, P0
2026/07/31 19:53:19.210, 245.34, 250.00, 100, 1410, 1215, 77, P0
2026/07/31 19:53:19.410, 247.09, 250.00, 100, 1410, 1215, 77, P0
2026/07/31 19:53:19.611, 243.62, 250.00, 100, 1410, 1215, 77, P0
2026/07/31 19:53:19.812, 243.65, 250.00, 100, 1410, 1215, 77, P0
2026/07/31 19:53:20.012, 245.94, 250.00, 100, 1410, 1215, 77, P0
2026/07/31 19:53:20.213, 249.54, 250.00, 100, 1410, 1215, 77, P0
2026/07/31 19:53:20.413, 243.54, 250.00, 100, 1410, 1215, 77, P0
2026/07/31 19:53:20.614, 245.07, 250.00, 100, 1410, 1215, 77, P0
2026/07/31 19:53:20.814, 246.99, 250.00, 100, 1410, 1215, 77, P0
2026/07/31 19:53:21.015, 246.99, 250.00, 100, 1410, 1215, 77, P0
2026/07/31 19:53:21.215, 244.19, 250.00, 100, 1410, 1215, 77, P0
2026/07/31 19:53:21.416, 245.15, 250.00, 100, 1410, 1215, 77, P0
2026/07/31 19:53:21.616, 247.50, 250.00, 100, 1410, 1215, 77, P0
2026/07/31 19:53:21.817, 243.30, 250.00, 100, 1410, 1215, 77, P0
2026/07/31 19:53:22.017, 244.28, 250.00, 100, 1410, 1215, 77, P0
2026/07/31 19:53:22.218, 246.32, 250.00, 100, 1410, 1215, 77, P0
2026/07/31 19:53:22.418, 244.38, 250.00, 100, 1410, 1215, 77, P0
2026/07/31 19:53:22.619, 243.92, 250.00, 100, 1410, 1215, 77, P0
2026/07/31 19:53:22.819, 246.12, 250.00, 100, 1410, 1215, 77, P0
2026/07/31 19:53:23.020, 249.08, 250.00, 100, 1410, 1215, 77, P0
2026/07/31 19:53:23.220, 243.55, 250.00, 100, 1410, 1215, 77, P0
2026/07/31 19:53:23.421, 245.72, 250.00, 100, 1410, 1215, 77, P0
2026/07/31 19:53:23.621, 245.45, 250.00, 100, 1410, 1215, 77, P0
2026/07/31 19:53:23.822, 247.10, 250.00, 100, 1410, 1215, 77, P0
2026/07/31 19:53:24.022, 244.25, 250.00, 100, 1410, 1215, 77, P0
2026/07/31 19:53:24.223, 244.69, 250.00, 100, 1410, 1215, 77, P0
2026/07/31 19:53:24.423, 247.68, 250.00, 100, 1410, 1215, 77, P0
2026/07/31 19:53:24.624, 243.22, 250.00, 100, 1410, 1215, 77, P0
2026/07/31 19:53:24.825, 244.40, 250.00, 100, 1410, 1215, 77, P0
2026/07/31 19:53:25.025, 246.02, 250.00, 100, 1410, 1215, 77, P0
2026/07/31 19:53:25.226, 244.85, 250.00, 100, 1410, 1215, 77, P0
2026/07/31 19:53:25.426, 244.09, 250.00, 100, 1410, 1215, 77, P0
2026/07/31 19:53:25.627, 245.47, 250.00, 100, 1410, 1215, 77, P0
2026/07/31 19:53:25.827, 247.87, 250.00, 100, 1410, 1215, 77, P0
2026/07/31 19:53:26.028, 243.96, 250.00, 100, 1410, 1215, 77, P0
2026/07/31 19:53:26.228, 244.95, 250.00, 100, 1410, 1215, 77, P0
2026/07/31 19:53:26.429, 247.29, 250.00, 100, 1410, 1215, 77, P0
2026/07/31 19:53:26.631, 243.71, 250.00, 100, 1410, 1215, 77, P0
2026/07/31 19:53:26.834, 245.67, 250.00, 100, 1410, 1215, 77, P0
2026/07/31 19:53:27.035, 248.46, 250.00, 100, 1410, 1215, 77, P0
2026/07/31 19:53:27.236, 243.83, 250.00, 100, 1410, 1215, 77, P0
2026/07/31 19:53:27.437, 244.22, 250.00, 100, 1410, 1215, 77, P0
2026/07/31 19:53:27.638, 247.57, 250.00, 100, 1410, 1215, 77, P0
2026/07/31 19:53:27.838, 243.91, 250.00, 100, 1410, 1215, 77, P0
2026/07/31 19:53:28.039, 246.02, 250.00, 100, 1410, 1215, 77, P0
2026/07/31 19:53:28.240, 246.43, 250.00, 100, 1410, 1215, 77, P0
2026/07/31 19:53:28.440, 244.29, 250.00, 100, 1410, 1215, 77, P0
2026/07/31 19:53:28.641, 244.49, 250.00, 100, 1410, 1215, 77, P0
2026/07/31 19:53:28.841, 247.51, 250.00, 100, 1410, 1215, 77, P0
2026/07/31 19:53:29.042, 248.08, 250.00, 100, 1410, 1215, 77, P0
2026/07/31 19:53:29.242, 244.12, 250.00, 100, 1410, 1215, 77, P0
2026/07/31 19:53:29.443, 246.24, 250.00, 100, 1410, 1215, 77, P0
2026/07/31 19:53:29.643, 248.32, 250.00, 100, 1410, 1215, 77, P0
2026/07/31 19:53:29.844, 244.45, 250.00, 100, 1410, 1215, 77, P0
2026/07/31 19:53:30.044, 245.56, 250.00, 100, 1410, 1215, 77, P0
2026/07/31 19:53:30.245, 246.83, 250.00, 100, 1410, 1215, 77, P0
2026/07/31 19:53:30.446, 244.40, 250.00, 100, 1410, 1215, 77, P0
2026/07/31 19:53:30.646, 245.34, 250.00, 100, 1410, 1215, 77, P0
2026/07/31 19:53:30.847, 246.25, 250.00, 100, 1410, 1215, 77, P0
2026/07/31 19:53:31.047, 243.91, 250.00, 100, 1410, 1215, 77, P0
2026/07/31 19:53:31.248, 244.96, 250.00, 100, 1410, 1215, 77, P0
2026/07/31 19:53:31.448, 245.78, 250.00, 100, 1410, 1215, 77, P0
2026/07/31 19:53:31.649, 249.60, 250.00, 100, 1410, 1215, 77, P0
2026/07/31 19:53:31.849, 244.57, 250.00, 100, 1410, 1215, 77, P0
2026/07/31 19:53:32.050, 245.74, 250.00, 100, 1410, 1215, 77, P0
2026/07/31 19:53:32.250, 249.87, 250.00, 100, 1410, 1215, 77, P0
2026/07/31 19:53:32.451, 244.48, 250.00, 100, 1410, 1215, 77, P0
2026/07/31 19:53:32.651, 246.05, 250.00, 100, 1410, 1215, 77, P0
2026/07/31 19:53:32.852, 248.90, 250.00, 100, 1410, 1215, 77, P0
2026/07/31 19:53:33.052, 243.62, 250.00, 100, 1410, 1215, 77, P0
2026/07/31 19:53:33.253, 244.34, 250.00, 100, 1410, 1215, 77, P0
2026/07/31 19:53:33.453, 247.99, 250.00, 100, 1410, 1215, 77, P0
2026/07/31 19:53:33.654, 243.60, 250.00, 100, 1410, 1215, 77, P0
2026/07/31 19:53:33.855, 245.48, 250.00, 100, 1410, 1215, 77, P0
2026/07/31 19:53:34.055, 247.18, 250.00, 100, 1410, 1215, 77, P0
2026/07/31 19:53:34.256, 243.70, 250.00, 100, 1410, 1215, 77, P0
2026/07/31 19:53:34.456, 244.65, 250.00, 100, 1410, 1215, 77, P0
2026/07/31 19:53:34.657, 246.99, 250.00, 100, 1410, 1215, 77, P0
2026/07/31 19:53:34.857, 249.79, 250.00, 100, 1410, 1215, 77, P0
2026/07/31 19:53:35.058, 244.30, 250.00, 100, 1410, 1215, 77, P0
2026/07/31 19:53:35.258, 246.33, 250.00, 100, 1410, 1215, 77, P0
2026/07/31 19:53:35.459, 249.86, 250.00, 100, 1410, 1215, 77, P0
2026/07/31 19:53:35.659, 244.97, 250.00, 100, 1410, 1215, 77, P0
2026/07/31 19:53:35.860, 246.51, 250.00, 100, 1410, 1215, 77, P0
2026/07/31 19:53:36.060, 248.39, 250.00, 100, 1410, 1215, 77, P0
2026/07/31 19:53:36.261, 244.42, 250.00, 100, 1410, 1215, 77, P0
2026/07/31 19:53:36.462, 245.22, 250.00, 100, 1410, 1215, 77, P0
2026/07/31 19:53:36.662, 248.82, 250.00, 100, 1410, 1215, 77, P0
2026/07/31 19:53:36.863, 244.14, 250.00, 100, 1410, 1215, 77, P0
2026/07/31 19:53:37.063, 244.40, 250.00, 100, 1410, 1215, 77, P0
2026/07/31 19:53:37.264, 246.49, 250.00, 100, 1410, 1215, 77, P0
2026/07/31 19:53:37.465, 243.97, 250.00, 100, 1410, 1215, 77, P0
2026/07/31 19:53:37.665, 244.22, 250.00, 100, 1410, 1215, 77, P0
2026/07/31 19:53:37.866, 246.98, 250.00, 100, 1410, 1215, 77, P0
2026/07/31 19:53:38.066, 244.16, 250.00, 100, 1410, 1215, 77, P0
2026/07/31 19:53:38.267, 244.75, 250.00, 100, 1410, 1215, 77, P0
2026/07/31 19:53:38.467, 246.11, 250.00, 100, 1410, 1215, 77, P0
2026/07/31 19:53:38.668, 248.16, 250.00, 100, 1410, 1215, 77, P0
2026/07/31 19:53:38.868, 245.15, 250.00, 100, 1410, 1215, 77, P0
2026/07/31 19:53:39.069, 246.28, 250.00, 100, 1410, 1215, 77, P0
2026/07/31 19:53:39.269, 249.91, 250.00, 100, 1410, 1215, 77, P0
2026/07/31 19:53:39.470, 244.27, 250.00, 100, 1410, 1215, 77, P0
2026/07/31 19:53:39.670, 246.21, 250.00, 100, 1410, 1215, 77, P0
2026/07/31 19:53:39.871, 250.61, 250.00, 100, 1410, 1215, 77, P0
2026/07/31 19:53:40.072, 243.85, 250.00, 100, 1410, 1215, 77, P0
2026/07/31 19:53:40.272, 246.02, 250.00, 100, 1410, 1215, 77, P0
2026/07/31 19:53:40.473, 249.65, 250.00, 100, 1410, 1215, 77, P0
2026/07/31 19:53:40.673, 243.86, 250.00, 100, 1410, 1215, 77, P0
2026/07/31 19:53:40.874, 246.06, 250.00, 100, 1410, 1215, 77, P0
2026/07/31 19:53:41.074, 247.67, 250.00, 100, 1410, 1215, 77, P0
2026/07/31 19:53:41.275, 244.27, 250.00, 100, 1410, 1215, 77, P0
2026/07/31 19:53:41.475, 245.62, 250.00, 100, 1410, 1215, 77, P0
2026/07/31 19:53:41.676, 248.92, 250.00, 100, 1410, 1215, 77, P0
2026/07/31 19:53:41.876, 244.77, 250.00, 100, 1410, 1215, 77, P0
2026/07/31 19:53:42.077, 245.65, 250.00, 100, 1410, 1215, 77, P0
2026/07/31 19:53:42.277, 250.12, 250.00, 100, 1410, 1215, 77, P0
2026/07/31 19:53:42.478, 243.88, 250.00, 100, 1410, 1215, 77, P0
2026/07/31 19:53:42.678, 245.90, 250.00, 100, 1410, 1215, 77, P0
2026/07/31 19:53:42.879, 247.47, 250.00, 100, 1410, 1215, 77, P0
2026/07/31 19:53:43.079, 244.51, 250.00, 100, 1410, 1215, 77, P0
2026/07/31 19:53:43.280, 246.60, 250.00, 100, 1410, 1215, 77, P0
2026/07/31 19:53:43.480, 246.44, 250.00, 100, 1410, 1215, 77, P0
2026/07/31 19:53:43.681, 250.45, 250.00, 100, 1410, 1215, 77, P0
2026/07/31 19:53:43.882, 244.79, 250.00, 100, 1410, 1215, 77, P0
2026/07/31 19:53:44.082, 247.32, 250.00, 100, 1410, 1215, 77, P0
2026/07/31 19:53:44.283, 251.85, 250.00, 100, 1410, 1215, 77, P0
2026/07/31 19:53:44.483, 244.88, 250.00, 100, 1410, 1215, 77, P0
2026/07/31 19:53:44.684, 247.65, 250.00, 100, 1305, 1215, 79, P0
2026/07/31 19:53:44.884, 239.99, 250.00, 94, 1260, 1215, 80, P0
2026/07/31 19:53:45.085, 251.60, 250.00, 100, 1290, 1215, 80, P0
2026/07/31 19:53:45.285, 254.46, 250.00, 96, 1260, 1215, 81, P0
2026/07/31 19:53:45.486, 244.11, 250.00, 100, 1260, 1215, 81, P0
2026/07/31 19:53:45.686, 272.65, 250.00, 97, 1260, 1215, 81, P0
2026/07/31 19:53:45.886, 254.93, 250.00, 99, 1260, 1215, 81, P0
2026/07/31 19:53:46.087, 233.74, 250.00, 100, 1245, 1215, 81, P0
2026/07/31 19:53:46.287, 251.84, 250.00, 97, 1260, 1215, 81, P0
2026/07/31 19:53:46.488, 242.76, 250.00, 100, 1350, 1215, 79, P0
2026/07/31 19:53:46.688, 246.70, 250.00, 100, 1410, 1215, 78, P0
2026/07/31 19:53:46.889, 246.69, 250.00, 100, 1410, 1215, 77, P0
2026/07/31 19:53:47.089, 250.29, 250.00, 100, 1410, 1215, 77, P0
2026/07/31 19:53:47.290, 250.66, 250.00, 100, 1410, 1215, 77, P0
2026/07/31 19:53:47.490, 246.90, 250.00, 100, 1410, 1215, 77, P0
2026/07/31 19:53:47.691, 244.67, 250.00, 100, 1410, 1215, 77, P0
2026/07/31 19:53:47.891, 244.21, 250.00, 100, 1410, 1215, 77, P0
2026/07/31 19:53:48.092, 244.41, 250.00, 100, 1410, 1215, 77, P0
2026/07/31 19:53:48.293, 245.24, 250.00, 100, 1410, 1215, 77, P0
2026/07/31 19:53:48.493, 244.79, 250.00, 100, 1410, 1215, 77, P0
2026/07/31 19:53:48.694, 245.09, 250.00, 100, 1410, 1215, 77, P0
2026/07/31 19:53:48.894, 244.76, 250.00, 100, 1410, 1215, 77, P0
2026/07/31 19:53:49.095, 244.84, 250.00, 100, 1410, 1215, 77, P0
2026/07/31 19:53:49.295, 245.14, 250.00, 100, 1410, 1215, 77, P0
2026/07/31 19:53:49.496, 245.25, 250.00, 100, 1410, 1215, 77, P0
2026/07/31 19:53:49.697, 245.16, 250.00, 100, 1410, 1215, 77, P0
2026/07/31 19:53:49.897, 245.60, 250.00, 100, 1410, 1215, 77, P0
2026/07/31 19:53:50.098, 245.71, 250.00, 100, 1410, 1215, 77, P0
2026/07/31 19:53:50.298, 245.91, 250.00, 100, 1410, 1215, 77, P0
2026/07/31 19:53:50.499, 246.47, 250.00, 100, 1410, 1215, 77, P0
2026/07/31 19:53:50.699, 246.96, 250.00, 100, 1410, 1215, 77, P0
2026/07/31 19:53:50.900, 246.50, 250.00, 100, 1410, 1215, 77, P0
2026/07/31 19:53:51.100, 246.07, 250.00, 100, 1410, 1215, 77, P0
2026/07/31 19:53:51.301, 246.57, 250.00, 100, 1410, 1215, 77, P0
2026/07/31 19:53:51.501, 247.58, 250.00, 100, 1410, 1215, 77, P0
2026/07/31 19:53:51.702, 247.99, 250.00, 100, 1410, 1215, 77, P0
2026/07/31 19:53:51.903, 247.68, 250.00, 100, 1410, 1215, 77, P0
2026/07/31 19:53:52.103, 248.50, 250.00, 100, 1410, 1215, 77, P0
2026/07/31 19:53:52.304, 247.62, 250.00, 100, 1410, 1215, 77, P0
2026/07/31 19:53:52.504, 248.27, 250.00, 100, 1410, 1215, 77, P0
2026/07/31 19:53:52.705, 249.36, 250.00, 100, 1410, 1215, 77, P0
2026/07/31 19:53:52.905, 249.18, 250.00, 100, 1410, 1215, 77, P0
2026/07/31 19:53:53.106, 250.12, 250.00, 100, 1410, 1215, 77, P0
2026/07/31 19:53:53.306, 249.93, 250.00, 100, 1410, 1215, 77, P0
2026/07/31 19:53:53.507, 248.43, 250.00, 100, 1410, 1215, 77, P0
2026/07/31 19:53:53.707, 244.49, 250.00, 100, 1410, 1215, 77, P0
2026/07/31 19:53:53.908, 243.99, 250.00, 100, 1410, 1215, 77, P0
2026/07/31 19:53:54.109, 244.76, 250.00, 100, 1410, 1215, 77, P0
2026/07/31 19:53:54.309, 244.66, 250.00, 100, 1410, 1215, 77, P0
2026/07/31 19:53:54.510, 244.68, 250.00, 100, 1410, 1215, 77, P0
2026/07/31 19:53:54.710, 245.61, 250.00, 100, 1410, 1215, 77, P0
2026/07/31 19:53:54.911, 245.20, 250.00, 100, 1410, 1215, 77, P0
2026/07/31 19:53:55.111, 245.15, 250.00, 100, 1410, 1215, 77, P0
2026/07/31 19:53:55.312, 245.17, 250.00, 100, 1410, 1215, 77, P0
2026/07/31 19:53:55.512, 245.56, 250.00, 100, 1410, 1215, 77, P0
2026/07/31 19:53:55.713, 246.02, 250.00, 100, 1410, 1215, 77, P0
2026/07/31 19:53:55.913, 246.05, 250.00, 100, 1410, 1215, 77, P0
2026/07/31 19:53:56.114, 246.12, 250.00, 100, 1410, 1215, 77, P0
2026/07/31 19:53:56.315, 246.71, 250.00, 100, 1410, 1215, 77, P0
2026/07/31 19:53:56.515, 247.00, 250.00, 100, 1410, 1215, 77, P0
2026/07/31 19:53:56.716, 246.63, 250.00, 100, 1410, 1215, 77, P0
2026/07/31 19:53:56.916, 246.97, 250.00, 100, 1410, 1215, 77, P0
2026/07/31 19:53:57.117, 247.48, 250.00, 100, 1410, 1215, 77, P0
2026/07/31 19:53:57.317, 249.24, 250.00, 100, 1410, 1215, 77, P0
2026/07/31 19:53:57.518, 248.43, 250.00, 100, 1410, 1215, 77, P0
2026/07/31 19:53:57.718, 249.93, 250.00, 100, 1410, 1215, 77, P0
2026/07/31 19:53:57.919, 251.56, 250.00, 100, 1410, 1215, 77, P0
2026/07/31 19:53:58.119, 247.46, 250.00, 100, 1410, 1215, 77, P0
2026/07/31 19:53:58.320, 244.95, 250.00, 100, 1410, 1215, 77, P0
2026/07/31 19:53:58.520, 244.61, 250.00, 100, 1410, 1215, 77, P0
2026/07/31 19:53:58.721, 244.94, 250.00, 100, 1410, 1215, 77, P0
2026/07/31 19:53:58.922, 244.98, 250.00, 100, 1410, 1215, 77, P0
2026/07/31 19:53:59.122, 245.51, 250.00, 100, 1410, 1215, 77, P0
2026/07/31 19:53:59.323, 245.45, 250.00, 100, 1410, 1215, 77, P0
2026/07/31 19:53:59.523, 245.66, 250.00, 100, 1410, 1215, 77, P0
2026/07/31 19:53:59.724, 245.08, 250.00, 100, 1410, 1215, 77, P0
2026/07/31 19:53:59.924, 245.82, 250.00, 100, 1410, 1215, 77, P0
2026/07/31 19:54:00.125, 245.79, 250.00, 100, 1410, 1215, 77, P0
2026/07/31 19:54:00.325, 246.81, 250.00, 100, 1410, 1215, 77, P0
2026/07/31 19:54:00.526, 246.05, 250.00, 100, 1410, 1215, 77, P0
2026/07/31 19:54:00.726, 246.87, 250.00, 100, 1410, 1215, 77, P0
2026/07/31 19:54:00.927, 247.13, 250.00, 100, 1410, 1215, 77, P0
2026/07/31 19:54:01.127, 247.06, 250.00, 100, 1410, 1215, 77, P0
2026/07/31 19:54:01.328, 247.19, 250.00, 100, 1410, 1215, 77, P0
2026/07/31 19:54:01.528, 247.96, 250.00, 100, 1410, 1215, 77, P0
2026/07/31 19:54:01.729, 248.43, 250.00, 100, 1410, 1215, 77, P0
2026/07/31 19:54:01.929, 248.58, 250.00, 100, 1410, 1215, 77, P0
2026/07/31 19:54:02.130, 249.39, 250.00, 100, 1410, 1215, 77, P0
2026/07/31 19:54:02.330, 249.59, 250.00, 100, 1410, 1215, 77, P0
2026/07/31 19:54:02.531, 250.54, 250.00, 100, 1410, 1215, 77, P0
2026/07/31 19:54:02.731, 250.51, 250.00, 100, 1410, 1215, 77, P0
2026/07/31 19:54:02.932, 245.68, 250.00, 100, 1410, 1215, 77, P0
2026/07/31 19:54:03.132, 244.41, 250.00, 100, 1410, 1215, 77, P0
2026/07/31 19:54:03.333, 244.88, 250.00, 100, 1410, 1215, 77, P0
2026/07/31 19:54:03.533, 245.01, 250.00, 100, 1410, 1215, 77, P0
2026/07/31 19:54:03.734, 244.83, 250.00, 100, 1410, 1215, 77, P0
2026/07/31 19:54:03.935, 245.24, 250.00, 100, 1410, 1215, 77, P0
2026/07/31 19:54:04.135, 245.55, 250.00, 100, 1410, 1215, 77, P0
2026/07/31 19:54:04.336, 245.28, 250.00, 100, 1410, 1215, 77, P0
2026/07/31 19:54:04.536, 246.02, 250.00, 100, 1410, 1215, 77, P0
2026/07/31 19:54:04.737, 246.39, 250.00, 100, 1410, 1215, 77, P0
2026/07/31 19:54:04.937, 246.68, 250.00, 100, 1410, 1215, 77, P0
2026/07/31 19:54:05.138, 246.96, 250.00, 100, 1410, 1215, 77, P0
2026/07/31 19:54:05.338, 247.01, 250.00, 100, 1410, 1215, 77, P0
2026/07/31 19:54:05.540, 248.87, 250.00, 100, 1410, 1215, 77, P0
2026/07/31 19:54:05.743, 248.81, 250.00, 100, 1410, 1215, 77, P0
2026/07/31 19:54:05.944, 249.37, 250.00, 100, 1410, 1215, 77, P0
2026/07/31 19:54:06.146, 250.29, 250.00, 100, 1410, 1215, 77, P0
2026/07/31 19:54:06.346, 250.09, 250.00, 100, 1410, 1215, 77, P0
2026/07/31 19:54:06.547, 245.07, 250.00, 100, 1410, 1215, 77, P0
2026/07/31 19:54:06.748, 244.63, 250.00, 100, 1410, 1215, 77, P0
2026/07/31 19:54:06.948, 244.96, 250.00, 100, 1410, 1215, 77, P0
2026/07/31 19:54:07.149, 245.34, 250.00, 100, 1410, 1215, 77, P0
2026/07/31 19:54:07.350, 245.26, 250.00, 100, 1410, 1215, 77, P0
2026/07/31 19:54:07.550, 245.84, 250.00, 100, 1410, 1215, 77, P0
2026/07/31 19:54:07.751, 245.66, 250.00, 100, 1410, 1215, 77, P0
2026/07/31 19:54:07.951, 245.66, 250.00, 100, 1410, 1215, 77, P0
2026/07/31 19:54:08.152, 246.79, 250.00, 100, 1410, 1215, 77, P0
2026/07/31 19:54:08.352, 246.69, 250.00, 100, 1410, 1215, 77, P0
2026/07/31 19:54:08.553, 247.45, 250.00, 100, 1410, 1215, 77, P0
2026/07/31 19:54:08.753, 247.44, 250.00, 100, 1410, 1215, 77, P0
2026/07/31 19:54:08.954, 248.22, 250.00, 100, 1410, 1215, 77, P0
2026/07/31 19:54:09.154, 248.63, 250.00, 100, 1410, 1215, 77, P0
2026/07/31 19:54:09.355, 248.54, 250.00, 100, 1410, 1215, 77, P0
2026/07/31 19:54:09.556, 249.09, 250.00, 100, 1410, 1215, 77, P0
2026/07/31 19:54:09.756, 249.65, 250.00, 100, 1410, 1215, 77, P0
2026/07/31 19:54:09.957, 251.58, 250.00, 100, 1410, 1215, 77, P0
2026/07/31 19:54:10.157, 244.96, 250.00, 100, 1410, 1215, 77, P0
2026/07/31 19:54:10.358, 244.94, 250.00, 100, 1410, 1215, 77, P0
2026/07/31 19:54:10.558, 245.28, 250.00, 100, 1410, 1215, 77, P0
2026/07/31 19:54:10.759, 245.54, 250.00, 100, 1410, 1215, 77, P0
2026/07/31 19:54:10.959, 245.73, 250.00, 100, 1410, 1215, 77, P0
2026/07/31 19:54:11.160, 245.93, 250.00, 100, 1410, 1215, 77, P0
2026/07/31 19:54:11.361, 245.95, 250.00, 100, 1410, 1215, 77, P0
2026/07/31 19:54:11.561, 246.16, 250.00, 100, 1410, 1215, 77, P0
2026/07/31 19:54:11.762, 247.35, 250.00, 100, 1410, 1215, 77, P0
2026/07/31 19:54:11.962, 247.10, 250.00, 100, 1410, 1215, 77, P0
2026/07/31 19:54:12.163, 246.66, 250.00, 100, 1410, 1215, 77, P0
2026/07/31 19:54:12.363, 90.43, 250.00, 100, 1410, 1215, 75, P0
2026/07/31 19:54:12.564, 72.94, 250.00, 15, 1410, 1215, 72, P0
2026/07/31 19:54:12.764, 72.96, 250.00, 0, 1410, 1215, 72, P0
2026/07/31 19:54:12.964, 71.70, 250.00, 0, 1410, 1215, 71, P0
2026/07/31 19:54:13.165, 69.67, 250.00, 0, 1410, 1215, 70, P0
2026/07/31 19:54:13.365, 69.50, 250.00, 0, 1410, 1215, 70, P0
2026/07/31 19:54:13.566, 69.05, 250.00, 0, 1410, 1215, 70, P0
2026/07/31 19:54:13.766, 68.86, 250.00, 0, 1410, 1215, 69, P0
2026/07/31 19:54:13.966, 68.48, 250.00, 0, 1410, 1215, 69, P0
2026/07/31 19:54:14.167, 50.20, 250.00, 0, 1140, 1215, 68, P0
2026/07/31 19:54:14.367, 49.71, 250.00, 0, 1140, 1215, 68, P0
2026/07/31 19:54:14.568, 48.99, 250.00, 0, 1140, 1215, 68, P0
2026/07/31 19:54:14.768, 48.80, 250.00, 0, 1140, 1215, 67, P0
2026/07/31 19:54:14.969, 48.57, 250.00, 0, 1140, 1215, 67, P0
2026/07/31 19:54:15.169, 48.49, 250.00, 0, 1140, 1215, 67, P0
2026/07/31 19:54:15.369, 48.39, 250.00, 0, 1140, 1215, 67, P0
2026/07/31 19:54:15.570, 48.09, 250.00, 0, 1140, 1215, 66, P0
