2026/07/31 19:27:02.636, 38.05, 250.00, 0, 1140, 1215, 44, P0
2026/07/31 19:27:02.843, 38.15, 250.00, 0, 1140, 1215, 44, P0
2026/07/31 19:27:03.043, 38.06, 250.00, 0, 1140, 1215, 44, P0
2026/07/31 19:27:03.243, 37.96, 250.00, 0, 1140, 1215, 44, P0
2026/07/31 19:27:03.444, 38.06, 250.00, 0, 1140, 1215, 44, P0
2026/07/31 19:27:03.644, 38.06, 250.00, 0, 1140, 1215, 44, P0
2026/07/31 19:27:03.999, 40.22, 250.00, 0, 1140, 1215, 44, P0
2026/07/31 19:27:04.200, 39.03, 250.00, 11, 1185, 1215, 44, P0
2026/07/31 19:27:04.401, 39.47, 250.00, 3, 1185, 1215, 44, P0
2026/07/31 19:27:04.601, 39.23, 250.00, 0, 1185, 1215, 44, P0
2026/07/31 19:27:04.801, 39.32, 250.00, 0, 1185, 1215, 44, P0
2026/07/31 19:27:05.002, 39.31, 250.00, 0, 1185, 1215, 44, P0
2026/07/31 19:27:05.202, 39.31, 250.00, 0, 1185, 1215, 44, P0
2026/07/31 19:27:05.403, 39.22, 250.00, 0, 1185, 1215, 43, P0
2026/07/31 19:27:05.603, 39.32, 250.00, 0, 1185, 1215, 43, P0
2026/07/31 19:27:05.803, 39.32, 250.00, 0, 1185, 1215, 43, P0
2026/07/31 19:27:06.004, 38.45, 250.00, 4, 1140, 1215, 44, P0
2026/07/31 19:27:06.204, 63.45, 250.00, 19, 1140, 1215, 44, P0
2026/07/31 19:27:06.405, 141.22, 250.00, 29, 1140, 1215, 45, P0
2026/07/31 19:27:06.605, 38.05, 250.00, 33, 1140, 1215, 44, P0
2026/07/31 19:27:06.805, 38.06, 250.00, 0, 1140, 1215, 44, P0
2026/07/31 19:27:07.006, 38.05, 250.00, 0, 1140, 1215, 44, P0
2026/07/31 19:27:07.206, 37.94, 250.00, 0, 1140, 1215, 43, P0
2026/07/31 19:27:07.406, 37.91, 250.00, 0, 1140, 1215, 43, P0
2026/07/31 19:27:07.607, 37.82, 250.00, 0, 1140, 1215, 43, P0
2026/07/31 19:27:07.807, 37.83, 250.00, 0, 1140, 1215, 43, P0
2026/07/31 19:27:08.008, 37.94, 250.00, 0, 1140, 1215, 43, P0
2026/07/31 19:27:08.208, 37.91, 250.00, 0, 1140, 1215, 43, P0
2026/07/31 19:27:08.408, 37.83, 250.00, 0, 1140, 1215, 43, P0
2026/07/31 19:27:08.609, 37.81, 250.00, 0, 1140, 1215, 43, P0
2026/07/31 19:27:08.809, 37.84, 250.00, 0, 1140, 1215, 43, P0
2026/07/31 19:27:09.010, 37.85, 250.00, 0, 1140, 1215, 43, P0
2026/07/31 19:27:09.210, 37.86, 250.00, 0, 1140, 1215, 43, P0
2026/07/31 19:27:09.410, 37.86, 250.00, 0, 1140, 1215, 43, P0
2026/07/31 19:27:09.611, 37.76, 250.00, 0, 1140, 1215, 43, P0
2026/07/31 19:27:09.811, 37.76, 250.00, 0, 1140, 1215, 43, P0
2026/07/31 19:27:10.012, 37.74, 250.00, 0, 1140, 1215, 43, P0
2026/07/31 19:27:10.212, 37.76, 250.00, 0, 1140, 1215, 43, P0
2026/07/31 19:27:10.412, 37.75, 250.00, 0, 1140, 1215, 43, P0
2026/07/31 19:27:10.613, 37.74, 250.00, 0, 1140, 1215, 43, P0
2026/07/31 19:27:10.813, 37.76, 250.00, 0, 1140, 1215, 43, P0
2026/07/31 19:27:11.013, 37.86, 250.00, 0, 1140, 1215, 43, P0
2026/07/31 19:27:11.214, 37.83, 250.00, 0, 1140, 1215, 43, P0
2026/07/31 19:27:11.414, 37.74, 250.00, 0, 1140, 1215, 43, P0
2026/07/31 19:27:11.615, 37.81, 250.00, 0, 1140, 1215, 43, P0
2026/07/31 19:27:11.815, 37.76, 250.00, 0, 1140, 1215, 43, P0
2026/07/31 19:27:12.016, 37.67, 250.00, 0, 1140, 1215, 43, P0
2026/07/31 19:27:12.216, 37.76, 250.00, 0, 1140, 1215, 43, P0
2026/07/31 19:27:12.416, 37.75, 250.00, 0, 1140, 1215, 43, P0
2026/07/31 19:27:12.617, 37.67, 250.00, 0, 1140, 1215, 43, P0
2026/07/31 19:27:12.817, 37.72, 250.00, 0, 1140, 1215, 43, P0
2026/07/31 19:27:13.017, 37.76, 250.00, 0, 1140, 1215, 43, P0
2026/07/31 19:27:13.218, 37.76, 250.00, 0, 1140, 1215, 43, P0
2026/07/31 19:27:13.418, 37.76, 250.00, 0, 1140, 1215, 43, P0
2026/07/31 19:27:13.619, 37.66, 250.00, 0, 1140, 1215, 43, P0
2026/07/31 19:27:13.819, 37.67, 250.00, 0, 1140, 1215, 43, P0
2026/07/31 19:27:14.019, 37.67, 250.00, 0, 1140, 1215, 43, P0
2026/07/31 19:27:14.220, 37.66, 250.00, 0, 1140, 1215, 43, P0
2026/07/31 19:27:14.420, 37.67, 250.00, 0, 1140, 1215, 43, P0
2026/07/31 19:27:14.621, 37.76, 250.00, 0, 1140, 1215, 43, P0
2026/07/31 19:27:14.821, 37.65, 250.00, 0, 1140, 1215, 43, P0
2026/07/31 19:27:15.021, 37.67, 250.00, 0, 1140, 1215, 43, P0
2026/07/31 19:27:15.222, 37.67, 250.00, 0, 1140, 1215, 43, P0
2026/07/31 19:27:15.422, 37.67, 250.00, 0, 1140, 1215, 43, P0
2026/07/31 19:27:15.622, 37.67, 250.00, 0, 1140, 1215, 43, P0
2026/07/31 19:27:15.823, 37.56, 250.00, 0, 1140, 1215, 43, P0
2026/07/31 19:27:16.024, 37.55, 250.00, 0, 1140, 1215, 43, P0
2026/07/31 19:27:16.224, 37.76, 250.00, 0, 1140, 1215, 43, P0
2026/07/31 19:27:16.425, 37.67, 250.00, 0, 1140, 1215, 43, P0
2026/07/31 19:27:16.625, 37.76, 250.00, 0, 1140, 1215, 43, P0
2026/07/31 19:27:16.825, 37.62, 250.00, 0, 1140, 1215, 42, P0
2026/07/31 19:27:17.026, 37.67, 250.00, 0, 1140, 1215, 42, P0
2026/07/31 19:27:17.226, 37.63, 250.00, 0, 1140, 1215, 42, P0
2026/07/31 19:27:17.427, 37.66, 250.00, 0, 1140, 1215, 42, P0
2026/07/31 19:27:17.627, 37.67, 250.00, 0, 1140, 1215, 42, P0
2026/07/31 19:27:17.827, 37.67, 250.00, 0, 1140, 1215, 42, P0
2026/07/31 19:27:18.028, 37.67, 250.00, 0, 1140, 1215, 42, P0
2026/07/31 19:27:18.228, 37.67, 250.00, 0, 1140, 1215, 42, P0
2026/07/31 19:27:18.429, 37.67, 250.00, 0, 1140, 1215, 42, P0
2026/07/31 19:27:18.629, 37.85, 250.00, 0, 1140, 1215, 42, P0
2026/07/31 19:27:18.829, 37.84, 250.00, 0, 1140, 1215, 42, P0
2026/07/31 19:27:19.030, 37.96, 250.00, 0, 1140, 1215, 42, P0
2026/07/31 19:27:19.230, 37.84, 250.00, 0, 1140, 1215, 42, P0
2026/07/31 19:27:19.431, 37.96, 250.00, 0, 1140, 1215, 42, P0
2026/07/31 19:27:19.631, 37.95, 250.00, 0, 1140, 1215, 42, P0
2026/07/31 19:27:19.831, 37.94, 250.00, 0, 1140, 1215, 42, P0
2026/07/31 19:27:20.032, 38.24, 250.00, 0, 1140, 1215, 42, P0
2026/07/31 19:27:20.232, 37.72, 250.00, 0, 1140, 1215, 42, P0
2026/07/31 19:27:20.433, 37.74, 250.00, 0, 1140, 1215, 42, P0
2026/07/31 19:27:20.633, 37.76, 250.00, 0, 1140, 1215, 42, P0
2026/07/31 19:27:20.833, 37.76, 250.00, 0, 1140, 1215, 42, P0
2026/07/31 19:27:21.034, 37.72, 250.00, 0, 1140, 1215, 42, P0
2026/07/31 19:27:21.234, 37.67, 250.00, 0, 1140, 1215, 42, P0
2026/07/31 19:27:21.435, 37.76, 250.00, 0, 1140, 1215, 42, P0
2026/07/31 19:27:21.635, 37.67, 250.00, 0, 1140, 1215, 42, P0
2026/07/31 19:27:21.835, 37.67, 250.00, 0, 1140, 1215, 42, P0
2026/07/31 19:27:22.036, 37.86, 250.00, 0, 1140, 1215, 42, P0
2026/07/31 19:27:22.236, 37.64, 250.00, 0, 1140, 1215, 42, P0
2026/07/31 19:27:22.437, 37.67, 250.00, 0, 1140, 1215, 42, P0
2026/07/31 19:27:22.637, 37.66, 250.00, 0, 1140, 1215, 42, P0
2026/07/31 19:27:22.837, 37.57, 250.00, 0, 1140, 1215, 42, P0
2026/07/31 19:27:23.038, 37.76, 250.00, 0, 1140, 1215, 42, P0
2026/07/31 19:27:23.238, 37.60, 250.00, 0, 1140, 1215, 42, P0
2026/07/31 19:27:23.438, 37.45, 250.00, 0, 1140, 1215, 42, P0
2026/07/31 19:27:23.639, 37.57, 250.00, 0, 1140, 1215, 42, P0
2026/07/31 19:27:23.839, 37.57, 250.00, 0, 1140, 1215, 42, P0
2026/07/31 19:27:24.040, 37.67, 250.00, 0, 1140, 1215, 42, P0
2026/07/31 19:27:24.240, 37.57, 250.00, 0, 1140, 1215, 42, P0
2026/07/31 19:27:24.440, 37.67, 250.00, 0, 1140, 1215, 42, P0
2026/07/31 19:27:24.641, 37.56, 250.00, 0, 1140, 1215, 42, P0
2026/07/31 19:27:24.841, 37.47, 250.00, 0, 1140, 1215, 42, P0
2026/07/31 19:27:25.042, 37.57, 250.00, 0, 1140, 1215, 42, P0
2026/07/31 19:27:25.242, 37.57, 250.00, 0, 1140, 1215, 42, P0
2026/07/31 19:27:25.442, 37.67, 250.00, 0, 1140, 1215, 42, P0
2026/07/31 19:27:25.643, 37.57, 250.00, 0, 1140, 1215, 42, P0
2026/07/31 19:27:25.843, 37.66, 250.00, 0, 1140, 1215, 42, P0
2026/07/31 19:27:26.044, 37.48, 250.00, 0, 1140, 1215, 42, P0
2026/07/31 19:27:26.244, 37.51, 250.00, 0, 1140, 1215, 42, P0
2026/07/31 19:27:26.444, 37.57, 250.00, 0, 1140, 1215, 42, P0
2026/07/31 19:27:26.645, 181.36, 250.00, 14, 1140, 1215, 47, P0
2026/07/31 19:27:26.845, 255.44, 250.00, 100, 1320, 1215, 51, P0
2026/07/31 19:27:27.046, 256.18, 250.00, 100, 1320, 1215, 53, P0
2026/07/31 19:27:27.246, 256.37, 250.00, 96, 1320, 1215, 53, P0
2026/07/31 19:27:27.447, 275.71, 250.00, 100, 1320, 1215, 54, P0
2026/07/31 19:27:27.647, 256.30, 250.00, 92, 1320, 1215, 55, P0
2026/07/31 19:27:27.847, 227.65, 250.00, 100, 1320, 1215, 55, P0
2026/07/31 19:27:28.048, 253.22, 250.00, 97, 1305, 1215, 55, P0
2026/07/31 19:27:28.248, 229.50, 250.00, 100, 1380, 1215, 53, P0
2026/07/31 19:27:28.449, 211.00, 250.00, 90, 1410, 1215, 52, P0
2026/07/31 19:27:28.649, 210.04, 250.00, 95, 1410, 1215, 52, P0
2026/07/31 19:27:28.850, 209.88, 250.00, 95, 1410, 1215, 52, P0
2026/07/31 19:27:29.051, 224.80, 250.00, 95, 1410, 1215, 51, P0
2026/07/31 19:27:29.252, 218.53, 250.00, 95, 1410, 1215, 51, P0
2026/07/31 19:27:29.452, 212.63, 250.00, 93, 1410, 1215, 52, P0
2026/07/31 19:27:29.653, 212.86, 250.00, 94, 1410, 1215, 52, P0
2026/07/31 19:27:29.853, 212.28, 250.00, 94, 1410, 1215, 52, P0
2026/07/31 19:27:30.054, 212.27, 250.00, 95, 1410, 1215, 52, P0
2026/07/31 19:27:30.255, 208.48, 250.00, 94, 1410, 1215, 52, P0
2026/07/31 19:27:30.455, 207.21, 250.00, 94, 1410, 1215, 52, P0
2026/07/31 19:27:30.656, 212.48, 250.00, 95, 1410, 1215, 52, P0
2026/07/31 19:27:30.856, 225.10, 250.00, 95, 1410, 1215, 52, P0
2026/07/31 19:27:31.057, 225.91, 250.00, 95, 1410, 1215, 52, P0
2026/07/31 19:27:31.257, 218.48, 250.00, 95, 1410, 1215, 52, P0
2026/07/31 19:27:31.458, 213.55, 250.00, 94, 1410, 1215, 53, P0
2026/07/31 19:27:31.658, 212.97, 250.00, 94, 1410, 1215, 53, P0
2026/07/31 19:27:31.859, 213.29, 250.00, 94, 1410, 1215, 53, P0
2026/07/31 19:27:32.059, 211.65, 250.00, 94, 1410, 1215, 53, P0
2026/07/31 19:27:32.260, 188.99, 250.00, 94, 1410, 1215, 53, P0
2026/07/31 19:27:32.460, 220.78, 250.00, 93, 1410, 1215, 53, P0
2026/07/31 19:27:32.661, 221.78, 250.00, 94, 1410, 1215, 53, P0
2026/07/31 19:27:32.861, 216.59, 250.00, 95, 1410, 1215, 53, P0
2026/07/31 19:27:33.062, 214.57, 250.00, 95, 1410, 1215, 53, P0
2026/07/31 19:27:33.262, 213.54, 250.00, 94, 1410, 1215, 53, P0
2026/07/31 19:27:33.463, 211.67, 250.00, 94, 1410, 1215, 53, P0
2026/07/31 19:27:33.663, 212.87, 250.00, 93, 1410, 1215, 54, P0
2026/07/31 19:27:33.864, 210.96, 250.00, 94, 1410, 1215, 54, P0
2026/07/31 19:27:34.064, 197.71, 250.00, 93, 1410, 1215, 53, P0
2026/07/31 19:27:34.265, 201.48, 250.00, 79, 1410, 1215, 53, P0
2026/07/31 19:27:34.465, 207.45, 250.00, 79, 1410, 1215, 53, P0
2026/07/31 19:27:34.666, 212.68, 250.00, 82, 1410, 1215, 54, P0
2026/07/31 19:27:34.866, 213.81, 250.00, 95, 1410, 1215, 54, P0
2026/07/31 19:27:35.067, 191.41, 250.00, 93, 1410, 1215, 53, P0
2026/07/31 19:27:35.267, 249.73, 250.00, 80, 1305, 1215, 57, P0
2026/07/31 19:27:35.468, 253.49, 250.00, 100, 1305, 1215, 58, P0
2026/07/31 19:27:35.669, 211.74, 250.00, 98, 1410, 1215, 55, P0
2026/07/31 19:27:35.869, 213.74, 250.00, 88, 1410, 1215, 57, P0
2026/07/31 19:27:36.069, 219.81, 250.00, 71, 1395, 1215, 58, P0
2026/07/31 19:27:36.270, 212.31, 250.00, 72, 1395, 1215, 58, P0
2026/07/31 19:27:36.471, 192.69, 250.00, 68, 1410, 1215, 56, P0
2026/07/31 19:27:36.671, 171.16, 250.00, 75, 1410, 1215, 55, P0
2026/07/31 19:27:36.871, 286.87, 250.00, 73, 1350, 1215, 57, P0
2026/07/31 19:27:37.072, 204.18, 250.00, 74, 1305, 1215, 59, P0
2026/07/31 19:27:37.272, 250.23, 250.00, 91, 1365, 1215, 58, P0
2026/07/31 19:27:37.473, 221.97, 250.00, 95, 1410, 1215, 56, P0
2026/07/31 19:27:37.673, 216.72, 250.00, 95, 1410, 1215, 56, P0
2026/07/31 19:27:37.874, 252.56, 250.00, 97, 1305, 1215, 59, P0
2026/07/31 19:27:38.074, 251.36, 250.00, 100, 1305, 1215, 60, P0
2026/07/31 19:27:38.275, 176.25, 250.00, 80, 1410, 1215, 56, P0
2026/07/31 19:27:38.475, 149.19, 250.00, 72, 1410, 1215, 55, P0
2026/07/31 19:27:38.676, 169.96, 250.00, 69, 1410, 1215, 55, P0
2026/07/31 19:27:38.876, 163.95, 250.00, 73, 1410, 1215, 54, P0
2026/07/31 19:27:39.076, 163.32, 250.00, 75, 1410, 1215, 54, P0
2026/07/31 19:27:39.277, 216.91, 250.00, 70, 1410, 1215, 55, P0
2026/07/31 19:27:39.477, 219.43, 250.00, 94, 1410, 1215, 55, P0
2026/07/31 19:27:39.678, 215.63, 250.00, 95, 1410, 1215, 56, P0
2026/07/31 19:27:39.878, 215.80, 250.00, 95, 1410, 1215, 56, P0
2026/07/31 19:27:40.079, 216.10, 250.00, 95, 1410, 1215, 56, P0
2026/07/31 19:27:40.279, 218.41, 250.00, 83, 1410, 1215, 55, P0
2026/07/31 19:27:40.480, 217.16, 250.00, 77, 1410, 1215, 55, P0
2026/07/31 19:27:40.680, 215.56, 250.00, 94, 1410, 1215, 56, P0
2026/07/31 19:27:40.881, 216.41, 250.00, 95, 1410, 1215, 56, P0
2026/07/31 19:27:41.081, 216.27, 250.00, 94, 1410, 1215, 56, P0
2026/07/31 19:27:41.282, 210.37, 250.00, 95, 1410, 1215, 56, P0
2026/07/31 19:27:41.482, 204.60, 250.00, 93, 1410, 1215, 56, P0
2026/07/31 19:27:41.683, 216.42, 250.00, 94, 1410, 1215, 56, P0
2026/07/31 19:27:41.883, 220.18, 250.00, 94, 1410, 1215, 56, P0
2026/07/31 19:27:42.084, 222.80, 250.00, 95, 1410, 1215, 56, P0
2026/07/31 19:27:42.284, 217.13, 250.00, 94, 1410, 1215, 57, P0
2026/07/31 19:27:42.485, 216.87, 250.00, 95, 1410, 1215, 57, P0
2026/07/31 19:27:42.685, 217.11, 250.00, 95, 1410, 1215, 57, P0
2026/07/31 19:27:42.886, 293.35, 250.00, 94, 1320, 1215, 59, P0
2026/07/31 19:27:43.086, 255.20, 250.00, 98, 1305, 1215, 61, P0
2026/07/31 19:27:43.287, 225.47, 250.00, 100, 1380, 1215, 59, P0
2026/07/31 19:27:43.487, 210.00, 250.00, 75, 1410, 1215, 57, P0
2026/07/31 19:27:43.688, 206.88, 250.00, 77, 1410, 1215, 57, P0
2026/07/31 19:27:43.888, 215.48, 250.00, 84, 1410, 1215, 57, P0
2026/07/31 19:27:44.089, 229.95, 250.00, 95, 1410, 1215, 57, P0
2026/07/31 19:27:44.289, 228.76, 250.00, 94, 1410, 1215, 57, P0
2026/07/31 19:27:44.490, 205.51, 250.00, 75, 1410, 1215, 56, P0
2026/07/31 19:27:44.690, 202.35, 250.00, 86, 1410, 1215, 57, P0
2026/07/31 19:27:44.891, 255.41, 250.00, 96, 1305, 1215, 61, P0
2026/07/31 19:27:45.091, 257.62, 250.00, 100, 1395, 1215, 62, P0
2026/07/31 19:27:45.297, 218.60, 250.00, 96, 1410, 1215, 58, P0
2026/07/31 19:27:45.497, 217.66, 250.00, 94, 1410, 1215, 58, P0
2026/07/31 19:27:45.699, 218.42, 250.00, 94, 1410, 1215, 58, P0
2026/07/31 19:27:45.899, 217.57, 250.00, 95, 1410, 1215, 58, P0
2026/07/31 19:27:46.100, 263.79, 250.00, 95, 1365, 1215, 58, P0
2026/07/31 19:27:46.300, 256.30, 250.00, 95, 1305, 1215, 62, P0
2026/07/31 19:27:46.501, 235.07, 250.00, 100, 1320, 1215, 62, P0
2026/07/31 19:27:46.701, 215.53, 250.00, 97, 1410, 1215, 59, P0
2026/07/31 19:27:46.902, 218.50, 250.00, 94, 1410, 1215, 59, P0
2026/07/31 19:27:47.103, 217.57, 250.00, 95, 1410, 1215, 58, P0
2026/07/31 19:27:47.303, 214.22, 250.00, 95, 1410, 1215, 58, P0
2026/07/31 19:27:47.504, 210.70, 250.00, 94, 1410, 1215, 58, P0
2026/07/31 19:27:47.704, 252.94, 250.00, 93, 1305, 1215, 62, P0
2026/07/31 19:27:47.905, 244.66, 250.00, 98, 1290, 1215, 62, P0
2026/07/31 19:27:48.105, 245.20, 250.00, 100, 1395, 1215, 60, P0
2026/07/31 19:27:48.306, 228.16, 250.00, 94, 1410, 1215, 59, P0
2026/07/31 19:27:48.506, 219.39, 250.00, 95, 1410, 1215, 59, P0
2026/07/31 19:27:48.707, 219.25, 250.00, 95, 1410, 1215, 59, P0
2026/07/31 19:27:48.907, 218.72, 250.00, 95, 1410, 1215, 59, P0
2026/07/31 19:27:49.107, 215.69, 250.00, 95, 1410, 1215, 59, P0
2026/07/31 19:27:49.308, 217.90, 250.00, 94, 1410, 1215, 59, P0
2026/07/31 19:27:49.509, 218.22, 250.00, 95, 1410, 1215, 59, P0
2026/07/31 19:27:49.709, 218.14, 250.00, 95, 1410, 1215, 59, P0
2026/07/31 19:27:49.910, 216.27, 250.00, 95, 1410, 1215, 59, P0
2026/07/31 19:27:50.110, 227.48, 250.00, 95, 1410, 1215, 59, P0
2026/07/31 19:27:50.311, 223.00, 250.00, 94, 1410, 1215, 59, P0
2026/07/31 19:27:50.511, 226.96, 250.00, 94, 1410, 1215, 59, P0
2026/07/31 19:27:50.712, 219.88, 250.00, 95, 1410, 1215, 59, P0
2026/07/31 19:27:50.912, 219.56, 250.00, 96, 1410, 1215, 59, P0
2026/07/31 19:27:51.113, 219.69, 250.00, 95, 1410, 1215, 59, P0
2026/07/31 19:27:51.313, 218.45, 250.00, 95, 1410, 1215, 59, P0
2026/07/31 19:27:51.514, 218.81, 250.00, 95, 1410, 1215, 59, P0
2026/07/31 19:27:51.714, 217.84, 250.00, 95, 1410, 1215, 59, P0
2026/07/31 19:27:51.915, 219.18, 250.00, 95, 1410, 1215, 60, P0
2026/07/31 19:27:52.115, 248.10, 250.00, 96, 1305, 1215, 63, P0
2026/07/31 19:27:52.316, 258.86, 250.00, 100, 1305, 1215, 64, P0
2026/07/31 19:27:52.516, 217.52, 250.00, 100, 1410, 1215, 61, P0
2026/07/31 19:27:52.716, 222.25, 250.00, 97, 1410, 1215, 60, P0
2026/07/31 19:27:52.917, 220.50, 250.00, 95, 1410, 1215, 60, P0
2026/07/31 19:27:53.118, 222.57, 250.00, 94, 1410, 1215, 60, P0
2026/07/31 19:27:53.318, 200.00, 250.00, 94, 1410, 1215, 60, P0
2026/07/31 19:27:53.518, 242.83, 250.00, 94, 1305, 1215, 63, P0
2026/07/31 19:27:53.719, 249.91, 250.00, 93, 1290, 1215, 64, P0
2026/07/31 19:27:53.919, 233.32, 250.00, 100, 1410, 1215, 61, P0
2026/07/31 19:27:54.120, 237.12, 250.00, 96, 1410, 1215, 61, P0
2026/07/31 19:27:54.320, 236.35, 250.00, 94, 1410, 1215, 61, P0
2026/07/31 19:27:54.521, 228.98, 250.00, 94, 1410, 1215, 61, P0
2026/07/31 19:27:54.721, 221.86, 250.00, 95, 1410, 1215, 61, P0
2026/07/31 19:27:54.922, 222.60, 250.00, 95, 1410, 1215, 61, P0
2026/07/31 19:27:55.123, 216.39, 250.00, 94, 1410, 1215, 62, P0
2026/07/31 19:27:55.323, 253.42, 250.00, 95, 1290, 1215, 64, P0
2026/07/31 19:27:55.523, 252.49, 250.00, 96, 1290, 1215, 65, P0
2026/07/31 19:27:55.724, 215.60, 250.00, 100, 1410, 1215, 62, P0
2026/07/31 19:27:55.924, 303.71, 250.00, 96, 1365, 1215, 64, P0
2026/07/31 19:27:56.125, 252.15, 250.00, 94, 1290, 1215, 65, P0
2026/07/31 19:27:56.325, 233.77, 250.00, 98, 1350, 1215, 64, P0
2026/07/31 19:27:56.526, 221.10, 250.00, 100, 1410, 1215, 62, P0
2026/07/31 19:27:56.727, 223.26, 250.00, 93, 1410, 1215, 62, P0
2026/07/31 19:27:56.928, 223.73, 250.00, 95, 1410, 1215, 61, P0
2026/07/31 19:27:57.128, 221.12, 250.00, 95, 1410, 1215, 61, P0
2026/07/31 19:27:57.329, 221.46, 250.00, 95, 1410, 1215, 61, P0
2026/07/31 19:27:57.529, 220.87, 250.00, 95, 1410, 1215, 61, P0
2026/07/31 19:27:57.730, 216.88, 250.00, 95, 1410, 1215, 61, P0
2026/07/31 19:27:57.930, 239.03, 250.00, 95, 1410, 1215, 61, P0
2026/07/31 19:27:58.131, 234.86, 250.00, 95, 1410, 1215, 61, P0
2026/07/31 19:27:58.331, 233.08, 250.00, 95, 1410, 1215, 62, P0
2026/07/31 19:27:58.532, 230.47, 250.00, 95, 1410, 1215, 62, P0
2026/07/31 19:27:58.732, 224.37, 250.00, 95, 1410, 1215, 62, P0
2026/07/31 19:27:58.933, 224.36, 250.00, 95, 1410, 1215, 62, P0
2026/07/31 19:27:59.134, 222.71, 250.00, 95, 1410, 1215, 62, P0
2026/07/31 19:27:59.334, 217.04, 250.00, 95, 1410, 1215, 62, P0
2026/07/31 19:27:59.535, 209.77, 250.00, 93, 1410, 1215, 62, P0
2026/07/31 19:27:59.735, 238.75, 250.00, 93, 1410, 1215, 62, P0
2026/07/31 19:27:59.936, 232.86, 250.00, 94, 1410, 1215, 62, P0
2026/07/31 19:28:00.136, 230.71, 250.00, 95, 1410, 1215, 62, P0
2026/07/31 19:28:00.337, 224.36, 250.00, 94, 1410, 1215, 62, P0
2026/07/31 19:28:00.537, 224.03, 250.00, 95, 1410, 1215, 62, P0
2026/07/31 19:28:00.738, 264.45, 250.00, 95, 1290, 1215, 65, P0
2026/07/31 19:28:00.938, 249.57, 250.00, 94, 1290, 1215, 65, P0
2026/07/31 19:28:01.139, 253.67, 250.00, 100, 1350, 1215, 64, P0
2026/07/31 19:28:01.340, 202.93, 250.00, 98, 1410, 1215, 63, P0
2026/07/31 19:28:01.549, 217.00, 250.00, 95, 1410, 1215, 63, P0
2026/07/31 19:28:01.750, 238.38, 250.00, 94, 1410, 1215, 62, P0
2026/07/31 19:28:01.950, 228.73, 250.00, 95, 1410, 1215, 62, P0
2026/07/31 19:28:02.151, 231.64, 250.00, 94, 1320, 1215, 65, P0
2026/07/31 19:28:02.351, 276.88, 250.00, 94, 1290, 1215, 66, P0
2026/07/31 19:28:02.560, 254.68, 250.00, 100, 1305, 1215, 66, P0
2026/07/31 19:28:02.761, 199.78, 250.00, 99, 1410, 1215, 64, P0
2026/07/31 19:28:02.963, 235.50, 250.00, 94, 1410, 1215, 63, P0
2026/07/31 19:28:03.164, 232.34, 250.00, 95, 1410, 1215, 63, P0
2026/07/31 19:28:03.364, 225.42, 250.00, 95, 1410, 1215, 63, P0
2026/07/31 19:28:03.564, 224.93, 250.00, 94, 1410, 1215, 63, P0
2026/07/31 19:28:03.765, 224.56, 250.00, 94, 1410, 1215, 63, P0
2026/07/31 19:28:03.966, 283.92, 250.00, 95, 1290, 1215, 66, P0
2026/07/31 19:28:04.166, 251.67, 250.00, 96, 1290, 1215, 66, P0
2026/07/31 19:28:04.376, 228.35, 250.00, 100, 1395, 1215, 65, P0
2026/07/31 19:28:04.577, 239.27, 250.00, 97, 1410, 1215, 64, P0
2026/07/31 19:28:04.779, 224.53, 250.00, 95, 1410, 1215, 63, P0
2026/07/31 19:28:04.979, 270.83, 250.00, 95, 1275, 1215, 66, P0
2026/07/31 19:28:05.190, 252.05, 250.00, 96, 1290, 1215, 67, P0
2026/07/31 19:28:05.390, 203.04, 250.00, 100, 1395, 1215, 64, P0
2026/07/31 19:28:05.591, 222.13, 250.00, 94, 1410, 1215, 64, P0
2026/07/31 19:28:05.791, 220.23, 250.00, 94, 1410, 1215, 64, P0
2026/07/31 19:28:05.992, 222.68, 250.00, 94, 1410, 1215, 63, P0
2026/07/31 19:28:06.192, 235.23, 250.00, 95, 1410, 1215, 63, P0
2026/07/31 19:28:06.393, 234.23, 250.00, 94, 1410, 1215, 63, P0
2026/07/31 19:28:06.593, 225.18, 250.00, 94, 1410, 1215, 63, P0
2026/07/31 19:28:06.794, 225.78, 250.00, 94, 1410, 1215, 63, P0
2026/07/31 19:28:06.994, 225.78, 250.00, 95, 1410, 1215, 63, P0
2026/07/31 19:28:07.197, 224.81, 250.00, 95, 1410, 1215, 63, P0
2026/07/31 19:28:07.402, 234.77, 250.00, 95, 1410, 1215, 64, P0
2026/07/31 19:28:07.603, 224.71, 250.00, 94, 1410, 1215, 64, P0
2026/07/31 19:28:07.805, 224.91, 250.00, 94, 1410, 1215, 64, P0
2026/07/31 19:28:08.005, 225.01, 250.00, 94, 1410, 1215, 64, P0
2026/07/31 19:28:08.206, 223.09, 250.00, 94, 1410, 1215, 64, P0
2026/07/31 19:28:08.406, 220.46, 250.00, 94, 1410, 1215, 64, P0
2026/07/31 19:28:08.607, 237.89, 250.00, 94, 1410, 1215, 64, P0
2026/07/31 19:28:08.807, 230.98, 250.00, 94, 1410, 1215, 64, P0
2026/07/31 19:28:09.008, 236.53, 250.00, 95, 1410, 1215, 64, P0
2026/07/31 19:28:09.208, 230.17, 250.00, 95, 1410, 1215, 64, P0
2026/07/31 19:28:09.409, 226.93, 250.00, 96, 1410, 1215, 64, P0
2026/07/31 19:28:09.609, 226.15, 250.00, 95, 1410, 1215, 64, P0
2026/07/31 19:28:09.810, 227.01, 250.00, 95, 1410, 1215, 64, P0
2026/07/31 19:28:10.010, 225.64, 250.00, 95, 1410, 1215, 64, P0
2026/07/31 19:28:10.211, 224.07, 250.00, 95, 1410, 1215, 64, P0
2026/07/31 19:28:10.412, 229.96, 250.00, 95, 1410, 1215, 64, P0
2026/07/31 19:28:10.612, 235.88, 250.00, 94, 1410, 1215, 64, P0
2026/07/31 19:28:10.813, 222.88, 250.00, 92, 1410, 1215, 64, P0
2026/07/31 19:28:11.013, 234.82, 250.00, 90, 1410, 1215, 64, P0
2026/07/31 19:28:11.214, 218.04, 250.00, 94, 1410, 1215, 64, P0
2026/07/31 19:28:11.414, 220.27, 250.00, 93, 1410, 1215, 64, P0
2026/07/31 19:28:11.615, 223.47, 250.00, 93, 1410, 1215, 64, P0
2026/07/31 19:28:11.815, 230.34, 250.00, 93, 1410, 1215, 64, P0
2026/07/31 19:28:12.016, 220.65, 250.00, 95, 1410, 1215, 64, P0
2026/07/31 19:28:12.216, 226.93, 250.00, 94, 1410, 1215, 64, P0
2026/07/31 19:28:12.417, 97.41, 250.00, 95, 1410, 1215, 63, P0
2026/07/31 19:28:12.617, 60.60, 250.00, 4, 1410, 1215, 60, P0
2026/07/31 19:28:12.818, 60.17, 250.00, 4, 1410, 1215, 59, P0
2026/07/31 19:28:13.018, 59.46, 250.00, 0, 1410, 1215, 59, P0
2026/07/31 19:28:13.219, 59.38, 250.00, 0, 1410, 1215, 58, P0
2026/07/31 19:28:13.420, 58.40, 250.00, 0, 1410, 1215, 58, P0
2026/07/31 19:28:13.620, 58.22, 250.00, 0, 1410, 1215, 58, P0
2026/07/31 19:28:13.821, 57.96, 250.00, 0, 1410, 1215, 57, P0
2026/07/31 19:28:14.021, 57.84, 250.00, 0, 1410, 1215, 57, P0
2026/07/31 19:28:14.221, 44.77, 250.00, 0, 1140, 1215, 57, P0
2026/07/31 19:28:14.422, 42.44, 250.00, 0, 1140, 1215, 56, P0
2026/07/31 19:28:14.622, 42.26, 250.00, 0, 1140, 1215, 56, P0
2026/07/31 19:28:14.823, 42.25, 250.00, 0, 1140, 1215, 56, P0
2026/07/31 19:28:15.023, 42.18, 250.00, 0, 1140, 1215, 56, P0
2026/07/31 19:28:15.223, 42.08, 250.00, 0, 1140, 1215, 56, P0
2026/07/31 19:28:15.424, 42.06, 250.00, 0, 1140, 1215, 56, P0
2026/07/31 19:28:15.630, 42.26, 250.00, 0, 1140, 1215, 55, P0
2026/07/31 19:28:15.831, 42.16, 250.00, 0, 1140, 1215, 55, P0
2026/07/31 19:28:16.031, 42.15, 250.00, 0, 1140, 1215, 55, P0
2026/07/31 19:28:16.232, 42.07, 250.00, 0, 1140, 1215, 55, P0
2026/07/31 19:28:16.432, 42.07, 250.00, 0, 1140, 1215, 55, P0
2026/07/31 19:28:16.632, 42.34, 250.00, 0, 1140, 1215, 55, P0
2026/07/31 19:28:16.833, 41.93, 250.00, 0, 1140, 1215, 55, P0
2026/07/31 19:28:17.033, 41.86, 250.00, 0, 1140, 1215, 55, P0
2026/07/31 19:28:17.234, 41.65, 250.00, 0, 1140, 1215, 54, P0
2026/07/31 19:28:17.434, 41.60, 250.00, 0, 1140, 1215, 54, P0
2026/07/31 19:28:17.634, 41.62, 250.00, 0, 1140, 1215, 54, P0
2026/07/31 19:28:17.835, 41.65, 250.00, 0, 1140, 1215, 54, P0
2026/07/31 19:28:18.035, 41.57, 250.00, 0, 1140, 1215, 54, P0
2026/07/31 19:28:18.236, 41.47, 250.00, 0, 1140, 1215, 54, P0
2026/07/31 19:28:18.436, 41.39, 250.00, 0, 1140, 1215, 54, P0
2026/07/31 19:28:18.636, 41.37, 250.00, 0, 1140, 1215, 54, P0
2026/07/31 19:28:18.837, 41.39, 250.00, 0, 1140, 1215, 54, P0
2026/07/31 19:28:19.037, 41.29, 250.00, 0, 1140, 1215, 54, P0
2026/07/31 19:28:19.238, 41.18, 250.00, 0, 1140, 1215, 54, P0
2026/07/31 19:28:19.438, 41.30, 250.00, 0, 1140, 1215, 54, P0
2026/07/31 19:28:19.638, 41.19, 250.00, 0, 1140, 1215, 53, P0
2026/07/31 19:28:19.839, 41.17, 250.00, 0, 1140, 1215, 53, P0
2026/07/31 19:28:20.039, 41.18, 250.00, 0, 1140, 1215, 53, P0
2026/07/31 19:28:20.239, 41.08, 250.00, 0, 1140, 1215, 53, P0
2026/07/31 19:28:20.440, 41.11, 250.00, 0, 1140, 1215, 53, P0
2026/07/31 19:28:20.662, 41.08, 250.00, 0, 1140, 1215, 53, P0
2026/07/31 19:28:20.862, 41.01, 250.00, 0, 1140, 1215, 53, P0
2026/07/31 19:28:21.062, 40.99, 250.00, 0, 1140, 1215, 53, P0
2026/07/31 19:28:21.263, 41.00, 250.00, 0, 1140, 1215, 53, P0
2026/07/31 19:28:21.463, 40.89, 250.00, 0, 1140, 1215, 53, P0
2026/07/31 19:28:21.664, 40.88, 250.00, 0, 1140, 1215, 53, P0
2026/07/31 19:28:21.864, 40.90, 250.00, 0, 1140, 1215, 53, P0
2026/07/31 19:28:22.064, 40.80, 250.00, 0, 1140, 1215, 53, P0
2026/07/31 19:28:22.265, 40.77, 250.00, 0, 1140, 1215, 53, P0
2026/07/31 19:28:22.465, 40.88, 250.00, 0, 1140, 1215, 52, P0
2026/07/31 19:28:22.666, 40.78, 250.00, 0, 1140, 1215, 52, P0
2026/07/31 19:28:22.866, 40.71, 250.00, 0, 1140, 1215, 52, P0
2026/07/31 19:28:23.066, 40.60, 250.00, 0, 1140, 1215, 52, P0
2026/07/31 19:28:23.267, 40.58, 250.00, 0, 1140, 1215, 52, P0
2026/07/31 19:28:23.467, 40.63, 250.00, 0, 1140, 1215, 52, P0
2026/07/31 19:28:23.668, 40.68, 250.00, 0, 1140, 1215, 52, P0
2026/07/31 19:28:23.868, 40.61, 250.00, 0, 1140, 1215, 52, P0
2026/07/31 19:28:24.068, 40.49, 250.00, 0, 1140, 1215, 52, P0
2026/07/31 19:28:24.269, 40.52, 250.00, 0, 1140, 1215, 52, P0
2026/07/31 19:28:24.469, 40.61, 250.00, 0, 1140, 1215, 52, P0
2026/07/31 19:28:24.670, 40.50, 250.00, 0, 1140, 1215, 52, P0
2026/07/31 19:28:24.870, 40.50, 250.00, 0, 1140, 1215, 52, P0
2026/07/31 19:28:25.070, 40.36, 250.00, 0, 1140, 1215, 52, P0
2026/07/31 19:28:25.271, 40.39, 250.00, 0, 1140, 1215, 52, P0
2026/07/31 19:28:25.471, 40.42, 250.00, 0, 1140, 1215, 52, P0
2026/07/31 19:28:25.672, 40.42, 250.00, 0, 1140, 1215, 52, P0
2026/07/31 19:28:25.872, 40.31, 250.00, 0, 1140, 1215, 51, P0
2026/07/31 19:28:26.072, 40.39, 250.00, 0, 1140, 1215, 51, P0
2026/07/31 19:28:26.273, 40.40, 250.00, 0, 1140, 1215, 51, P0
2026/07/31 19:28:26.473, 40.39, 250.00, 0, 1140, 1215, 51, P0
2026/07/31 19:28:26.674, 40.32, 250.00, 0, 1140, 1215, 51, P0
2026/07/31 19:28:26.874, 40.22, 250.00, 0, 1140, 1215, 51, P0
2026/07/31 19:28:27.074, 40.22, 250.00, 0, 1140, 1215, 51, P0
2026/07/31 19:28:27.275, 40.21, 250.00, 0, 1140, 1215, 51, P0
2026/07/31 19:28:27.475, 40.32, 250.00, 0, 1140, 1215, 51, P0
2026/07/31 19:28:27.676, 40.12, 250.00, 0, 1140, 1215, 51, P0
2026/07/31 19:28:27.876, 40.13, 250.00, 0, 1140, 1215, 51, P0
2026/07/31 19:28:28.076, 40.13, 250.00, 0, 1140, 1215, 51, P0
2026/07/31 19:28:28.277, 40.12, 250.00, 0, 1140, 1215, 51, P0
2026/07/31 19:28:28.477, 40.10, 250.00, 0, 1140, 1215, 51, P0
2026/07/31 19:28:28.678, 40.03, 250.00, 0, 1140, 1215, 51, P0
2026/07/31 19:28:28.878, 40.01, 250.00, 0, 1140, 1215, 51, P0
2026/07/31 19:28:29.078, 40.00, 250.00, 0, 1140, 1215, 51, P0
2026/07/31 19:28:29.279, 39.99, 250.00, 0, 1140, 1215, 51, P0
2026/07/31 19:28:29.479, 39.89, 250.00, 0, 1140, 1215, 51, P0
2026/07/31 19:28:29.680, 39.89, 250.00, 0, 1140, 1215, 50, P0
2026/07/31 19:28:29.880, 40.03, 250.00, 0, 1140, 1215, 50, P0
2026/07/31 19:28:30.081, 39.81, 250.00, 0, 1140, 1215, 50, P0
2026/07/31 19:28:30.281, 39.81, 250.00, 0, 1140, 1215, 50, P0
2026/07/31 19:28:30.481, 39.71, 250.00, 0, 1140, 1215, 50, P0
2026/07/31 19:28:30.682, 39.73, 250.00, 0, 1140, 1215, 50, P0
2026/07/31 19:28:30.882, 39.71, 250.00, 0, 1140, 1215, 50, P0
2026/07/31 19:28:31.083, 39.73, 250.00, 0, 1140, 1215, 50, P0
2026/07/31 19:28:31.283, 39.81, 250.00, 0, 1140, 1215, 50, P0
2026/07/31 19:28:31.484, 39.83, 250.00, 0, 1140, 1215, 50, P0
2026/07/31 19:28:31.684, 39.72, 250.00, 0, 1140, 1215, 50, P0
2026/07/31 19:28:31.884, 39.72, 250.00, 0, 1140, 1215, 50, P0
2026/07/31 19:28:32.085, 39.71, 250.00, 0, 1140, 1215, 50, P0
2026/07/31 19:28:32.285, 39.68, 250.00, 0, 1140, 1215, 50, P0
2026/07/31 19:28:32.486, 39.71, 250.00, 0, 1140, 1215, 50, P0
2026/07/31 19:28:32.686, 39.72, 250.00, 0, 1140, 1215, 50, P0
2026/07/31 19:28:32.886, 39.51, 250.00, 0, 1140, 1215, 50, P0
2026/07/31 19:28:33.087, 39.61, 250.00, 0, 1140, 1215, 50, P0
2026/07/31 19:28:33.287, 39.60, 250.00, 0, 1140, 1215, 50, P0
2026/07/31 19:28:33.488, 39.49, 250.00, 0, 1140, 1215, 50, P0
2026/07/31 19:28:33.688, 39.51, 250.00, 0, 1140, 1215, 49, P0
2026/07/31 19:28:33.888, 39.52, 250.00, 0, 1140, 1215, 49, P0
2026/07/31 19:28:34.089, 39.52, 250.00, 0, 1140, 1215, 49, P0
2026/07/31 19:28:34.289, 39.51, 250.00, 0, 1140, 1215, 49, P0
2026/07/31 19:28:34.490, 39.82, 250.00, 0, 1140, 1215, 49, P0
2026/07/31 19:28:34.690, 39.81, 250.00, 0, 1140, 1215, 49, P0
2026/07/31 19:28:34.890, 39.73, 250.00, 0, 1140, 1215, 49, P0
2026/07/31 19:28:35.091, 39.71, 250.00, 0, 1140, 1215, 49, P0
2026/07/31 19:28:35.291, 39.73, 250.00, 0, 1140, 1215, 49, P0
2026/07/31 19:28:35.492, 39.75, 250.00, 0, 1140, 1215, 49, P0
2026/07/31 19:28:35.692, 39.70, 250.00, 10, 1140, 1215, 49, P0
2026/07/31 19:28:35.892, 39.59, 250.00, 0, 1140, 1215, 49, P0
2026/07/31 19:28:36.093, 39.51, 250.00, 0, 1140, 1215, 49, P0
2026/07/31 19:28:36.293, 39.53, 250.00, 0, 1140, 1215, 49, P0
2026/07/31 19:28:36.494, 39.41, 250.00, 0, 1140, 1215, 49, P0
2026/07/31 19:28:36.694, 163.46, 250.00, 1, 1140, 1215, 53, P0
2026/07/31 19:28:36.895, 179.13, 250.00, 97, 1320, 1215, 57, P0
2026/07/31 19:28:37.095, 252.91, 250.00, 100, 1335, 1215, 58, P0
2026/07/31 19:28:37.295, 254.16, 250.00, 96, 1305, 1215, 59, P0
2026/07/31 19:28:37.496, 255.52, 250.00, 100, 1320, 1215, 59, P0
2026/07/31 19:28:37.696, 256.30, 250.00, 96, 1305, 1215, 61, P0
2026/07/31 19:28:37.897, 238.01, 250.00, 100, 1290, 1215, 61, P0
2026/07/31 19:28:38.097, 243.61, 250.00, 96, 1305, 1215, 61, P0
2026/07/31 19:28:38.298, 252.49, 250.00, 100, 1290, 1215, 62, P0
2026/07/31 19:28:38.498, 204.06, 250.00, 98, 1410, 1215, 58, P0
2026/07/31 19:28:38.700, 215.52, 250.00, 93, 1410, 1215, 58, P0
2026/07/31 19:28:38.904, 218.13, 250.00, 95, 1410, 1215, 58, P0
2026/07/31 19:28:39.105, 216.98, 250.00, 95, 1410, 1215, 58, P0
2026/07/31 19:28:39.306, 217.84, 250.00, 95, 1410, 1215, 58, P0
2026/07/31 19:28:39.507, 215.40, 250.00, 95, 1410, 1215, 58, P0
2026/07/31 19:28:39.707, 216.51, 250.00, 94, 1410, 1215, 58, P0
2026/07/31 19:28:39.908, 215.02, 250.00, 95, 1410, 1215, 58, P0
2026/07/31 19:28:40.108, 215.05, 250.00, 95, 1410, 1215, 58, P0
2026/07/31 19:28:40.309, 214.48, 250.00, 95, 1410, 1215, 58, P0
2026/07/31 19:28:40.510, 229.25, 250.00, 95, 1410, 1215, 58, P0
2026/07/31 19:28:40.710, 224.10, 250.00, 94, 1410, 1215, 58, P0
2026/07/31 19:28:40.911, 226.11, 250.00, 94, 1410, 1215, 58, P0
2026/07/31 19:28:41.111, 219.06, 250.00, 95, 1410, 1215, 58, P0
2026/07/31 19:28:41.312, 219.13, 250.00, 94, 1410, 1215, 59, P0
2026/07/31 19:28:41.512, 218.05, 250.00, 94, 1410, 1215, 59, P0
2026/07/31 19:28:41.713, 217.81, 250.00, 94, 1410, 1215, 59, P0
2026/07/31 19:28:41.913, 217.28, 250.00, 96, 1410, 1215, 59, P0
2026/07/31 19:28:42.114, 217.50, 250.00, 95, 1410, 1215, 59, P0
2026/07/31 19:28:42.314, 214.98, 250.00, 95, 1410, 1215, 59, P0
2026/07/31 19:28:42.515, 231.38, 250.00, 95, 1410, 1215, 59, P0
2026/07/31 19:28:42.715, 225.69, 250.00, 95, 1410, 1215, 59, P0
2026/07/31 19:28:42.916, 226.70, 250.00, 95, 1410, 1215, 59, P0
2026/07/31 19:28:43.116, 222.00, 250.00, 95, 1410, 1215, 59, P0
2026/07/31 19:28:43.317, 219.97, 250.00, 95, 1410, 1215, 59, P0
2026/07/31 19:28:43.517, 219.20, 250.00, 95, 1410, 1215, 59, P0
2026/07/31 19:28:43.718, 219.03, 250.00, 95, 1410, 1215, 59, P0
2026/07/31 19:28:43.919, 218.80, 250.00, 95, 1410, 1215, 59, P0
2026/07/31 19:28:44.119, 217.92, 250.00, 96, 1410, 1215, 59, P0
2026/07/31 19:28:44.320, 212.31, 250.00, 95, 1410, 1215, 60, P0
2026/07/31 19:28:44.520, 218.68, 250.00, 95, 1410, 1215, 60, P0
2026/07/31 19:28:44.721, 230.08, 250.00, 95, 1410, 1215, 60, P0
2026/07/31 19:28:44.921, 228.17, 250.00, 95, 1410, 1215, 60, P0
2026/07/31 19:28:45.122, 228.57, 250.00, 95, 1410, 1215, 60, P0
2026/07/31 19:28:45.322, 225.99, 250.00, 95, 1410, 1215, 60, P0
2026/07/31 19:28:45.523, 220.50, 250.00, 95, 1410, 1215, 60, P0
2026/07/31 19:28:45.723, 219.35, 250.00, 95, 1410, 1215, 60, P0
2026/07/31 19:28:45.924, 221.01, 250.00, 95, 1410, 1215, 60, P0
2026/07/31 19:28:46.124, 220.25, 250.00, 95, 1410, 1215, 60, P0
2026/07/31 19:28:46.325, 219.39, 250.00, 95, 1410, 1215, 60, P0
2026/07/31 19:28:46.525, 218.23, 250.00, 95, 1410, 1215, 60, P0
2026/07/31 19:28:46.726, 213.28, 250.00, 95, 1410, 1215, 60, P0
2026/07/31 19:28:46.926, 217.40, 250.00, 94, 1410, 1215, 60, P0
2026/07/31 19:28:47.127, 230.89, 250.00, 94, 1410, 1215, 60, P0
2026/07/31 19:28:47.327, 231.04, 250.00, 95, 1410, 1215, 60, P0
2026/07/31 19:28:47.528, 221.43, 250.00, 94, 1410, 1215, 60, P0
2026/07/31 19:28:47.729, 221.27, 250.00, 95, 1410, 1215, 61, P0
2026/07/31 19:28:47.929, 220.93, 250.00, 95, 1410, 1215, 61, P0
2026/07/31 19:28:48.130, 221.10, 250.00, 95, 1410, 1215, 61, P0
2026/07/31 19:28:48.330, 220.09, 250.00, 96, 1410, 1215, 61, P0
2026/07/31 19:28:48.531, 217.80, 250.00, 95, 1410, 1215, 61, P0
2026/07/31 19:28:48.731, 216.13, 250.00, 95, 1410, 1215, 61, P0
2026/07/31 19:28:48.932, 219.46, 250.00, 95, 1410, 1215, 61, P0
2026/07/31 19:28:49.132, 235.57, 250.00, 95, 1410, 1215, 61, P0
2026/07/31 19:28:49.333, 224.79, 250.00, 95, 1410, 1215, 61, P0
2026/07/31 19:28:49.533, 226.74, 250.00, 95, 1410, 1215, 61, P0
2026/07/31 19:28:49.734, 221.80, 250.00, 95, 1410, 1215, 61, P0
2026/07/31 19:28:49.934, 221.44, 250.00, 95, 1410, 1215, 61, P0
2026/07/31 19:28:50.135, 221.32, 250.00, 95, 1410, 1215, 61, P0
2026/07/31 19:28:50.335, 218.57, 250.00, 95, 1410, 1215, 61, P0
2026/07/31 19:28:50.536, 218.75, 250.00, 95, 1410, 1215, 61, P0
2026/07/31 19:28:50.736, 216.84, 250.00, 94, 1410, 1215, 61, P0
2026/07/31 19:28:50.937, 235.29, 250.00, 95, 1410, 1215, 61, P0
2026/07/31 19:28:51.138, 227.33, 250.00, 95, 1410, 1215, 61, P0
2026/07/31 19:28:51.338, 229.96, 250.00, 94, 1410, 1215, 61, P0
2026/07/31 19:28:51.538, 221.11, 250.00, 95, 1410, 1215, 63, P0
2026/07/31 19:28:51.739, 260.02, 250.00, 95, 1290, 1215, 65, P0
2026/07/31 19:28:51.939, 252.16, 250.00, 100, 1290, 1215, 66, P0
2026/07/31 19:28:52.140, 216.39, 250.00, 97, 1410, 1215, 63, P0
2026/07/31 19:28:52.340, 224.90, 250.00, 95, 1410, 1215, 62, P0
2026/07/31 19:28:52.541, 224.17, 250.00, 95, 1410, 1215, 62, P0
2026/07/31 19:28:52.741, 222.53, 250.00, 95, 1410, 1215, 63, P0
2026/07/31 19:28:52.942, 251.76, 250.00, 97, 1305, 1215, 66, P0
2026/07/31 19:28:53.142, 250.24, 250.00, 100, 1290, 1215, 66, P0
2026/07/31 19:28:53.343, 273.54, 250.00, 95, 1305, 1215, 66, P0
2026/07/31 19:28:53.543, 251.02, 250.00, 100, 1290, 1215, 67, P0
2026/07/31 19:28:53.744, 196.70, 250.00, 100, 1395, 1215, 64, P0
2026/07/31 19:28:53.944, 222.11, 250.00, 94, 1410, 1215, 63, P0
2026/07/31 19:28:54.145, 223.76, 250.00, 95, 1410, 1215, 63, P0
2026/07/31 19:28:54.345, 222.29, 250.00, 95, 1410, 1215, 63, P0
2026/07/31 19:28:54.546, 242.10, 250.00, 95, 1410, 1215, 63, P0
2026/07/31 19:28:54.746, 236.02, 250.00, 95, 1410, 1215, 63, P0
2026/07/31 19:28:54.947, 238.73, 250.00, 95, 1410, 1215, 63, P0
2026/07/31 19:28:55.147, 232.10, 250.00, 95, 1410, 1215, 63, P0
2026/07/31 19:28:55.348, 225.89, 250.00, 95, 1410, 1215, 63, P0
2026/07/31 19:28:55.548, 225.09, 250.00, 95, 1410, 1215, 63, P0
2026/07/31 19:28:55.749, 303.03, 250.00, 95, 1290, 1215, 66, P0
2026/07/31 19:28:55.949, 249.16, 250.00, 99, 1290, 1215, 66, P0
2026/07/31 19:28:56.150, 246.20, 250.00, 99, 1380, 1215, 65, P0
2026/07/31 19:28:56.350, 232.29, 250.00, 95, 1410, 1215, 64, P0
2026/07/31 19:28:56.551, 226.66, 250.00, 95, 1410, 1215, 63, P0
2026/07/31 19:28:56.751, 225.46, 250.00, 94, 1410, 1215, 63, P0
2026/07/31 19:28:56.952, 225.42, 250.00, 95, 1410, 1215, 63, P0
2026/07/31 19:28:57.152, 224.90, 250.00, 95, 1410, 1215, 63, P0
2026/07/31 19:28:57.353, 224.54, 250.00, 95, 1410, 1215, 63, P0
2026/07/31 19:28:57.554, 224.42, 250.00, 95, 1410, 1215, 63, P0
2026/07/31 19:28:57.754, 223.13, 250.00, 95, 1410, 1215, 63, P0
2026/07/31 19:28:57.955, 221.47, 250.00, 95, 1410, 1215, 63, P0
2026/07/31 19:28:58.155, 240.12, 250.00, 95, 1410, 1215, 63, P0
2026/07/31 19:28:58.356, 234.49, 250.00, 95, 1410, 1215, 63, P0
2026/07/31 19:28:58.556, 236.57, 250.00, 95, 1410, 1215, 63, P0
2026/07/31 19:28:58.757, 233.63, 250.00, 96, 1410, 1215, 63, P0
2026/07/31 19:28:58.957, 226.55, 250.00, 95, 1410, 1215, 63, P0
2026/07/31 19:28:59.158, 225.79, 250.00, 95, 1410, 1215, 64, P0
2026/07/31 19:28:59.358, 226.01, 250.00, 95, 1410, 1215, 64, P0
2026/07/31 19:28:59.559, 224.97, 250.00, 95, 1410, 1215, 64, P0
2026/07/31 19:28:59.759, 222.80, 250.00, 94, 1410, 1215, 64, P0
2026/07/31 19:28:59.960, 223.01, 250.00, 94, 1410, 1215, 64, P0
2026/07/31 19:29:00.160, 242.12, 250.00, 94, 1410, 1215, 64, P0
2026/07/31 19:29:00.361, 234.08, 250.00, 95, 1410, 1215, 64, P0
2026/07/31 19:29:00.562, 239.52, 250.00, 95, 1410, 1215, 64, P0
2026/07/31 19:29:00.762, 234.44, 250.00, 96, 1410, 1215, 64, P0
2026/07/31 19:29:00.962, 228.67, 250.00, 95, 1410, 1215, 64, P0
2026/07/31 19:29:01.163, 227.34, 250.00, 96, 1410, 1215, 64, P0
2026/07/31 19:29:01.364, 226.68, 250.00, 95, 1410, 1215, 64, P0
2026/07/31 19:29:01.564, 226.37, 250.00, 95, 1410, 1215, 64, P0
2026/07/31 19:29:01.765, 225.46, 250.00, 95, 1410, 1215, 64, P0
2026/07/31 19:29:01.965, 225.62, 250.00, 95, 1410, 1215, 64, P0
2026/07/31 19:29:02.166, 225.23, 250.00, 95, 1410, 1215, 64, P0
2026/07/31 19:29:02.366, 225.59, 250.00, 95, 1410, 1215, 64, P0
2026/07/31 19:29:02.567, 233.40, 250.00, 95, 1410, 1215, 64, P0
2026/07/31 19:29:02.767, 236.96, 250.00, 94, 1410, 1215, 64, P0
2026/07/31 19:29:02.968, 237.66, 250.00, 95, 1410, 1215, 64, P0
2026/07/31 19:29:03.168, 234.96, 250.00, 95, 1410, 1215, 64, P0
2026/07/31 19:29:03.369, 227.53, 250.00, 95, 1410, 1215, 64, P0
2026/07/31 19:29:03.569, 227.90, 250.00, 95, 1410, 1215, 64, P0
2026/07/31 19:29:03.770, 228.37, 250.00, 95, 1410, 1215, 64, P0
2026/07/31 19:29:03.970, 227.04, 250.00, 95, 1410, 1215, 64, P0
2026/07/31 19:29:04.170, 227.52, 250.00, 95, 1410, 1215, 64, P0
2026/07/31 19:29:04.371, 226.58, 250.00, 95, 1410, 1215, 65, P0
2026/07/31 19:29:04.572, 225.14, 250.00, 95, 1410, 1215, 65, P0
2026/07/31 19:29:04.772, 222.33, 250.00, 95, 1410, 1215, 65, P0
2026/07/31 19:29:04.972, 243.20, 250.00, 95, 1410, 1215, 65, P0
2026/07/31 19:29:05.173, 231.93, 250.00, 95, 1410, 1215, 65, P0
2026/07/31 19:29:05.373, 234.71, 250.00, 96, 1410, 1215, 65, P0
2026/07/31 19:29:05.574, 227.72, 250.00, 94, 1410, 1215, 65, P0
2026/07/31 19:29:05.774, 179.72, 250.00, 94, 1410, 1215, 64, P0
2026/07/31 19:29:05.975, 202.99, 250.00, 91, 1410, 1215, 64, P0
2026/07/31 19:29:06.175, 198.57, 250.00, 81, 1410, 1215, 64, P0
2026/07/31 19:29:06.376, 197.57, 250.00, 79, 1410, 1215, 64, P0
2026/07/31 19:29:06.576, 170.30, 250.00, 78, 1410, 1215, 63, P0
2026/07/31 19:29:06.777, 153.59, 250.00, 73, 1410, 1215, 63, P0
2026/07/31 19:29:06.977, 200.73, 250.00, 71, 1410, 1215, 65, P0
2026/07/31 19:29:07.177, 162.59, 250.00, 59, 1395, 1215, 66, P0
2026/07/31 19:29:07.378, 249.68, 250.00, 54, 1290, 1215, 68, P0
2026/07/31 19:29:07.578, 199.82, 250.00, 74, 1395, 1215, 65, P0
2026/07/31 19:29:07.779, 241.29, 250.00, 93, 1410, 1215, 65, P0
2026/07/31 19:29:07.979, 225.59, 250.00, 95, 1410, 1215, 65, P0
2026/07/31 19:29:08.180, 217.81, 250.00, 94, 1410, 1215, 65, P0
2026/07/31 19:29:08.380, 253.11, 250.00, 94, 1290, 1215, 68, P0
2026/07/31 19:29:08.581, 254.85, 250.00, 94, 1290, 1215, 69, P0
2026/07/31 19:29:08.781, 247.95, 250.00, 100, 1380, 1215, 67, P0
2026/07/31 19:29:08.982, 224.51, 250.00, 98, 1410, 1215, 66, P0
2026/07/31 19:29:09.183, 228.39, 250.00, 95, 1410, 1215, 66, P0
2026/07/31 19:29:09.383, 239.05, 250.00, 95, 1410, 1215, 66, P0
2026/07/31 19:29:09.584, 240.77, 250.00, 95, 1410, 1215, 65, P0
2026/07/31 19:29:09.784, 235.59, 250.00, 95, 1410, 1215, 66, P0
2026/07/31 19:29:09.985, 228.97, 250.00, 95, 1410, 1215, 65, P0
2026/07/31 19:29:10.185, 228.39, 250.00, 95, 1410, 1215, 65, P0
2026/07/31 19:29:10.386, 250.77, 250.00, 95, 1275, 1215, 69, P0
2026/07/31 19:29:10.587, 252.70, 250.00, 96, 1290, 1215, 69, P0
2026/07/31 19:29:10.787, 233.35, 250.00, 100, 1380, 1215, 67, P0
2026/07/31 19:29:10.988, 228.51, 250.00, 97, 1410, 1215, 66, P0
2026/07/31 19:29:11.188, 228.29, 250.00, 95, 1410, 1215, 66, P0
2026/07/31 19:29:11.389, 225.37, 250.00, 95, 1410, 1215, 66, P0
2026/07/31 19:29:11.589, 229.76, 250.00, 94, 1410, 1215, 66, P0
2026/07/31 19:29:11.790, 225.34, 250.00, 94, 1410, 1215, 66, P0
2026/07/31 19:29:11.990, 224.84, 250.00, 94, 1410, 1215, 66, P0
2026/07/31 19:29:12.191, 241.87, 250.00, 95, 1410, 1215, 66, P0
2026/07/31 19:29:12.391, 234.63, 250.00, 95, 1410, 1215, 66, P0
2026/07/31 19:29:12.592, 235.31, 250.00, 95, 1410, 1215, 66, P0
2026/07/31 19:29:12.792, 229.26, 250.00, 95, 1410, 1215, 66, P0
2026/07/31 19:29:12.993, 228.90, 250.00, 95, 1410, 1215, 66, P0
2026/07/31 19:29:13.193, 246.95, 250.00, 94, 1290, 1215, 69, P0
2026/07/31 19:29:13.398, 251.51, 250.00, 100, 1290, 1215, 70, P0
2026/07/31 19:29:13.598, 224.37, 250.00, 100, 1395, 1215, 67, P0
2026/07/31 19:29:13.799, 232.10, 250.00, 94, 1410, 1215, 67, P0
2026/07/31 19:29:13.999, 228.84, 250.00, 94, 1410, 1215, 66, P0
2026/07/31 19:29:14.200, 228.87, 250.00, 95, 1410, 1215, 66, P0
2026/07/31 19:29:14.400, 227.28, 250.00, 95, 1410, 1215, 66, P0
2026/07/31 19:29:14.601, 226.14, 250.00, 94, 1410, 1215, 66, P0
2026/07/31 19:29:14.801, 227.15, 250.00, 94, 1410, 1215, 66, P0
2026/07/31 19:29:15.002, 225.78, 250.00, 95, 1410, 1215, 66, P0
2026/07/31 19:29:15.203, 243.99, 250.00, 95, 1410, 1215, 66, P0
2026/07/31 19:29:15.403, 240.09, 250.00, 95, 1410, 1215, 66, P0
2026/07/31 19:29:15.603, 235.21, 250.00, 95, 1410, 1215, 66, P0
2026/07/31 19:29:15.804, 236.45, 250.00, 95, 1410, 1215, 66, P0
2026/07/31 19:29:16.006, 237.31, 250.00, 95, 1410, 1215, 67, P0
2026/07/31 19:29:16.209, 217.48, 250.00, 94, 1410, 1215, 66, P0
2026/07/31 19:29:16.411, 243.63, 250.00, 94, 1410, 1215, 67, P0
2026/07/31 19:29:16.611, 234.46, 250.00, 95, 1410, 1215, 67, P0
2026/07/31 19:29:16.813, 234.46, 250.00, 95, 1410, 1215, 67, P0
2026/07/31 19:29:17.014, 229.22, 250.00, 95, 1410, 1215, 67, P0
2026/07/31 19:29:17.214, 228.89, 250.00, 94, 1410, 1215, 67, P0
2026/07/31 19:29:17.415, 225.51, 250.00, 94, 1410, 1215, 67, P0
2026/07/31 19:29:17.615, 228.25, 250.00, 94, 1410, 1215, 67, P0
2026/07/31 19:29:17.816, 229.65, 250.00, 95, 1410, 1215, 67, P0
2026/07/31 19:29:18.016, 227.69, 250.00, 95, 1410, 1215, 67, P0
2026/07/31 19:29:18.217, 226.33, 250.00, 95, 1410, 1215, 67, P0
2026/07/31 19:29:18.417, 246.64, 250.00, 95, 1410, 1215, 67, P0
2026/07/31 19:29:18.618, 237.10, 250.00, 96, 1410, 1215, 67, P0
2026/07/31 19:29:18.818, 236.29, 250.00, 94, 1410, 1215, 67, P0
2026/07/31 19:29:19.019, 230.72, 250.00, 95, 1410, 1215, 67, P0
2026/07/31 19:29:19.219, 230.99, 250.00, 95, 1410, 1215, 67, P0
2026/07/31 19:29:19.420, 230.24, 250.00, 95, 1410, 1215, 67, P0
2026/07/31 19:29:19.620, 230.62, 250.00, 95, 1410, 1215, 67, P0
2026/07/31 19:29:19.821, 229.54, 250.00, 95, 1410, 1215, 67, P0
2026/07/31 19:29:20.021, 227.77, 250.00, 94, 1410, 1215, 67, P0
2026/07/31 19:29:20.222, 219.37, 250.00, 94, 1410, 1215, 67, P0
2026/07/31 19:29:20.422, 241.21, 250.00, 94, 1410, 1215, 67, P0
2026/07/31 19:29:20.623, 234.00, 250.00, 95, 1410, 1215, 67, P0
2026/07/31 19:29:20.823, 237.70, 250.00, 94, 1410, 1215, 67, P0
2026/07/31 19:29:21.024, 230.94, 250.00, 95, 1410, 1215, 67, P0
2026/07/31 19:29:21.224, 227.32, 250.00, 95, 1410, 1215, 67, P0
2026/07/31 19:29:21.425, 226.98, 250.00, 95, 1410, 1215, 67, P0
2026/07/31 19:29:21.625, 242.81, 250.00, 95, 1410, 1215, 67, P0
2026/07/31 19:29:21.826, 239.76, 250.00, 95, 1410, 1215, 67, P0
2026/07/31 19:29:22.027, 234.19, 250.00, 95, 1410, 1215, 67, P0
2026/07/31 19:29:22.227, 230.36, 250.00, 95, 1410, 1215, 67, P0
2026/07/31 19:29:22.427, 230.45, 250.00, 95, 1410, 1215, 67, P0
2026/07/31 19:29:22.628, 228.96, 250.00, 95, 1410, 1215, 67, P0
2026/07/31 19:29:22.828, 229.11, 250.00, 95, 1410, 1215, 67, P0
2026/07/31 19:29:23.029, 229.24, 250.00, 95, 1410, 1215, 68, P0
2026/07/31 19:29:23.229, 226.89, 250.00, 95, 1410, 1215, 68, P0
2026/07/31 19:29:23.430, 245.89, 250.00, 95, 1410, 1215, 68, P0
2026/07/31 19:29:23.631, 243.69, 250.00, 95, 1410, 1215, 68, P0
2026/07/31 19:29:23.831, 228.83, 250.00, 95, 1290, 1215, 67, P0
2026/07/31 19:29:24.045, 253.20, 250.00, 100, 1290, 1215, 71, P0
2026/07/31 19:29:24.245, 248.96, 250.00, 96, 1320, 1215, 71, P0
2026/07/31 19:29:24.446, 247.47, 250.00, 100, 1290, 1215, 72, P0
2026/07/31 19:29:24.646, 239.82, 250.00, 100, 1275, 1215, 71, P0
2026/07/31 19:29:24.847, 232.74, 250.00, 95, 1410, 1215, 69, P0
2026/07/31 19:29:25.047, 231.85, 250.00, 95, 1410, 1215, 68, P0
2026/07/31 19:29:25.248, 231.29, 250.00, 95, 1410, 1215, 68, P0
2026/07/31 19:29:25.448, 226.86, 250.00, 95, 1410, 1215, 68, P0
2026/07/31 19:29:25.671, 230.53, 250.00, 95, 1410, 1215, 68, P0
2026/07/31 19:29:25.872, 230.45, 250.00, 95, 1410, 1215, 68, P0
2026/07/31 19:29:26.072, 229.81, 250.00, 95, 1410, 1215, 68, P0
2026/07/31 19:29:26.273, 229.31, 250.00, 95, 1410, 1215, 68, P0
2026/07/31 19:29:26.473, 306.77, 250.00, 95, 1290, 1215, 71, P0
2026/07/31 19:29:26.687, 251.39, 250.00, 100, 1290, 1215, 72, P0
2026/07/31 19:29:26.888, 343.73, 250.00, 93, 1410, 1215, 74, P0
2026/07/31 19:29:27.090, 343.73, 250.00, 93, 1260, 1215, 73, P0
2026/07/31 19:29:27.296, 245.93, 250.00, 100, 1290, 1215, 72, P0
2026/07/31 19:29:27.497, 221.62, 250.00, 99, 1410, 1215, 69, P0
2026/07/31 19:29:27.698, 230.21, 250.00, 95, 1410, 1215, 69, P0
2026/07/31 19:29:27.898, 230.47, 250.00, 95, 1410, 1215, 69, P0
2026/07/31 19:29:28.099, 227.12, 250.00, 95, 1410, 1215, 69, P0
2026/07/31 19:29:28.299, 226.40, 250.00, 95, 1410, 1215, 69, P0
2026/07/31 19:29:28.500, 243.12, 250.00, 95, 1410, 1215, 68, P0
2026/07/31 19:29:28.700, 235.63, 250.00, 95, 1410, 1215, 69, P0
2026/07/31 19:29:28.901, 238.78, 250.00, 95, 1410, 1215, 68, P0
2026/07/31 19:29:29.101, 233.14, 250.00, 95, 1410, 1215, 68, P0
2026/07/31 19:29:29.302, 231.63, 250.00, 95, 1410, 1215, 68, P0
2026/07/31 19:29:29.502, 231.99, 250.00, 95, 1410, 1215, 69, P0
2026/07/31 19:29:29.703, 229.57, 250.00, 95, 1410, 1215, 68, P0
2026/07/31 19:29:29.903, 228.66, 250.00, 94, 1410, 1215, 69, P0
2026/07/31 19:29:30.104, 228.33, 250.00, 94, 1410, 1215, 69, P0
2026/07/31 19:29:30.304, 230.17, 250.00, 95, 1410, 1215, 69, P0
2026/07/31 19:29:30.505, 238.47, 250.00, 95, 1410, 1215, 69, P0
2026/07/31 19:29:30.705, 241.13, 250.00, 95, 1410, 1215, 69, P0
2026/07/31 19:29:30.906, 236.51, 250.00, 95, 1410, 1215, 69, P0
2026/07/31 19:29:31.106, 238.82, 250.00, 95, 1410, 1215, 69, P0
2026/07/31 19:29:31.307, 231.74, 250.00, 94, 1410, 1215, 69, P0
2026/07/31 19:29:31.507, 231.82, 250.00, 94, 1410, 1215, 69, P0
2026/07/31 19:29:31.708, 231.46, 250.00, 96, 1410, 1215, 69, P0
2026/07/31 19:29:31.908, 231.52, 250.00, 95, 1410, 1215, 69, P0
2026/07/31 19:29:32.110, 230.77, 250.00, 95, 1410, 1215, 69, P0
2026/07/31 19:29:32.313, 231.86, 250.00, 94, 1410, 1215, 69, P0
2026/07/31 19:29:32.515, 227.14, 250.00, 94, 1410, 1215, 69, P0
2026/07/31 19:29:32.716, 229.24, 250.00, 94, 1410, 1215, 69, P0
2026/07/31 19:29:32.917, 229.62, 250.00, 94, 1410, 1215, 69, P0
2026/07/31 19:29:33.118, 217.57, 250.00, 94, 1410, 1215, 69, P0
2026/07/31 19:29:33.318, 244.07, 250.00, 95, 1410, 1215, 69, P0
2026/07/31 19:29:33.519, 238.84, 250.00, 95, 1410, 1215, 69, P0
2026/07/31 19:29:33.719, 232.20, 250.00, 94, 1410, 1215, 69, P0
2026/07/31 19:29:33.920, 233.23, 250.00, 95, 1410, 1215, 69, P0
2026/07/31 19:29:34.120, 231.98, 250.00, 95, 1410, 1215, 69, P0
2026/07/31 19:29:34.321, 232.07, 250.00, 95, 1410, 1215, 69, P0
2026/07/31 19:29:34.521, 232.37, 250.00, 95, 1410, 1215, 69, P0
2026/07/31 19:29:34.722, 228.29, 250.00, 95, 1410, 1215, 69, P0
2026/07/31 19:29:34.922, 231.31, 250.00, 94, 1410, 1215, 69, P0
2026/07/31 19:29:35.123, 226.83, 250.00, 95, 1410, 1215, 69, P0
2026/07/31 19:29:35.323, 248.99, 250.00, 96, 1410, 1215, 69, P0
2026/07/31 19:29:35.524, 235.93, 250.00, 95, 1410, 1215, 69, P0
2026/07/31 19:29:35.724, 240.30, 250.00, 95, 1410, 1215, 69, P0
2026/07/31 19:29:35.925, 232.12, 250.00, 94, 1410, 1215, 69, P0
2026/07/31 19:29:36.126, 231.82, 250.00, 94, 1410, 1215, 69, P0
2026/07/31 19:29:36.326, 232.17, 250.00, 95, 1410, 1215, 69, P0
2026/07/31 19:29:36.527, 232.27, 250.00, 95, 1410, 1215, 69, P0
2026/07/31 19:29:36.727, 231.29, 250.00, 95, 1410, 1215, 69, P0
2026/07/31 19:29:36.928, 232.84, 250.00, 95, 1410, 1215, 69, P0
2026/07/31 19:29:37.128, 227.16, 250.00, 95, 1410, 1215, 69, P0
2026/07/31 19:29:37.329, 245.32, 250.00, 95, 1410, 1215, 69, P0
2026/07/31 19:29:37.529, 239.25, 250.00, 95, 1410, 1215, 69, P0
2026/07/31 19:29:37.730, 231.60, 250.00, 95, 1410, 1215, 69, P0
2026/07/31 19:29:37.930, 237.72, 250.00, 95, 1275, 1215, 72, P0
2026/07/31 19:29:38.156, 253.83, 250.00, 100, 1290, 1215, 73, P0
2026/07/31 19:29:38.357, 198.26, 250.00, 97, 1395, 1215, 71, P0
2026/07/31 19:29:38.557, 228.04, 250.00, 94, 1410, 1215, 70, P0
2026/07/31 19:29:38.758, 235.97, 250.00, 94, 1410, 1215, 70, P0
2026/07/31 19:29:38.959, 231.13, 250.00, 94, 1410, 1215, 70, P0
2026/07/31 19:29:39.159, 222.69, 250.00, 95, 1275, 1215, 72, P0
2026/07/31 19:29:39.360, 252.84, 250.00, 95, 1290, 1215, 73, P0
2026/07/31 19:29:39.570, 247.31, 250.00, 98, 1380, 1215, 72, P0
2026/07/31 19:29:39.771, 233.75, 250.00, 95, 1410, 1215, 71, P0
2026/07/31 19:29:39.971, 248.89, 250.00, 95, 1410, 1215, 70, P0
2026/07/31 19:29:40.172, 237.89, 250.00, 95, 1410, 1215, 70, P0
2026/07/31 19:29:40.372, 240.33, 250.00, 94, 1410, 1215, 70, P0
2026/07/31 19:29:40.573, 233.91, 250.00, 95, 1410, 1215, 70, P0
2026/07/31 19:29:40.773, 233.28, 250.00, 95, 1410, 1215, 70, P0
2026/07/31 19:29:40.974, 232.87, 250.00, 95, 1410, 1215, 70, P0
2026/07/31 19:29:41.174, 232.12, 250.00, 95, 1410, 1215, 70, P0
2026/07/31 19:29:41.375, 233.43, 250.00, 95, 1410, 1215, 70, P0
2026/07/31 19:29:41.576, 220.68, 250.00, 94, 1410, 1215, 70, P0
2026/07/31 19:29:41.776, 232.75, 250.00, 86, 1410, 1215, 70, P0
2026/07/31 19:29:41.977, 233.62, 250.00, 96, 1410, 1215, 70, P0
2026/07/31 19:29:42.177, 232.35, 250.00, 95, 1410, 1215, 70, P0
2026/07/31 19:29:42.378, 236.15, 250.00, 95, 1275, 1215, 71, P0
2026/07/31 19:29:42.590, 249.66, 250.00, 100, 1290, 1215, 74, P0
2026/07/31 19:29:42.791, 201.42, 250.00, 97, 1395, 1215, 71, P0
2026/07/31 19:29:42.991, 234.31, 250.00, 97, 1410, 1215, 71, P0
2026/07/31 19:29:43.192, 247.62, 250.00, 97, 1410, 1215, 71, P0
2026/07/31 19:29:43.393, 266.15, 250.00, 96, 1275, 1215, 73, P0
2026/07/31 19:29:43.605, 252.16, 250.00, 97, 1290, 1215, 74, P0
2026/07/31 19:29:43.805, 174.63, 250.00, 100, 1395, 1215, 72, P0
2026/07/31 19:29:44.006, 213.23, 250.00, 88, 1410, 1215, 70, P0
2026/07/31 19:29:44.206, 215.98, 250.00, 82, 1410, 1215, 70, P0
2026/07/31 19:29:44.407, 246.08, 250.00, 77, 1410, 1215, 70, P0
2026/07/31 19:29:44.607, 243.38, 250.00, 89, 1410, 1215, 70, P0
2026/07/31 19:29:44.808, 233.23, 250.00, 94, 1410, 1215, 70, P0
2026/07/31 19:29:45.008, 233.83, 250.00, 94, 1410, 1215, 70, P0
2026/07/31 19:29:45.209, 213.88, 250.00, 95, 1410, 1215, 70, P0
2026/07/31 19:29:45.409, 230.26, 250.00, 89, 1410, 1215, 70, P0
2026/07/31 19:29:45.610, 190.39, 250.00, 82, 1410, 1215, 69, P0
2026/07/31 19:29:45.810, 168.96, 250.00, 80, 1410, 1215, 69, P0
2026/07/31 19:29:46.011, 160.74, 250.00, 80, 1410, 1215, 69, P0
2026/07/31 19:29:46.213, 214.51, 250.00, 79, 1410, 1215, 69, P0
2026/07/31 19:29:46.416, 237.61, 250.00, 87, 1410, 1215, 69, P0
2026/07/31 19:29:46.617, 215.73, 250.00, 78, 1410, 1215, 69, P0
2026/07/31 19:29:46.819, 206.13, 250.00, 79, 1410, 1215, 69, P0
2026/07/31 19:29:47.019, 229.12, 250.00, 80, 1410, 1215, 69, P0
2026/07/31 19:29:47.220, 230.17, 250.00, 80, 1410, 1215, 70, P0
2026/07/31 19:29:47.420, 228.09, 250.00, 95, 1410, 1215, 70, P0
2026/07/31 19:29:47.621, 239.78, 250.00, 95, 1410, 1215, 70, P0
2026/07/31 19:29:47.821, 243.52, 250.00, 94, 1410, 1215, 70, P0
2026/07/31 19:29:48.022, 237.50, 250.00, 95, 1410, 1215, 70, P0
2026/07/31 19:29:48.222, 233.91, 250.00, 95, 1410, 1215, 70, P0
2026/07/31 19:29:48.423, 234.03, 250.00, 95, 1410, 1215, 70, P0
2026/07/31 19:29:48.623, 233.07, 250.00, 95, 1410, 1215, 70, P0
2026/07/31 19:29:48.824, 233.76, 250.00, 95, 1410, 1215, 70, P0
2026/07/31 19:29:49.024, 232.96, 250.00, 95, 1410, 1215, 70, P0
2026/07/31 19:29:49.225, 232.64, 250.00, 95, 1410, 1215, 70, P0
2026/07/31 19:29:49.425, 231.29, 250.00, 95, 1410, 1215, 70, P0
2026/07/31 19:29:49.626, 229.54, 250.00, 95, 1410, 1215, 70, P0
2026/07/31 19:29:49.826, 239.03, 250.00, 95, 1410, 1215, 70, P0
2026/07/31 19:29:50.027, 248.13, 250.00, 95, 1410, 1215, 71, P0
2026/07/31 19:29:50.228, 238.61, 250.00, 95, 1410, 1215, 71, P0
2026/07/31 19:29:50.428, 239.62, 250.00, 96, 1410, 1215, 71, P0
2026/07/31 19:29:50.629, 234.13, 250.00, 95, 1410, 1215, 71, P0
2026/07/31 19:29:50.829, 233.73, 250.00, 94, 1410, 1215, 71, P0
2026/07/31 19:29:51.030, 234.00, 250.00, 94, 1410, 1215, 71, P0
2026/07/31 19:29:51.230, 233.46, 250.00, 95, 1410, 1215, 71, P0
2026/07/31 19:29:51.431, 241.99, 250.00, 95, 1410, 1215, 71, P0
2026/07/31 19:29:51.631, 241.06, 250.00, 95, 1410, 1215, 71, P0
2026/07/31 19:29:51.832, 233.97, 250.00, 95, 1410, 1215, 71, P0
2026/07/31 19:29:52.033, 233.71, 250.00, 95, 1410, 1215, 71, P0
2026/07/31 19:29:52.233, 232.81, 250.00, 95, 1410, 1215, 71, P0
2026/07/31 19:29:52.434, 231.83, 250.00, 95, 1410, 1215, 71, P0
2026/07/31 19:29:52.634, 232.52, 250.00, 94, 1410, 1215, 71, P0
2026/07/31 19:29:52.835, 241.77, 250.00, 95, 1410, 1215, 71, P0
2026/07/31 19:29:53.035, 239.69, 250.00, 94, 1410, 1215, 71, P0
2026/07/31 19:29:53.236, 241.79, 250.00, 95, 1410, 1215, 71, P0
2026/07/31 19:29:53.436, 235.41, 250.00, 94, 1410, 1215, 71, P0
2026/07/31 19:29:53.637, 234.62, 250.00, 95, 1410, 1215, 71, P0
2026/07/31 19:29:53.837, 232.66, 250.00, 95, 1410, 1215, 71, P0
2026/07/31 19:29:54.038, 231.94, 250.00, 94, 1410, 1215, 71, P0
2026/07/31 19:29:54.238, 220.99, 250.00, 94, 1410, 1215, 71, P0
2026/07/31 19:29:54.439, 237.89, 250.00, 93, 1410, 1215, 71, P0
2026/07/31 19:29:54.639, 224.01, 250.00, 94, 1410, 1215, 70, P0
2026/07/31 19:29:54.840, 216.40, 250.00, 86, 1410, 1215, 70, P0
2026/07/31 19:29:55.040, 202.03, 250.00, 74, 1410, 1215, 70, P0
2026/07/31 19:29:55.241, 230.80, 250.00, 73, 1410, 1215, 70, P0
2026/07/31 19:29:55.441, 227.02, 250.00, 83, 1410, 1215, 70, P0
2026/07/31 19:29:55.642, 238.28, 250.00, 95, 1410, 1215, 70, P0
2026/07/31 19:29:55.842, 227.48, 250.00, 95, 1410, 1215, 70, P0
2026/07/31 19:29:56.043, 240.15, 250.00, 94, 1410, 1215, 70, P0
2026/07/31 19:29:56.243, 227.85, 250.00, 94, 1410, 1215, 70, P0
2026/07/31 19:29:56.444, 245.81, 250.00, 94, 1410, 1215, 70, P0
2026/07/31 19:29:56.644, 242.27, 250.00, 89, 1410, 1215, 70, P0
2026/07/31 19:29:56.845, 225.14, 250.00, 89, 1410, 1215, 70, P0
2026/07/31 19:29:57.046, 236.39, 250.00, 93, 1410, 1215, 70, P0
2026/07/31 19:29:57.246, 67.44, 250.00, 93, 1410, 1215, 67, P0
2026/07/31 19:29:57.447, 66.40, 250.00, 26, 1410, 1215, 66, P0
2026/07/31 19:29:57.654, 67.63, 250.00, 0, 1410, 1215, 65, P0
2026/07/31 19:29:57.859, 64.63, 250.00, 0, 1410, 1215, 64, P0
2026/07/31 19:29:58.060, 64.24, 250.00, 0, 1410, 1215, 64, P0
2026/07/31 19:29:58.260, 63.93, 250.00, 0, 1410, 1215, 64, P0
2026/07/31 19:29:58.461, 63.65, 250.00, 0, 1410, 1215, 63, P0
2026/07/31 19:29:58.661, 63.26, 250.00, 0, 1410, 1215, 63, P0
2026/07/31 19:29:58.862, 63.16, 250.00, 0, 1140, 1215, 63, P0
2026/07/31 19:29:59.062, 46.06, 250.00, 0, 1140, 1215, 62, P0
2026/07/31 19:29:59.262, 45.39, 250.00, 0, 1140, 1215, 62, P0
2026/07/31 19:29:59.463, 45.28, 250.00, 0, 1140, 1215, 62, P0
2026/07/31 19:29:59.670, 45.19, 250.00, 0, 1140, 1215, 62, P0
2026/07/31 19:29:59.870, 45.08, 250.00, 0, 1140, 1215, 61, P0
2026/07/31 19:30:00.071, 45.07, 250.00, 0, 1140, 1215, 61, P0
2026/07/31 19:30:00.271, 44.76, 250.00, 0, 1140, 1215, 61, P0
2026/07/31 19:30:00.471, 44.80, 250.00, 0, 1140, 1215, 61, P0
2026/07/31 19:30:00.672, 44.79, 250.00, 0, 1140, 1215, 61, P0
2026/07/31 19:30:00.872, 44.62, 250.00, 0, 1140, 1215, 61, P0
2026/07/31 19:30:01.073, 44.51, 250.00, 0, 1140, 1215, 60, P0
2026/07/31 19:30:01.273, 44.55, 250.00, 0, 1140, 1215, 60, P0
2026/07/31 19:30:01.474, 44.35, 250.00, 0, 1140, 1215, 60, P0
2026/07/31 19:30:01.674, 44.31, 250.00, 0, 1140, 1215, 60, P0
2026/07/31 19:30:01.875, 44.24, 250.00, 0, 1140, 1215, 60, P0
2026/07/31 19:30:02.075, 44.23, 250.00, 0, 1140, 1215, 60, P0
2026/07/31 19:30:02.275, 44.24, 250.00, 0, 1140, 1215, 60, P0
2026/07/31 19:30:02.476, 44.04, 250.00, 0, 1140, 1215, 60, P0
2026/07/31 19:30:02.677, 44.01, 250.00, 0, 1140, 1215, 60, P0
2026/07/31 19:30:02.877, 43.92, 250.00, 0, 1140, 1215, 59, P0
2026/07/31 19:30:03.078, 43.89, 250.00, 0, 1140, 1215, 59, P0
2026/07/31 19:30:03.278, 43.91, 250.00, 0, 1140, 1215, 59, P0
2026/07/31 19:30:03.478, 43.91, 250.00, 0, 1140, 1215, 59, P0
2026/07/31 19:30:03.679, 43.80, 250.00, 0, 1140, 1215, 59, P0
2026/07/31 19:30:03.881, 43.72, 250.00, 0, 1140, 1215, 59, P0
2026/07/31 19:30:04.081, 43.71, 250.00, 0, 1140, 1215, 59, P0
2026/07/31 19:30:04.281, 43.72, 250.00, 0, 1140, 1215, 59, P0
2026/07/31 19:30:04.482, 43.51, 250.00, 0, 1140, 1215, 59, P0
2026/07/31 19:30:04.682, 43.52, 250.00, 0, 1140, 1215, 59, P0
2026/07/31 19:30:04.883, 43.51, 250.00, 0, 1140, 1215, 59, P0
2026/07/31 19:30:05.083, 43.33, 250.00, 0, 1140, 1215, 58, P0
2026/07/31 19:30:05.283, 43.41, 250.00, 0, 1140, 1215, 58, P0
2026/07/31 19:30:05.484, 43.33, 250.00, 0, 1140, 1215, 58, P0
2026/07/31 19:30:05.684, 43.30, 250.00, 0, 1140, 1215, 58, P0
2026/07/31 19:30:05.885, 43.22, 250.00, 0, 1140, 1215, 58, P0
2026/07/31 19:30:06.085, 43.21, 250.00, 0, 1140, 1215, 58, P0
2026/07/31 19:30:06.286, 43.10, 250.00, 0, 1140, 1215, 58, P0
2026/07/31 19:30:06.486, 43.12, 250.00, 0, 1140, 1215, 58, P0
2026/07/31 19:30:06.686, 43.14, 250.00, 0, 1140, 1215, 58, P0
2026/07/31 19:30:06.887, 43.05, 250.00, 0, 1140, 1215, 58, P0
2026/07/31 19:30:07.087, 42.97, 250.00, 0, 1140, 1215, 58, P0
2026/07/31 19:30:07.287, 42.98, 250.00, 0, 1140, 1215, 58, P0
2026/07/31 19:30:07.488, 42.94, 250.00, 0, 1140, 1215, 57, P0
2026/07/31 19:30:07.688, 42.84, 250.00, 0, 1140, 1215, 57, P0
2026/07/31 19:30:07.889, 42.94, 250.00, 0, 1140, 1215, 57, P0
2026/07/31 19:30:08.089, 42.75, 250.00, 0, 1140, 1215, 57, P0
2026/07/31 19:30:08.289, 42.87, 250.00, 0, 1140, 1215, 57, P0
2026/07/31 19:30:08.490, 42.67, 250.00, 0, 1140, 1215, 57, P0
2026/07/31 19:30:08.690, 42.65, 250.00, 0, 1140, 1215, 57, P0
2026/07/31 19:30:08.891, 42.75, 250.00, 0, 1140, 1215, 57, P0
2026/07/31 19:30:09.091, 42.65, 250.00, 0, 1140, 1215, 57, P0
2026/07/31 19:30:09.292, 42.58, 250.00, 0, 1140, 1215, 57, P0
2026/07/31 19:30:09.492, 42.63, 250.00, 0, 1140, 1215, 57, P0
2026/07/31 19:30:09.692, 42.46, 250.00, 0, 1140, 1215, 57, P0
2026/07/31 19:30:09.893, 42.46, 250.00, 0, 1140, 1215, 57, P0
2026/07/31 19:30:10.093, 42.55, 250.00, 0, 1140, 1215, 56, P0
2026/07/31 19:30:10.294, 42.44, 250.00, 0, 1140, 1215, 56, P0
2026/07/31 19:30:10.494, 42.43, 250.00, 0, 1140, 1215, 56, P0
2026/07/31 19:30:10.694, 42.43, 250.00, 0, 1140, 1215, 56, P0
2026/07/31 19:30:10.895, 42.63, 250.00, 0, 1140, 1215, 56, P0
2026/07/31 19:30:11.095, 42.65, 250.00, 0, 1140, 1215, 56, P0
2026/07/31 19:30:11.296, 42.64, 250.00, 0, 1140, 1215, 56, P0
2026/07/31 19:30:11.496, 42.55, 250.00, 0, 1140, 1215, 56, P0
2026/07/31 19:30:11.696, 42.64, 250.00, 0, 1140, 1215, 56, P0
2026/07/31 19:30:11.897, 42.43, 250.00, 0, 1140, 1215, 56, P0
2026/07/31 19:30:12.097, 42.43, 250.00, 0, 1140, 1215, 56, P0
2026/07/31 19:30:12.298, 42.39, 250.00, 0, 1140, 1215, 56, P0
2026/07/31 19:30:12.498, 42.33, 250.00, 0, 1140, 1215, 56, P0
2026/07/31 19:30:12.699, 42.58, 250.00, 0, 1140, 1215, 56, P0
2026/07/31 19:30:12.899, 42.18, 250.00, 0, 1140, 1215, 55, P0
2026/07/31 19:30:13.099, 42.15, 250.00, 0, 1140, 1215, 55, P0
2026/07/31 19:30:13.300, 42.08, 250.00, 0, 1140, 1215, 55, P0
2026/07/31 19:30:13.500, 42.08, 250.00, 0, 1140, 1215, 55, P0
2026/07/31 19:30:13.701, 42.09, 250.00, 0, 1140, 1215, 55, P0
2026/07/31 19:30:13.901, 41.98, 250.00, 0, 1140, 1215, 55, P0
2026/07/31 19:30:14.101, 41.99, 250.00, 0, 1140, 1215, 55, P0
2026/07/31 19:30:14.302, 41.97, 250.00, 0, 1140, 1215, 55, P0
2026/07/31 19:30:14.502, 41.88, 250.00, 0, 1140, 1215, 55, P0
2026/07/31 19:30:14.703, 41.87, 250.00, 0, 1140, 1215, 55, P0
2026/07/31 19:30:14.903, 41.83, 250.00, 0, 1140, 1215, 55, P0
2026/07/31 19:30:15.103, 41.86, 250.00, 0, 1140, 1215, 55, P0
2026/07/31 19:30:15.304, 41.73, 250.00, 0, 1140, 1215, 55, P0
2026/07/31 19:30:15.504, 42.14, 250.00, 0, 1140, 1215, 55, P0
2026/07/31 19:30:15.705, 41.66, 250.00, 0, 1140, 1215, 55, P0
2026/07/31 19:30:15.905, 41.56, 250.00, 0, 1140, 1215, 55, P0
2026/07/31 19:30:16.105, 41.65, 250.00, 0, 1140, 1215, 54, P0
2026/07/31 19:30:16.306, 41.54, 250.00, 0, 1140, 1215, 54, P0
2026/07/31 19:30:16.506, 41.64, 250.00, 0, 1140, 1215, 54, P0
2026/07/31 19:30:16.707, 41.57, 250.00, 0, 1140, 1215, 54, P0
2026/07/31 19:30:16.907, 41.54, 250.00, 0, 1140, 1215, 54, P0
2026/07/31 19:30:17.107, 41.44, 250.00, 0, 1140, 1215, 54, P0
2026/07/31 19:30:17.308, 41.45, 250.00, 0, 1140, 1215, 54, P0
2026/07/31 19:30:17.508, 41.39, 250.00, 0, 1140, 1215, 54, P0
2026/07/31 19:30:17.709, 41.47, 250.00, 0, 1140, 1215, 54, P0
2026/07/31 19:30:17.909, 41.39, 250.00, 0, 1140, 1215, 54, P0
2026/07/31 19:30:18.109, 41.25, 250.00, 0, 1140, 1215, 54, P0
2026/07/31 19:30:18.310, 41.22, 250.00, 0, 1140, 1215, 54, P0
2026/07/31 19:30:18.510, 41.31, 250.00, 0, 1140, 1215, 54, P0
2026/07/31 19:30:18.711, 41.31, 250.00, 0, 1140, 1215, 54, P0
2026/07/31 19:30:18.911, 41.30, 250.00, 0, 1140, 1215, 54, P0
2026/07/31 19:30:19.111, 41.29, 250.00, 0, 1140, 1215, 54, P0
2026/07/31 19:30:19.312, 41.18, 250.00, 0, 1140, 1215, 54, P0
2026/07/31 19:30:19.512, 41.19, 250.00, 0, 1140, 1215, 53, P0
2026/07/31 19:30:19.713, 41.14, 250.00, 0, 1140, 1215, 53, P0
2026/07/31 19:30:19.913, 41.07, 250.00, 0, 1140, 1215, 53, P0
2026/07/31 19:30:20.113, 41.07, 250.00, 0, 1140, 1215, 53, P0
2026/07/31 19:30:20.314, 41.08, 250.00, 0, 1140, 1215, 53, P0
2026/07/31 19:30:20.514, 41.08, 250.00, 0, 1140, 1215, 53, P0
2026/07/31 19:30:20.714, 40.84, 250.00, 0, 1140, 1215, 53, P0
2026/07/31 19:30:20.915, 40.97, 250.00, 0, 1140, 1215, 53, P0
2026/07/31 19:30:21.115, 40.94, 250.00, 0, 1140, 1215, 53, P0
2026/07/31 19:30:21.317, 41.01, 250.00, 0, 1140, 1215, 53, P0
2026/07/31 19:30:21.522, 40.86, 250.00, 0, 1140, 1215, 53, P0
2026/07/31 19:30:21.723, 41.94, 250.00, 0, 1140, 1215, 53, P0
2026/07/31 19:30:21.923, 40.85, 250.00, 10, 1140, 1215, 53, P0
2026/07/31 19:30:22.124, 40.88, 250.00, 0, 1140, 1215, 53, P0
2026/07/31 19:30:22.324, 40.79, 250.00, 0, 1140, 1215, 53, P0
2026/07/31 19:30:22.524, 40.71, 250.00, 0, 1140, 1215, 53, P0
2026/07/31 19:30:22.725, 40.71, 250.00, 0, 1140, 1215, 53, P0
2026/07/31 19:30:22.925, 113.79, 250.00, 0, 1140, 1215, 56, P0
2026/07/31 19:30:23.126, 248.71, 250.00, 60, 1305, 1215, 61, P0
2026/07/31 19:30:23.326, 234.17, 250.00, 100, 1320, 1215, 62, P0
2026/07/31 19:30:23.527, 251.66, 250.00, 95, 1305, 1215, 63, P0
2026/07/31 19:30:23.727, 225.20, 250.00, 100, 1305, 1215, 63, P0
2026/07/31 19:30:23.928, 240.15, 250.00, 96, 1290, 1215, 64, P0
2026/07/31 19:30:24.128, 251.80, 250.00, 100, 1290, 1215, 64, P0
2026/07/31 19:30:24.329, 249.20, 250.00, 98, 1290, 1215, 65, P0
2026/07/31 19:30:24.529, 242.74, 250.00, 98, 1290, 1215, 65, P0
2026/07/31 19:30:24.730, 217.03, 250.00, 100, 1395, 1215, 62, P0
2026/07/31 19:30:24.930, 224.07, 250.00, 94, 1410, 1215, 62, P0
2026/07/31 19:30:25.131, 223.60, 250.00, 95, 1410, 1215, 62, P0
2026/07/31 19:30:25.331, 223.37, 250.00, 95, 1410, 1215, 61, P0
2026/07/31 19:30:25.531, 221.63, 250.00, 95, 1410, 1215, 61, P0
2026/07/31 19:30:25.732, 219.05, 250.00, 95, 1410, 1215, 62, P0
2026/07/31 19:30:25.933, 221.06, 250.00, 94, 1410, 1215, 62, P0
2026/07/31 19:30:26.133, 238.50, 250.00, 95, 1410, 1215, 62, P0
2026/07/31 19:30:26.334, 228.65, 250.00, 94, 1410, 1215, 62, P0
2026/07/31 19:30:26.534, 231.85, 250.00, 95, 1410, 1215, 62, P0
2026/07/31 19:30:26.735, 224.43, 250.00, 94, 1410, 1215, 62, P0
2026/07/31 19:30:26.935, 224.58, 250.00, 94, 1410, 1215, 62, P0
2026/07/31 19:30:27.136, 224.90, 250.00, 95, 1410, 1215, 62, P0
2026/07/31 19:30:27.336, 223.64, 250.00, 95, 1410, 1215, 62, P0
2026/07/31 19:30:27.537, 224.61, 250.00, 94, 1410, 1215, 62, P0
2026/07/31 19:30:27.737, 220.29, 250.00, 95, 1410, 1215, 62, P0
2026/07/31 19:30:27.938, 224.69, 250.00, 93, 1410, 1215, 62, P0
2026/07/31 19:30:28.138, 224.56, 250.00, 95, 1410, 1215, 62, P0
2026/07/31 19:30:28.339, 223.00, 250.00, 93, 1410, 1215, 62, P0
2026/07/31 19:30:28.540, 222.20, 250.00, 95, 1410, 1215, 62, P0
2026/07/31 19:30:28.740, 223.32, 250.00, 95, 1410, 1215, 63, P0
2026/07/31 19:30:28.941, 226.42, 250.00, 95, 1410, 1215, 63, P0
2026/07/31 19:30:29.141, 235.31, 250.00, 95, 1410, 1215, 63, P0
2026/07/31 19:30:29.342, 238.42, 250.00, 95, 1410, 1215, 63, P0
2026/07/31 19:30:29.543, 225.07, 250.00, 94, 1410, 1215, 63, P0
2026/07/31 19:30:29.743, 225.92, 250.00, 95, 1410, 1215, 63, P0
2026/07/31 19:30:29.944, 224.69, 250.00, 94, 1410, 1215, 63, P0
2026/07/31 19:30:30.144, 224.33, 250.00, 94, 1410, 1215, 63, P0
2026/07/31 19:30:30.345, 222.01, 250.00, 94, 1410, 1215, 63, P0
2026/07/31 19:30:30.545, 211.34, 250.00, 94, 1410, 1215, 63, P0
2026/07/31 19:30:30.746, 236.46, 250.00, 94, 1410, 1215, 63, P0
2026/07/31 19:30:30.946, 231.46, 250.00, 94, 1410, 1215, 63, P0
2026/07/31 19:30:31.147, 226.10, 250.00, 94, 1410, 1215, 63, P0
2026/07/31 19:30:31.347, 224.73, 250.00, 94, 1410, 1215, 63, P0
2026/07/31 19:30:31.548, 225.28, 250.00, 94, 1410, 1215, 63, P0
2026/07/31 19:30:31.748, 225.08, 250.00, 95, 1410, 1215, 63, P0
2026/07/31 19:30:31.949, 224.28, 250.00, 95, 1410, 1215, 63, P0
2026/07/31 19:30:32.149, 224.71, 250.00, 95, 1410, 1215, 63, P0
2026/07/31 19:30:32.350, 213.38, 250.00, 95, 1410, 1215, 63, P0
2026/07/31 19:30:32.550, 232.60, 250.00, 94, 1410, 1215, 64, P0
2026/07/31 19:30:32.751, 233.62, 250.00, 95, 1410, 1215, 64, P0
2026/07/31 19:30:32.951, 221.67, 250.00, 94, 1410, 1215, 64, P0
2026/07/31 19:30:33.152, 225.35, 250.00, 92, 1410, 1215, 64, P0
2026/07/31 19:30:33.352, 223.02, 250.00, 95, 1410, 1215, 64, P0
2026/07/31 19:30:33.553, 223.49, 250.00, 95, 1410, 1215, 64, P0
2026/07/31 19:30:33.753, 223.10, 250.00, 95, 1410, 1215, 64, P0
2026/07/31 19:30:33.954, 238.69, 250.00, 95, 1410, 1215, 64, P0
2026/07/31 19:30:34.154, 233.57, 250.00, 94, 1410, 1215, 64, P0
2026/07/31 19:30:34.355, 227.64, 250.00, 94, 1410, 1215, 64, P0
2026/07/31 19:30:34.555, 227.49, 250.00, 95, 1410, 1215, 64, P0
2026/07/31 19:30:34.756, 226.60, 250.00, 95, 1410, 1215, 64, P0
2026/07/31 19:30:34.956, 225.56, 250.00, 95, 1410, 1215, 64, P0
2026/07/31 19:30:35.157, 217.76, 250.00, 95, 1410, 1215, 64, P0
2026/07/31 19:30:35.357, 211.54, 250.00, 94, 1410, 1215, 64, P0
2026/07/31 19:30:35.557, 230.60, 250.00, 93, 1410, 1215, 64, P0
2026/07/31 19:30:35.758, 234.75, 250.00, 94, 1410, 1215, 64, P0
2026/07/31 19:30:35.959, 227.29, 250.00, 94, 1410, 1215, 64, P0
2026/07/31 19:30:36.159, 227.10, 250.00, 94, 1410, 1215, 64, P0
2026/07/31 19:30:36.360, 215.59, 250.00, 94, 1410, 1215, 64, P0
2026/07/31 19:30:36.560, 224.55, 250.00, 94, 1410, 1215, 64, P0
2026/07/31 19:30:36.761, 227.74, 250.00, 95, 1410, 1215, 65, P0
2026/07/31 19:30:36.961, 236.79, 250.00, 95, 1410, 1215, 64, P0
2026/07/31 19:30:37.162, 227.87, 250.00, 92, 1410, 1215, 65, P0
2026/07/31 19:30:37.362, 227.64, 250.00, 95, 1410, 1215, 65, P0
2026/07/31 19:30:37.562, 226.78, 250.00, 95, 1410, 1215, 65, P0
2026/07/31 19:30:37.763, 225.34, 250.00, 94, 1410, 1215, 65, P0
2026/07/31 19:30:37.963, 226.11, 250.00, 95, 1410, 1215, 65, P0
2026/07/31 19:30:38.164, 223.62, 250.00, 95, 1410, 1215, 65, P0
2026/07/31 19:30:38.364, 238.69, 250.00, 95, 1410, 1215, 65, P0
2026/07/31 19:30:38.565, 233.22, 250.00, 94, 1410, 1215, 65, P0
2026/07/31 19:30:38.765, 228.29, 250.00, 94, 1410, 1215, 65, P0
2026/07/31 19:30:38.966, 227.02, 250.00, 95, 1410, 1215, 65, P0
2026/07/31 19:30:39.166, 224.86, 250.00, 93, 1410, 1215, 65, P0
2026/07/31 19:30:39.367, 219.92, 250.00, 95, 1410, 1215, 65, P0
2026/07/31 19:30:39.567, 239.74, 250.00, 94, 1410, 1215, 65, P0
2026/07/31 19:30:39.768, 238.51, 250.00, 94, 1410, 1215, 65, P0
2026/07/31 19:30:39.969, 227.80, 250.00, 94, 1410, 1215, 65, P0
2026/07/31 19:30:40.169, 228.26, 250.00, 94, 1410, 1215, 65, P0
2026/07/31 19:30:40.370, 226.05, 250.00, 94, 1410, 1215, 65, P0
2026/07/31 19:30:40.570, 217.35, 250.00, 95, 1410, 1215, 65, P0
2026/07/31 19:30:40.771, 224.15, 250.00, 94, 1410, 1215, 65, P0
2026/07/31 19:30:40.971, 239.82, 250.00, 95, 1410, 1215, 65, P0
2026/07/31 19:30:41.172, 241.28, 250.00, 95, 1410, 1215, 65, P0
2026/07/31 19:30:41.372, 229.78, 250.00, 95, 1410, 1215, 65, P0
2026/07/31 19:30:41.573, 228.81, 250.00, 94, 1410, 1215, 66, P0
2026/07/31 19:30:41.773, 228.22, 250.00, 95, 1410, 1215, 66, P0
2026/07/31 19:30:41.974, 226.85, 250.00, 95, 1410, 1215, 66, P0
2026/07/31 19:30:42.174, 224.84, 250.00, 95, 1410, 1215, 66, P0
2026/07/31 19:30:42.375, 242.72, 250.00, 95, 1410, 1215, 66, P0
2026/07/31 19:30:42.576, 234.84, 250.00, 95, 1410, 1215, 66, P0
2026/07/31 19:30:42.776, 230.93, 250.00, 95, 1410, 1215, 66, P0
2026/07/31 19:30:42.977, 229.11, 250.00, 94, 1410, 1215, 66, P0
2026/07/31 19:30:43.177, 227.13, 250.00, 94, 1410, 1215, 66, P0
2026/07/31 19:30:43.378, 226.53, 250.00, 95, 1410, 1215, 66, P0
2026/07/31 19:30:43.578, 224.69, 250.00, 95, 1410, 1215, 66, P0
2026/07/31 19:30:43.779, 225.44, 250.00, 95, 1410, 1215, 66, P0
2026/07/31 19:30:43.979, 235.35, 250.00, 95, 1410, 1215, 66, P0
2026/07/31 19:30:44.180, 232.94, 250.00, 94, 1410, 1215, 66, P0
2026/07/31 19:30:44.380, 229.21, 250.00, 94, 1410, 1215, 66, P0
2026/07/31 19:30:44.581, 226.15, 250.00, 94, 1410, 1215, 66, P0
2026/07/31 19:30:44.781, 224.60, 250.00, 95, 1410, 1215, 66, P0
2026/07/31 19:30:44.982, 219.98, 250.00, 94, 1410, 1215, 66, P0
2026/07/31 19:30:45.182, 239.85, 250.00, 93, 1410, 1215, 66, P0
2026/07/31 19:30:45.383, 229.34, 250.00, 94, 1410, 1215, 66, P0
2026/07/31 19:30:45.583, 229.39, 250.00, 93, 1410, 1215, 66, P0
2026/07/31 19:30:45.784, 229.39, 250.00, 95, 1410, 1215, 66, P0
2026/07/31 19:30:45.984, 228.04, 250.00, 96, 1410, 1215, 66, P0
2026/07/31 19:30:46.185, 224.34, 250.00, 95, 1410, 1215, 66, P0
2026/07/31 19:30:46.385, 242.15, 250.00, 94, 1410, 1215, 66, P0
2026/07/31 19:30:46.586, 235.41, 250.00, 94, 1410, 1215, 66, P0
2026/07/31 19:30:46.786, 229.95, 250.00, 94, 1410, 1215, 66, P0
2026/07/31 19:30:46.987, 229.97, 250.00, 94, 1410, 1215, 66, P0
2026/07/31 19:30:47.187, 227.60, 250.00, 95, 1410, 1215, 67, P0
2026/07/31 19:30:47.388, 228.42, 250.00, 95, 1410, 1215, 67, P0
2026/07/31 19:30:47.588, 230.09, 250.00, 95, 1410, 1215, 67, P0
2026/07/31 19:30:47.789, 227.95, 250.00, 93, 1410, 1215, 67, P0
2026/07/31 19:30:47.989, 225.55, 250.00, 94, 1410, 1215, 67, P0
2026/07/31 19:30:48.190, 225.57, 250.00, 94, 1410, 1215, 67, P0
2026/07/31 19:30:48.390, 242.55, 250.00, 95, 1410, 1215, 67, P0
2026/07/31 19:30:48.591, 236.15, 250.00, 94, 1410, 1215, 67, P0
2026/07/31 19:30:48.791, 230.47, 250.00, 95, 1410, 1215, 67, P0
2026/07/31 19:30:48.992, 228.59, 250.00, 93, 1410, 1215, 67, P0
2026/07/31 19:30:49.193, 223.73, 250.00, 93, 1410, 1215, 67, P0
2026/07/31 19:30:49.393, 230.68, 250.00, 94, 1410, 1215, 67, P0
2026/07/31 19:30:49.594, 234.10, 250.00, 95, 1410, 1215, 67, P0
2026/07/31 19:30:49.794, 229.23, 250.00, 95, 1410, 1215, 67, P0
2026/07/31 19:30:49.995, 230.49, 250.00, 95, 1410, 1215, 67, P0
2026/07/31 19:30:50.195, 229.70, 250.00, 95, 1410, 1215, 67, P0
2026/07/31 19:30:50.396, 228.22, 250.00, 95, 1410, 1215, 67, P0
2026/07/31 19:30:50.596, 227.23, 250.00, 94, 1410, 1215, 67, P0
2026/07/31 19:30:50.797, 235.33, 250.00, 94, 1410, 1215, 67, P0
2026/07/31 19:30:50.998, 237.38, 250.00, 95, 1410, 1215, 67, P0
2026/07/31 19:30:51.198, 251.51, 250.00, 96, 1290, 1215, 71, P0
2026/07/31 19:30:51.399, 250.60, 250.00, 100, 1275, 1215, 71, P0
2026/07/31 19:30:51.599, 220.54, 250.00, 95, 1410, 1215, 68, P0
2026/07/31 19:30:51.800, 226.24, 250.00, 95, 1410, 1215, 68, P0
2026/07/31 19:30:52.000, 230.66, 250.00, 94, 1410, 1215, 68, P0
2026/07/31 19:30:52.201, 228.86, 250.00, 95, 1410, 1215, 68, P0
2026/07/31 19:30:52.401, 225.10, 250.00, 94, 1410, 1215, 68, P0
2026/07/31 19:30:52.602, 243.34, 250.00, 94, 1410, 1215, 68, P0
2026/07/31 19:30:52.802, 240.65, 250.00, 95, 1410, 1215, 68, P0
2026/07/31 19:30:53.003, 231.46, 250.00, 95, 1410, 1215, 68, P0
2026/07/31 19:30:53.203, 230.88, 250.00, 95, 1410, 1215, 68, P0
2026/07/31 19:30:53.405, 247.91, 250.00, 98, 1275, 1215, 71, P0
2026/07/31 19:30:53.606, 249.21, 250.00, 100, 1275, 1215, 71, P0
2026/07/31 19:30:53.807, 220.71, 250.00, 96, 1395, 1215, 69, P0
2026/07/31 19:30:54.008, 226.18, 250.00, 94, 1410, 1215, 68, P0
2026/07/31 19:30:54.208, 226.43, 250.00, 93, 1410, 1215, 68, P0
2026/07/31 19:30:54.409, 224.59, 250.00, 93, 1410, 1215, 68, P0
2026/07/31 19:30:54.609, 254.17, 250.00, 93, 1290, 1215, 71, P0
2026/07/31 19:30:54.810, 253.11, 250.00, 96, 1290, 1215, 72, P0
2026/07/31 19:30:55.010, 221.72, 250.00, 95, 1395, 1215, 69, P0
2026/07/31 19:30:55.211, 231.21, 250.00, 95, 1410, 1215, 68, P0
2026/07/31 19:30:55.411, 236.52, 250.00, 95, 1410, 1215, 68, P0
2026/07/31 19:30:55.612, 237.08, 250.00, 94, 1410, 1215, 68, P0
2026/07/31 19:30:55.812, 231.61, 250.00, 95, 1410, 1215, 68, P0
2026/07/31 19:30:56.013, 231.47, 250.00, 95, 1410, 1215, 68, P0
2026/07/31 19:30:56.213, 230.94, 250.00, 95, 1410, 1215, 68, P0
2026/07/31 19:30:56.414, 229.53, 250.00, 95, 1410, 1215, 68, P0
2026/07/31 19:30:56.614, 228.44, 250.00, 94, 1410, 1215, 68, P0
2026/07/31 19:30:56.815, 214.68, 250.00, 94, 1410, 1215, 68, P0
2026/07/31 19:30:57.015, 237.23, 250.00, 94, 1410, 1215, 68, P0
2026/07/31 19:30:57.216, 233.98, 250.00, 93, 1410, 1215, 68, P0
2026/07/31 19:30:57.417, 229.63, 250.00, 94, 1410, 1215, 68, P0
2026/07/31 19:30:57.617, 227.85, 250.00, 93, 1410, 1215, 68, P0
2026/07/31 19:30:57.818, 227.67, 250.00, 93, 1410, 1215, 68, P0
2026/07/31 19:30:58.018, 224.95, 250.00, 94, 1410, 1215, 68, P0
2026/07/31 19:30:58.219, 241.13, 250.00, 94, 1410, 1215, 68, P0
2026/07/31 19:30:58.419, 237.07, 250.00, 94, 1410, 1215, 68, P0
2026/07/31 19:30:58.620, 231.55, 250.00, 94, 1410, 1215, 68, P0
2026/07/31 19:30:58.820, 231.45, 250.00, 95, 1410, 1215, 68, P0
2026/07/31 19:30:59.021, 226.46, 250.00, 94, 1410, 1215, 68, P0
2026/07/31 19:30:59.221, 253.71, 250.00, 92, 1290, 1215, 72, P0
2026/07/31 19:30:59.427, 205.99, 250.00, 100, 1380, 1215, 70, P0
2026/07/31 19:30:59.628, 222.39, 250.00, 99, 1410, 1215, 69, P0
2026/07/31 19:30:59.828, 239.17, 250.00, 95, 1410, 1215, 69, P0
2026/07/31 19:31:00.029, 230.80, 250.00, 95, 1410, 1215, 69, P0
2026/07/31 19:31:00.229, 230.59, 250.00, 91, 1410, 1215, 69, P0
2026/07/31 19:31:00.430, 229.47, 250.00, 94, 1410, 1215, 69, P0
2026/07/31 19:31:00.631, 227.95, 250.00, 94, 1410, 1215, 69, P0
2026/07/31 19:31:00.831, 226.94, 250.00, 95, 1410, 1215, 69, P0
2026/07/31 19:31:01.032, 227.85, 250.00, 95, 1410, 1215, 69, P0
2026/07/31 19:31:01.232, 241.25, 250.00, 95, 1410, 1215, 69, P0
2026/07/31 19:31:01.433, 226.65, 250.00, 94, 1410, 1215, 69, P0
2026/07/31 19:31:01.634, 228.95, 250.00, 93, 1410, 1215, 69, P0
2026/07/31 19:31:01.834, 230.57, 250.00, 93, 1410, 1215, 69, P0
2026/07/31 19:31:02.035, 244.49, 250.00, 95, 1410, 1215, 69, P0
2026/07/31 19:31:02.235, 237.22, 250.00, 94, 1410, 1215, 69, P0
2026/07/31 19:31:02.436, 239.85, 250.00, 95, 1410, 1215, 69, P0
2026/07/31 19:31:02.636, 230.45, 250.00, 95, 1410, 1215, 69, P0
2026/07/31 19:31:02.837, 231.05, 250.00, 93, 1410, 1215, 69, P0
2026/07/31 19:31:03.037, 228.10, 250.00, 94, 1410, 1215, 69, P0
2026/07/31 19:31:03.238, 228.52, 250.00, 93, 1410, 1215, 69, P0
2026/07/31 19:31:03.438, 239.91, 250.00, 94, 1410, 1215, 69, P0
2026/07/31 19:31:03.639, 235.66, 250.00, 94, 1410, 1215, 69, P0
2026/07/31 19:31:03.840, 235.74, 250.00, 94, 1410, 1215, 69, P0
2026/07/31 19:31:04.040, 231.44, 250.00, 95, 1410, 1215, 69, P0
2026/07/31 19:31:04.241, 231.91, 250.00, 94, 1410, 1215, 69, P0
2026/07/31 19:31:04.441, 230.28, 250.00, 95, 1410, 1215, 69, P0
2026/07/31 19:31:04.642, 229.32, 250.00, 94, 1410, 1215, 69, P0
2026/07/31 19:31:04.842, 227.95, 250.00, 94, 1410, 1215, 69, P0
2026/07/31 19:31:05.043, 248.69, 250.00, 95, 1410, 1215, 69, P0
2026/07/31 19:31:05.243, 245.51, 250.00, 94, 1410, 1215, 69, P0
2026/07/31 19:31:05.444, 239.55, 250.00, 95, 1410, 1215, 69, P0
2026/07/31 19:31:05.645, 233.65, 250.00, 95, 1410, 1215, 69, P0
2026/07/31 19:31:05.845, 232.85, 250.00, 95, 1410, 1215, 69, P0
2026/07/31 19:31:06.046, 229.32, 250.00, 95, 1410, 1215, 69, P0
2026/07/31 19:31:06.246, 224.45, 250.00, 93, 1410, 1215, 69, P0
2026/07/31 19:31:06.447, 247.74, 250.00, 93, 1410, 1215, 69, P0
2026/07/31 19:31:06.647, 243.11, 250.00, 94, 1410, 1215, 69, P0
2026/07/31 19:31:06.848, 238.78, 250.00, 95, 1410, 1215, 69, P0
2026/07/31 19:31:07.048, 233.29, 250.00, 95, 1410, 1215, 69, P0
2026/07/31 19:31:07.249, 232.15, 250.00, 95, 1410, 1215, 69, P0
2026/07/31 19:31:07.450, 232.04, 250.00, 94, 1410, 1215, 69, P0
2026/07/31 19:31:07.650, 229.62, 250.00, 94, 1410, 1215, 69, P0
2026/07/31 19:31:07.851, 228.53, 250.00, 93, 1410, 1215, 69, P0
2026/07/31 19:31:08.051, 243.06, 250.00, 94, 1410, 1215, 70, P0
2026/07/31 19:31:08.252, 240.71, 250.00, 94, 1410, 1215, 70, P0
2026/07/31 19:31:08.452, 232.91, 250.00, 94, 1410, 1215, 70, P0
2026/07/31 19:31:08.653, 233.08, 250.00, 95, 1410, 1215, 70, P0
2026/07/31 19:31:08.853, 230.58, 250.00, 95, 1410, 1215, 70, P0
2026/07/31 19:31:09.054, 231.66, 250.00, 94, 1410, 1215, 70, P0
2026/07/31 19:31:09.254, 225.01, 250.00, 94, 1410, 1215, 70, P0
2026/07/31 19:31:09.455, 244.75, 250.00, 93, 1410, 1215, 70, P0
2026/07/31 19:31:09.655, 237.78, 250.00, 95, 1410, 1215, 70, P0
2026/07/31 19:31:09.856, 233.65, 250.00, 94, 1410, 1215, 70, P0
2026/07/31 19:31:10.056, 233.09, 250.00, 95, 1410, 1215, 70, P0
2026/07/31 19:31:10.257, 232.22, 250.00, 94, 1410, 1215, 70, P0
2026/07/31 19:31:10.457, 232.95, 250.00, 95, 1410, 1215, 70, P0
2026/07/31 19:31:10.658, 225.57, 250.00, 95, 1410, 1215, 70, P0
2026/07/31 19:31:10.859, 242.95, 250.00, 94, 1410, 1215, 70, P0
2026/07/31 19:31:11.059, 244.30, 250.00, 94, 1410, 1215, 70, P0
2026/07/31 19:31:11.260, 232.19, 250.00, 96, 1410, 1215, 70, P0
2026/07/31 19:31:11.460, 233.10, 250.00, 94, 1410, 1215, 70, P0
2026/07/31 19:31:11.661, 232.61, 250.00, 95, 1410, 1215, 70, P0
2026/07/31 19:31:11.861, 229.19, 250.00, 95, 1410, 1215, 70, P0
2026/07/31 19:31:12.062, 225.14, 250.00, 94, 1410, 1215, 70, P0
2026/07/31 19:31:12.262, 236.56, 250.00, 94, 1410, 1215, 70, P0
2026/07/31 19:31:12.463, 237.29, 250.00, 94, 1410, 1215, 70, P0
2026/07/31 19:31:12.663, 230.89, 250.00, 94, 1410, 1215, 70, P0
2026/07/31 19:31:12.864, 230.54, 250.00, 90, 1410, 1215, 70, P0
2026/07/31 19:31:13.064, 228.63, 250.00, 94, 1410, 1215, 70, P0
2026/07/31 19:31:13.265, 243.05, 250.00, 94, 1410, 1215, 70, P0
2026/07/31 19:31:13.465, 244.74, 250.00, 95, 1410, 1215, 70, P0
2026/07/31 19:31:13.666, 234.73, 250.00, 95, 1410, 1215, 70, P0
2026/07/31 19:31:13.866, 230.13, 250.00, 95, 1410, 1215, 70, P0
2026/07/31 19:31:14.067, 230.00, 250.00, 92, 1410, 1215, 70, P0
2026/07/31 19:31:14.267, 252.53, 250.00, 94, 1290, 1215, 73, P0
2026/07/31 19:31:14.501, 255.32, 250.00, 96, 1290, 1215, 74, P0
2026/07/31 19:31:14.701, 211.84, 250.00, 100, 1395, 1215, 72, P0
2026/07/31 19:31:14.902, 221.45, 250.00, 95, 1410, 1215, 71, P0
2026/07/31 19:31:15.108, 237.16, 250.00, 93, 1410, 1215, 71, P0
2026/07/31 19:31:15.308, 238.85, 250.00, 94, 1410, 1215, 70, P0
2026/07/31 19:31:15.509, 229.62, 250.00, 93, 1410, 1215, 70, P0
2026/07/31 19:31:15.710, 215.04, 250.00, 91, 1410, 1215, 70, P0
2026/07/31 19:31:15.910, 246.60, 250.00, 91, 1410, 1215, 70, P0
2026/07/31 19:31:16.111, 242.54, 250.00, 94, 1410, 1215, 70, P0
2026/07/31 19:31:16.311, 233.31, 250.00, 94, 1410, 1215, 70, P0
2026/07/31 19:31:16.512, 229.34, 250.00, 94, 1410, 1215, 70, P0
2026/07/31 19:31:16.712, 226.98, 250.00, 92, 1410, 1215, 70, P0
2026/07/31 19:31:16.913, 245.45, 250.00, 93, 1410, 1215, 70, P0
2026/07/31 19:31:17.113, 240.82, 250.00, 93, 1410, 1215, 70, P0
2026/07/31 19:31:17.314, 232.51, 250.00, 94, 1410, 1215, 70, P0
2026/07/31 19:31:17.514, 228.93, 250.00, 93, 1410, 1215, 70, P0
2026/07/31 19:31:17.715, 224.78, 250.00, 92, 1410, 1215, 70, P0
2026/07/31 19:31:17.916, 243.15, 250.00, 93, 1410, 1215, 71, P0
2026/07/31 19:31:18.116, 240.20, 250.00, 94, 1410, 1215, 71, P0
2026/07/31 19:31:18.316, 233.61, 250.00, 93, 1410, 1215, 71, P0
2026/07/31 19:31:18.517, 218.91, 250.00, 93, 1410, 1215, 70, P0
2026/07/31 19:31:18.717, 244.89, 250.00, 89, 1410, 1215, 71, P0
2026/07/31 19:31:18.918, 238.99, 250.00, 94, 1410, 1215, 71, P0
2026/07/31 19:31:19.118, 232.37, 250.00, 94, 1410, 1215, 70, P0
2026/07/31 19:31:19.319, 227.93, 250.00, 89, 1410, 1215, 71, P0
2026/07/31 19:31:19.519, 240.12, 250.00, 93, 1410, 1215, 71, P0
2026/07/31 19:31:19.720, 231.68, 250.00, 93, 1410, 1215, 71, P0
2026/07/31 19:31:19.920, 229.07, 250.00, 94, 1410, 1215, 71, P0
2026/07/31 19:31:20.121, 225.85, 250.00, 94, 1410, 1215, 71, P0
2026/07/31 19:31:20.321, 242.63, 250.00, 92, 1410, 1215, 71, P0
2026/07/31 19:31:20.522, 233.58, 250.00, 93, 1410, 1215, 71, P0
2026/07/31 19:31:20.722, 231.65, 250.00, 93, 1410, 1215, 71, P0
2026/07/31 19:31:20.923, 270.55, 250.00, 94, 1275, 1215, 74, P0
2026/07/31 19:31:21.123, 254.29, 250.00, 98, 1275, 1215, 74, P0
2026/07/31 19:31:21.324, 198.84, 250.00, 100, 1395, 1215, 72, P0
2026/07/31 19:31:21.524, 222.64, 250.00, 93, 1410, 1215, 71, P0
2026/07/31 19:31:21.725, 240.68, 250.00, 91, 1410, 1215, 71, P0
2026/07/31 19:31:21.925, 232.92, 250.00, 92, 1410, 1215, 71, P0
2026/07/31 19:31:22.126, 230.49, 250.00, 94, 1410, 1215, 71, P0
2026/07/31 19:31:22.327, 224.85, 250.00, 93, 1410, 1215, 71, P0
2026/07/31 19:31:22.527, 245.73, 250.00, 93, 1410, 1215, 71, P0
2026/07/31 19:31:22.727, 241.05, 250.00, 93, 1410, 1215, 71, P0
2026/07/31 19:31:22.928, 233.65, 250.00, 94, 1410, 1215, 71, P0
2026/07/31 19:31:23.128, 233.27, 250.00, 94, 1410, 1215, 71, P0
2026/07/31 19:31:23.329, 212.00, 250.00, 95, 1410, 1215, 71, P0
2026/07/31 19:31:23.529, 227.15, 250.00, 92, 1410, 1215, 71, P0
2026/07/31 19:31:23.730, 239.73, 250.00, 94, 1410, 1215, 71, P0
2026/07/31 19:31:23.930, 233.81, 250.00, 90, 1410, 1215, 71, P0
2026/07/31 19:31:24.131, 228.24, 250.00, 95, 1410, 1215, 71, P0
2026/07/31 19:31:24.331, 213.53, 250.00, 93, 1410, 1215, 71, P0
2026/07/31 19:31:24.532, 240.72, 250.00, 93, 1410, 1215, 71, P0
2026/07/31 19:31:24.732, 234.02, 250.00, 94, 1410, 1215, 71, P0
2026/07/31 19:31:24.933, 232.46, 250.00, 91, 1410, 1215, 71, P0
2026/07/31 19:31:25.133, 232.12, 250.00, 95, 1410, 1215, 71, P0
2026/07/31 19:31:25.334, 231.27, 250.00, 94, 1410, 1215, 71, P0
2026/07/31 19:31:25.534, 249.41, 250.00, 95, 1410, 1215, 71, P0
2026/07/31 19:31:25.735, 247.54, 250.00, 95, 1410, 1215, 71, P0
2026/07/31 19:31:25.936, 235.79, 250.00, 94, 1410, 1215, 71, P0
2026/07/31 19:31:26.136, 234.85, 250.00, 94, 1410, 1215, 71, P0
2026/07/31 19:31:26.337, 231.68, 250.00, 95, 1410, 1215, 71, P0
2026/07/31 19:31:26.537, 232.49, 250.00, 94, 1410, 1215, 71, P0
2026/07/31 19:31:26.738, 229.98, 250.00, 94, 1410, 1215, 71, P0
2026/07/31 19:31:26.938, 239.05, 250.00, 93, 1410, 1215, 71, P0
2026/07/31 19:31:27.139, 241.22, 250.00, 94, 1410, 1215, 71, P0
2026/07/31 19:31:27.339, 234.74, 250.00, 94, 1410, 1215, 71, P0
2026/07/31 19:31:27.540, 270.27, 250.00, 93, 1275, 1215, 74, P0
2026/07/31 19:31:27.740, 253.01, 250.00, 100, 1275, 1215, 75, P0
2026/07/31 19:31:27.941, 204.83, 250.00, 100, 1410, 1215, 73, P0
2026/07/31 19:31:28.182, 242.55, 250.00, 95, 1410, 1215, 72, P0
2026/07/31 19:31:28.383, 236.17, 250.00, 95, 1410, 1215, 72, P0
2026/07/31 19:31:28.583, 235.58, 250.00, 95, 1410, 1215, 72, P0
2026/07/31 19:31:28.784, 234.86, 250.00, 94, 1410, 1215, 72, P0
2026/07/31 19:31:28.984, 234.18, 250.00, 95, 1410, 1215, 72, P0
2026/07/31 19:31:29.185, 234.88, 250.00, 95, 1410, 1215, 72, P0
2026/07/31 19:31:29.385, 250.93, 250.00, 94, 1290, 1215, 74, P0
2026/07/31 19:31:29.586, 254.60, 250.00, 94, 1290, 1215, 75, P0
2026/07/31 19:31:29.794, 252.75, 250.00, 98, 1290, 1215, 75, P0
2026/07/31 19:31:29.994, 222.17, 250.00, 98, 1410, 1215, 73, P0
2026/07/31 19:31:30.201, 228.94, 250.00, 94, 1410, 1215, 72, P0
2026/07/31 19:31:30.401, 246.43, 250.00, 94, 1410, 1215, 72, P0
2026/07/31 19:31:30.602, 241.22, 250.00, 95, 1410, 1215, 72, P0
2026/07/31 19:31:30.803, 235.54, 250.00, 94, 1410, 1215, 72, P0
2026/07/31 19:31:31.003, 232.91, 250.00, 94, 1410, 1215, 72, P0
2026/07/31 19:31:31.204, 232.84, 250.00, 93, 1410, 1215, 72, P0
2026/07/31 19:31:31.404, 231.48, 250.00, 94, 1410, 1215, 72, P0
2026/07/31 19:31:31.605, 232.35, 250.00, 94, 1410, 1215, 72, P0
2026/07/31 19:31:31.805, 245.71, 250.00, 95, 1410, 1215, 72, P0
2026/07/31 19:31:32.006, 247.07, 250.00, 95, 1410, 1215, 72, P0
2026/07/31 19:31:32.206, 248.37, 250.00, 95, 1410, 1215, 72, P0
2026/07/31 19:31:32.407, 243.69, 250.00, 95, 1410, 1215, 72, P0
2026/07/31 19:31:32.608, 235.43, 250.00, 95, 1410, 1215, 72, P0
2026/07/31 19:31:32.808, 235.77, 250.00, 94, 1410, 1215, 72, P0
2026/07/31 19:31:33.009, 234.66, 250.00, 95, 1410, 1215, 72, P0
2026/07/31 19:31:33.209, 233.80, 250.00, 95, 1410, 1215, 72, P0
2026/07/31 19:31:33.410, 229.04, 250.00, 94, 1410, 1215, 72, P0
2026/07/31 19:31:33.610, 228.71, 250.00, 94, 1410, 1215, 72, P0
2026/07/31 19:31:33.811, 244.41, 250.00, 94, 1410, 1215, 72, P0
2026/07/31 19:31:34.011, 242.25, 250.00, 95, 1410, 1215, 72, P0
2026/07/31 19:31:34.212, 236.37, 250.00, 95, 1410, 1215, 72, P0
2026/07/31 19:31:34.413, 235.88, 250.00, 94, 1410, 1215, 72, P0
2026/07/31 19:31:34.613, 234.64, 250.00, 94, 1410, 1215, 72, P0
2026/07/31 19:31:34.814, 232.63, 250.00, 95, 1410, 1215, 72, P0
2026/07/31 19:31:35.014, 229.58, 250.00, 94, 1410, 1215, 72, P0
2026/07/31 19:31:35.215, 248.95, 250.00, 94, 1410, 1215, 72, P0
2026/07/31 19:31:35.415, 249.20, 250.00, 95, 1410, 1215, 72, P0
2026/07/31 19:31:35.616, 236.16, 250.00, 95, 1410, 1215, 72, P0
2026/07/31 19:31:35.817, 235.99, 250.00, 94, 1410, 1215, 72, P0
2026/07/31 19:31:36.017, 233.81, 250.00, 94, 1410, 1215, 72, P0
2026/07/31 19:31:36.218, 229.99, 250.00, 94, 1410, 1215, 72, P0
2026/07/31 19:31:36.418, 229.27, 250.00, 94, 1410, 1215, 72, P0
2026/07/31 19:31:36.619, 251.12, 250.00, 94, 1410, 1215, 72, P0
2026/07/31 19:31:36.819, 244.16, 250.00, 95, 1410, 1215, 72, P0
2026/07/31 19:31:37.020, 243.00, 250.00, 95, 1410, 1215, 72, P0
2026/07/31 19:31:37.220, 234.32, 250.00, 95, 1410, 1215, 72, P0
2026/07/31 19:31:37.421, 236.10, 250.00, 94, 1410, 1215, 72, P0
2026/07/31 19:31:37.621, 236.45, 250.00, 95, 1410, 1215, 72, P0
2026/07/31 19:31:37.822, 235.58, 250.00, 95, 1410, 1215, 72, P0
2026/07/31 19:31:38.022, 244.57, 250.00, 95, 1410, 1215, 72, P0
2026/07/31 19:31:38.223, 236.86, 250.00, 95, 1410, 1215, 72, P0
2026/07/31 19:31:38.423, 236.68, 250.00, 95, 1410, 1215, 72, P0
2026/07/31 19:31:38.624, 235.90, 250.00, 96, 1410, 1215, 72, P0
2026/07/31 19:31:38.824, 233.14, 250.00, 94, 1410, 1215, 72, P0
2026/07/31 19:31:39.025, 232.81, 250.00, 94, 1410, 1215, 72, P0
2026/07/31 19:31:39.225, 233.92, 250.00, 94, 1410, 1215, 72, P0
2026/07/31 19:31:39.426, 249.96, 250.00, 93, 1410, 1215, 72, P0
2026/07/31 19:31:39.626, 236.68, 250.00, 94, 1410, 1215, 72, P0
2026/07/31 19:31:39.827, 233.07, 250.00, 93, 1410, 1215, 72, P0
2026/07/31 19:31:40.027, 233.38, 250.00, 94, 1410, 1215, 72, P0
2026/07/31 19:31:40.228, 218.38, 250.00, 94, 1410, 1215, 72, P0
2026/07/31 19:31:40.428, 246.80, 250.00, 93, 1410, 1215, 73, P0
2026/07/31 19:31:40.629, 245.16, 250.00, 94, 1410, 1215, 72, P0
2026/07/31 19:31:40.829, 237.17, 250.00, 94, 1410, 1215, 72, P0
2026/07/31 19:31:41.030, 235.88, 250.00, 94, 1410, 1215, 72, P0
2026/07/31 19:31:41.230, 233.78, 250.00, 95, 1410, 1215, 73, P0
2026/07/31 19:31:41.431, 235.21, 250.00, 95, 1410, 1215, 73, P0
2026/07/31 19:31:41.631, 236.20, 250.00, 95, 1410, 1215, 73, P0
2026/07/31 19:31:41.832, 250.75, 250.00, 94, 1410, 1215, 72, P0
2026/07/31 19:31:42.032, 242.25, 250.00, 93, 1410, 1215, 73, P0
2026/07/31 19:31:42.233, 237.46, 250.00, 95, 1410, 1215, 73, P0
2026/07/31 19:31:42.433, 236.28, 250.00, 94, 1410, 1215, 73, P0
2026/07/31 19:31:42.634, 235.96, 250.00, 95, 1410, 1215, 73, P0
2026/07/31 19:31:42.834, 233.30, 250.00, 94, 1410, 1215, 73, P0
2026/07/31 19:31:43.035, 263.29, 250.00, 95, 1275, 1215, 75, P0
2026/07/31 19:31:43.235, 253.85, 250.00, 97, 1275, 1215, 76, P0
2026/07/31 19:31:43.436, 244.51, 250.00, 100, 1365, 1215, 74, P0
2026/07/31 19:31:43.636, 252.09, 250.00, 95, 1410, 1215, 73, P0
2026/07/31 19:31:43.837, 251.66, 250.00, 94, 1410, 1215, 73, P0
2026/07/31 19:31:44.037, 250.62, 250.00, 94, 1410, 1215, 73, P0
2026/07/31 19:31:44.238, 237.53, 250.00, 94, 1410, 1215, 73, P0
2026/07/31 19:31:44.439, 234.94, 250.00, 95, 1410, 1215, 73, P0
2026/07/31 19:31:44.639, 233.76, 250.00, 94, 1410, 1215, 73, P0
2026/07/31 19:31:44.839, 233.31, 250.00, 94, 1410, 1215, 73, P0
2026/07/31 19:31:45.040, 243.04, 250.00, 94, 1410, 1215, 73, P0
2026/07/31 19:31:45.240, 245.37, 250.00, 94, 1410, 1215, 73, P0
2026/07/31 19:31:45.441, 236.51, 250.00, 93, 1410, 1215, 73, P0
2026/07/31 19:31:45.642, 235.13, 250.00, 94, 1410, 1215, 73, P0
2026/07/31 19:31:45.842, 236.17, 250.00, 94, 1410, 1215, 73, P0
2026/07/31 19:31:46.042, 234.91, 250.00, 95, 1410, 1215, 73, P0
2026/07/31 19:31:46.245, 216.27, 250.00, 95, 1410, 1215, 73, P0
2026/07/31 19:31:46.448, 228.80, 250.00, 93, 1410, 1215, 73, P0
2026/07/31 19:31:46.649, 237.00, 250.00, 94, 1410, 1215, 73, P0
2026/07/31 19:31:46.851, 233.45, 250.00, 95, 1410, 1215, 73, P0
2026/07/31 19:31:47.051, 250.24, 250.00, 95, 1410, 1215, 73, P0
2026/07/31 19:31:47.252, 245.00, 250.00, 95, 1410, 1215, 73, P0
2026/07/31 19:31:47.452, 278.97, 250.00, 94, 1275, 1215, 76, P0
2026/07/31 19:31:47.711, 248.44, 250.00, 98, 1290, 1215, 77, P0
2026/07/31 19:31:47.912, 234.75, 250.00, 100, 1410, 1215, 74, P0
2026/07/31 19:31:48.113, 236.16, 250.00, 94, 1410, 1215, 74, P0
2026/07/31 19:31:48.315, 236.88, 250.00, 94, 1410, 1215, 73, P0
2026/07/31 19:31:48.516, 234.06, 250.00, 93, 1410, 1215, 73, P0
2026/07/31 19:31:48.716, 248.00, 250.00, 92, 1410, 1215, 73, P0
2026/07/31 19:31:48.917, 247.83, 250.00, 92, 1410, 1215, 73, P0
2026/07/31 19:31:49.117, 241.00, 250.00, 94, 1410, 1215, 73, P0
2026/07/31 19:31:49.318, 239.77, 250.00, 94, 1410, 1215, 73, P0
2026/07/31 19:31:49.518, 239.92, 250.00, 94, 1410, 1215, 73, P0
2026/07/31 19:31:49.719, 238.50, 250.00, 94, 1410, 1215, 73, P0
2026/07/31 19:31:49.920, 238.85, 250.00, 94, 1410, 1215, 73, P0
2026/07/31 19:31:50.120, 237.80, 250.00, 95, 1410, 1215, 73, P0
2026/07/31 19:31:50.321, 254.67, 250.00, 95, 1410, 1215, 73, P0
2026/07/31 19:31:50.521, 250.45, 250.00, 95, 1410, 1215, 73, P0
2026/07/31 19:31:50.722, 247.93, 250.00, 95, 1410, 1215, 73, P0
2026/07/31 19:31:50.922, 239.27, 250.00, 95, 1410, 1215, 73, P0
2026/07/31 19:31:51.123, 238.46, 250.00, 94, 1410, 1215, 73, P0
2026/07/31 19:31:51.323, 237.28, 250.00, 94, 1410, 1215, 73, P0
2026/07/31 19:31:51.524, 237.82, 250.00, 94, 1410, 1215, 73, P0
2026/07/31 19:31:51.724, 232.76, 250.00, 95, 1410, 1215, 74, P0
2026/07/31 19:31:51.925, 250.54, 250.00, 94, 1410, 1215, 73, P0
2026/07/31 19:31:52.125, 247.51, 250.00, 94, 1410, 1215, 73, P0
2026/07/31 19:31:52.326, 241.30, 250.00, 95, 1410, 1215, 74, P0
2026/07/31 19:31:52.526, 240.26, 250.00, 95, 1410, 1215, 73, P0
2026/07/31 19:31:52.727, 239.18, 250.00, 94, 1410, 1215, 73, P0
2026/07/31 19:31:52.927, 238.42, 250.00, 94, 1410, 1215, 74, P0
2026/07/31 19:31:53.128, 235.86, 250.00, 94, 1410, 1215, 74, P0
2026/07/31 19:31:53.329, 249.51, 250.00, 94, 1410, 1215, 74, P0
2026/07/31 19:31:53.529, 242.77, 250.00, 95, 1410, 1215, 74, P0
2026/07/31 19:31:53.730, 248.59, 250.00, 95, 1410, 1215, 74, P0
2026/07/31 19:31:53.930, 241.18, 250.00, 95, 1410, 1215, 74, P0
2026/07/31 19:31:54.131, 240.79, 250.00, 95, 1410, 1215, 74, P0
2026/07/31 19:31:54.331, 234.41, 250.00, 95, 1410, 1215, 74, P0
2026/07/31 19:31:54.532, 238.40, 250.00, 93, 1395, 1215, 74, P0
2026/07/31 19:31:54.732, 251.06, 250.00, 94, 1410, 1215, 73, P0
2026/07/31 19:31:54.933, 254.10, 250.00, 94, 1410, 1215, 74, P0
2026/07/31 19:31:55.133, 248.98, 250.00, 95, 1410, 1215, 74, P0
2026/07/31 19:31:55.334, 240.24, 250.00, 95, 1410, 1215, 74, P0
2026/07/31 19:31:55.534, 239.85, 250.00, 95, 1410, 1215, 74, P0
2026/07/31 19:31:55.735, 250.25, 250.00, 95, 1410, 1215, 74, P0
2026/07/31 19:31:55.935, 246.46, 250.00, 95, 1410, 1215, 74, P0
2026/07/31 19:31:56.136, 247.58, 250.00, 94, 1410, 1215, 74, P0
2026/07/31 19:31:56.336, 334.56, 250.00, 95, 1275, 1215, 77, P0
2026/07/31 19:31:56.537, 259.73, 250.00, 99, 1275, 1215, 77, P0
2026/07/31 19:31:56.737, 235.67, 250.00, 100, 1395, 1215, 75, P0
2026/07/31 19:31:56.937, 240.36, 250.00, 94, 1410, 1215, 74, P0
2026/07/31 19:31:57.138, 238.26, 250.00, 95, 1410, 1215, 74, P0
2026/07/31 19:31:57.338, 237.98, 250.00, 94, 1410, 1215, 74, P0
2026/07/31 19:31:57.539, 232.13, 250.00, 93, 1410, 1215, 74, P0
2026/07/31 19:31:57.739, 254.50, 250.00, 94, 1410, 1215, 74, P0
2026/07/31 19:31:57.940, 247.76, 250.00, 93, 1410, 1215, 74, P0
2026/07/31 19:31:58.140, 241.95, 250.00, 95, 1410, 1215, 74, P0
2026/07/31 19:31:58.341, 241.12, 250.00, 95, 1410, 1215, 74, P0
2026/07/31 19:31:58.541, 240.25, 250.00, 94, 1410, 1215, 74, P0
2026/07/31 19:31:58.742, 240.99, 250.00, 95, 1410, 1215, 74, P0
2026/07/31 19:31:58.942, 293.15, 250.00, 92, 1275, 1215, 77, P0
2026/07/31 19:31:59.143, 258.88, 250.00, 96, 1275, 1215, 77, P0
2026/07/31 19:31:59.343, 211.04, 250.00, 100, 1380, 1215, 75, P0
2026/07/31 19:31:59.544, 228.05, 250.00, 96, 1410, 1215, 74, P0
2026/07/31 19:31:59.744, 255.82, 250.00, 95, 1410, 1215, 74, P0
2026/07/31 19:31:59.945, 254.67, 250.00, 94, 1410, 1215, 74, P0
2026/07/31 19:32:00.147, 245.46, 250.00, 94, 1410, 1215, 74, P0
2026/07/31 19:32:00.350, 232.84, 250.00, 95, 1410, 1215, 74, P0
2026/07/31 19:32:00.552, 244.42, 250.00, 94, 1410, 1215, 74, P0
2026/07/31 19:32:00.753, 242.15, 250.00, 91, 1410, 1215, 74, P0
2026/07/31 19:32:00.954, 239.97, 250.00, 94, 1410, 1215, 74, P0
2026/07/31 19:32:01.155, 238.97, 250.00, 94, 1410, 1215, 74, P0
2026/07/31 19:32:01.355, 238.40, 250.00, 94, 1410, 1215, 74, P0
2026/07/31 19:32:01.556, 237.27, 250.00, 95, 1410, 1215, 74, P0
2026/07/31 19:32:01.756, 254.58, 250.00, 95, 1410, 1215, 74, P0
2026/07/31 19:32:01.957, 252.93, 250.00, 94, 1410, 1215, 74, P0
2026/07/31 19:32:02.157, 249.47, 250.00, 95, 1410, 1215, 74, P0
2026/07/31 19:32:02.358, 241.42, 250.00, 95, 1410, 1215, 74, P0
2026/07/31 19:32:02.558, 232.42, 250.00, 95, 1395, 1215, 74, P0
2026/07/31 19:32:02.759, 238.32, 250.00, 95, 1410, 1215, 74, P0
2026/07/31 19:32:02.959, 241.91, 250.00, 95, 1410, 1215, 74, P0
2026/07/31 19:32:03.160, 238.62, 250.00, 95, 1410, 1215, 74, P0
2026/07/31 19:32:03.360, 238.18, 250.00, 94, 1410, 1215, 74, P0
2026/07/31 19:32:03.561, 239.27, 250.00, 96, 1410, 1215, 74, P0
2026/07/31 19:32:03.761, 251.66, 250.00, 95, 1410, 1215, 74, P0
2026/07/31 19:32:03.962, 248.31, 250.00, 93, 1410, 1215, 74, P0
2026/07/31 19:32:04.162, 241.77, 250.00, 95, 1410, 1215, 74, P0
2026/07/31 19:32:04.363, 241.41, 250.00, 94, 1410, 1215, 74, P0
2026/07/31 19:32:04.563, 239.67, 250.00, 94, 1410, 1215, 74, P0
2026/07/31 19:32:04.764, 238.49, 250.00, 94, 1410, 1215, 74, P0
2026/07/31 19:32:04.964, 237.07, 250.00, 95, 1410, 1215, 74, P0
2026/07/31 19:32:05.165, 257.16, 250.00, 95, 1410, 1215, 74, P0
2026/07/31 19:32:05.365, 246.12, 250.00, 95, 1410, 1215, 74, P0
2026/07/31 19:32:05.566, 250.43, 250.00, 95, 1410, 1215, 74, P0
2026/07/31 19:32:05.766, 241.68, 250.00, 95, 1410, 1215, 74, P0
2026/07/31 19:32:05.967, 241.48, 250.00, 94, 1410, 1215, 74, P0
2026/07/31 19:32:06.168, 240.36, 250.00, 94, 1410, 1215, 74, P0
2026/07/31 19:32:06.368, 238.84, 250.00, 94, 1410, 1215, 74, P0
2026/07/31 19:32:06.569, 246.51, 250.00, 93, 1410, 1215, 74, P0
2026/07/31 19:32:06.769, 247.13, 250.00, 95, 1410, 1215, 74, P0
2026/07/31 19:32:06.970, 247.96, 250.00, 94, 1410, 1215, 74, P0
2026/07/31 19:32:07.170, 242.45, 250.00, 94, 1410, 1215, 74, P0
2026/07/31 19:32:07.371, 234.67, 250.00, 95, 1395, 1215, 74, P0
2026/07/31 19:32:07.571, 242.06, 250.00, 95, 1410, 1215, 74, P0
2026/07/31 19:32:07.772, 236.97, 250.00, 95, 1410, 1215, 74, P0
2026/07/31 19:32:07.972, 236.35, 250.00, 93, 1410, 1215, 74, P0
2026/07/31 19:32:08.173, 241.94, 250.00, 95, 1410, 1215, 74, P0
2026/07/31 19:32:08.373, 244.29, 250.00, 94, 1410, 1215, 74, P0
2026/07/31 19:32:08.574, 242.19, 250.00, 94, 1410, 1215, 75, P0
2026/07/31 19:32:08.774, 239.49, 250.00, 94, 1410, 1215, 75, P0
2026/07/31 19:32:08.975, 240.63, 250.00, 94, 1410, 1215, 75, P0
2026/07/31 19:32:09.175, 238.07, 250.00, 94, 1410, 1215, 75, P0
2026/07/31 19:32:09.376, 239.87, 250.00, 94, 1410, 1215, 75, P0
2026/07/31 19:32:09.576, 246.20, 250.00, 94, 1410, 1215, 75, P0
2026/07/31 19:32:09.777, 250.53, 250.00, 94, 1410, 1215, 75, P0
2026/07/31 19:32:09.977, 242.65, 250.00, 95, 1410, 1215, 75, P0
2026/07/31 19:32:10.178, 235.37, 250.00, 95, 1395, 1215, 75, P0
2026/07/31 19:32:10.378, 239.53, 250.00, 94, 1410, 1215, 74, P0
2026/07/31 19:32:10.579, 196.44, 250.00, 93, 1410, 1215, 74, P0
2026/07/31 19:32:10.779, 256.19, 250.00, 94, 1410, 1215, 75, P0
2026/07/31 19:32:10.980, 244.60, 250.00, 95, 1410, 1215, 75, P0
2026/07/31 19:32:11.181, 248.71, 250.00, 95, 1410, 1215, 75, P0
2026/07/31 19:32:11.381, 243.60, 250.00, 95, 1410, 1215, 75, P0
2026/07/31 19:32:11.582, 233.91, 250.00, 95, 1395, 1215, 75, P0
2026/07/31 19:32:11.782, 250.62, 250.00, 95, 1410, 1215, 75, P0
2026/07/31 19:32:11.982, 258.97, 250.00, 91, 1260, 1215, 77, P0
2026/07/31 19:32:12.183, 250.37, 250.00, 100, 1275, 1215, 78, P0
2026/07/31 19:32:12.383, 213.30, 250.00, 100, 1395, 1215, 75, P0
2026/07/31 19:32:12.584, 240.02, 250.00, 94, 1410, 1215, 75, P0
2026/07/31 19:32:12.785, 241.41, 250.00, 94, 1410, 1215, 75, P0
2026/07/31 19:32:12.985, 238.32, 250.00, 92, 1410, 1215, 75, P0
2026/07/31 19:32:13.186, 253.28, 250.00, 94, 1410, 1215, 75, P0
2026/07/31 19:32:13.386, 251.90, 250.00, 94, 1410, 1215, 75, P0
2026/07/31 19:32:13.587, 242.93, 250.00, 94, 1410, 1215, 75, P0
2026/07/31 19:32:13.787, 242.15, 250.00, 95, 1410, 1215, 75, P0
2026/07/31 19:32:13.988, 233.72, 250.00, 95, 1410, 1215, 75, P0
2026/07/31 19:32:14.188, 241.02, 250.00, 95, 1410, 1215, 75, P0
2026/07/31 19:32:14.389, 238.14, 250.00, 95, 1410, 1215, 75, P0
2026/07/31 19:32:14.589, 238.23, 250.00, 95, 1410, 1215, 75, P0
2026/07/31 19:32:14.790, 260.59, 250.00, 95, 1395, 1215, 75, P0
2026/07/31 19:32:14.990, 237.33, 250.00, 95, 1410, 1215, 75, P0
2026/07/31 19:32:15.191, 249.50, 250.00, 95, 1410, 1215, 75, P0
2026/07/31 19:32:15.392, 243.52, 250.00, 95, 1410, 1215, 75, P0
2026/07/31 19:32:15.592, 242.73, 250.00, 96, 1410, 1215, 75, P0
2026/07/31 19:32:15.793, 241.23, 250.00, 95, 1410, 1215, 75, P0
2026/07/31 19:32:15.993, 231.98, 250.00, 93, 1410, 1215, 75, P0
2026/07/31 19:32:16.194, 239.36, 250.00, 94, 1410, 1215, 75, P0
2026/07/31 19:32:16.394, 249.60, 250.00, 93, 1275, 1215, 78, P0
2026/07/31 19:32:16.595, 257.37, 250.00, 100, 1275, 1215, 78, P0
2026/07/31 19:32:16.795, 236.30, 250.00, 98, 1395, 1215, 76, P0
2026/07/31 19:32:16.996, 248.65, 250.00, 94, 1410, 1215, 75, P0
2026/07/31 19:32:17.196, 243.32, 250.00, 94, 1410, 1215, 75, P0
2026/07/31 19:32:17.397, 242.18, 250.00, 95, 1410, 1215, 75, P0
2026/07/31 19:32:17.597, 241.79, 250.00, 95, 1410, 1215, 75, P0
2026/07/31 19:32:17.798, 240.91, 250.00, 95, 1410, 1215, 75, P0
2026/07/31 19:32:17.998, 241.45, 250.00, 95, 1410, 1215, 75, P0
2026/07/31 19:32:18.199, 234.61, 250.00, 95, 1410, 1215, 75, P0
2026/07/31 19:32:18.400, 256.40, 250.00, 92, 1410, 1215, 75, P0
2026/07/31 19:32:18.600, 246.38, 250.00, 95, 1410, 1215, 75, P0
2026/07/31 19:32:18.801, 243.32, 250.00, 95, 1410, 1215, 75, P0
2026/07/31 19:32:19.001, 243.27, 250.00, 95, 1410, 1215, 75, P0
2026/07/31 19:32:19.202, 233.36, 250.00, 95, 1410, 1215, 75, P0
2026/07/31 19:32:19.402, 239.68, 250.00, 95, 1410, 1215, 75, P0
2026/07/31 19:32:19.603, 242.78, 250.00, 95, 1410, 1215, 75, P0
2026/07/31 19:32:19.803, 232.29, 250.00, 95, 1410, 1215, 75, P0
2026/07/31 19:32:20.004, 248.36, 250.00, 94, 1410, 1215, 75, P0
2026/07/31 19:32:20.205, 250.35, 250.00, 95, 1410, 1215, 75, P0
2026/07/31 19:32:20.405, 242.18, 250.00, 95, 1410, 1215, 75, P0
2026/07/31 19:32:20.606, 241.49, 250.00, 94, 1410, 1215, 75, P0
2026/07/31 19:32:20.806, 240.72, 250.00, 94, 1410, 1215, 75, P0
2026/07/31 19:32:21.007, 239.40, 250.00, 94, 1410, 1215, 75, P0
2026/07/31 19:32:21.207, 237.57, 250.00, 94, 1410, 1215, 75, P0
2026/07/31 19:32:21.410, 248.21, 250.00, 94, 1410, 1215, 75, P0
2026/07/31 19:32:21.610, 250.17, 250.00, 94, 1410, 1215, 75, P0
2026/07/31 19:32:21.810, 243.18, 250.00, 95, 1410, 1215, 75, P0
2026/07/31 19:32:22.011, 242.66, 250.00, 95, 1410, 1215, 75, P0
2026/07/31 19:32:22.212, 232.61, 250.00, 95, 1410, 1215, 75, P0
2026/07/31 19:32:22.412, 242.17, 250.00, 95, 1410, 1215, 75, P0
2026/07/31 19:32:22.613, 241.66, 250.00, 95, 1410, 1215, 75, P0
2026/07/31 19:32:22.813, 239.96, 250.00, 95, 1410, 1215, 75, P0
2026/07/31 19:32:23.014, 256.31, 250.00, 95, 1410, 1215, 75, P0
2026/07/31 19:32:23.214, 246.95, 250.00, 95, 1410, 1215, 75, P0
2026/07/31 19:32:23.415, 249.27, 250.00, 95, 1410, 1215, 75, P0
2026/07/31 19:32:23.615, 241.83, 250.00, 96, 1410, 1215, 75, P0
2026/07/31 19:32:23.816, 236.98, 250.00, 94, 1410, 1215, 75, P0
2026/07/31 19:32:24.016, 240.71, 250.00, 93, 1410, 1215, 75, P0
2026/07/31 19:32:24.217, 236.19, 250.00, 94, 1410, 1215, 75, P0
2026/07/31 19:32:24.417, 250.95, 250.00, 93, 1395, 1215, 75, P0
2026/07/31 19:32:24.618, 247.77, 250.00, 94, 1410, 1215, 75, P0
2026/07/31 19:32:24.819, 241.97, 250.00, 94, 1410, 1215, 75, P0
2026/07/31 19:32:25.019, 265.68, 250.00, 94, 1260, 1215, 78, P0
2026/07/31 19:32:25.220, 250.65, 250.00, 98, 1275, 1215, 78, P0
2026/07/31 19:32:25.420, 208.76, 250.00, 100, 1365, 1215, 77, P0
2026/07/31 19:32:25.621, 241.43, 250.00, 95, 1410, 1215, 76, P0
2026/07/31 19:32:25.821, 243.58, 250.00, 95, 1410, 1215, 76, P0
2026/07/31 19:32:26.022, 240.70, 250.00, 95, 1410, 1215, 76, P0
2026/07/31 19:32:26.222, 239.75, 250.00, 95, 1410, 1215, 76, P0
2026/07/31 19:32:26.423, 257.56, 250.00, 95, 1410, 1215, 76, P0
2026/07/31 19:32:26.624, 240.20, 250.00, 95, 1395, 1215, 75, P0
2026/07/31 19:32:26.824, 249.90, 250.00, 95, 1410, 1215, 75, P0
2026/07/31 19:32:27.025, 242.94, 250.00, 95, 1410, 1215, 75, P0
2026/07/31 19:32:27.225, 243.34, 250.00, 95, 1410, 1215, 75, P0
2026/07/31 19:32:27.426, 251.92, 250.00, 94, 1410, 1215, 75, P0
2026/07/31 19:32:27.626, 243.99, 250.00, 95, 1410, 1215, 75, P0
2026/07/31 19:32:27.827, 243.36, 250.00, 93, 1290, 1215, 77, P0
2026/07/31 19:32:28.028, 259.77, 250.00, 98, 1275, 1215, 79, P0
2026/07/31 19:32:28.228, 244.79, 250.00, 100, 1245, 1215, 78, P0
2026/07/31 19:32:28.429, 222.80, 250.00, 95, 1395, 1215, 76, P0
2026/07/31 19:32:28.629, 242.45, 250.00, 94, 1410, 1215, 76, P0
2026/07/31 19:32:28.830, 236.22, 250.00, 94, 1410, 1215, 75, P0
2026/07/31 19:32:29.031, 243.12, 250.00, 94, 1410, 1215, 76, P0
2026/07/31 19:32:29.231, 236.71, 250.00, 94, 1410, 1215, 76, P0
2026/07/31 19:32:29.432, 257.00, 250.00, 94, 1410, 1215, 75, P0
2026/07/31 19:32:29.632, 255.04, 250.00, 94, 1410, 1215, 76, P0
2026/07/31 19:32:29.833, 243.54, 250.00, 94, 1410, 1215, 76, P0
2026/07/31 19:32:30.034, 242.73, 250.00, 95, 1410, 1215, 76, P0
2026/07/31 19:32:30.234, 243.01, 250.00, 95, 1410, 1215, 76, P0
2026/07/31 19:32:30.435, 241.07, 250.00, 93, 1410, 1215, 76, P0
2026/07/31 19:32:30.635, 240.82, 250.00, 95, 1410, 1215, 76, P0
2026/07/31 19:32:30.836, 241.95, 250.00, 95, 1410, 1215, 76, P0
2026/07/31 19:32:31.036, 259.76, 250.00, 94, 1410, 1215, 76, P0
2026/07/31 19:32:31.237, 249.80, 250.00, 95, 1410, 1215, 76, P0
2026/07/31 19:32:31.437, 240.72, 250.00, 95, 1410, 1215, 75, P0
2026/07/31 19:32:31.638, 245.91, 250.00, 95, 1410, 1215, 75, P0
2026/07/31 19:32:31.838, 241.89, 250.00, 93, 1410, 1215, 76, P0
2026/07/31 19:32:32.039, 236.95, 250.00, 93, 1395, 1215, 75, P0
2026/07/31 19:32:32.239, 240.44, 250.00, 95, 1410, 1215, 76, P0
2026/07/31 19:32:32.440, 237.35, 250.00, 94, 1410, 1215, 76, P0
2026/07/31 19:32:32.640, 253.70, 250.00, 94, 1410, 1215, 76, P0
2026/07/31 19:32:32.841, 252.08, 250.00, 94, 1410, 1215, 76, P0
2026/07/31 19:32:33.042, 244.11, 250.00, 94, 1410, 1215, 76, P0
2026/07/31 19:32:33.242, 242.48, 250.00, 93, 1410, 1215, 76, P0
2026/07/31 19:32:33.443, 237.68, 250.00, 94, 1410, 1215, 76, P0
2026/07/31 19:32:33.643, 238.50, 250.00, 95, 1410, 1215, 76, P0
2026/07/31 19:32:33.844, 233.89, 250.00, 95, 1410, 1215, 76, P0
2026/07/31 19:32:34.044, 254.85, 250.00, 94, 1410, 1215, 76, P0
2026/07/31 19:32:34.245, 254.43, 250.00, 94, 1410, 1215, 76, P0
2026/07/31 19:32:34.445, 234.46, 250.00, 94, 1410, 1215, 76, P0
2026/07/31 19:32:34.646, 243.78, 250.00, 95, 1410, 1215, 76, P0
2026/07/31 19:32:34.846, 243.23, 250.00, 95, 1410, 1215, 76, P0
2026/07/31 19:32:35.047, 242.07, 250.00, 95, 1410, 1215, 76, P0
2026/07/31 19:32:35.247, 238.00, 250.00, 95, 1410, 1215, 76, P0
2026/07/31 19:32:35.448, 242.73, 250.00, 96, 1410, 1215, 76, P0
2026/07/31 19:32:35.648, 233.21, 250.00, 95, 1410, 1215, 76, P0
2026/07/31 19:32:35.849, 246.11, 250.00, 93, 1410, 1215, 76, P0
2026/07/31 19:32:36.049, 245.35, 250.00, 94, 1410, 1215, 76, P0
2026/07/31 19:32:36.250, 241.41, 250.00, 94, 1410, 1215, 76, P0
2026/07/31 19:32:36.450, 241.50, 250.00, 93, 1410, 1215, 76, P0
2026/07/31 19:32:36.652, 238.02, 250.00, 94, 1410, 1215, 76, P0
2026/07/31 19:32:36.855, 236.76, 250.00, 94, 1410, 1215, 76, P0
2026/07/31 19:32:37.056, 234.96, 250.00, 93, 1410, 1215, 76, P0
2026/07/31 19:32:37.258, 237.65, 250.00, 94, 1410, 1215, 76, P0
2026/07/31 19:32:37.458, 252.91, 250.00, 92, 1410, 1215, 76, P0
2026/07/31 19:32:37.659, 245.93, 250.00, 94, 1410, 1215, 76, P0
2026/07/31 19:32:37.859, 237.62, 250.00, 96, 1410, 1215, 76, P0
2026/07/31 19:32:38.060, 242.45, 250.00, 94, 1410, 1215, 76, P0
2026/07/31 19:32:38.260, 243.42, 250.00, 94, 1410, 1215, 76, P0
2026/07/31 19:32:38.461, 240.23, 250.00, 93, 1410, 1215, 76, P0
2026/07/31 19:32:38.661, 252.88, 250.00, 95, 1410, 1215, 76, P0
2026/07/31 19:32:38.862, 254.85, 250.00, 95, 1410, 1215, 76, P0
2026/07/31 19:32:39.062, 251.58, 250.00, 95, 1395, 1215, 76, P0
2026/07/31 19:32:39.263, 246.82, 250.00, 95, 1410, 1215, 76, P0
2026/07/31 19:32:39.464, 243.23, 250.00, 95, 1410, 1215, 76, P0
2026/07/31 19:32:39.664, 241.82, 250.00, 95, 1410, 1215, 76, P0
2026/07/31 19:32:39.865, 238.74, 250.00, 94, 1410, 1215, 76, P0
2026/07/31 19:32:40.065, 255.73, 250.00, 93, 1410, 1215, 76, P0
2026/07/31 19:32:40.266, 256.48, 250.00, 94, 1410, 1215, 76, P0
2026/07/31 19:32:40.466, 241.42, 250.00, 94, 1410, 1215, 76, P0
2026/07/31 19:32:40.667, 243.70, 250.00, 94, 1410, 1215, 76, P0
2026/07/31 19:32:40.867, 242.91, 250.00, 94, 1410, 1215, 76, P0
2026/07/31 19:32:41.068, 230.72, 250.00, 94, 1395, 1215, 76, P0
2026/07/31 19:32:41.269, 236.81, 250.00, 94, 1410, 1215, 76, P0
2026/07/31 19:32:41.469, 254.28, 250.00, 94, 1410, 1215, 76, P0
2026/07/31 19:32:41.670, 249.22, 250.00, 94, 1410, 1215, 76, P0
2026/07/31 19:32:41.870, 241.28, 250.00, 95, 1410, 1215, 76, P0
2026/07/31 19:32:42.071, 239.67, 250.00, 95, 1410, 1215, 76, P0
2026/07/31 19:32:42.271, 242.64, 250.00, 95, 1410, 1215, 76, P0
2026/07/31 19:32:42.472, 238.04, 250.00, 94, 1410, 1215, 76, P0
2026/07/31 19:32:42.672, 254.46, 250.00, 94, 1410, 1215, 76, P0
2026/07/31 19:32:42.873, 251.54, 250.00, 94, 1410, 1215, 76, P0
2026/07/31 19:32:43.074, 244.01, 250.00, 93, 1410, 1215, 76, P0
2026/07/31 19:32:43.274, 241.14, 250.00, 95, 1410, 1215, 76, P0
2026/07/31 19:32:43.474, 254.09, 250.00, 95, 1410, 1215, 76, P0
2026/07/31 19:32:43.675, 254.41, 250.00, 95, 1410, 1215, 76, P0
2026/07/31 19:32:43.875, 244.37, 250.00, 94, 1410, 1215, 76, P0
2026/07/31 19:32:44.076, 243.93, 250.00, 94, 1410, 1215, 76, P0
2026/07/31 19:32:44.276, 238.60, 250.00, 94, 1395, 1215, 76, P0
2026/07/31 19:32:44.477, 233.63, 250.00, 93, 1410, 1215, 76, P0
2026/07/31 19:32:44.677, 256.22, 250.00, 95, 1410, 1215, 76, P0
2026/07/31 19:32:44.878, 251.77, 250.00, 94, 1395, 1215, 76, P0
2026/07/31 19:32:45.078, 243.35, 250.00, 94, 1410, 1215, 76, P0
2026/07/31 19:32:45.279, 243.44, 250.00, 94, 1410, 1215, 76, P0
2026/07/31 19:32:45.479, 238.62, 250.00, 94, 1410, 1215, 76, P0
2026/07/31 19:32:45.680, 234.53, 250.00, 94, 1410, 1215, 76, P0
2026/07/31 19:32:45.881, 240.09, 250.00, 94, 1410, 1215, 76, P0
2026/07/31 19:32:46.081, 239.02, 250.00, 94, 1410, 1215, 76, P0
2026/07/31 19:32:46.282, 253.23, 250.00, 93, 1410, 1215, 76, P0
2026/07/31 19:32:46.482, 240.97, 250.00, 95, 1410, 1215, 76, P0
2026/07/31 19:32:46.683, 241.64, 250.00, 94, 1410, 1215, 76, P0
2026/07/31 19:32:46.883, 247.55, 250.00, 95, 1410, 1215, 76, P0
2026/07/31 19:32:47.084, 237.27, 250.00, 95, 1410, 1215, 76, P0
2026/07/31 19:32:47.284, 240.43, 250.00, 94, 1410, 1215, 76, P0
2026/07/31 19:32:47.485, 251.66, 250.00, 95, 1410, 1215, 76, P0
2026/07/31 19:32:47.685, 237.04, 250.00, 94, 1410, 1215, 76, P0
2026/07/31 19:32:47.886, 239.77, 250.00, 94, 1410, 1215, 76, P0
2026/07/31 19:32:48.087, 240.24, 250.00, 94, 1410, 1215, 76, P0
2026/07/31 19:32:48.287, 247.61, 250.00, 94, 1410, 1215, 76, P0
2026/07/31 19:32:48.488, 238.40, 250.00, 94, 1410, 1215, 76, P0
2026/07/31 19:32:48.688, 228.66, 250.00, 92, 1410, 1215, 76, P0
2026/07/31 19:32:48.889, 239.41, 250.00, 93, 1410, 1215, 76, P0
2026/07/31 19:32:49.089, 241.13, 250.00, 94, 1410, 1215, 76, P0
2026/07/31 19:32:49.290, 232.15, 250.00, 94, 1410, 1215, 76, P0
2026/07/31 19:32:49.490, 237.25, 250.00, 94, 1410, 1215, 76, P0
2026/07/31 19:32:49.691, 252.37, 250.00, 94, 1410, 1215, 76, P0
2026/07/31 19:32:49.891, 237.88, 250.00, 95, 1410, 1215, 76, P0
2026/07/31 19:32:50.092, 255.41, 250.00, 94, 1410, 1215, 76, P0
2026/07/31 19:32:50.292, 237.18, 250.00, 95, 1410, 1215, 76, P0
2026/07/31 19:32:50.493, 237.42, 250.00, 94, 1410, 1215, 76, P0
2026/07/31 19:32:50.693, 234.15, 250.00, 94, 1410, 1215, 76, P0
2026/07/31 19:32:50.894, 240.29, 250.00, 93, 1410, 1215, 76, P0
2026/07/31 19:32:51.095, 236.77, 250.00, 95, 1410, 1215, 76, P0
2026/07/31 19:32:51.295, 234.06, 250.00, 94, 1410, 1215, 76, P0
2026/07/31 19:32:51.496, 234.80, 250.00, 94, 1410, 1215, 75, P0
2026/07/31 19:32:51.696, 246.35, 250.00, 91, 1410, 1215, 75, P0
2026/07/31 19:32:51.897, 231.84, 250.00, 92, 1410, 1215, 75, P0
2026/07/31 19:32:52.097, 235.48, 250.00, 93, 1410, 1215, 76, P0
2026/07/31 19:32:52.298, 234.55, 250.00, 93, 1410, 1215, 76, P0
2026/07/31 19:32:52.498, 236.37, 250.00, 94, 1410, 1215, 76, P0
2026/07/31 19:32:52.699, 234.94, 250.00, 93, 1410, 1215, 76, P0
2026/07/31 19:32:52.899, 236.89, 250.00, 94, 1410, 1215, 76, P0
2026/07/31 19:32:53.100, 235.04, 250.00, 94, 1410, 1215, 76, P0
2026/07/31 19:32:53.300, 237.53, 250.00, 94, 1410, 1215, 76, P0
2026/07/31 19:32:53.501, 237.22, 250.00, 94, 1410, 1215, 76, P0
2026/07/31 19:32:53.701, 237.33, 250.00, 95, 1410, 1215, 76, P0
2026/07/31 19:32:53.902, 233.13, 250.00, 94, 1410, 1215, 76, P0
2026/07/31 19:32:54.102, 237.46, 250.00, 94, 1410, 1215, 76, P0
2026/07/31 19:32:54.303, 217.70, 250.00, 94, 1410, 1215, 75, P0
2026/07/31 19:32:54.503, 236.97, 250.00, 93, 1410, 1215, 76, P0
2026/07/31 19:32:54.704, 238.84, 250.00, 93, 1410, 1215, 76, P0
2026/07/31 19:32:54.904, 74.85, 250.00, 94, 1410, 1215, 73, P0
2026/07/31 19:32:55.105, 71.72, 250.00, 51, 1410, 1215, 71, P0
2026/07/31 19:32:55.306, 69.11, 250.00, 0, 1410, 1215, 70, P0
2026/07/31 19:32:55.507, 68.57, 250.00, 0, 1410, 1215, 69, P0
2026/07/31 19:32:55.707, 68.04, 250.00, 0, 1410, 1215, 69, P0
2026/07/31 19:32:55.907, 67.84, 250.00, 0, 1410, 1215, 68, P0
2026/07/31 19:32:56.108, 67.53, 250.00, 0, 1410, 1215, 68, P0
2026/07/31 19:32:56.308, 67.39, 250.00, 0, 1410, 1215, 68, P0
2026/07/31 19:32:56.509, 67.00, 250.00, 0, 1410, 1215, 67, P0
2026/07/31 19:32:56.709, 66.85, 250.00, 0, 1410, 1215, 67, P0
2026/07/31 19:32:56.909, 48.51, 250.00, 0, 1140, 1215, 67, P0
2026/07/31 19:32:57.111, 48.04, 250.00, 0, 1140, 1215, 66, P0
2026/07/31 19:32:57.312, 47.91, 250.00, 0, 1140, 1215, 66, P0
2026/07/31 19:32:57.512, 47.72, 250.00, 0, 1140, 1215, 66, P0
2026/07/31 19:32:57.716, 47.55, 250.00, 0, 1140, 1215, 65, P0
2026/07/31 19:32:57.917, 47.49, 250.00, 0, 1140, 1215, 65, P0
2026/07/31 19:32:58.117, 47.35, 250.00, 0, 1140, 1215, 65, P0
2026/07/31 19:32:58.318, 47.18, 250.00, 0, 1140, 1215, 65, P0
2026/07/31 19:32:58.518, 47.20, 250.00, 0, 1140, 1215, 65, P0
2026/07/31 19:32:58.718, 47.06, 250.00, 0, 1140, 1215, 65, P0
2026/07/31 19:32:58.919, 46.97, 250.00, 0, 1140, 1215, 64, P0
2026/07/31 19:32:59.119, 46.86, 250.00, 0, 1140, 1215, 64, P0
2026/07/31 19:32:59.320, 46.81, 250.00, 0, 1140, 1215, 64, P0
2026/07/31 19:32:59.520, 46.75, 250.00, 0, 1140, 1215, 64, P0
2026/07/31 19:32:59.720, 46.68, 250.00, 0, 1140, 1215, 64, P0
2026/07/31 19:32:59.921, 46.56, 250.00, 0, 1140, 1215, 64, P0
2026/07/31 19:33:00.121, 46.54, 250.00, 0, 1140, 1215, 64, P0
2026/07/31 19:33:00.322, 46.42, 250.00, 0, 1140, 1215, 63, P0
2026/07/31 19:33:00.522, 46.41, 250.00, 0, 1140, 1215, 63, P0
2026/07/31 19:33:00.722, 46.25, 250.00, 0, 1140, 1215, 63, P0
2026/07/31 19:33:00.923, 46.19, 250.00, 0, 1140, 1215, 63, P0
2026/07/31 19:33:01.123, 46.25, 250.00, 0, 1140, 1215, 63, P0
2026/07/31 19:33:01.324, 46.15, 250.00, 0, 1140, 1215, 63, P0
2026/07/31 19:33:01.524, 46.16, 250.00, 0, 1140, 1215, 63, P0
2026/07/31 19:33:01.724, 46.09, 250.00, 0, 1140, 1215, 63, P0
2026/07/31 19:33:01.925, 46.20, 250.00, 0, 1140, 1215, 63, P0
2026/07/31 19:33:02.125, 46.11, 250.00, 0, 1140, 1215, 62, P0
2026/07/31 19:33:02.326, 46.27, 250.00, 0, 1140, 1215, 62, P0
2026/07/31 19:33:02.526, 45.99, 250.00, 0, 1140, 1215, 62, P0
2026/07/31 19:33:02.726, 46.09, 250.00, 0, 1140, 1215, 62, P0
2026/07/31 19:33:02.927, 45.99, 250.00, 0, 1140, 1215, 62, P0
2026/07/31 19:33:03.127, 45.71, 250.00, 0, 1140, 1215, 62, P0
2026/07/31 19:33:03.328, 45.99, 250.00, 0, 1140, 1215, 62, P0
2026/07/31 19:33:03.528, 45.70, 250.00, 0, 1140, 1215, 62, P0
2026/07/31 19:33:03.729, 45.54, 250.00, 0, 1140, 1215, 62, P0
2026/07/31 19:33:03.929, 45.77, 250.00, 0, 1140, 1215, 62, P0
2026/07/31 19:33:04.129, 45.48, 250.00, 0, 1140, 1215, 61, P0
2026/07/31 19:33:04.330, 45.59, 250.00, 0, 1140, 1215, 61, P0
2026/07/31 19:33:04.530, 45.40, 250.00, 0, 1140, 1215, 61, P0
2026/07/31 19:33:04.731, 45.28, 250.00, 0, 1140, 1215, 61, P0
2026/07/31 19:33:04.931, 45.21, 250.00, 0, 1140, 1215, 61, P0
2026/07/31 19:33:05.131, 45.09, 250.00, 0, 1140, 1215, 61, P0
2026/07/31 19:33:05.332, 45.08, 250.00, 0, 1140, 1215, 61, P0
2026/07/31 19:33:05.532, 45.02, 250.00, 0, 1140, 1215, 61, P0
2026/07/31 19:33:05.733, 44.92, 250.00, 0, 1140, 1215, 61, P0
2026/07/31 19:33:05.933, 44.94, 250.00, 0, 1140, 1215, 61, P0
2026/07/31 19:33:06.133, 44.84, 250.00, 0, 1140, 1215, 61, P0
2026/07/31 19:33:06.334, 45.97, 250.00, 0, 1140, 1215, 61, P0
2026/07/31 19:33:06.534, 44.71, 250.00, 0, 1140, 1215, 60, P0
2026/07/31 19:33:06.735, 44.62, 250.00, 0, 1140, 1215, 60, P0
2026/07/31 19:33:06.935, 44.60, 250.00, 0, 1140, 1215, 60, P0
2026/07/31 19:33:07.135, 44.53, 250.00, 0, 1140, 1215, 60, P0
2026/07/31 19:33:07.336, 44.62, 250.00, 0, 1140, 1215, 60, P0
2026/07/31 19:33:07.536, 44.45, 250.00, 0, 1140, 1215, 60, P0
2026/07/31 19:33:07.737, 44.38, 250.00, 0, 1140, 1215, 60, P0
2026/07/31 19:33:07.937, 44.38, 250.00, 0, 1140, 1215, 60, P0
2026/07/31 19:33:08.137, 44.32, 250.00, 0, 1140, 1215, 60, P0
2026/07/31 19:33:08.338, 44.31, 250.00, 0, 1140, 1215, 60, P0
2026/07/31 19:33:08.538, 44.12, 250.00, 0, 1140, 1215, 60, P0
2026/07/31 19:33:08.739, 44.23, 250.00, 0, 1140, 1215, 59, P0
2026/07/31 19:33:08.939, 44.10, 250.00, 0, 1140, 1215, 59, P0
2026/07/31 19:33:09.139, 44.09, 250.00, 0, 1140, 1215, 59, P0
2026/07/31 19:33:09.340, 44.10, 250.00, 0, 1140, 1215, 59, P0
2026/07/31 19:33:09.540, 44.01, 250.00, 0, 1140, 1215, 59, P0
2026/07/31 19:33:09.741, 43.92, 250.00, 0, 1140, 1215, 59, P0
2026/07/31 19:33:09.941, 43.83, 250.00, 0, 1140, 1215, 59, P0
2026/07/31 19:33:10.141, 43.95, 250.00, 0, 1140, 1215, 59, P0
2026/07/31 19:33:10.342, 43.81, 250.00, 0, 1140, 1215, 59, P0
2026/07/31 19:33:10.542, 43.81, 250.00, 0, 1140, 1215, 59, P0
2026/07/31 19:33:10.743, 43.86, 250.00, 0, 1140, 1215, 59, P0
2026/07/31 19:33:10.943, 43.74, 250.00, 0, 1140, 1215, 59, P0
2026/07/31 19:33:11.144, 43.65, 250.00, 0, 1140, 1215, 59, P0
2026/07/31 19:33:11.344, 43.62, 250.00, 0, 1140, 1215, 58, P0
2026/07/31 19:33:11.544, 43.54, 250.00, 0, 1140, 1215, 58, P0
2026/07/31 19:33:11.745, 43.60, 250.00, 0, 1140, 1215, 58, P0
2026/07/31 19:33:11.945, 43.52, 250.00, 0, 1140, 1215, 58, P0
2026/07/31 19:33:12.146, 43.53, 250.00, 0, 1140, 1215, 58, P0
2026/07/31 19:33:12.346, 43.52, 250.00, 0, 1140, 1215, 58, P0
2026/07/31 19:33:12.546, 43.40, 250.00, 0, 1140, 1215, 58, P0
2026/07/31 19:33:12.747, 43.47, 250.00, 0, 1140, 1215, 58, P0
2026/07/31 19:33:12.947, 43.32, 250.00, 0, 1140, 1215, 58, P0
2026/07/31 19:33:13.148, 43.33, 250.00, 0, 1140, 1215, 58, P0
2026/07/31 19:33:13.348, 43.33, 250.00, 0, 1140, 1215, 58, P0
2026/07/31 19:33:13.548, 43.33, 250.00, 0, 1140, 1215, 58, P0
2026/07/31 19:33:13.749, 43.15, 250.00, 0, 1140, 1215, 58, P0
2026/07/31 19:33:13.949, 43.15, 250.00, 0, 1140, 1215, 58, P0
2026/07/31 19:33:14.150, 43.15, 250.00, 0, 1140, 1215, 57, P0
2026/07/31 19:33:14.350, 43.33, 250.00, 0, 1140, 1215, 57, P0
2026/07/31 19:33:14.550, 43.13, 250.00, 0, 1140, 1215, 57, P0
2026/07/31 19:33:14.751, 42.98, 250.00, 0, 1140, 1215, 57, P0
2026/07/31 19:33:14.951, 42.98, 250.00, 0, 1140, 1215, 57, P0
2026/07/31 19:33:15.151, 43.01, 250.00, 0, 1140, 1215, 57, P0
2026/07/31 19:33:15.352, 42.93, 250.00, 0, 1140, 1215, 57, P0
2026/07/31 19:33:15.552, 42.93, 250.00, 0, 1140, 1215, 57, P0
2026/07/31 19:33:15.753, 42.86, 250.00, 0, 1140, 1215, 57, P0
2026/07/31 19:33:15.953, 43.19, 250.00, 0, 1140, 1215, 57, P0
2026/07/31 19:33:16.154, 42.73, 250.00, 0, 1140, 1215, 57, P0
2026/07/31 19:33:16.354, 42.75, 250.00, 0, 1140, 1215, 57, P0
2026/07/31 19:33:16.555, 42.60, 250.00, 0, 1140, 1215, 57, P0
2026/07/31 19:33:16.755, 42.75, 250.00, 0, 1140, 1215, 57, P0
2026/07/31 19:33:16.957, 42.75, 250.00, 0, 1140, 1215, 57, P0
2026/07/31 19:33:17.162, 42.65, 250.00, 0, 1140, 1215, 56, P0
2026/07/31 19:33:17.362, 42.64, 250.00, 0, 1140, 1215, 56, P0
2026/07/31 19:33:17.563, 42.54, 250.00, 0, 1140, 1215, 56, P0
2026/07/31 19:33:17.763, 42.57, 250.00, 0, 1140, 1215, 56, P0
2026/07/31 19:33:17.964, 42.58, 250.00, 0, 1140, 1215, 56, P0
2026/07/31 19:33:18.164, 42.57, 250.00, 0, 1140, 1215, 56, P0
2026/07/31 19:33:18.365, 42.43, 250.00, 0, 1140, 1215, 56, P0
2026/07/31 19:33:18.565, 42.34, 250.00, 0, 1140, 1215, 56, P0
2026/07/31 19:33:18.765, 42.37, 250.00, 0, 1140, 1215, 56, P0
2026/07/31 19:33:18.966, 42.34, 250.00, 0, 1140, 1215, 56, P0
2026/07/31 19:33:19.166, 42.22, 250.00, 0, 1140, 1215, 56, P0
2026/07/31 19:33:19.367, 42.27, 250.00, 0, 1140, 1215, 56, P0
2026/07/31 19:33:19.567, 42.25, 250.00, 0, 1140, 1215, 56, P0
2026/07/31 19:33:19.767, 42.19, 250.00, 0, 1140, 1215, 56, P0
2026/07/31 19:33:19.968, 42.05, 250.00, 0, 1140, 1215, 56, P0
2026/07/31 19:33:20.168, 42.05, 250.00, 10, 1140, 1215, 55, P0
2026/07/31 19:33:20.369, 41.96, 250.00, 0, 1140, 1215, 55, P0
2026/07/31 19:33:20.569, 42.07, 250.00, 0, 1140, 1215, 55, P0
2026/07/31 19:33:20.770, 42.15, 250.00, 0, 1140, 1215, 55, P0
2026/07/31 19:33:20.970, 42.15, 250.00, 0, 1140, 1215, 55, P0
2026/07/31 19:33:21.171, 188.50, 250.00, 25, 1140, 1215, 61, P0
2026/07/31 19:33:21.371, 206.81, 250.00, 100, 1290, 1215, 63, P0
2026/07/31 19:33:21.572, 272.60, 250.00, 100, 1305, 1215, 65, P0
2026/07/31 19:33:21.772, 249.87, 250.00, 93, 1290, 1215, 66, P0
2026/07/31 19:33:21.973, 249.30, 250.00, 100, 1290, 1215, 67, P0
2026/07/31 19:33:22.173, 248.62, 250.00, 96, 1290, 1215, 67, P0
2026/07/31 19:33:22.374, 244.62, 250.00, 100, 1320, 1215, 66, P0
2026/07/31 19:33:22.574, 254.87, 250.00, 94, 1290, 1215, 67, P0
2026/07/31 19:33:22.775, 250.52, 250.00, 100, 1290, 1215, 68, P0
2026/07/31 19:33:22.975, 252.52, 250.00, 97, 1290, 1215, 68, P0
2026/07/31 19:33:23.176, 251.22, 250.00, 100, 1290, 1215, 68, P0
2026/07/31 19:33:23.376, 263.04, 250.00, 100, 1290, 1215, 68, P0
2026/07/31 19:33:23.576, 246.46, 250.00, 96, 1290, 1215, 68, P0
2026/07/31 19:33:23.777, 246.10, 250.00, 100, 1395, 1215, 66, P0
2026/07/31 19:33:23.977, 223.01, 250.00, 95, 1410, 1215, 65, P0
2026/07/31 19:33:24.178, 226.86, 250.00, 93, 1410, 1215, 65, P0
2026/07/31 19:33:24.379, 226.80, 250.00, 94, 1410, 1215, 65, P0
2026/07/31 19:33:24.579, 223.21, 250.00, 94, 1410, 1215, 65, P0
2026/07/31 19:33:24.780, 223.96, 250.00, 93, 1410, 1215, 65, P0
2026/07/31 19:33:24.980, 222.41, 250.00, 93, 1410, 1215, 65, P0
2026/07/31 19:33:25.181, 225.16, 250.00, 93, 1410, 1215, 65, P0
2026/07/31 19:33:25.382, 224.48, 250.00, 94, 1410, 1215, 65, P0
2026/07/31 19:33:25.582, 224.02, 250.00, 94, 1410, 1215, 65, P0
2026/07/31 19:33:25.783, 225.17, 250.00, 94, 1410, 1215, 65, P0
2026/07/31 19:33:25.983, 226.64, 250.00, 95, 1410, 1215, 65, P0
2026/07/31 19:33:26.184, 217.31, 250.00, 95, 1410, 1215, 65, P0
2026/07/31 19:33:26.384, 223.69, 250.00, 93, 1410, 1215, 65, P0
2026/07/31 19:33:26.585, 226.08, 250.00, 91, 1410, 1215, 65, P0
2026/07/31 19:33:26.785, 227.39, 250.00, 95, 1410, 1215, 65, P0
2026/07/31 19:33:26.986, 226.07, 250.00, 95, 1410, 1215, 65, P0
2026/07/31 19:33:27.186, 225.63, 250.00, 95, 1410, 1215, 65, P0
2026/07/31 19:33:27.387, 226.23, 250.00, 95, 1410, 1215, 65, P0
2026/07/31 19:33:27.587, 224.48, 250.00, 95, 1410, 1215, 65, P0
2026/07/31 19:33:27.788, 225.39, 250.00, 94, 1410, 1215, 65, P0
2026/07/31 19:33:27.988, 225.08, 250.00, 93, 1410, 1215, 65, P0
2026/07/31 19:33:28.189, 225.70, 250.00, 93, 1410, 1215, 65, P0
2026/07/31 19:33:28.390, 225.85, 250.00, 95, 1410, 1215, 66, P0
2026/07/31 19:33:28.590, 218.05, 250.00, 94, 1410, 1215, 66, P0
2026/07/31 19:33:28.791, 223.53, 250.00, 93, 1410, 1215, 66, P0
2026/07/31 19:33:28.991, 224.18, 250.00, 93, 1410, 1215, 66, P0
2026/07/31 19:33:29.192, 224.66, 250.00, 94, 1410, 1215, 66, P0
2026/07/31 19:33:29.392, 223.44, 250.00, 94, 1410, 1215, 66, P0
2026/07/31 19:33:29.593, 224.86, 250.00, 94, 1410, 1215, 66, P0
2026/07/31 19:33:29.793, 225.90, 250.00, 94, 1410, 1215, 66, P0
2026/07/31 19:33:29.994, 267.00, 250.00, 94, 1305, 1215, 69, P0
2026/07/31 19:33:30.194, 254.64, 250.00, 97, 1275, 1215, 70, P0
2026/07/31 19:33:30.395, 257.97, 250.00, 100, 1320, 1215, 69, P0
2026/07/31 19:33:30.595, 250.27, 250.00, 92, 1290, 1215, 70, P0
2026/07/31 19:33:30.796, 249.17, 250.00, 100, 1260, 1215, 70, P0
2026/07/31 19:33:30.996, 222.12, 250.00, 98, 1395, 1215, 67, P0
2026/07/31 19:33:31.197, 233.34, 250.00, 95, 1410, 1215, 67, P0
2026/07/31 19:33:31.397, 235.13, 250.00, 95, 1410, 1215, 67, P0
2026/07/31 19:33:31.598, 226.04, 250.00, 92, 1410, 1215, 67, P0
2026/07/31 19:33:31.798, 260.29, 250.00, 93, 1275, 1215, 69, P0
2026/07/31 19:33:31.999, 248.90, 250.00, 97, 1275, 1215, 70, P0
2026/07/31 19:33:32.200, 255.37, 250.00, 100, 1335, 1215, 70, P0
2026/07/31 19:33:32.400, 249.57, 250.00, 96, 1290, 1215, 71, P0
2026/07/31 19:33:32.601, 241.57, 250.00, 100, 1245, 1215, 71, P0
2026/07/31 19:33:32.801, 248.34, 250.00, 95, 1275, 1215, 71, P0
2026/07/31 19:33:33.001, 245.83, 250.00, 100, 1290, 1215, 71, P0
2026/07/31 19:33:33.202, 257.15, 250.00, 95, 1290, 1215, 71, P0
2026/07/31 19:33:33.402, 248.23, 250.00, 100, 1290, 1215, 71, P0
2026/07/31 19:33:33.603, 284.87, 250.00, 99, 1320, 1215, 71, P0
2026/07/31 19:33:33.803, 250.33, 250.00, 96, 1290, 1215, 72, P0
2026/07/31 19:33:34.004, 197.44, 250.00, 100, 1275, 1215, 71, P0
2026/07/31 19:33:34.204, 255.02, 250.00, 95, 1290, 1215, 72, P0
2026/07/31 19:33:34.405, 253.18, 250.00, 100, 1290, 1215, 72, P0
2026/07/31 19:33:34.605, 233.14, 250.00, 97, 1395, 1215, 69, P0
2026/07/31 19:33:34.806, 238.83, 250.00, 95, 1410, 1215, 68, P0
2026/07/31 19:33:35.006, 231.13, 250.00, 95, 1410, 1215, 68, P0
2026/07/31 19:33:35.207, 226.65, 250.00, 95, 1410, 1215, 68, P0
2026/07/31 19:33:35.407, 246.08, 250.00, 95, 1410, 1215, 68, P0
2026/07/31 19:33:35.608, 240.86, 250.00, 95, 1410, 1215, 68, P0
2026/07/31 19:33:35.808, 232.44, 250.00, 95, 1410, 1215, 68, P0
2026/07/31 19:33:36.009, 230.02, 250.00, 94, 1410, 1215, 68, P0
2026/07/31 19:33:36.210, 228.95, 250.00, 95, 1410, 1215, 68, P0
2026/07/31 19:33:36.410, 222.02, 250.00, 94, 1410, 1215, 68, P0
2026/07/31 19:33:36.611, 235.83, 250.00, 93, 1410, 1215, 68, P0
2026/07/31 19:33:36.811, 232.06, 250.00, 94, 1410, 1215, 68, P0
2026/07/31 19:33:37.012, 230.11, 250.00, 94, 1410, 1215, 68, P0
2026/07/31 19:33:37.212, 228.97, 250.00, 95, 1410, 1215, 68, P0
2026/07/31 19:33:37.413, 221.84, 250.00, 94, 1410, 1215, 68, P0
2026/07/31 19:33:37.613, 237.77, 250.00, 94, 1410, 1215, 68, P0
2026/07/31 19:33:37.814, 232.94, 250.00, 94, 1410, 1215, 68, P0
2026/07/31 19:33:38.014, 230.20, 250.00, 94, 1410, 1215, 68, P0
2026/07/31 19:33:38.215, 230.08, 250.00, 95, 1410, 1215, 68, P0
2026/07/31 19:33:38.415, 228.83, 250.00, 95, 1410, 1215, 68, P0
2026/07/31 19:33:38.616, 245.51, 250.00, 95, 1410, 1215, 68, P0
2026/07/31 19:33:38.816, 241.48, 250.00, 94, 1410, 1215, 68, P0
2026/07/31 19:33:39.017, 230.29, 250.00, 93, 1410, 1215, 68, P0
2026/07/31 19:33:39.217, 231.85, 250.00, 96, 1410, 1215, 68, P0
2026/07/31 19:33:39.418, 232.24, 250.00, 95, 1410, 1215, 68, P0
2026/07/31 19:33:39.618, 226.23, 250.00, 95, 1410, 1215, 68, P0
2026/07/31 19:33:39.819, 242.01, 250.00, 94, 1410, 1215, 68, P0
2026/07/31 19:33:40.019, 231.57, 250.00, 94, 1410, 1215, 68, P0
2026/07/31 19:33:40.220, 231.27, 250.00, 95, 1410, 1215, 68, P0
2026/07/31 19:33:40.420, 230.86, 250.00, 95, 1410, 1215, 68, P0
2026/07/31 19:33:40.621, 222.66, 250.00, 94, 1410, 1215, 68, P0
2026/07/31 19:33:40.821, 244.87, 250.00, 93, 1410, 1215, 68, P0
2026/07/31 19:33:41.022, 264.25, 250.00, 96, 1290, 1215, 72, P0
2026/07/31 19:33:41.222, 252.47, 250.00, 100, 1290, 1215, 72, P0
2026/07/31 19:33:41.422, 267.24, 250.00, 96, 1290, 1215, 72, P0
2026/07/31 19:33:41.623, 251.26, 250.00, 100, 1275, 1215, 73, P0
2026/07/31 19:33:41.823, 218.65, 250.00, 98, 1335, 1215, 71, P0
2026/07/31 19:33:42.024, 230.79, 250.00, 95, 1410, 1215, 69, P0
2026/07/31 19:33:42.224, 221.18, 250.00, 93, 1380, 1215, 69, P0
2026/07/31 19:33:42.425, 256.90, 250.00, 97, 1290, 1215, 72, P0
2026/07/31 19:33:42.626, 251.17, 250.00, 100, 1290, 1215, 73, P0
2026/07/31 19:33:42.826, 249.50, 250.00, 95, 1290, 1215, 73, P0
2026/07/31 19:33:43.026, 239.50, 250.00, 100, 1245, 1215, 73, P0
2026/07/31 19:33:43.227, 274.31, 250.00, 97, 1275, 1215, 73, P0
2026/07/31 19:33:43.427, 254.46, 250.00, 100, 1290, 1215, 73, P0
2026/07/31 19:33:43.629, 217.52, 250.00, 94, 1350, 1215, 72, P0
2026/07/31 19:33:43.829, 252.17, 250.00, 100, 1290, 1215, 73, P0
2026/07/31 19:33:44.030, 242.20, 250.00, 100, 1260, 1215, 73, P0
2026/07/31 19:33:44.231, 239.64, 250.00, 95, 1410, 1215, 70, P0
2026/07/31 19:33:44.431, 243.71, 250.00, 95, 1410, 1215, 70, P0
2026/07/31 19:33:44.632, 233.77, 250.00, 95, 1410, 1215, 70, P0
2026/07/31 19:33:44.832, 232.12, 250.00, 94, 1410, 1215, 69, P0
2026/07/31 19:33:45.033, 250.05, 250.00, 97, 1290, 1215, 73, P0
2026/07/31 19:33:45.233, 248.93, 250.00, 100, 1290, 1215, 73, P0
2026/07/31 19:33:45.434, 256.51, 250.00, 95, 1290, 1215, 73, P0
2026/07/31 19:33:45.634, 244.89, 250.00, 100, 1260, 1215, 73, P0
2026/07/31 19:33:45.835, 225.91, 250.00, 97, 1395, 1215, 71, P0
2026/07/31 19:33:46.035, 234.09, 250.00, 95, 1410, 1215, 70, P0
2026/07/31 19:33:46.236, 232.73, 250.00, 94, 1410, 1215, 70, P0
2026/07/31 19:33:46.436, 228.38, 250.00, 94, 1410, 1215, 70, P0
2026/07/31 19:33:46.637, 216.34, 250.00, 94, 1410, 1215, 70, P0
2026/07/31 19:33:46.838, 237.84, 250.00, 94, 1410, 1215, 70, P0
2026/07/31 19:33:47.038, 234.14, 250.00, 93, 1410, 1215, 70, P0
2026/07/31 19:33:47.239, 232.54, 250.00, 95, 1410, 1215, 70, P0
2026/07/31 19:33:47.439, 229.68, 250.00, 94, 1410, 1215, 69, P0
2026/07/31 19:33:47.640, 231.07, 250.00, 95, 1410, 1215, 70, P0
2026/07/31 19:33:47.840, 232.21, 250.00, 95, 1410, 1215, 70, P0
2026/07/31 19:33:48.041, 238.85, 250.00, 95, 1410, 1215, 70, P0
2026/07/31 19:33:48.241, 231.46, 250.00, 95, 1410, 1215, 70, P0
2026/07/31 19:33:48.442, 231.68, 250.00, 93, 1410, 1215, 70, P0
2026/07/31 19:33:48.642, 230.54, 250.00, 95, 1410, 1215, 70, P0
2026/07/31 19:33:48.843, 228.54, 250.00, 94, 1410, 1215, 70, P0
2026/07/31 19:33:49.044, 245.62, 250.00, 94, 1410, 1215, 70, P0
2026/07/31 19:33:49.244, 241.22, 250.00, 95, 1410, 1215, 70, P0
2026/07/31 19:33:49.444, 234.11, 250.00, 95, 1410, 1215, 70, P0
2026/07/31 19:33:49.645, 228.65, 250.00, 95, 1410, 1215, 70, P0
2026/07/31 19:33:49.846, 190.64, 250.00, 94, 1410, 1215, 69, P0
2026/07/31 19:33:50.046, 194.65, 250.00, 91, 1410, 1215, 69, P0
2026/07/31 19:33:50.252, 189.02, 250.00, 72, 1410, 1215, 69, P0
2026/07/31 19:33:50.453, 225.37, 250.00, 75, 1410, 1215, 68, P0
2026/07/31 19:33:50.653, 198.30, 250.00, 75, 1410, 1215, 68, P0
2026/07/31 19:33:50.854, 164.38, 250.00, 77, 1410, 1215, 68, P0
2026/07/31 19:33:51.054, 189.54, 250.00, 68, 1395, 1215, 69, P0
2026/07/31 19:33:51.255, 208.50, 250.00, 49, 1395, 1215, 70, P0
2026/07/31 19:33:51.455, 263.41, 250.00, 49, 1290, 1215, 73, P0
2026/07/31 19:33:51.656, 227.22, 250.00, 96, 1290, 1215, 73, P0
2026/07/31 19:33:51.856, 252.75, 250.00, 93, 1275, 1215, 74, P0
2026/07/31 19:33:52.057, 242.15, 250.00, 100, 1365, 1215, 72, P0
2026/07/31 19:33:52.257, 237.74, 250.00, 97, 1410, 1215, 70, P0
2026/07/31 19:33:52.458, 235.25, 250.00, 95, 1410, 1215, 70, P0
2026/07/31 19:33:52.658, 234.17, 250.00, 94, 1410, 1215, 70, P0
2026/07/31 19:33:52.859, 231.30, 250.00, 94, 1410, 1215, 70, P0
2026/07/31 19:33:53.059, 229.10, 250.00, 94, 1410, 1215, 70, P0
2026/07/31 19:33:53.260, 244.76, 250.00, 95, 1410, 1215, 70, P0
2026/07/31 19:33:53.460, 240.74, 250.00, 96, 1410, 1215, 70, P0
2026/07/31 19:33:53.661, 230.24, 250.00, 95, 1290, 1215, 72, P0
2026/07/31 19:33:53.862, 249.59, 250.00, 95, 1290, 1215, 74, P0
2026/07/31 19:33:54.062, 255.12, 250.00, 100, 1320, 1215, 73, P0
2026/07/31 19:33:54.263, 253.71, 250.00, 94, 1260, 1215, 74, P0
2026/07/31 19:33:54.463, 229.82, 250.00, 100, 1260, 1215, 74, P0
2026/07/31 19:33:54.664, 283.74, 250.00, 99, 1275, 1215, 74, P0
2026/07/31 19:33:54.864, 254.80, 250.00, 97, 1275, 1215, 74, P0
2026/07/31 19:33:55.065, 225.65, 250.00, 100, 1290, 1215, 74, P0
2026/07/31 19:33:55.266, 256.71, 250.00, 94, 1275, 1215, 75, P0
2026/07/31 19:33:55.467, 249.17, 250.00, 100, 1395, 1215, 74, P0
2026/07/31 19:33:55.669, 222.99, 250.00, 97, 1410, 1215, 71, P0
2026/07/31 19:33:55.870, 271.05, 250.00, 94, 1275, 1215, 74, P0
2026/07/31 19:33:56.072, 243.67, 250.00, 95, 1275, 1215, 74, P0
2026/07/31 19:33:56.272, 236.27, 250.00, 100, 1290, 1215, 74, P0
2026/07/31 19:33:56.473, 259.42, 250.00, 95, 1275, 1215, 75, P0
2026/07/31 19:33:56.673, 234.02, 250.00, 100, 1290, 1215, 74, P0
2026/07/31 19:33:56.873, 237.93, 250.00, 100, 1410, 1215, 72, P0
2026/07/31 19:33:57.074, 235.15, 250.00, 94, 1410, 1215, 71, P0
2026/07/31 19:33:57.275, 230.95, 250.00, 94, 1410, 1215, 71, P0
2026/07/31 19:33:57.475, 225.06, 250.00, 95, 1410, 1215, 71, P0
2026/07/31 19:33:57.676, 239.86, 250.00, 94, 1410, 1215, 71, P0
2026/07/31 19:33:57.876, 229.36, 250.00, 93, 1410, 1215, 71, P0
2026/07/31 19:33:58.117, 235.21, 250.00, 94, 1410, 1215, 71, P0
2026/07/31 19:33:58.318, 234.14, 250.00, 95, 1410, 1215, 71, P0
2026/07/31 19:33:58.518, 227.51, 250.00, 95, 1410, 1215, 71, P0
2026/07/31 19:33:58.719, 242.43, 250.00, 94, 1410, 1215, 71, P0
2026/07/31 19:33:58.919, 242.55, 250.00, 92, 1410, 1215, 71, P0
2026/07/31 19:33:59.120, 234.85, 250.00, 94, 1410, 1215, 71, P0
2026/07/31 19:33:59.320, 234.64, 250.00, 94, 1410, 1215, 71, P0
2026/07/31 19:33:59.521, 226.28, 250.00, 95, 1410, 1215, 71, P0
2026/07/31 19:33:59.721, 246.70, 250.00, 94, 1410, 1215, 71, P0
2026/07/31 19:33:59.922, 235.07, 250.00, 94, 1410, 1215, 71, P0
2026/07/31 19:34:00.122, 234.44, 250.00, 92, 1410, 1215, 71, P0
2026/07/31 19:34:00.323, 232.81, 250.00, 95, 1410, 1215, 71, P0
2026/07/31 19:34:00.523, 232.92, 250.00, 95, 1410, 1215, 71, P0
2026/07/31 19:34:00.724, 251.58, 250.00, 95, 1410, 1215, 71, P0
2026/07/31 19:34:00.925, 242.57, 250.00, 94, 1410, 1215, 71, P0
2026/07/31 19:34:01.125, 234.86, 250.00, 94, 1410, 1215, 71, P0
2026/07/31 19:34:01.326, 185.24, 250.00, 93, 1260, 1215, 71, P0
2026/07/31 19:34:01.545, 262.11, 250.00, 94, 1290, 1215, 75, P0
2026/07/31 19:34:01.745, 279.26, 250.00, 100, 1290, 1215, 75, P0
2026/07/31 19:34:01.946, 250.05, 250.00, 93, 1275, 1215, 75, P0
2026/07/31 19:34:02.146, 226.98, 250.00, 100, 1260, 1215, 75, P0
2026/07/31 19:34:02.347, 234.83, 250.00, 98, 1410, 1215, 72, P0
2026/07/31 19:34:02.547, 234.45, 250.00, 95, 1410, 1215, 72, P0
2026/07/31 19:34:02.748, 286.97, 250.00, 95, 1290, 1215, 74, P0
2026/07/31 19:34:02.948, 254.67, 250.00, 93, 1275, 1215, 75, P0
2026/07/31 19:34:03.149, 246.07, 250.00, 100, 1275, 1215, 75, P0
2026/07/31 19:34:03.349, 256.36, 250.00, 95, 1275, 1215, 75, P0
2026/07/31 19:34:03.550, 241.60, 250.00, 100, 1245, 1215, 75, P0
2026/07/31 19:34:03.750, 214.74, 250.00, 100, 1395, 1215, 72, P0
2026/07/31 19:34:03.951, 235.93, 250.00, 93, 1410, 1215, 72, P0
2026/07/31 19:34:04.151, 233.01, 250.00, 93, 1410, 1215, 72, P0
2026/07/31 19:34:04.352, 233.18, 250.00, 94, 1410, 1215, 72, P0
2026/07/31 19:34:04.552, 231.90, 250.00, 94, 1410, 1215, 72, P0
2026/07/31 19:34:04.753, 241.30, 250.00, 96, 1410, 1215, 71, P0
2026/07/31 19:34:04.953, 280.03, 250.00, 92, 1275, 1215, 75, P0
2026/07/31 19:34:05.154, 251.21, 250.00, 98, 1275, 1215, 75, P0
2026/07/31 19:34:05.354, 276.40, 250.00, 100, 1290, 1215, 75, P0
2026/07/31 19:34:05.555, 242.42, 250.00, 95, 1260, 1215, 75, P0
2026/07/31 19:34:05.755, 227.37, 250.00, 100, 1350, 1215, 73, P0
2026/07/31 19:34:05.956, 247.11, 250.00, 97, 1410, 1215, 72, P0
2026/07/31 19:34:06.156, 240.26, 250.00, 95, 1275, 1215, 75, P0
2026/07/31 19:34:06.357, 247.71, 250.00, 96, 1275, 1215, 75, P0
2026/07/31 19:34:06.557, 251.01, 250.00, 100, 1350, 1215, 75, P0
2026/07/31 19:34:06.758, 255.17, 250.00, 93, 1275, 1215, 76, P0
2026/07/31 19:34:06.958, 241.49, 250.00, 100, 1245, 1215, 76, P0
2026/07/31 19:34:07.159, 215.62, 250.00, 98, 1410, 1215, 73, P0
2026/07/31 19:34:07.359, 244.64, 250.00, 94, 1410, 1215, 72, P0
2026/07/31 19:34:07.560, 236.84, 250.00, 94, 1410, 1215, 72, P0
2026/07/31 19:34:07.760, 233.85, 250.00, 94, 1410, 1215, 72, P0
2026/07/31 19:34:07.961, 230.52, 250.00, 93, 1410, 1215, 72, P0
2026/07/31 19:34:08.161, 231.65, 250.00, 94, 1410, 1215, 72, P0
2026/07/31 19:34:08.362, 241.86, 250.00, 95, 1410, 1215, 72, P0
2026/07/31 19:34:08.563, 240.22, 250.00, 95, 1410, 1215, 72, P0
2026/07/31 19:34:08.763, 236.43, 250.00, 95, 1410, 1215, 72, P0
2026/07/31 19:34:08.964, 232.45, 250.00, 94, 1410, 1215, 72, P0
2026/07/31 19:34:09.164, 232.46, 250.00, 93, 1410, 1215, 72, P0
2026/07/31 19:34:09.365, 247.04, 250.00, 95, 1410, 1215, 72, P0
2026/07/31 19:34:09.565, 244.46, 250.00, 95, 1410, 1215, 72, P0
2026/07/31 19:34:09.766, 236.42, 250.00, 94, 1410, 1215, 72, P0
2026/07/31 19:34:09.967, 234.01, 250.00, 95, 1410, 1215, 72, P0
2026/07/31 19:34:10.167, 233.64, 250.00, 94, 1410, 1215, 72, P0
2026/07/31 19:34:10.368, 224.92, 250.00, 94, 1410, 1215, 72, P0
2026/07/31 19:34:10.568, 249.23, 250.00, 95, 1410, 1215, 72, P0
2026/07/31 19:34:10.769, 234.36, 250.00, 95, 1410, 1215, 72, P0
2026/07/31 19:34:10.969, 231.05, 250.00, 93, 1410, 1215, 72, P0
2026/07/31 19:34:11.170, 233.11, 250.00, 93, 1410, 1215, 72, P0
2026/07/31 19:34:11.370, 247.57, 250.00, 95, 1410, 1215, 72, P0
2026/07/31 19:34:11.571, 241.81, 250.00, 94, 1410, 1215, 72, P0
2026/07/31 19:34:11.772, 236.48, 250.00, 94, 1410, 1215, 72, P0
2026/07/31 19:34:11.972, 235.25, 250.00, 94, 1410, 1215, 72, P0
2026/07/31 19:34:12.173, 227.71, 250.00, 94, 1410, 1215, 73, P0
2026/07/31 19:34:12.373, 249.51, 250.00, 95, 1275, 1215, 75, P0
2026/07/31 19:34:12.573, 252.23, 250.00, 100, 1275, 1215, 76, P0
2026/07/31 19:34:12.774, 255.55, 250.00, 95, 1290, 1215, 76, P0
2026/07/31 19:34:12.974, 245.08, 250.00, 100, 1260, 1215, 76, P0
2026/07/31 19:34:13.175, 145.13, 250.00, 98, 1395, 1215, 73, P0
2026/07/31 19:34:13.375, 227.04, 250.00, 75, 1410, 1215, 72, P0
2026/07/31 19:34:13.576, 219.44, 250.00, 71, 1410, 1215, 71, P0
2026/07/31 19:34:13.777, 240.37, 250.00, 77, 1410, 1215, 71, P0
2026/07/31 19:34:13.977, 198.46, 250.00, 71, 1410, 1215, 71, P0
2026/07/31 19:34:14.178, 154.92, 250.00, 70, 1410, 1215, 70, P0
2026/07/31 19:34:14.378, 224.24, 250.00, 66, 1410, 1215, 70, P0
2026/07/31 19:34:14.579, 244.56, 250.00, 83, 1410, 1215, 71, P0
2026/07/31 19:34:14.779, 222.43, 250.00, 94, 1410, 1215, 71, P0
2026/07/31 19:34:14.980, 229.41, 250.00, 93, 1410, 1215, 72, P0
2026/07/31 19:34:15.180, 231.61, 250.00, 93, 1410, 1215, 72, P0
2026/07/31 19:34:15.381, 244.85, 250.00, 94, 1410, 1215, 72, P0
2026/07/31 19:34:15.582, 224.10, 250.00, 94, 1410, 1215, 72, P0
2026/07/31 19:34:15.782, 227.34, 250.00, 92, 1410, 1215, 72, P0
2026/07/31 19:34:15.983, 242.33, 250.00, 94, 1410, 1215, 72, P0
2026/07/31 19:34:16.183, 229.29, 250.00, 93, 1410, 1215, 72, P0
2026/07/31 19:34:16.384, 238.55, 250.00, 95, 1410, 1215, 72, P0
2026/07/31 19:34:16.584, 230.24, 250.00, 94, 1410, 1215, 72, P0
2026/07/31 19:34:16.785, 236.24, 250.00, 95, 1410, 1215, 72, P0
2026/07/31 19:34:16.986, 228.15, 250.00, 92, 1410, 1215, 72, P0
2026/07/31 19:34:17.186, 229.79, 250.00, 94, 1410, 1215, 72, P0
2026/07/31 19:34:17.387, 227.81, 250.00, 94, 1410, 1215, 72, P0
2026/07/31 19:34:17.587, 230.62, 250.00, 94, 1410, 1215, 72, P0
2026/07/31 19:34:17.788, 227.69, 250.00, 93, 1410, 1215, 72, P0
2026/07/31 19:34:17.988, 229.99, 250.00, 95, 1410, 1215, 72, P0
2026/07/31 19:34:18.189, 221.56, 250.00, 94, 1410, 1215, 72, P0
2026/07/31 19:34:18.389, 229.35, 250.00, 94, 1410, 1215, 72, P0
2026/07/31 19:34:18.591, 223.93, 250.00, 93, 1410, 1215, 72, P0
2026/07/31 19:34:18.795, 226.64, 250.00, 93, 1410, 1215, 72, P0
2026/07/31 19:34:18.996, 229.62, 250.00, 93, 1410, 1215, 72, P0
2026/07/31 19:34:19.197, 227.70, 250.00, 93, 1410, 1215, 72, P0
2026/07/31 19:34:19.398, 229.62, 250.00, 94, 1410, 1215, 72, P0
2026/07/31 19:34:19.599, 247.34, 250.00, 94, 1410, 1215, 72, P0
2026/07/31 19:34:19.800, 69.70, 250.00, 92, 1410, 1215, 68, P0
2026/07/31 19:34:20.000, 67.55, 250.00, 8, 1410, 1215, 67, P0
2026/07/31 19:34:20.201, 66.61, 250.00, 0, 1410, 1215, 66, P0
2026/07/31 19:34:20.401, 66.05, 250.00, 0, 1410, 1215, 66, P0
2026/07/31 19:34:20.601, 65.68, 250.00, 0, 1410, 1215, 65, P0
2026/07/31 19:34:20.802, 65.43, 250.00, 0, 1410, 1215, 65, P0
2026/07/31 19:34:21.002, 65.15, 250.00, 0, 1410, 1215, 65, P0
2026/07/31 19:34:21.202, 64.89, 250.00, 0, 1410, 1215, 64, P0
2026/07/31 19:34:21.403, 64.75, 250.00, 0, 1410, 1215, 64, P0
2026/07/31 19:34:21.603, 47.15, 250.00, 0, 1140, 1215, 64, P0
2026/07/31 19:34:21.804, 46.35, 250.00, 0, 1140, 1215, 63, P0
2026/07/31 19:34:22.004, 46.35, 250.00, 0, 1140, 1215, 63, P0
2026/07/31 19:34:22.205, 46.12, 250.00, 0, 1140, 1215, 63, P0
2026/07/31 19:34:22.405, 45.97, 250.00, 0, 1140, 1215, 62, P0
2026/07/31 19:34:22.605, 45.78, 250.00, 0, 1140, 1215, 62, P0
2026/07/31 19:34:22.806, 45.92, 250.00, 0, 1140, 1215, 62, P0
2026/07/31 19:34:23.006, 45.57, 250.00, 0, 1140, 1215, 62, P0
2026/07/31 19:34:23.207, 45.59, 250.00, 0, 1140, 1215, 62, P0
2026/07/31 19:34:23.407, 45.58, 250.00, 0, 1140, 1215, 62, P0
2026/07/31 19:34:23.608, 45.57, 250.00, 0, 1140, 1215, 62, P0
2026/07/31 19:34:23.808, 45.39, 250.00, 0, 1140, 1215, 61, P0
2026/07/31 19:34:24.008, 45.21, 250.00, 0, 1140, 1215, 61, P0
2026/07/31 19:34:24.209, 45.24, 250.00, 0, 1140, 1215, 61, P0
2026/07/31 19:34:24.409, 45.04, 250.00, 0, 1140, 1215, 61, P0
2026/07/31 19:34:24.609, 45.06, 250.00, 0, 1140, 1215, 61, P0
2026/07/31 19:34:24.810, 44.98, 250.00, 0, 1140, 1215, 61, P0
2026/07/31 19:34:25.010, 44.94, 250.00, 0, 1140, 1215, 61, P0
2026/07/31 19:34:25.211, 44.84, 250.00, 0, 1140, 1215, 61, P0
2026/07/31 19:34:25.411, 44.72, 250.00, 0, 1140, 1215, 61, P0
2026/07/31 19:34:25.612, 44.70, 250.00, 0, 1140, 1215, 60, P0
2026/07/31 19:34:25.812, 44.69, 250.00, 0, 1140, 1215, 60, P0
2026/07/31 19:34:26.012, 44.67, 250.00, 0, 1140, 1215, 60, P0
2026/07/31 19:34:26.213, 44.60, 250.00, 0, 1140, 1215, 60, P0
2026/07/31 19:34:26.413, 44.49, 250.00, 0, 1140, 1215, 60, P0
2026/07/31 19:34:26.614, 44.51, 250.00, 0, 1140, 1215, 60, P0
2026/07/31 19:34:26.814, 44.32, 250.00, 0, 1140, 1215, 60, P0
2026/07/31 19:34:27.014, 44.40, 250.00, 0, 1140, 1215, 60, P0
2026/07/31 19:34:27.215, 44.10, 250.00, 0, 1140, 1215, 60, P0
2026/07/31 19:34:27.415, 43.98, 250.00, 0, 1140, 1215, 60, P0
2026/07/31 19:34:27.616, 43.98, 250.00, 0, 1140, 1215, 59, P0
2026/07/31 19:34:27.816, 43.92, 250.00, 0, 1140, 1215, 59, P0
2026/07/31 19:34:28.017, 43.95, 250.00, 0, 1140, 1215, 59, P0
2026/07/31 19:34:28.217, 43.75, 250.00, 0, 1140, 1215, 59, P0
2026/07/31 19:34:28.417, 43.83, 250.00, 0, 1140, 1215, 59, P0
2026/07/31 19:34:28.618, 43.83, 250.00, 0, 1140, 1215, 59, P0
2026/07/31 19:34:28.818, 43.72, 250.00, 0, 1140, 1215, 59, P0
2026/07/31 19:34:29.019, 43.66, 250.00, 0, 1140, 1215, 59, P0
2026/07/31 19:34:29.219, 43.73, 250.00, 0, 1140, 1215, 59, P0
2026/07/31 19:34:29.419, 43.54, 250.00, 0, 1140, 1215, 59, P0
2026/07/31 19:34:29.620, 43.51, 250.00, 0, 1140, 1215, 59, P0
2026/07/31 19:34:29.820, 43.52, 250.00, 0, 1140, 1215, 59, P0
2026/07/31 19:34:30.021, 43.69, 250.00, 0, 1140, 1215, 58, P0
2026/07/31 19:34:30.221, 43.42, 250.00, 0, 1140, 1215, 58, P0
2026/07/31 19:34:30.421, 43.42, 250.00, 0, 1140, 1215, 58, P0
2026/07/31 19:34:30.622, 43.41, 250.00, 0, 1140, 1215, 58, P0
2026/07/31 19:34:30.822, 43.30, 250.00, 0, 1140, 1215, 58, P0
2026/07/31 19:34:31.023, 43.33, 250.00, 0, 1140, 1215, 58, P0
2026/07/31 19:34:31.223, 43.26, 250.00, 0, 1140, 1215, 58, P0
2026/07/31 19:34:31.423, 43.10, 250.00, 0, 1140, 1215, 58, P0
2026/07/31 19:34:31.624, 43.12, 250.00, 0, 1140, 1215, 58, P0
2026/07/31 19:34:31.824, 43.12, 250.00, 0, 1140, 1215, 58, P0
2026/07/31 19:34:32.025, 43.04, 250.00, 0, 1140, 1215, 58, P0
2026/07/31 19:34:32.225, 42.98, 250.00, 0, 1140, 1215, 58, P0
2026/07/31 19:34:32.425, 42.96, 250.00, 0, 1140, 1215, 58, P0
2026/07/31 19:34:32.626, 42.94, 250.00, 0, 1140, 1215, 57, P0
2026/07/31 19:34:32.826, 42.97, 250.00, 0, 1140, 1215, 57, P0
2026/07/31 19:34:33.027, 42.87, 250.00, 0, 1140, 1215, 57, P0
2026/07/31 19:34:33.227, 42.84, 250.00, 0, 1140, 1215, 57, P0
2026/07/31 19:34:33.427, 42.75, 250.00, 0, 1140, 1215, 57, P0
2026/07/31 19:34:33.628, 42.76, 250.00, 0, 1140, 1215, 57, P0
2026/07/31 19:34:33.828, 42.72, 250.00, 0, 1140, 1215, 57, P0
2026/07/31 19:34:34.028, 42.75, 250.00, 0, 1140, 1215, 57, P0
2026/07/31 19:34:34.229, 42.64, 250.00, 0, 1140, 1215, 57, P0
2026/07/31 19:34:34.429, 42.62, 250.00, 0, 1140, 1215, 57, P0
2026/07/31 19:34:34.630, 42.61, 250.00, 0, 1140, 1215, 57, P0
2026/07/31 19:34:34.830, 42.50, 250.00, 0, 1140, 1215, 57, P0
2026/07/31 19:34:35.034, 42.55, 250.00, 0, 1140, 1215, 57, P0
2026/07/31 19:34:35.234, 42.55, 250.00, 0, 1140, 1215, 57, P0
2026/07/31 19:34:35.435, 42.44, 250.00, 0, 1140, 1215, 56, P0
2026/07/31 19:34:35.635, 42.34, 250.00, 0, 1140, 1215, 56, P0
2026/07/31 19:34:35.836, 42.46, 250.00, 0, 1140, 1215, 56, P0
2026/07/31 19:34:36.036, 42.37, 250.00, 0, 1140, 1215, 56, P0
2026/07/31 19:34:36.237, 42.39, 250.00, 0, 1140, 1215, 56, P0
2026/07/31 19:34:36.437, 42.34, 250.00, 0, 1140, 1215, 56, P0
2026/07/31 19:34:36.637, 42.26, 250.00, 0, 1140, 1215, 56, P0
2026/07/31 19:34:36.838, 42.28, 250.00, 0, 1140, 1215, 56, P0
2026/07/31 19:34:37.038, 42.26, 250.00, 0, 1140, 1215, 56, P0
2026/07/31 19:34:37.239, 42.16, 250.00, 0, 1140, 1215, 56, P0
2026/07/31 19:34:37.439, 42.15, 250.00, 0, 1140, 1215, 56, P0
2026/07/31 19:34:37.640, 42.18, 250.00, 0, 1140, 1215, 56, P0
2026/07/31 19:34:37.840, 42.11, 250.00, 0, 1140, 1215, 56, P0
2026/07/31 19:34:38.040, 42.15, 250.00, 0, 1140, 1215, 56, P0
2026/07/31 19:34:38.241, 41.94, 250.00, 0, 1140, 1215, 56, P0
2026/07/31 19:34:38.441, 41.97, 250.00, 0, 1140, 1215, 56, P0
2026/07/31 19:34:38.641, 41.97, 250.00, 0, 1140, 1215, 55, P0
2026/07/31 19:34:38.842, 41.94, 250.00, 0, 1140, 1215, 55, P0
2026/07/31 19:34:39.042, 41.96, 250.00, 0, 1140, 1215, 55, P0
2026/07/31 19:34:39.243, 41.85, 250.00, 0, 1140, 1215, 55, P0
2026/07/31 19:34:39.443, 41.85, 250.00, 0, 1140, 1215, 55, P0
2026/07/31 19:34:39.643, 41.78, 250.00, 0, 1140, 1215, 55, P0
2026/07/31 19:34:39.844, 41.87, 250.00, 0, 1140, 1215, 55, P0
2026/07/31 19:34:40.044, 42.08, 250.00, 0, 1140, 1215, 55, P0
2026/07/31 19:34:40.245, 42.05, 250.00, 0, 1140, 1215, 55, P0
2026/07/31 19:34:40.445, 41.94, 250.00, 0, 1140, 1215, 55, P0
2026/07/31 19:34:40.645, 41.96, 250.00, 0, 1140, 1215, 55, P0
2026/07/31 19:34:40.846, 41.92, 250.00, 0, 1140, 1215, 55, P0
2026/07/31 19:34:41.046, 41.88, 250.00, 0, 1140, 1215, 55, P0
2026/07/31 19:34:41.247, 41.76, 250.00, 0, 1140, 1215, 55, P0
2026/07/31 19:34:41.447, 41.78, 250.00, 0, 1140, 1215, 55, P0
2026/07/31 19:34:41.647, 41.78, 250.00, 0, 1140, 1215, 55, P0
2026/07/31 19:34:41.848, 41.68, 250.00, 0, 1140, 1215, 54, P0
2026/07/31 19:34:42.048, 41.71, 250.00, 0, 1140, 1215, 54, P0
2026/07/31 19:34:42.248, 41.66, 250.00, 0, 1140, 1215, 54, P0
2026/07/31 19:34:42.449, 41.66, 250.00, 0, 1140, 1215, 54, P0
2026/07/31 19:34:42.649, 41.45, 250.00, 0, 1140, 1215, 54, P0
2026/07/31 19:34:42.850, 41.56, 250.00, 0, 1140, 1215, 54, P0
2026/07/31 19:34:43.050, 41.45, 250.00, 0, 1140, 1215, 54, P0
2026/07/31 19:34:43.250, 41.42, 250.00, 0, 1140, 1215, 54, P0
2026/07/31 19:34:43.451, 41.43, 250.00, 0, 1140, 1215, 54, P0
2026/07/31 19:34:43.651, 41.36, 250.00, 0, 1140, 1215, 54, P0
2026/07/31 19:34:43.852, 41.35, 250.00, 0, 1140, 1215, 54, P0
2026/07/31 19:34:44.052, 41.40, 250.00, 0, 1140, 1215, 54, P0
2026/07/31 19:34:44.252, 41.40, 250.00, 0, 1140, 1215, 54, P0
2026/07/31 19:34:44.453, 41.28, 250.00, 10, 1140, 1215, 54, P0
2026/07/31 19:34:44.653, 41.26, 250.00, 0, 1140, 1215, 54, P0
2026/07/31 19:34:44.854, 41.31, 250.00, 0, 1140, 1215, 54, P0
2026/07/31 19:34:45.054, 41.10, 250.00, 0, 1140, 1215, 54, P0
2026/07/31 19:34:45.255, 41.10, 250.00, 0, 1140, 1215, 54, P0
2026/07/31 19:34:45.455, 107.44, 250.00, 11, 1140, 1215, 56, P0
2026/07/31 19:34:45.655, 111.29, 250.00, 77, 1365, 1215, 59, P0
2026/07/31 19:34:45.856, 205.15, 250.00, 59, 1320, 1215, 62, P0
2026/07/31 19:34:46.056, 95.54, 250.00, 80, 1380, 1215, 64, P0
2026/07/31 19:34:46.257, 249.32, 250.00, 99, 1290, 1215, 64, P0
2026/07/31 19:34:46.458, 251.04, 250.00, 100, 1350, 1215, 64, P0
2026/07/31 19:34:46.658, 249.78, 250.00, 96, 1305, 1215, 65, P0
2026/07/31 19:34:46.859, 248.39, 250.00, 100, 1290, 1215, 65, P0
2026/07/31 19:34:47.059, 248.65, 250.00, 95, 1290, 1215, 66, P0
2026/07/31 19:34:47.260, 256.29, 250.00, 100, 1305, 1215, 66, P0
2026/07/31 19:34:47.460, 258.66, 250.00, 96, 1290, 1215, 66, P0
2026/07/31 19:34:47.661, 259.25, 250.00, 100, 1275, 1215, 67, P0
2026/07/31 19:34:47.864, 248.58, 250.00, 96, 1320, 1215, 67, P0
2026/07/31 19:34:48.065, 250.82, 250.00, 100, 1305, 1215, 67, P0
2026/07/31 19:34:48.266, 255.58, 250.00, 100, 1275, 1215, 67, P0
2026/07/31 19:34:48.466, 219.38, 250.00, 92, 1410, 1215, 64, P0
2026/07/31 19:34:48.667, 220.22, 250.00, 95, 1410, 1215, 63, P0
2026/07/31 19:34:48.868, 234.57, 250.00, 91, 1410, 1215, 63, P0
2026/07/31 19:34:49.068, 235.50, 250.00, 95, 1410, 1215, 63, P0
2026/07/31 19:34:49.269, 234.94, 250.00, 94, 1410, 1215, 63, P0
2026/07/31 19:34:49.469, 231.34, 250.00, 90, 1410, 1215, 63, P0
2026/07/31 19:34:49.670, 232.65, 250.00, 94, 1410, 1215, 63, P0
2026/07/31 19:34:49.870, 231.24, 250.00, 94, 1410, 1215, 63, P0
2026/07/31 19:34:50.071, 228.10, 250.00, 94, 1410, 1215, 63, P0
2026/07/31 19:34:50.272, 230.16, 250.00, 94, 1410, 1215, 63, P0
2026/07/31 19:34:50.472, 228.11, 250.00, 94, 1410, 1215, 63, P0
2026/07/31 19:34:50.673, 227.45, 250.00, 94, 1410, 1215, 63, P0
2026/07/31 19:34:50.873, 223.49, 250.00, 94, 1410, 1215, 63, P0
2026/07/31 19:34:51.074, 223.57, 250.00, 94, 1410, 1215, 63, P0
2026/07/31 19:34:51.274, 224.99, 250.00, 94, 1410, 1215, 63, P0
2026/07/31 19:34:51.475, 223.92, 250.00, 94, 1410, 1215, 63, P0
2026/07/31 19:34:51.676, 224.19, 250.00, 94, 1410, 1215, 64, P0
2026/07/31 19:34:51.876, 224.75, 250.00, 95, 1410, 1215, 64, P0
2026/07/31 19:34:52.077, 225.40, 250.00, 95, 1410, 1215, 64, P0
2026/07/31 19:34:52.277, 224.79, 250.00, 93, 1410, 1215, 64, P0
2026/07/31 19:34:52.478, 224.76, 250.00, 92, 1410, 1215, 64, P0
2026/07/31 19:34:52.679, 225.55, 250.00, 94, 1410, 1215, 64, P0
2026/07/31 19:34:52.879, 223.27, 250.00, 94, 1410, 1215, 64, P0
2026/07/31 19:34:53.080, 210.87, 250.00, 92, 1410, 1215, 64, P0
2026/07/31 19:34:53.280, 223.91, 250.00, 94, 1410, 1215, 64, P0
2026/07/31 19:34:53.481, 223.74, 250.00, 94, 1410, 1215, 64, P0
2026/07/31 19:34:53.681, 224.68, 250.00, 94, 1410, 1215, 64, P0
2026/07/31 19:34:53.882, 223.15, 250.00, 95, 1410, 1215, 64, P0
2026/07/31 19:34:54.083, 222.97, 250.00, 94, 1410, 1215, 64, P0
2026/07/31 19:34:54.283, 224.76, 250.00, 94, 1410, 1215, 64, P0
2026/07/31 19:34:54.484, 221.72, 250.00, 95, 1410, 1215, 64, P0
2026/07/31 19:34:54.684, 224.10, 250.00, 94, 1410, 1215, 64, P0
2026/07/31 19:34:54.885, 236.12, 250.00, 94, 1410, 1215, 64, P0
2026/07/31 19:34:55.085, 235.22, 250.00, 94, 1410, 1215, 64, P0
2026/07/31 19:34:55.286, 238.10, 250.00, 94, 1410, 1215, 64, P0
2026/07/31 19:34:55.486, 231.82, 250.00, 93, 1410, 1215, 64, P0
2026/07/31 19:34:55.687, 227.61, 250.00, 94, 1410, 1215, 64, P0
2026/07/31 19:34:55.887, 225.87, 250.00, 93, 1410, 1215, 65, P0
2026/07/31 19:34:56.088, 227.19, 250.00, 94, 1410, 1215, 65, P0
2026/07/31 19:34:56.288, 226.42, 250.00, 95, 1410, 1215, 65, P0
2026/07/31 19:34:56.489, 225.33, 250.00, 94, 1410, 1215, 65, P0
2026/07/31 19:34:56.690, 226.17, 250.00, 94, 1410, 1215, 65, P0
2026/07/31 19:34:56.892, 202.61, 250.00, 95, 1410, 1215, 65, P0
2026/07/31 19:34:57.092, 224.45, 250.00, 89, 1410, 1215, 65, P0
2026/07/31 19:34:57.293, 226.77, 250.00, 95, 1410, 1215, 65, P0
2026/07/31 19:34:57.493, 224.84, 250.00, 95, 1410, 1215, 65, P0
2026/07/31 19:34:57.694, 224.86, 250.00, 93, 1410, 1215, 65, P0
2026/07/31 19:34:57.895, 223.85, 250.00, 94, 1410, 1215, 65, P0
2026/07/31 19:34:58.095, 224.86, 250.00, 94, 1410, 1215, 65, P0
2026/07/31 19:34:58.296, 225.00, 250.00, 95, 1410, 1215, 65, P0
2026/07/31 19:34:58.496, 220.87, 250.00, 94, 1410, 1215, 65, P0
2026/07/31 19:34:58.697, 224.10, 250.00, 93, 1410, 1215, 65, P0
2026/07/31 19:34:58.897, 212.74, 250.00, 94, 1410, 1215, 65, P0
2026/07/31 19:34:59.098, 218.88, 250.00, 93, 1410, 1215, 65, P0
2026/07/31 19:34:59.298, 222.36, 250.00, 94, 1410, 1215, 65, P0
2026/07/31 19:34:59.499, 239.18, 250.00, 93, 1410, 1215, 65, P0
2026/07/31 19:34:59.699, 240.32, 250.00, 93, 1410, 1215, 65, P0
2026/07/31 19:34:59.900, 243.11, 250.00, 94, 1410, 1215, 65, P0
2026/07/31 19:35:00.100, 239.10, 250.00, 95, 1410, 1215, 65, P0
2026/07/31 19:35:00.302, 230.83, 250.00, 95, 1410, 1215, 65, P0
2026/07/31 19:35:00.505, 226.77, 250.00, 93, 1410, 1215, 66, P0
2026/07/31 19:35:00.707, 226.20, 250.00, 95, 1410, 1215, 66, P0
2026/07/31 19:35:00.908, 226.53, 250.00, 94, 1410, 1215, 66, P0
2026/07/31 19:35:01.109, 226.28, 250.00, 95, 1410, 1215, 66, P0
2026/07/31 19:35:01.310, 272.31, 250.00, 95, 1275, 1215, 68, P0
2026/07/31 19:35:01.510, 241.98, 250.00, 90, 1290, 1215, 69, P0
2026/07/31 19:35:01.711, 252.96, 250.00, 100, 1290, 1215, 70, P0
2026/07/31 19:35:01.920, 249.49, 250.00, 98, 1290, 1215, 70, P0
2026/07/31 19:35:02.121, 250.54, 250.00, 96, 1275, 1215, 70, P0
2026/07/31 19:35:02.321, 200.21, 250.00, 100, 1395, 1215, 68, P0
2026/07/31 19:35:02.525, 224.73, 250.00, 95, 1410, 1215, 67, P0
2026/07/31 19:35:02.725, 225.80, 250.00, 92, 1410, 1215, 66, P0
2026/07/31 19:35:02.926, 228.04, 250.00, 94, 1410, 1215, 66, P0
2026/07/31 19:35:03.126, 226.57, 250.00, 94, 1410, 1215, 66, P0
2026/07/31 19:35:03.327, 245.85, 250.00, 94, 1275, 1215, 69, P0
2026/07/31 19:35:03.527, 260.59, 250.00, 95, 1275, 1215, 70, P0
2026/07/31 19:35:03.735, 264.90, 250.00, 100, 1290, 1215, 70, P0
2026/07/31 19:35:03.935, 255.82, 250.00, 95, 1275, 1215, 71, P0
2026/07/31 19:35:04.136, 191.24, 250.00, 100, 1380, 1215, 68, P0
2026/07/31 19:35:04.337, 218.74, 250.00, 97, 1410, 1215, 67, P0
2026/07/31 19:35:04.542, 223.70, 250.00, 94, 1410, 1215, 67, P0
2026/07/31 19:35:04.743, 224.58, 250.00, 94, 1410, 1215, 67, P0
2026/07/31 19:35:04.943, 278.97, 250.00, 94, 1290, 1215, 69, P0
2026/07/31 19:35:05.144, 254.29, 250.00, 93, 1290, 1215, 70, P0
2026/07/31 19:35:05.345, 213.33, 250.00, 100, 1350, 1215, 70, P0
2026/07/31 19:35:05.547, 249.40, 250.00, 95, 1290, 1215, 71, P0
2026/07/31 19:35:05.748, 251.21, 250.00, 100, 1260, 1215, 71, P0
2026/07/31 19:35:05.949, 195.65, 250.00, 100, 1410, 1215, 69, P0
2026/07/31 19:35:06.154, 228.22, 250.00, 93, 1410, 1215, 67, P0
2026/07/31 19:35:06.354, 228.54, 250.00, 93, 1410, 1215, 67, P0
2026/07/31 19:35:06.555, 225.79, 250.00, 94, 1410, 1215, 67, P0
2026/07/31 19:35:06.755, 227.24, 250.00, 94, 1410, 1215, 67, P0
2026/07/31 19:35:06.956, 227.76, 250.00, 94, 1410, 1215, 67, P0
2026/07/31 19:35:07.156, 227.48, 250.00, 93, 1410, 1215, 67, P0
2026/07/31 19:35:07.357, 227.01, 250.00, 94, 1410, 1215, 67, P0
2026/07/31 19:35:07.557, 227.46, 250.00, 93, 1410, 1215, 67, P0
2026/07/31 19:35:07.758, 227.47, 250.00, 93, 1410, 1215, 67, P0
2026/07/31 19:35:07.958, 227.55, 250.00, 94, 1410, 1215, 67, P0
2026/07/31 19:35:08.159, 224.54, 250.00, 94, 1410, 1215, 67, P0
2026/07/31 19:35:08.359, 228.47, 250.00, 94, 1410, 1215, 67, P0
2026/07/31 19:35:08.560, 229.16, 250.00, 95, 1410, 1215, 67, P0
2026/07/31 19:35:08.760, 227.70, 250.00, 95, 1410, 1215, 67, P0
2026/07/31 19:35:08.961, 228.54, 250.00, 95, 1410, 1215, 67, P0
2026/07/31 19:35:09.161, 229.79, 250.00, 95, 1410, 1215, 67, P0
2026/07/31 19:35:09.362, 228.25, 250.00, 95, 1410, 1215, 67, P0
2026/07/31 19:35:09.563, 222.88, 250.00, 94, 1410, 1215, 67, P0
2026/07/31 19:35:09.763, 222.33, 250.00, 94, 1410, 1215, 67, P0
2026/07/31 19:35:09.964, 227.86, 250.00, 93, 1410, 1215, 67, P0
2026/07/31 19:35:10.164, 225.41, 250.00, 94, 1410, 1215, 67, P0
2026/07/31 19:35:10.365, 221.45, 250.00, 94, 1410, 1215, 67, P0
2026/07/31 19:35:10.565, 240.12, 250.00, 93, 1410, 1215, 67, P0
2026/07/31 19:35:10.766, 239.78, 250.00, 93, 1410, 1215, 67, P0
2026/07/31 19:35:10.967, 234.90, 250.00, 94, 1410, 1215, 68, P0
2026/07/31 19:35:11.167, 234.71, 250.00, 93, 1410, 1215, 68, P0
2026/07/31 19:35:11.368, 234.54, 250.00, 94, 1410, 1215, 68, P0
2026/07/31 19:35:11.568, 239.65, 250.00, 95, 1410, 1215, 68, P0
2026/07/31 19:35:11.769, 240.51, 250.00, 95, 1410, 1215, 68, P0
2026/07/31 19:35:11.969, 241.49, 250.00, 94, 1410, 1215, 68, P0
2026/07/31 19:35:12.170, 237.20, 250.00, 94, 1410, 1215, 68, P0
2026/07/31 19:35:12.371, 241.49, 250.00, 94, 1410, 1215, 68, P0
2026/07/31 19:35:12.571, 247.72, 250.00, 95, 1410, 1215, 68, P0
2026/07/31 19:35:12.772, 239.26, 250.00, 95, 1410, 1215, 68, P0
2026/07/31 19:35:12.972, 230.28, 250.00, 95, 1410, 1215, 68, P0
2026/07/31 19:35:13.173, 227.90, 250.00, 95, 1410, 1215, 68, P0
2026/07/31 19:35:13.373, 235.24, 250.00, 95, 1410, 1215, 68, P0
2026/07/31 19:35:13.574, 238.03, 250.00, 91, 1410, 1215, 68, P0
2026/07/31 19:35:13.775, 242.91, 250.00, 93, 1410, 1215, 68, P0
2026/07/31 19:35:13.975, 235.66, 250.00, 95, 1410, 1215, 68, P0
2026/07/31 19:35:14.176, 237.28, 250.00, 93, 1410, 1215, 68, P0
2026/07/31 19:35:14.376, 229.78, 250.00, 94, 1410, 1215, 68, P0
2026/07/31 19:35:14.577, 229.83, 250.00, 94, 1410, 1215, 68, P0
2026/07/31 19:35:14.777, 229.44, 250.00, 94, 1410, 1215, 68, P0
2026/07/31 19:35:14.978, 228.40, 250.00, 94, 1410, 1215, 68, P0
2026/07/31 19:35:15.178, 230.08, 250.00, 94, 1410, 1215, 68, P0
2026/07/31 19:35:15.379, 230.93, 250.00, 94, 1410, 1215, 68, P0
2026/07/31 19:35:15.579, 230.34, 250.00, 95, 1410, 1215, 68, P0
2026/07/31 19:35:15.780, 230.64, 250.00, 95, 1410, 1215, 68, P0
2026/07/31 19:35:15.980, 227.49, 250.00, 95, 1410, 1215, 68, P0
2026/07/31 19:35:16.181, 230.38, 250.00, 94, 1410, 1215, 68, P0
2026/07/31 19:35:16.382, 229.85, 250.00, 95, 1410, 1215, 68, P0
2026/07/31 19:35:16.582, 230.18, 250.00, 94, 1410, 1215, 68, P0
2026/07/31 19:35:16.783, 228.83, 250.00, 95, 1410, 1215, 68, P0
2026/07/31 19:35:16.983, 230.16, 250.00, 94, 1410, 1215, 68, P0
2026/07/31 19:35:17.184, 230.83, 250.00, 95, 1410, 1215, 69, P0
2026/07/31 19:35:17.384, 229.82, 250.00, 95, 1410, 1215, 68, P0
2026/07/31 19:35:17.585, 229.53, 250.00, 94, 1410, 1215, 68, P0
2026/07/31 19:35:17.785, 245.23, 250.00, 93, 1275, 1215, 72, P0
2026/07/31 19:35:17.986, 259.09, 250.00, 100, 1290, 1215, 73, P0
2026/07/31 19:35:18.186, 265.79, 250.00, 100, 1290, 1215, 73, P0
2026/07/31 19:35:18.386, 247.40, 250.00, 94, 1275, 1215, 73, P0
2026/07/31 19:35:18.587, 196.36, 250.00, 100, 1380, 1215, 70, P0
2026/07/31 19:35:18.787, 227.35, 250.00, 96, 1410, 1215, 70, P0
2026/07/31 19:35:18.988, 227.86, 250.00, 94, 1410, 1215, 69, P0
2026/07/31 19:35:19.189, 228.22, 250.00, 94, 1410, 1215, 69, P0
2026/07/31 19:35:19.389, 220.47, 250.00, 94, 1410, 1215, 69, P0
2026/07/31 19:35:19.590, 227.37, 250.00, 94, 1410, 1215, 69, P0
2026/07/31 19:35:19.790, 228.03, 250.00, 94, 1410, 1215, 69, P0
2026/07/31 19:35:19.991, 225.79, 250.00, 94, 1410, 1215, 69, P0
2026/07/31 19:35:20.191, 225.35, 250.00, 94, 1410, 1215, 69, P0
2026/07/31 19:35:20.392, 243.57, 250.00, 93, 1290, 1215, 72, P0
2026/07/31 19:35:20.592, 252.83, 250.00, 100, 1290, 1215, 73, P0
2026/07/31 19:35:20.793, 257.43, 250.00, 98, 1290, 1215, 73, P0
2026/07/31 19:35:20.993, 259.51, 250.00, 97, 1290, 1215, 74, P0
2026/07/31 19:35:21.194, 214.98, 250.00, 100, 1395, 1215, 71, P0
2026/07/31 19:35:21.394, 240.10, 250.00, 94, 1410, 1215, 70, P0
2026/07/31 19:35:21.595, 238.03, 250.00, 93, 1410, 1215, 70, P0
2026/07/31 19:35:21.795, 241.92, 250.00, 94, 1410, 1215, 70, P0
2026/07/31 19:35:21.996, 242.39, 250.00, 94, 1410, 1215, 69, P0
2026/07/31 19:35:22.196, 242.22, 250.00, 94, 1410, 1215, 69, P0
2026/07/31 19:35:22.397, 260.30, 250.00, 93, 1275, 1215, 72, P0
2026/07/31 19:35:22.597, 254.03, 250.00, 97, 1290, 1215, 73, P0
2026/07/31 19:35:22.798, 274.68, 250.00, 100, 1320, 1215, 73, P0
2026/07/31 19:35:22.998, 248.41, 250.00, 94, 1290, 1215, 74, P0
2026/07/31 19:35:23.199, 235.07, 250.00, 100, 1245, 1215, 73, P0
2026/07/31 19:35:23.399, 229.74, 250.00, 97, 1410, 1215, 70, P0
2026/07/31 19:35:23.600, 231.41, 250.00, 94, 1410, 1215, 70, P0
2026/07/31 19:35:23.801, 226.53, 250.00, 95, 1410, 1215, 70, P0
2026/07/31 19:35:24.001, 230.71, 250.00, 95, 1410, 1215, 70, P0
2026/07/31 19:35:24.202, 229.93, 250.00, 94, 1410, 1215, 70, P0
2026/07/31 19:35:24.402, 231.09, 250.00, 94, 1410, 1215, 70, P0
2026/07/31 19:35:24.603, 231.20, 250.00, 94, 1410, 1215, 70, P0
2026/07/31 19:35:24.803, 227.69, 250.00, 94, 1410, 1215, 70, P0
2026/07/31 19:35:25.004, 230.26, 250.00, 95, 1410, 1215, 70, P0
2026/07/31 19:35:25.206, 223.59, 250.00, 95, 1410, 1215, 70, P0
2026/07/31 19:35:25.409, 227.42, 250.00, 93, 1410, 1215, 70, P0
2026/07/31 19:35:25.611, 230.60, 250.00, 92, 1410, 1215, 70, P0
2026/07/31 19:35:25.812, 230.11, 250.00, 94, 1410, 1215, 70, P0
2026/07/31 19:35:26.016, 229.25, 250.00, 93, 1410, 1215, 70, P0
2026/07/31 19:35:26.217, 226.41, 250.00, 94, 1410, 1215, 70, P0
2026/07/31 19:35:26.417, 228.75, 250.00, 93, 1410, 1215, 70, P0
2026/07/31 19:35:26.618, 226.52, 250.00, 94, 1410, 1215, 70, P0
2026/07/31 19:35:26.818, 227.54, 250.00, 94, 1410, 1215, 70, P0
2026/07/31 19:35:27.019, 229.16, 250.00, 94, 1410, 1215, 70, P0
2026/07/31 19:35:27.220, 230.91, 250.00, 95, 1410, 1215, 70, P0
2026/07/31 19:35:27.420, 230.30, 250.00, 95, 1410, 1215, 70, P0
2026/07/31 19:35:27.621, 232.23, 250.00, 95, 1410, 1215, 70, P0
2026/07/31 19:35:27.822, 228.11, 250.00, 95, 1410, 1215, 70, P0
2026/07/31 19:35:28.022, 229.80, 250.00, 93, 1410, 1215, 70, P0
2026/07/31 19:35:28.223, 230.62, 250.00, 95, 1410, 1215, 70, P0
2026/07/31 19:35:28.423, 226.40, 250.00, 94, 1410, 1215, 70, P0
2026/07/31 19:35:28.624, 231.43, 250.00, 94, 1410, 1215, 70, P0
2026/07/31 19:35:28.824, 230.04, 250.00, 95, 1410, 1215, 70, P0
2026/07/31 19:35:29.025, 229.61, 250.00, 94, 1410, 1215, 70, P0
2026/07/31 19:35:29.225, 227.44, 250.00, 94, 1410, 1215, 70, P0
2026/07/31 19:35:29.426, 228.81, 250.00, 93, 1410, 1215, 70, P0
2026/07/31 19:35:29.626, 229.52, 250.00, 94, 1410, 1215, 70, P0
2026/07/31 19:35:29.827, 224.65, 250.00, 94, 1410, 1215, 70, P0
2026/07/31 19:35:30.028, 228.48, 250.00, 94, 1410, 1215, 70, P0
2026/07/31 19:35:30.228, 227.59, 250.00, 94, 1410, 1215, 70, P0
2026/07/31 19:35:30.429, 226.23, 250.00, 94, 1410, 1215, 70, P0
2026/07/31 19:35:30.629, 226.33, 250.00, 93, 1410, 1215, 70, P0
2026/07/31 19:35:30.830, 227.99, 250.00, 94, 1410, 1215, 70, P0
2026/07/31 19:35:31.030, 229.33, 250.00, 94, 1410, 1215, 70, P0
2026/07/31 19:35:31.231, 229.72, 250.00, 95, 1410, 1215, 70, P0
2026/07/31 19:35:31.431, 227.49, 250.00, 95, 1410, 1215, 70, P0
2026/07/31 19:35:31.632, 245.90, 250.00, 94, 1410, 1215, 70, P0
2026/07/31 19:35:31.833, 245.09, 250.00, 91, 1410, 1215, 70, P0
2026/07/31 19:35:32.033, 243.49, 250.00, 94, 1410, 1215, 70, P0
2026/07/31 19:35:32.234, 243.99, 250.00, 95, 1410, 1215, 70, P0
2026/07/31 19:35:32.434, 239.57, 250.00, 92, 1410, 1215, 70, P0
2026/07/31 19:35:32.635, 240.80, 250.00, 94, 1410, 1215, 70, P0
2026/07/31 19:35:32.835, 242.09, 250.00, 95, 1410, 1215, 70, P0
2026/07/31 19:35:33.036, 240.61, 250.00, 95, 1410, 1215, 70, P0
2026/07/31 19:35:33.236, 239.79, 250.00, 94, 1410, 1215, 70, P0
2026/07/31 19:35:33.437, 236.52, 250.00, 93, 1410, 1215, 70, P0
2026/07/31 19:35:33.637, 232.84, 250.00, 94, 1410, 1215, 70, P0
2026/07/31 19:35:33.838, 231.36, 250.00, 94, 1410, 1215, 70, P0
2026/07/31 19:35:34.039, 231.27, 250.00, 93, 1410, 1215, 70, P0
2026/07/31 19:35:34.239, 231.65, 250.00, 93, 1410, 1215, 70, P0
2026/07/31 19:35:34.440, 232.32, 250.00, 94, 1410, 1215, 70, P0
2026/07/31 19:35:34.640, 230.03, 250.00, 93, 1410, 1215, 70, P0
2026/07/31 19:35:34.841, 230.52, 250.00, 94, 1410, 1215, 71, P0
2026/07/31 19:35:35.041, 231.25, 250.00, 94, 1410, 1215, 71, P0
2026/07/31 19:35:35.242, 270.48, 250.00, 94, 1275, 1215, 73, P0
2026/07/31 19:35:35.442, 247.85, 250.00, 97, 1275, 1215, 74, P0
2026/07/31 19:35:35.643, 218.64, 250.00, 100, 1305, 1215, 74, P0
2026/07/31 19:35:35.843, 253.52, 250.00, 94, 1275, 1215, 75, P0
2026/07/31 19:35:36.044, 234.98, 250.00, 100, 1245, 1215, 74, P0
2026/07/31 19:35:36.245, 223.90, 250.00, 98, 1410, 1215, 72, P0
2026/07/31 19:35:36.445, 241.38, 250.00, 95, 1410, 1215, 71, P0
2026/07/31 19:35:36.646, 242.04, 250.00, 94, 1410, 1215, 71, P0
2026/07/31 19:35:36.846, 241.21, 250.00, 95, 1410, 1215, 71, P0
2026/07/31 19:35:37.047, 237.76, 250.00, 95, 1365, 1215, 71, P0
2026/07/31 19:35:37.247, 247.66, 250.00, 95, 1275, 1215, 74, P0
2026/07/31 19:35:37.448, 246.35, 250.00, 100, 1275, 1215, 75, P0
2026/07/31 19:35:37.648, 250.21, 250.00, 95, 1290, 1215, 75, P0
2026/07/31 19:35:37.849, 236.47, 250.00, 100, 1260, 1215, 75, P0
2026/07/31 19:35:38.049, 221.32, 250.00, 99, 1395, 1215, 72, P0
2026/07/31 19:35:38.250, 232.21, 250.00, 94, 1410, 1215, 72, P0
2026/07/31 19:35:38.450, 229.90, 250.00, 94, 1410, 1215, 71, P0
2026/07/31 19:35:38.651, 230.89, 250.00, 94, 1410, 1215, 71, P0
2026/07/31 19:35:38.851, 227.70, 250.00, 94, 1410, 1215, 71, P0
2026/07/31 19:35:39.052, 228.15, 250.00, 94, 1410, 1215, 71, P0
2026/07/31 19:35:39.252, 245.91, 250.00, 95, 1275, 1215, 74, P0
2026/07/31 19:35:39.453, 257.35, 250.00, 100, 1290, 1215, 75, P0
2026/07/31 19:35:39.653, 250.90, 250.00, 96, 1275, 1215, 75, P0
2026/07/31 19:35:39.853, 248.71, 250.00, 100, 1245, 1215, 75, P0
2026/07/31 19:35:40.054, 240.94, 250.00, 100, 1380, 1215, 73, P0
2026/07/31 19:35:40.254, 227.85, 250.00, 94, 1410, 1215, 72, P0
2026/07/31 19:35:40.455, 230.95, 250.00, 95, 1410, 1215, 72, P0
2026/07/31 19:35:40.655, 231.65, 250.00, 95, 1410, 1215, 72, P0
2026/07/31 19:35:40.856, 225.34, 250.00, 94, 1410, 1215, 71, P0
2026/07/31 19:35:41.056, 229.98, 250.00, 93, 1410, 1215, 71, P0
2026/07/31 19:35:41.257, 231.50, 250.00, 94, 1410, 1215, 72, P0
2026/07/31 19:35:41.458, 230.32, 250.00, 94, 1410, 1215, 71, P0
2026/07/31 19:35:41.658, 231.98, 250.00, 93, 1410, 1215, 71, P0
2026/07/31 19:35:41.859, 226.21, 250.00, 94, 1410, 1215, 71, P0
2026/07/31 19:35:42.059, 228.99, 250.00, 94, 1410, 1215, 71, P0
2026/07/31 19:35:42.260, 229.66, 250.00, 94, 1410, 1215, 71, P0
2026/07/31 19:35:42.460, 229.87, 250.00, 94, 1410, 1215, 71, P0
2026/07/31 19:35:42.661, 232.32, 250.00, 94, 1410, 1215, 71, P0
2026/07/31 19:35:42.861, 232.66, 250.00, 95, 1410, 1215, 71, P0
2026/07/31 19:35:43.062, 232.29, 250.00, 95, 1410, 1215, 71, P0
2026/07/31 19:35:43.262, 232.44, 250.00, 95, 1410, 1215, 72, P0
2026/07/31 19:35:43.463, 232.49, 250.00, 95, 1410, 1215, 72, P0
2026/07/31 19:35:43.663, 234.21, 250.00, 95, 1410, 1215, 72, P0
2026/07/31 19:35:43.864, 232.96, 250.00, 95, 1410, 1215, 72, P0
2026/07/31 19:35:44.064, 232.53, 250.00, 94, 1410, 1215, 72, P0
2026/07/31 19:35:44.265, 233.75, 250.00, 95, 1410, 1215, 72, P0
2026/07/31 19:35:44.465, 235.19, 250.00, 95, 1410, 1215, 72, P0
2026/07/31 19:35:44.666, 234.52, 250.00, 95, 1410, 1215, 72, P0
2026/07/31 19:35:44.866, 232.09, 250.00, 94, 1410, 1215, 72, P0
2026/07/31 19:35:45.067, 232.38, 250.00, 93, 1410, 1215, 72, P0
2026/07/31 19:35:45.267, 232.66, 250.00, 94, 1410, 1215, 72, P0
2026/07/31 19:35:45.468, 233.56, 250.00, 94, 1410, 1215, 72, P0
2026/07/31 19:35:45.668, 233.14, 250.00, 95, 1410, 1215, 72, P0
2026/07/31 19:35:45.869, 231.87, 250.00, 94, 1410, 1215, 72, P0
2026/07/31 19:35:46.069, 232.55, 250.00, 94, 1410, 1215, 72, P0
2026/07/31 19:35:46.270, 232.07, 250.00, 94, 1410, 1215, 72, P0
2026/07/31 19:35:46.470, 232.41, 250.00, 93, 1410, 1215, 72, P0
2026/07/31 19:35:46.671, 232.70, 250.00, 94, 1410, 1215, 72, P0
2026/07/31 19:35:46.872, 233.55, 250.00, 95, 1410, 1215, 72, P0
2026/07/31 19:35:47.072, 232.97, 250.00, 94, 1410, 1215, 72, P0
2026/07/31 19:35:47.273, 226.22, 250.00, 93, 1410, 1215, 72, P0
2026/07/31 19:35:47.473, 234.86, 250.00, 95, 1410, 1215, 72, P0
2026/07/31 19:35:47.674, 232.98, 250.00, 94, 1410, 1215, 72, P0
2026/07/31 19:35:47.874, 233.19, 250.00, 95, 1410, 1215, 72, P0
2026/07/31 19:35:48.075, 233.00, 250.00, 94, 1410, 1215, 72, P0
2026/07/31 19:35:48.275, 234.06, 250.00, 95, 1410, 1215, 72, P0
2026/07/31 19:35:48.476, 233.38, 250.00, 95, 1410, 1215, 72, P0
2026/07/31 19:35:48.676, 230.01, 250.00, 93, 1410, 1215, 72, P0
2026/07/31 19:35:48.877, 230.17, 250.00, 93, 1410, 1215, 72, P0
2026/07/31 19:35:49.078, 231.68, 250.00, 94, 1410, 1215, 72, P0
2026/07/31 19:35:49.278, 229.27, 250.00, 94, 1410, 1215, 72, P0
2026/07/31 19:35:49.479, 230.78, 250.00, 93, 1410, 1215, 72, P0
2026/07/31 19:35:49.679, 226.99, 250.00, 92, 1410, 1215, 72, P0
2026/07/31 19:35:49.880, 230.18, 250.00, 94, 1410, 1215, 72, P0
2026/07/31 19:35:50.080, 224.60, 250.00, 94, 1410, 1215, 72, P0
2026/07/31 19:35:50.281, 249.90, 250.00, 93, 1410, 1215, 72, P0
2026/07/31 19:35:50.481, 246.50, 250.00, 94, 1410, 1215, 72, P0
2026/07/31 19:35:50.682, 245.00, 250.00, 93, 1410, 1215, 72, P0
2026/07/31 19:35:50.883, 241.62, 250.00, 95, 1410, 1215, 72, P0
2026/07/31 19:35:51.083, 239.39, 250.00, 95, 1410, 1215, 72, P0
2026/07/31 19:35:51.284, 248.68, 250.00, 94, 1410, 1215, 72, P0
2026/07/31 19:35:51.484, 248.75, 250.00, 96, 1275, 1215, 75, P0
2026/07/31 19:35:51.684, 263.07, 250.00, 100, 1275, 1215, 76, P0
2026/07/31 19:35:51.885, 251.20, 250.00, 95, 1275, 1215, 76, P0
2026/07/31 19:35:52.085, 247.97, 250.00, 100, 1260, 1215, 76, P0
2026/07/31 19:35:52.286, 197.54, 250.00, 98, 1335, 1215, 74, P0
2026/07/31 19:35:52.486, 231.18, 250.00, 93, 1410, 1215, 73, P0
2026/07/31 19:35:52.687, 234.06, 250.00, 93, 1410, 1215, 73, P0
2026/07/31 19:35:52.888, 235.90, 250.00, 94, 1410, 1215, 73, P0
2026/07/31 19:35:53.088, 233.29, 250.00, 94, 1410, 1215, 73, P0
2026/07/31 19:35:53.289, 234.12, 250.00, 93, 1410, 1215, 73, P0
2026/07/31 19:35:53.489, 226.00, 250.00, 93, 1410, 1215, 72, P0
2026/07/31 19:35:53.690, 217.79, 250.00, 92, 1395, 1215, 74, P0
2026/07/31 19:35:53.890, 246.03, 250.00, 100, 1275, 1215, 76, P0
2026/07/31 19:35:54.091, 255.83, 250.00, 100, 1275, 1215, 76, P0
2026/07/31 19:35:54.291, 252.77, 250.00, 95, 1275, 1215, 77, P0
2026/07/31 19:35:54.492, 233.52, 250.00, 100, 1245, 1215, 76, P0
2026/07/31 19:35:54.692, 227.87, 250.00, 96, 1395, 1215, 74, P0
2026/07/31 19:35:54.893, 247.26, 250.00, 97, 1260, 1215, 76, P0
2026/07/31 19:35:55.093, 254.55, 250.00, 100, 1275, 1215, 76, P0
2026/07/31 19:35:55.294, 197.09, 250.00, 100, 1275, 1215, 77, P0
2026/07/31 19:35:55.494, 256.11, 250.00, 96, 1275, 1215, 77, P0
2026/07/31 19:35:55.695, 235.00, 250.00, 100, 1350, 1215, 75, P0
2026/07/31 19:35:55.895, 228.43, 250.00, 98, 1410, 1215, 74, P0
2026/07/31 19:35:56.096, 238.96, 250.00, 95, 1410, 1215, 73, P0
2026/07/31 19:35:56.296, 237.55, 250.00, 95, 1410, 1215, 73, P0
2026/07/31 19:35:56.497, 236.98, 250.00, 94, 1410, 1215, 73, P0
2026/07/31 19:35:56.697, 232.63, 250.00, 94, 1410, 1215, 73, P0
2026/07/31 19:35:56.898, 237.46, 250.00, 93, 1410, 1215, 73, P0
2026/07/31 19:35:57.098, 237.63, 250.00, 95, 1410, 1215, 73, P0
2026/07/31 19:35:57.299, 237.36, 250.00, 94, 1410, 1215, 73, P0
2026/07/31 19:35:57.500, 236.82, 250.00, 94, 1410, 1215, 73, P0
2026/07/31 19:35:57.700, 237.82, 250.00, 94, 1410, 1215, 73, P0
2026/07/31 19:35:57.901, 236.43, 250.00, 94, 1410, 1215, 73, P0
2026/07/31 19:35:58.102, 236.85, 250.00, 93, 1410, 1215, 73, P0
2026/07/31 19:35:58.302, 236.77, 250.00, 94, 1410, 1215, 73, P0
2026/07/31 19:35:58.503, 238.39, 250.00, 95, 1410, 1215, 73, P0
2026/07/31 19:35:58.703, 237.26, 250.00, 94, 1410, 1215, 73, P0
2026/07/31 19:35:58.904, 236.58, 250.00, 94, 1410, 1215, 73, P0
2026/07/31 19:35:59.104, 238.99, 250.00, 94, 1410, 1215, 73, P0
2026/07/31 19:35:59.305, 238.19, 250.00, 95, 1410, 1215, 73, P0
2026/07/31 19:35:59.505, 237.88, 250.00, 95, 1410, 1215, 73, P0
2026/07/31 19:35:59.706, 235.96, 250.00, 94, 1410, 1215, 73, P0
2026/07/31 19:35:59.906, 239.15, 250.00, 94, 1410, 1215, 73, P0
2026/07/31 19:36:00.107, 238.23, 250.00, 95, 1410, 1215, 73, P0
2026/07/31 19:36:00.307, 237.37, 250.00, 95, 1410, 1215, 73, P0
2026/07/31 19:36:00.508, 238.14, 250.00, 94, 1410, 1215, 73, P0
2026/07/31 19:36:00.708, 237.76, 250.00, 94, 1410, 1215, 73, P0
2026/07/31 19:36:00.909, 237.09, 250.00, 95, 1410, 1215, 73, P0
2026/07/31 19:36:01.111, 238.80, 250.00, 94, 1410, 1215, 73, P0
2026/07/31 19:36:01.314, 233.03, 250.00, 94, 1410, 1215, 73, P0
2026/07/31 19:36:01.515, 245.07, 250.00, 94, 1410, 1215, 73, P0
2026/07/31 19:36:01.717, 254.23, 250.00, 93, 1410, 1215, 73, P0
2026/07/31 19:36:01.917, 250.38, 250.00, 94, 1410, 1215, 73, P0
2026/07/31 19:36:02.118, 253.12, 250.00, 94, 1410, 1215, 73, P0
2026/07/31 19:36:02.318, 252.28, 250.00, 95, 1410, 1215, 73, P0
2026/07/31 19:36:02.519, 250.65, 250.00, 95, 1410, 1215, 73, P0
2026/07/31 19:36:02.719, 248.52, 250.00, 94, 1410, 1215, 73, P0
2026/07/31 19:36:02.920, 245.83, 250.00, 94, 1410, 1215, 73, P0
2026/07/31 19:36:03.120, 245.70, 250.00, 93, 1410, 1215, 73, P0
2026/07/31 19:36:03.321, 244.20, 250.00, 95, 1410, 1215, 73, P0
2026/07/31 19:36:03.521, 243.21, 250.00, 95, 1410, 1215, 73, P0
2026/07/31 19:36:03.722, 243.16, 250.00, 94, 1410, 1215, 73, P0
2026/07/31 19:36:03.922, 244.66, 250.00, 95, 1410, 1215, 73, P0
2026/07/31 19:36:04.123, 243.58, 250.00, 95, 1410, 1215, 73, P0
2026/07/31 19:36:04.323, 249.26, 250.00, 94, 1410, 1215, 73, P0
2026/07/31 19:36:04.524, 231.16, 250.00, 94, 1260, 1215, 74, P0
2026/07/31 19:36:04.748, 256.13, 250.00, 93, 1275, 1215, 77, P0
2026/07/31 19:36:04.948, 279.35, 250.00, 100, 1260, 1215, 77, P0
2026/07/31 19:36:05.149, 256.87, 250.00, 95, 1275, 1215, 77, P0
2026/07/31 19:36:05.349, 230.79, 250.00, 100, 1275, 1215, 76, P0
2026/07/31 19:36:05.550, 221.95, 250.00, 100, 1410, 1215, 74, P0
2026/07/31 19:36:05.751, 231.49, 250.00, 93, 1410, 1215, 74, P0
2026/07/31 19:36:05.951, 238.77, 250.00, 93, 1410, 1215, 74, P0
2026/07/31 19:36:06.152, 236.25, 250.00, 94, 1410, 1215, 74, P0
2026/07/31 19:36:06.353, 237.82, 250.00, 95, 1410, 1215, 74, P0
2026/07/31 19:36:06.553, 235.49, 250.00, 95, 1410, 1215, 74, P0
2026/07/31 19:36:06.754, 235.97, 250.00, 95, 1410, 1215, 74, P0
2026/07/31 19:36:06.954, 241.85, 250.00, 93, 1410, 1215, 74, P0
2026/07/31 19:36:07.155, 245.24, 250.00, 95, 1410, 1215, 73, P0
2026/07/31 19:36:07.355, 245.93, 250.00, 92, 1410, 1215, 74, P0
2026/07/31 19:36:07.556, 249.97, 250.00, 94, 1410, 1215, 74, P0
2026/07/31 19:36:07.756, 236.38, 250.00, 94, 1410, 1215, 73, P0
2026/07/31 19:36:07.957, 240.77, 250.00, 92, 1410, 1215, 74, P0
2026/07/31 19:36:08.158, 238.62, 250.00, 94, 1410, 1215, 74, P0
2026/07/31 19:36:08.358, 239.27, 250.00, 94, 1410, 1215, 74, P0
2026/07/31 19:36:08.559, 239.49, 250.00, 94, 1410, 1215, 74, P0
2026/07/31 19:36:08.759, 237.15, 250.00, 94, 1410, 1215, 74, P0
2026/07/31 19:36:08.960, 238.46, 250.00, 93, 1410, 1215, 74, P0
2026/07/31 19:36:09.161, 236.76, 250.00, 94, 1410, 1215, 74, P0
2026/07/31 19:36:09.361, 238.62, 250.00, 94, 1410, 1215, 74, P0
2026/07/31 19:36:09.562, 237.95, 250.00, 94, 1410, 1215, 74, P0
2026/07/31 19:36:09.762, 237.68, 250.00, 94, 1410, 1215, 74, P0
2026/07/31 19:36:09.963, 238.76, 250.00, 94, 1410, 1215, 74, P0
2026/07/31 19:36:10.163, 234.51, 250.00, 94, 1410, 1215, 74, P0
2026/07/31 19:36:10.364, 255.30, 250.00, 95, 1260, 1215, 76, P0
2026/07/31 19:36:10.570, 251.65, 250.00, 98, 1275, 1215, 77, P0
2026/07/31 19:36:10.771, 273.51, 250.00, 100, 1275, 1215, 78, P0
2026/07/31 19:36:10.971, 243.92, 250.00, 95, 1245, 1215, 77, P0
2026/07/31 19:36:11.172, 244.12, 250.00, 100, 1275, 1215, 78, P0
2026/07/31 19:36:11.373, 252.51, 250.00, 95, 1275, 1215, 78, P0
2026/07/31 19:36:11.573, 250.36, 250.00, 100, 1290, 1215, 77, P0
2026/07/31 19:36:11.773, 253.24, 250.00, 95, 1275, 1215, 78, P0
2026/07/31 19:36:11.974, 248.71, 250.00, 100, 1245, 1215, 78, P0
2026/07/31 19:36:12.174, 214.15, 250.00, 100, 1395, 1215, 75, P0
2026/07/31 19:36:12.375, 241.60, 250.00, 94, 1410, 1215, 75, P0
2026/07/31 19:36:12.576, 239.84, 250.00, 94, 1410, 1215, 74, P0
2026/07/31 19:36:12.776, 236.51, 250.00, 94, 1410, 1215, 74, P0
2026/07/31 19:36:12.977, 238.99, 250.00, 94, 1410, 1215, 74, P0
2026/07/31 19:36:13.177, 239.28, 250.00, 94, 1410, 1215, 74, P0
2026/07/31 19:36:13.378, 236.71, 250.00, 94, 1410, 1215, 74, P0
2026/07/31 19:36:13.578, 234.20, 250.00, 94, 1410, 1215, 74, P0
2026/07/31 19:36:13.779, 235.79, 250.00, 93, 1410, 1215, 74, P0
2026/07/31 19:36:13.980, 237.64, 250.00, 94, 1410, 1215, 74, P0
2026/07/31 19:36:14.180, 239.42, 250.00, 94, 1410, 1215, 74, P0
2026/07/31 19:36:14.381, 239.70, 250.00, 95, 1410, 1215, 74, P0
2026/07/31 19:36:14.581, 238.31, 250.00, 95, 1410, 1215, 74, P0
2026/07/31 19:36:14.782, 237.85, 250.00, 94, 1410, 1215, 74, P0
2026/07/31 19:36:14.982, 237.81, 250.00, 94, 1410, 1215, 74, P0
2026/07/31 19:36:15.183, 238.66, 250.00, 94, 1410, 1215, 74, P0
2026/07/31 19:36:15.384, 239.65, 250.00, 95, 1410, 1215, 74, P0
2026/07/31 19:36:15.584, 239.63, 250.00, 95, 1410, 1215, 74, P0
2026/07/31 19:36:15.784, 239.60, 250.00, 94, 1410, 1215, 74, P0
2026/07/31 19:36:15.985, 236.90, 250.00, 94, 1410, 1215, 74, P0
2026/07/31 19:36:16.186, 236.16, 250.00, 94, 1410, 1215, 74, P0
2026/07/31 19:36:16.386, 238.84, 250.00, 93, 1410, 1215, 74, P0
2026/07/31 19:36:16.587, 232.68, 250.00, 94, 1410, 1215, 74, P0
2026/07/31 19:36:16.787, 235.14, 250.00, 93, 1410, 1215, 74, P0
2026/07/31 19:36:16.988, 231.56, 250.00, 93, 1410, 1215, 74, P0
2026/07/31 19:36:17.188, 235.02, 250.00, 93, 1410, 1215, 74, P0
2026/07/31 19:36:17.389, 231.30, 250.00, 94, 1410, 1215, 74, P0
2026/07/31 19:36:17.589, 233.69, 250.00, 94, 1410, 1215, 74, P0
2026/07/31 19:36:17.790, 235.30, 250.00, 94, 1410, 1215, 74, P0
2026/07/31 19:36:17.990, 237.31, 250.00, 94, 1410, 1215, 74, P0
2026/07/31 19:36:18.191, 236.64, 250.00, 95, 1410, 1215, 74, P0
2026/07/31 19:36:18.391, 234.55, 250.00, 95, 1410, 1215, 74, P0
2026/07/31 19:36:18.592, 234.57, 250.00, 94, 1410, 1215, 74, P0
2026/07/31 19:36:18.792, 236.99, 250.00, 94, 1410, 1215, 74, P0
2026/07/31 19:36:18.993, 236.25, 250.00, 94, 1410, 1215, 74, P0
2026/07/31 19:36:19.193, 237.03, 250.00, 94, 1410, 1215, 74, P0
2026/07/31 19:36:19.394, 230.63, 250.00, 95, 1410, 1215, 74, P0
2026/07/31 19:36:19.594, 236.03, 250.00, 95, 1410, 1215, 74, P0
2026/07/31 19:36:19.795, 231.41, 250.00, 94, 1410, 1215, 74, P0
2026/07/31 19:36:19.996, 233.05, 250.00, 92, 1410, 1215, 74, P0
2026/07/31 19:36:20.196, 249.68, 250.00, 94, 1410, 1215, 74, P0
2026/07/31 19:36:20.397, 249.58, 250.00, 94, 1410, 1215, 74, P0
2026/07/31 19:36:20.597, 257.27, 250.00, 94, 1410, 1215, 74, P0
2026/07/31 19:36:20.798, 251.72, 250.00, 94, 1410, 1215, 74, P0
2026/07/31 19:36:20.998, 251.43, 250.00, 94, 1410, 1215, 74, P0
2026/07/31 19:36:21.199, 245.48, 250.00, 94, 1410, 1215, 74, P0
2026/07/31 19:36:21.399, 245.75, 250.00, 94, 1410, 1215, 74, P0
2026/07/31 19:36:21.600, 227.15, 250.00, 94, 1350, 1215, 76, P0
2026/07/31 19:36:21.800, 254.86, 250.00, 96, 1275, 1215, 78, P0
2026/07/31 19:36:22.001, 245.41, 250.00, 100, 1260, 1215, 78, P0
2026/07/31 19:36:22.201, 236.06, 250.00, 96, 1245, 1215, 78, P0
2026/07/31 19:36:22.402, 235.16, 250.00, 100, 1245, 1215, 78, P0
2026/07/31 19:36:22.602, 224.48, 250.00, 99, 1395, 1215, 75, P0
2026/07/31 19:36:22.803, 235.15, 250.00, 94, 1410, 1215, 75, P0
2026/07/31 19:36:23.003, 230.26, 250.00, 95, 1410, 1215, 75, P0
2026/07/31 19:36:23.204, 237.27, 250.00, 95, 1410, 1215, 75, P0
2026/07/31 19:36:23.405, 238.89, 250.00, 95, 1410, 1215, 75, P0
2026/07/31 19:36:23.605, 237.25, 250.00, 95, 1410, 1215, 75, P0
2026/07/31 19:36:23.806, 236.60, 250.00, 94, 1410, 1215, 75, P0
2026/07/31 19:36:24.006, 236.48, 250.00, 94, 1410, 1215, 75, P0
2026/07/31 19:36:24.207, 240.03, 250.00, 94, 1410, 1215, 75, P0
2026/07/31 19:36:24.408, 238.29, 250.00, 95, 1410, 1215, 75, P0
2026/07/31 19:36:24.608, 237.48, 250.00, 94, 1410, 1215, 75, P0
2026/07/31 19:36:24.809, 234.75, 250.00, 94, 1410, 1215, 75, P0
2026/07/31 19:36:25.009, 235.75, 250.00, 93, 1410, 1215, 75, P0
2026/07/31 19:36:25.210, 237.62, 250.00, 94, 1410, 1215, 75, P0
2026/07/31 19:36:25.410, 237.02, 250.00, 94, 1410, 1215, 75, P0
2026/07/31 19:36:25.611, 239.24, 250.00, 94, 1410, 1215, 75, P0
2026/07/31 19:36:25.812, 238.75, 250.00, 94, 1410, 1215, 75, P0
2026/07/31 19:36:26.012, 238.11, 250.00, 95, 1410, 1215, 75, P0
2026/07/31 19:36:26.213, 237.65, 250.00, 95, 1410, 1215, 75, P0
2026/07/31 19:36:26.415, 236.02, 250.00, 94, 1410, 1215, 75, P0
2026/07/31 19:36:26.618, 237.68, 250.00, 93, 1410, 1215, 75, P0
2026/07/31 19:36:26.820, 240.36, 250.00, 94, 1410, 1215, 75, P0
2026/07/31 19:36:27.021, 238.51, 250.00, 94, 1260, 1215, 77, P0
2026/07/31 19:36:27.286, 241.48, 250.00, 98, 1245, 1215, 78, P0
2026/07/31 19:36:27.487, 267.30, 250.00, 100, 1275, 1215, 78, P0
2026/07/31 19:36:27.687, 247.61, 250.00, 95, 1245, 1215, 78, P0
2026/07/31 19:36:27.888, 249.23, 250.00, 100, 1380, 1215, 76, P0
2026/07/31 19:36:28.088, 238.39, 250.00, 96, 1410, 1215, 75, P0
2026/07/31 19:36:28.295, 239.77, 250.00, 94, 1410, 1215, 75, P0
2026/07/31 19:36:28.495, 237.79, 250.00, 94, 1410, 1215, 75, P0
2026/07/31 19:36:28.696, 237.59, 250.00, 94, 1410, 1215, 75, P0
2026/07/31 19:36:28.896, 237.68, 250.00, 93, 1410, 1215, 75, P0
2026/07/31 19:36:29.097, 238.25, 250.00, 94, 1410, 1215, 75, P0
2026/07/31 19:36:29.297, 237.91, 250.00, 94, 1410, 1215, 75, P0
2026/07/31 19:36:29.498, 238.83, 250.00, 93, 1410, 1215, 75, P0
2026/07/31 19:36:29.699, 239.31, 250.00, 94, 1410, 1215, 75, P0
2026/07/31 19:36:29.899, 239.05, 250.00, 93, 1410, 1215, 75, P0
2026/07/31 19:36:30.100, 240.21, 250.00, 94, 1410, 1215, 75, P0
2026/07/31 19:36:30.300, 242.50, 250.00, 94, 1410, 1215, 75, P0
2026/07/31 19:36:30.501, 236.70, 250.00, 94, 1410, 1215, 75, P0
2026/07/31 19:36:30.701, 238.88, 250.00, 95, 1410, 1215, 75, P0
2026/07/31 19:36:30.902, 239.64, 250.00, 94, 1410, 1215, 75, P0
2026/07/31 19:36:31.102, 252.46, 250.00, 93, 1410, 1215, 75, P0
2026/07/31 19:36:31.303, 237.21, 250.00, 94, 1410, 1215, 75, P0
2026/07/31 19:36:31.503, 239.41, 250.00, 95, 1410, 1215, 75, P0
2026/07/31 19:36:31.704, 235.78, 250.00, 94, 1410, 1215, 75, P0
2026/07/31 19:36:31.905, 245.76, 250.00, 92, 1410, 1215, 75, P0
2026/07/31 19:36:32.105, 255.08, 250.00, 93, 1410, 1215, 75, P0
2026/07/31 19:36:32.306, 231.06, 250.00, 94, 1410, 1215, 75, P0
2026/07/31 19:36:32.507, 237.56, 250.00, 93, 1410, 1215, 75, P0
2026/07/31 19:36:32.707, 239.48, 250.00, 93, 1410, 1215, 75, P0
2026/07/31 19:36:32.908, 245.93, 250.00, 91, 1410, 1215, 75, P0
2026/07/31 19:36:33.108, 252.53, 250.00, 94, 1410, 1215, 75, P0
2026/07/31 19:36:33.309, 234.70, 250.00, 93, 1410, 1215, 75, P0
2026/07/31 19:36:33.509, 237.84, 250.00, 94, 1410, 1215, 75, P0
2026/07/31 19:36:33.710, 239.07, 250.00, 94, 1410, 1215, 75, P0
2026/07/31 19:36:33.910, 235.42, 250.00, 93, 1410, 1215, 75, P0
2026/07/31 19:36:34.111, 236.17, 250.00, 95, 1410, 1215, 75, P0
2026/07/31 19:36:34.311, 235.61, 250.00, 93, 1410, 1215, 75, P0
2026/07/31 19:36:34.512, 236.68, 250.00, 95, 1410, 1215, 75, P0
2026/07/31 19:36:34.712, 233.00, 250.00, 93, 1410, 1215, 75, P0
2026/07/31 19:36:34.913, 233.89, 250.00, 93, 1410, 1215, 75, P0
2026/07/31 19:36:35.113, 248.42, 250.00, 92, 1410, 1215, 75, P0
2026/07/31 19:36:35.314, 234.45, 250.00, 95, 1410, 1215, 75, P0
2026/07/31 19:36:35.516, 243.33, 250.00, 94, 1410, 1215, 75, P0
2026/07/31 19:36:35.719, 230.80, 250.00, 94, 1410, 1215, 75, P0
2026/07/31 19:36:35.920, 232.64, 250.00, 93, 1410, 1215, 75, P0
2026/07/31 19:36:36.121, 246.79, 250.00, 93, 1410, 1215, 75, P0
2026/07/31 19:36:36.323, 235.05, 250.00, 94, 1410, 1215, 75, P0
2026/07/31 19:36:36.523, 249.09, 250.00, 93, 1410, 1215, 74, P0
2026/07/31 19:36:36.724, 234.44, 250.00, 94, 1410, 1215, 75, P0
2026/07/31 19:36:36.925, 237.86, 250.00, 93, 1410, 1215, 75, P0
2026/07/31 19:36:37.125, 231.00, 250.00, 94, 1410, 1215, 75, P0
2026/07/31 19:36:37.326, 236.26, 250.00, 93, 1410, 1215, 75, P0
2026/07/31 19:36:37.526, 233.48, 250.00, 93, 1410, 1215, 75, P0
2026/07/31 19:36:37.727, 235.69, 250.00, 94, 1410, 1215, 75, P0
2026/07/31 19:36:37.927, 253.79, 250.00, 93, 1410, 1215, 75, P0
2026/07/31 19:36:38.128, 235.60, 250.00, 94, 1410, 1215, 75, P0
2026/07/31 19:36:38.329, 248.22, 250.00, 93, 1410, 1215, 75, P0
2026/07/31 19:36:38.529, 233.67, 250.00, 95, 1410, 1215, 75, P0
2026/07/31 19:36:38.729, 242.85, 250.00, 93, 1410, 1215, 75, P0
2026/07/31 19:36:38.930, 237.14, 250.00, 94, 1410, 1215, 75, P0
2026/07/31 19:36:39.131, 240.26, 250.00, 94, 1410, 1215, 75, P0
2026/07/31 19:36:39.331, 235.87, 250.00, 95, 1410, 1215, 75, P0
2026/07/31 19:36:39.532, 247.32, 250.00, 94, 1410, 1215, 74, P0
2026/07/31 19:36:39.732, 71.82, 250.00, 94, 1410, 1215, 71, P0
2026/07/31 19:36:39.949, 68.64, 250.00, 4, 1410, 1215, 69, P0
2026/07/31 19:36:40.149, 67.84, 250.00, 0, 1410, 1215, 68, P0
2026/07/31 19:36:40.349, 67.43, 250.00, 0, 1410, 1215, 68, P0
2026/07/31 19:36:40.550, 67.24, 250.00, 0, 1410, 1215, 68, P0
2026/07/31 19:36:40.750, 66.83, 250.00, 0, 1410, 1215, 67, P0
2026/07/31 19:36:40.950, 66.60, 250.00, 0, 1410, 1215, 67, P0
2026/07/31 19:36:41.154, 66.36, 250.00, 0, 1410, 1215, 67, P0
2026/07/31 19:36:41.354, 62.90, 250.00, 0, 1140, 1215, 66, P0
2026/07/31 19:36:41.555, 47.67, 250.00, 0, 1140, 1215, 66, P0
2026/07/31 19:36:41.755, 47.48, 250.00, 0, 1140, 1215, 65, P0
2026/07/31 19:36:41.963, 47.25, 250.00, 0, 1140, 1215, 65, P0
2026/07/31 19:36:42.164, 47.05, 250.00, 0, 1140, 1215, 65, P0
2026/07/31 19:36:42.364, 47.00, 250.00, 0, 1140, 1215, 65, P0
2026/07/31 19:36:42.565, 46.90, 250.00, 0, 1140, 1215, 64, P0
2026/07/31 19:36:42.765, 46.89, 250.00, 0, 1140, 1215, 64, P0
