2026/07/31 22:08:09.408, 36.25, 250.00, 0, 1140, 1215, 38, P0
2026/07/31 22:08:09.612, 36.28, 250.00, 0, 1140, 1215, 38, P0
2026/07/31 22:08:09.813, 36.28, 250.00, 0, 1140, 1215, 38, P0
2026/07/31 22:08:10.013, 36.35, 250.00, 0, 1140, 1215, 38, P0
2026/07/31 22:08:10.213, 36.38, 250.00, 0, 1140, 1215, 38, P0
2026/07/31 22:08:10.414, 36.35, 250.00, 0, 1140, 1215, 38, P0
2026/07/31 22:08:10.758, 38.53, 250.00, 0, 1140, 1215, 38, P0
2026/07/31 22:08:10.959, 39.82, 250.00, 0, 1230, 1215, 38, P0
2026/07/31 22:08:11.159, 39.52, 250.00, 11, 1230, 1215, 38, P0
2026/07/31 22:08:11.360, 39.21, 250.00, 3, 1230, 1215, 38, P0
2026/07/31 22:08:11.560, 39.31, 250.00, 0, 1230, 1215, 38, P0
2026/07/31 22:08:11.760, 39.32, 250.00, 0, 1230, 1215, 38, P0
2026/07/31 22:08:11.961, 39.21, 250.00, 0, 1230, 1215, 38, P0
2026/07/31 22:08:12.161, 39.22, 250.00, 0, 1230, 1215, 38, P0
2026/07/31 22:08:12.362, 39.22, 250.00, 0, 1230, 1215, 38, P0
2026/07/31 22:08:12.562, 41.85, 250.00, 0, 1230, 1215, 38, P0
2026/07/31 22:08:12.763, 69.07, 250.00, 4, 1140, 1215, 39, P0
2026/07/31 22:08:12.963, 70.12, 250.00, 14, 1140, 1215, 39, P0
2026/07/31 22:08:13.163, 80.75, 250.00, 12, 1140, 1215, 40, P0
2026/07/31 22:08:13.364, 48.15, 250.00, 54, 1410, 1215, 39, P0
2026/07/31 22:08:13.564, 48.81, 250.00, 0, 1410, 1215, 39, P0
2026/07/31 22:08:13.765, 48.73, 250.00, 0, 1410, 1215, 39, P0
2026/07/31 22:08:13.965, 48.81, 250.00, 0, 1410, 1215, 39, P0
2026/07/31 22:08:14.165, 48.74, 250.00, 0, 1410, 1215, 39, P0
2026/07/31 22:08:14.366, 48.84, 250.00, 0, 1410, 1215, 39, P0
2026/07/31 22:08:14.566, 48.73, 250.00, 0, 1410, 1215, 39, P0
2026/07/31 22:08:14.766, 48.54, 250.00, 0, 1410, 1215, 39, P0
2026/07/31 22:08:14.967, 48.52, 250.00, 0, 1410, 1215, 39, P0
2026/07/31 22:08:15.167, 37.05, 250.00, 0, 1140, 1215, 38, P0
2026/07/31 22:08:15.367, 36.56, 250.00, 0, 1140, 1215, 38, P0
2026/07/31 22:08:15.568, 36.55, 250.00, 0, 1140, 1215, 38, P0
2026/07/31 22:08:15.768, 36.48, 250.00, 0, 1140, 1215, 38, P0
2026/07/31 22:08:15.969, 36.56, 250.00, 0, 1140, 1215, 38, P0
2026/07/31 22:08:16.169, 36.55, 250.00, 0, 1140, 1215, 38, P0
2026/07/31 22:08:16.369, 36.45, 250.00, 0, 1140, 1215, 38, P0
2026/07/31 22:08:16.570, 36.37, 250.00, 0, 1140, 1215, 38, P0
2026/07/31 22:08:16.770, 36.38, 250.00, 0, 1140, 1215, 38, P0
2026/07/31 22:08:16.971, 36.38, 250.00, 0, 1140, 1215, 38, P0
2026/07/31 22:08:17.171, 36.28, 250.00, 0, 1140, 1215, 38, P0
2026/07/31 22:08:17.371, 36.37, 250.00, 0, 1140, 1215, 38, P0
2026/07/31 22:08:17.572, 36.35, 250.00, 0, 1140, 1215, 38, P0
2026/07/31 22:08:17.772, 36.44, 250.00, 0, 1140, 1215, 38, P0
2026/07/31 22:08:17.972, 36.35, 250.00, 0, 1140, 1215, 38, P0
2026/07/31 22:08:18.173, 36.45, 250.00, 0, 1140, 1215, 38, P0
2026/07/31 22:08:18.373, 36.48, 250.00, 0, 1140, 1215, 38, P0
2026/07/31 22:08:18.574, 36.38, 250.00, 0, 1140, 1215, 38, P0
2026/07/31 22:08:18.774, 36.43, 250.00, 0, 1140, 1215, 38, P0
2026/07/31 22:08:18.974, 36.38, 250.00, 0, 1140, 1215, 38, P0
2026/07/31 22:08:19.175, 36.26, 250.00, 0, 1140, 1215, 38, P0
2026/07/31 22:08:19.378, 36.38, 250.00, 0, 1140, 1215, 38, P0
2026/07/31 22:08:19.579, 36.28, 250.00, 0, 1140, 1215, 38, P0
2026/07/31 22:08:19.780, 36.28, 250.00, 0, 1140, 1215, 38, P0
2026/07/31 22:08:19.981, 36.37, 250.00, 0, 1140, 1215, 38, P0
2026/07/31 22:08:20.181, 36.28, 250.00, 0, 1140, 1215, 38, P0
2026/07/31 22:08:20.382, 36.28, 250.00, 0, 1140, 1215, 38, P0
2026/07/31 22:08:20.582, 36.38, 250.00, 0, 1140, 1215, 38, P0
2026/07/31 22:08:20.782, 36.35, 250.00, 0, 1140, 1215, 38, P0
2026/07/31 22:08:20.983, 36.36, 250.00, 0, 1140, 1215, 38, P0
2026/07/31 22:08:21.183, 36.26, 250.00, 0, 1140, 1215, 38, P0
2026/07/31 22:08:21.384, 36.38, 250.00, 0, 1140, 1215, 38, P0
2026/07/31 22:08:21.584, 36.38, 250.00, 0, 1140, 1215, 38, P0
2026/07/31 22:08:21.784, 36.35, 250.00, 0, 1140, 1215, 38, P0
2026/07/31 22:08:21.985, 36.28, 250.00, 0, 1140, 1215, 38, P0
2026/07/31 22:08:22.185, 36.38, 250.00, 0, 1140, 1215, 38, P0
2026/07/31 22:08:22.386, 36.37, 250.00, 0, 1140, 1215, 38, P0
2026/07/31 22:08:22.586, 36.38, 250.00, 0, 1140, 1215, 38, P0
2026/07/31 22:08:22.786, 36.35, 250.00, 0, 1140, 1215, 38, P0
2026/07/31 22:08:22.987, 36.48, 250.00, 0, 1140, 1215, 38, P0
2026/07/31 22:08:23.187, 36.38, 250.00, 0, 1140, 1215, 38, P0
2026/07/31 22:08:23.388, 36.38, 250.00, 0, 1140, 1215, 38, P0
2026/07/31 22:08:23.588, 36.36, 250.00, 0, 1140, 1215, 38, P0
2026/07/31 22:08:23.789, 36.24, 250.00, 0, 1140, 1215, 38, P0
2026/07/31 22:08:23.989, 36.27, 250.00, 0, 1140, 1215, 38, P0
2026/07/31 22:08:24.190, 36.38, 250.00, 0, 1140, 1215, 38, P0
2026/07/31 22:08:24.390, 36.28, 250.00, 0, 1140, 1215, 38, P0
2026/07/31 22:08:24.591, 36.37, 250.00, 0, 1140, 1215, 38, P0
2026/07/31 22:08:24.791, 36.26, 250.00, 0, 1140, 1215, 38, P0
2026/07/31 22:08:24.992, 36.38, 250.00, 0, 1140, 1215, 38, P0
2026/07/31 22:08:25.192, 36.28, 250.00, 0, 1140, 1215, 38, P0
2026/07/31 22:08:25.392, 36.38, 250.00, 0, 1140, 1215, 38, P0
2026/07/31 22:08:25.593, 36.38, 250.00, 0, 1140, 1215, 38, P0
2026/07/31 22:08:25.796, 36.35, 250.00, 0, 1140, 1215, 38, P0
2026/07/31 22:08:25.996, 36.35, 250.00, 0, 1140, 1215, 38, P0
2026/07/31 22:08:26.196, 36.37, 250.00, 0, 1140, 1215, 38, P0
2026/07/31 22:08:26.397, 36.27, 250.00, 0, 1140, 1215, 38, P0
2026/07/31 22:08:26.597, 36.28, 250.00, 0, 1140, 1215, 38, P0
2026/07/31 22:08:26.798, 36.25, 250.00, 0, 1140, 1215, 38, P0
2026/07/31 22:08:26.998, 36.35, 250.00, 0, 1140, 1215, 38, P0
2026/07/31 22:08:27.198, 36.26, 250.00, 0, 1140, 1215, 38, P0
2026/07/31 22:08:27.399, 36.27, 250.00, 0, 1140, 1215, 38, P0
2026/07/31 22:08:27.599, 36.27, 250.00, 0, 1140, 1215, 38, P0
2026/07/31 22:08:27.800, 36.26, 250.00, 0, 1140, 1215, 38, P0
2026/07/31 22:08:28.000, 36.28, 250.00, 0, 1140, 1215, 38, P0
2026/07/31 22:08:28.200, 36.28, 250.00, 0, 1140, 1215, 38, P0
2026/07/31 22:08:28.401, 36.27, 250.00, 0, 1140, 1215, 38, P0
2026/07/31 22:08:28.601, 36.36, 250.00, 0, 1140, 1215, 38, P0
2026/07/31 22:08:28.802, 36.38, 250.00, 0, 1140, 1215, 38, P0
2026/07/31 22:08:29.002, 36.38, 250.00, 0, 1140, 1215, 38, P0
2026/07/31 22:08:29.202, 36.28, 250.00, 0, 1140, 1215, 38, P0
2026/07/31 22:08:29.403, 36.38, 250.00, 0, 1140, 1215, 38, P0
2026/07/31 22:08:29.603, 36.38, 250.00, 0, 1140, 1215, 38, P0
2026/07/31 22:08:29.803, 36.35, 250.00, 0, 1140, 1215, 38, P0
2026/07/31 22:08:30.004, 36.35, 250.00, 0, 1140, 1215, 38, P0
2026/07/31 22:08:30.204, 36.38, 250.00, 0, 1140, 1215, 38, P0
2026/07/31 22:08:30.405, 36.28, 250.00, 0, 1140, 1215, 38, P0
2026/07/31 22:08:30.605, 36.38, 250.00, 0, 1140, 1215, 38, P0
2026/07/31 22:08:30.805, 36.38, 250.00, 0, 1140, 1215, 38, P0
2026/07/31 22:08:31.006, 36.32, 250.00, 0, 1140, 1215, 38, P0
2026/07/31 22:08:31.206, 36.38, 250.00, 0, 1140, 1215, 38, P0
2026/07/31 22:08:31.406, 36.38, 250.00, 0, 1140, 1215, 38, P0
2026/07/31 22:08:31.607, 36.38, 250.00, 0, 1140, 1215, 38, P0
2026/07/31 22:08:31.807, 36.28, 250.00, 0, 1140, 1215, 38, P0
2026/07/31 22:08:32.007, 36.27, 250.00, 0, 1140, 1215, 38, P0
2026/07/31 22:08:32.208, 36.27, 250.00, 0, 1140, 1215, 38, P0
2026/07/31 22:08:32.408, 36.28, 250.00, 0, 1140, 1215, 38, P0
2026/07/31 22:08:32.608, 36.28, 250.00, 0, 1140, 1215, 38, P0
2026/07/31 22:08:32.809, 36.35, 250.00, 0, 1140, 1215, 38, P0
2026/07/31 22:08:33.009, 36.35, 250.00, 0, 1140, 1215, 38, P0
2026/07/31 22:08:33.210, 36.55, 250.00, 0, 1140, 1215, 38, P0
2026/07/31 22:08:33.410, 36.55, 250.00, 0, 1140, 1215, 38, P0
2026/07/31 22:08:33.610, 36.68, 250.00, 0, 1140, 1215, 38, P0
2026/07/31 22:08:33.811, 36.55, 250.00, 0, 1140, 1215, 38, P0
2026/07/31 22:08:34.011, 36.56, 250.00, 0, 1140, 1215, 38, P0
2026/07/31 22:08:34.211, 36.63, 250.00, 0, 1140, 1215, 38, P0
2026/07/31 22:08:34.412, 36.57, 250.00, 0, 1140, 1215, 38, P0
2026/07/31 22:08:34.612, 36.45, 250.00, 0, 1140, 1215, 38, P0
2026/07/31 22:08:34.812, 36.56, 250.00, 0, 1140, 1215, 38, P0
2026/07/31 22:08:35.013, 36.38, 250.00, 0, 1140, 1215, 38, P0
2026/07/31 22:08:35.213, 36.45, 250.00, 0, 1140, 1215, 38, P0
2026/07/31 22:08:35.413, 36.48, 250.00, 0, 1140, 1215, 38, P0
2026/07/31 22:08:35.614, 36.48, 250.00, 0, 1140, 1215, 38, P0
2026/07/31 22:08:35.814, 36.35, 250.00, 0, 1140, 1215, 39, P0
2026/07/31 22:08:36.014, 171.90, 250.00, 29, 1140, 1215, 43, P0
2026/07/31 22:08:36.215, 193.36, 250.00, 97, 1410, 1215, 43, P0
2026/07/31 22:08:36.416, 214.04, 250.00, 94, 1410, 1215, 43, P0
2026/07/31 22:08:36.616, 199.97, 250.00, 96, 1410, 1215, 44, P0
2026/07/31 22:08:36.816, 198.93, 250.00, 95, 1410, 1215, 44, P0
2026/07/31 22:08:37.017, 203.17, 250.00, 95, 1410, 1215, 45, P0
2026/07/31 22:08:37.218, 198.31, 250.00, 94, 1410, 1215, 45, P0
2026/07/31 22:08:37.418, 211.10, 250.00, 94, 1410, 1215, 45, P0
2026/07/31 22:08:37.618, 71.15, 250.00, 83, 1410, 1215, 42, P0
2026/07/31 22:08:37.819, 200.31, 250.00, 27, 1410, 1215, 45, P0
2026/07/31 22:08:38.019, 212.94, 250.00, 95, 1410, 1215, 45, P0
2026/07/31 22:08:38.220, 202.59, 250.00, 96, 1410, 1215, 46, P0
2026/07/31 22:08:38.420, 202.56, 250.00, 94, 1410, 1215, 46, P0
2026/07/31 22:08:38.621, 209.79, 250.00, 95, 1410, 1215, 46, P0
2026/07/31 22:08:38.821, 202.59, 250.00, 95, 1410, 1215, 46, P0
2026/07/31 22:08:39.022, 214.03, 250.00, 94, 1410, 1215, 46, P0
2026/07/31 22:08:39.222, 203.32, 250.00, 95, 1410, 1215, 47, P0
2026/07/31 22:08:39.423, 204.27, 250.00, 94, 1410, 1215, 47, P0
2026/07/31 22:08:39.623, 203.13, 250.00, 95, 1410, 1215, 47, P0
2026/07/31 22:08:39.824, 203.13, 250.00, 94, 1410, 1215, 47, P0
2026/07/31 22:08:40.024, 211.67, 250.00, 94, 1410, 1215, 47, P0
2026/07/31 22:08:40.225, 203.68, 250.00, 94, 1410, 1215, 47, P0
2026/07/31 22:08:40.425, 210.58, 250.00, 92, 1410, 1215, 47, P0
2026/07/31 22:08:40.626, 98.17, 250.00, 94, 1410, 1215, 45, P0
2026/07/31 22:08:40.826, 203.90, 250.00, 26, 1410, 1215, 47, P0
2026/07/31 22:08:41.027, 204.11, 250.00, 85, 1410, 1215, 47, P0
2026/07/31 22:08:41.227, 204.63, 250.00, 95, 1410, 1215, 48, P0
2026/07/31 22:08:41.428, 204.62, 250.00, 95, 1410, 1215, 48, P0
2026/07/31 22:08:41.628, 205.39, 250.00, 94, 1410, 1215, 48, P0
2026/07/31 22:08:41.829, 213.27, 250.00, 95, 1410, 1215, 48, P0
2026/07/31 22:08:42.029, 201.42, 250.00, 94, 1410, 1215, 48, P0
2026/07/31 22:08:42.230, 213.46, 250.00, 94, 1410, 1215, 48, P0
2026/07/31 22:08:42.430, 204.00, 250.00, 95, 1410, 1215, 48, P0
2026/07/31 22:08:42.630, 205.29, 250.00, 94, 1410, 1215, 49, P0
2026/07/31 22:08:42.831, 204.77, 250.00, 95, 1410, 1215, 49, P0
2026/07/31 22:08:43.031, 204.62, 250.00, 94, 1410, 1215, 49, P0
2026/07/31 22:08:43.232, 205.81, 250.00, 95, 1410, 1215, 49, P0
2026/07/31 22:08:43.432, 199.16, 250.00, 94, 1410, 1215, 49, P0
2026/07/31 22:08:43.633, 215.49, 250.00, 95, 1410, 1215, 49, P0
2026/07/31 22:08:43.833, 204.49, 250.00, 94, 1410, 1215, 49, P0
2026/07/31 22:08:44.034, 219.00, 250.00, 95, 1410, 1215, 49, P0
2026/07/31 22:08:44.234, 205.34, 250.00, 96, 1410, 1215, 49, P0
2026/07/31 22:08:44.435, 201.36, 250.00, 94, 1410, 1215, 49, P0
2026/07/31 22:08:44.635, 205.74, 250.00, 95, 1410, 1215, 50, P0
2026/07/31 22:08:44.836, 204.07, 250.00, 94, 1410, 1215, 50, P0
2026/07/31 22:08:45.036, 208.91, 250.00, 94, 1410, 1215, 50, P0
2026/07/31 22:08:45.237, 205.52, 250.00, 95, 1410, 1215, 50, P0
2026/07/31 22:08:45.437, 210.82, 250.00, 94, 1410, 1215, 50, P0
2026/07/31 22:08:45.638, 204.89, 250.00, 95, 1410, 1215, 50, P0
2026/07/31 22:08:45.839, 221.66, 250.00, 94, 1410, 1215, 50, P0
2026/07/31 22:08:46.039, 205.92, 250.00, 95, 1410, 1215, 50, P0
2026/07/31 22:08:46.240, 205.83, 250.00, 94, 1410, 1215, 50, P0
2026/07/31 22:08:46.440, 210.06, 250.00, 95, 1410, 1215, 50, P0
2026/07/31 22:08:46.640, 206.48, 250.00, 95, 1410, 1215, 51, P0
2026/07/31 22:08:46.841, 217.34, 250.00, 94, 1410, 1215, 51, P0
2026/07/31 22:08:47.041, 205.86, 250.00, 95, 1410, 1215, 51, P0
2026/07/31 22:08:47.242, 204.92, 250.00, 95, 1410, 1215, 51, P0
2026/07/31 22:08:47.442, 206.63, 250.00, 95, 1410, 1215, 51, P0
2026/07/31 22:08:47.643, 207.52, 250.00, 95, 1410, 1215, 51, P0
2026/07/31 22:08:47.843, 212.73, 250.00, 95, 1410, 1215, 51, P0
2026/07/31 22:08:48.044, 205.40, 250.00, 95, 1410, 1215, 51, P0
2026/07/31 22:08:48.244, 219.01, 250.00, 93, 1410, 1215, 51, P0
2026/07/31 22:08:48.445, 206.96, 250.00, 90, 1410, 1215, 51, P0
2026/07/31 22:08:48.645, 214.12, 250.00, 95, 1410, 1215, 51, P0
2026/07/31 22:08:48.846, 206.11, 250.00, 95, 1410, 1215, 51, P0
2026/07/31 22:08:49.046, 218.60, 250.00, 95, 1410, 1215, 51, P0
2026/07/31 22:08:49.247, 205.60, 250.00, 95, 1410, 1215, 51, P0
2026/07/31 22:08:49.447, 221.09, 250.00, 94, 1410, 1215, 52, P0
2026/07/31 22:08:49.648, 207.40, 250.00, 95, 1410, 1215, 52, P0
2026/07/31 22:08:49.848, 207.70, 250.00, 94, 1410, 1215, 52, P0
2026/07/31 22:08:50.049, 213.84, 250.00, 95, 1410, 1215, 52, P0
2026/07/31 22:08:50.249, 208.05, 250.00, 95, 1410, 1215, 52, P0
2026/07/31 22:08:50.449, 83.79, 250.00, 64, 1410, 1215, 50, P0
2026/07/31 22:08:50.650, 205.10, 250.00, 53, 1410, 1215, 51, P0
2026/07/31 22:08:50.850, 210.14, 250.00, 95, 1410, 1215, 52, P0
2026/07/31 22:08:51.051, 205.99, 250.00, 94, 1410, 1215, 52, P0
2026/07/31 22:08:51.252, 219.11, 250.00, 94, 1410, 1215, 52, P0
2026/07/31 22:08:51.452, 207.37, 250.00, 95, 1410, 1215, 52, P0
2026/07/31 22:08:51.652, 206.76, 250.00, 95, 1410, 1215, 52, P0
2026/07/31 22:08:51.853, 207.79, 250.00, 95, 1410, 1215, 52, P0
2026/07/31 22:08:52.053, 207.96, 250.00, 94, 1410, 1215, 52, P0
2026/07/31 22:08:52.254, 219.52, 250.00, 94, 1410, 1215, 52, P0
2026/07/31 22:08:52.454, 208.33, 250.00, 94, 1410, 1215, 53, P0
2026/07/31 22:08:52.655, 206.38, 250.00, 95, 1410, 1215, 53, P0
2026/07/31 22:08:52.855, 207.45, 250.00, 95, 1410, 1215, 53, P0
2026/07/31 22:08:53.056, 207.42, 250.00, 94, 1410, 1215, 53, P0
2026/07/31 22:08:53.256, 215.26, 250.00, 96, 1410, 1215, 53, P0
2026/07/31 22:08:53.457, 208.25, 250.00, 95, 1410, 1215, 53, P0
2026/07/31 22:08:53.657, 223.51, 250.00, 95, 1410, 1215, 53, P0
2026/07/31 22:08:53.858, 207.17, 250.00, 94, 1410, 1215, 53, P0
2026/07/31 22:08:54.058, 207.24, 250.00, 94, 1410, 1215, 53, P0
2026/07/31 22:08:54.259, 207.55, 250.00, 95, 1410, 1215, 53, P0
2026/07/31 22:08:54.459, 208.18, 250.00, 94, 1410, 1215, 53, P0
2026/07/31 22:08:54.660, 214.86, 250.00, 95, 1410, 1215, 53, P0
2026/07/31 22:08:54.860, 207.54, 250.00, 94, 1410, 1215, 53, P0
2026/07/31 22:08:55.061, 219.26, 250.00, 95, 1410, 1215, 53, P0
2026/07/31 22:08:55.261, 207.14, 250.00, 95, 1410, 1215, 53, P0
2026/07/31 22:08:55.462, 207.01, 250.00, 94, 1410, 1215, 54, P0
2026/07/31 22:08:55.662, 210.05, 250.00, 95, 1410, 1215, 54, P0
2026/07/31 22:08:55.863, 79.42, 250.00, 47, 1410, 1215, 51, P0
2026/07/31 22:08:56.063, 209.33, 250.00, 66, 1410, 1215, 53, P0
2026/07/31 22:08:56.264, 221.60, 250.00, 95, 1410, 1215, 53, P0
2026/07/31 22:08:56.464, 208.87, 250.00, 93, 1410, 1215, 53, P0
2026/07/31 22:08:56.665, 218.21, 250.00, 95, 1410, 1215, 54, P0
2026/07/31 22:08:56.865, 208.03, 250.00, 94, 1410, 1215, 54, P0
2026/07/31 22:08:57.066, 207.72, 250.00, 94, 1410, 1215, 54, P0
2026/07/31 22:08:57.266, 214.44, 250.00, 95, 1410, 1215, 54, P0
2026/07/31 22:08:57.467, 208.30, 250.00, 95, 1410, 1215, 54, P0
2026/07/31 22:08:57.669, 220.33, 250.00, 95, 1410, 1215, 54, P0
2026/07/31 22:08:57.869, 207.93, 250.00, 94, 1410, 1215, 54, P0
2026/07/31 22:08:58.070, 209.12, 250.00, 95, 1410, 1215, 54, P0
2026/07/31 22:08:58.270, 207.84, 250.00, 94, 1410, 1215, 54, P0
2026/07/31 22:08:58.471, 209.34, 250.00, 95, 1410, 1215, 54, P0
2026/07/31 22:08:58.671, 217.12, 250.00, 95, 1410, 1215, 54, P0
2026/07/31 22:08:58.872, 208.97, 250.00, 94, 1410, 1215, 54, P0
2026/07/31 22:08:59.072, 220.18, 250.00, 95, 1410, 1215, 55, P0
2026/07/31 22:08:59.272, 208.82, 250.00, 95, 1410, 1215, 55, P0
2026/07/31 22:08:59.473, 207.38, 250.00, 95, 1410, 1215, 55, P0
2026/07/31 22:08:59.673, 209.32, 250.00, 95, 1410, 1215, 55, P0
2026/07/31 22:08:59.874, 207.70, 250.00, 94, 1410, 1215, 55, P0
2026/07/31 22:09:00.074, 219.93, 250.00, 95, 1410, 1215, 55, P0
2026/07/31 22:09:00.275, 208.24, 250.00, 94, 1410, 1215, 55, P0
2026/07/31 22:09:00.475, 224.34, 250.00, 95, 1410, 1215, 55, P0
2026/07/31 22:09:00.676, 205.42, 250.00, 93, 1410, 1215, 55, P0
2026/07/31 22:09:00.876, 210.35, 250.00, 88, 1410, 1215, 55, P0
2026/07/31 22:09:01.077, 208.56, 250.00, 92, 1410, 1215, 56, P0
2026/07/31 22:09:01.277, 248.41, 250.00, 96, 1320, 1215, 59, P0
2026/07/31 22:09:01.478, 208.95, 250.00, 97, 1395, 1215, 57, P0
2026/07/31 22:09:01.678, 208.40, 250.00, 94, 1410, 1215, 56, P0
2026/07/31 22:09:01.879, 209.79, 250.00, 95, 1410, 1215, 56, P0
2026/07/31 22:09:02.080, 210.25, 250.00, 95, 1410, 1215, 56, P0
2026/07/31 22:09:02.280, 209.41, 250.00, 95, 1410, 1215, 56, P0
2026/07/31 22:09:02.481, 216.87, 250.00, 95, 1410, 1215, 56, P0
2026/07/31 22:09:02.682, 207.56, 250.00, 94, 1410, 1215, 56, P0
2026/07/31 22:09:02.885, 210.32, 250.00, 95, 1410, 1215, 56, P0
2026/07/31 22:09:03.086, 208.77, 250.00, 93, 1410, 1215, 56, P0
2026/07/31 22:09:03.287, 216.87, 250.00, 95, 1410, 1215, 56, P0
2026/07/31 22:09:03.488, 210.28, 250.00, 94, 1410, 1215, 56, P0
2026/07/31 22:09:03.689, 219.15, 250.00, 95, 1410, 1215, 56, P0
2026/07/31 22:09:03.889, 208.57, 250.00, 95, 1410, 1215, 56, P0
2026/07/31 22:09:04.090, 225.95, 250.00, 95, 1410, 1215, 56, P0
2026/07/31 22:09:04.290, 211.16, 250.00, 94, 1410, 1215, 56, P0
2026/07/31 22:09:04.491, 212.46, 250.00, 94, 1410, 1215, 56, P0
2026/07/31 22:09:04.691, 211.30, 250.00, 94, 1410, 1215, 56, P0
2026/07/31 22:09:04.892, 209.97, 250.00, 96, 1410, 1215, 56, P0
2026/07/31 22:09:05.092, 210.93, 250.00, 95, 1410, 1215, 56, P0
2026/07/31 22:09:05.293, 211.02, 250.00, 92, 1410, 1215, 56, P0
2026/07/31 22:09:05.493, 218.22, 250.00, 94, 1410, 1215, 56, P0
2026/07/31 22:09:05.694, 211.39, 250.00, 95, 1410, 1215, 57, P0
2026/07/31 22:09:05.894, 222.59, 250.00, 95, 1410, 1215, 57, P0
2026/07/31 22:09:06.095, 211.40, 250.00, 95, 1410, 1215, 57, P0
2026/07/31 22:09:06.295, 213.73, 250.00, 94, 1410, 1215, 57, P0
2026/07/31 22:09:06.496, 211.67, 250.00, 94, 1410, 1215, 57, P0
2026/07/31 22:09:06.696, 210.58, 250.00, 95, 1410, 1215, 57, P0
2026/07/31 22:09:06.897, 219.16, 250.00, 95, 1410, 1215, 57, P0
2026/07/31 22:09:07.097, 211.27, 250.00, 95, 1410, 1215, 57, P0
2026/07/31 22:09:07.298, 218.18, 250.00, 94, 1410, 1215, 57, P0
2026/07/31 22:09:07.498, 211.25, 250.00, 95, 1410, 1215, 57, P0
2026/07/31 22:09:07.699, 224.29, 250.00, 95, 1410, 1215, 57, P0
2026/07/31 22:09:07.899, 211.22, 250.00, 94, 1410, 1215, 57, P0
2026/07/31 22:09:08.100, 210.92, 250.00, 95, 1410, 1215, 57, P0
2026/07/31 22:09:08.300, 87.28, 250.00, 94, 1410, 1215, 55, P0
2026/07/31 22:09:08.501, 212.96, 250.00, 68, 1410, 1215, 56, P0
2026/07/31 22:09:08.701, 211.19, 250.00, 51, 1410, 1215, 57, P0
2026/07/31 22:09:08.902, 209.60, 250.00, 96, 1410, 1215, 57, P0
2026/07/31 22:09:09.102, 215.18, 250.00, 94, 1410, 1215, 57, P0
2026/07/31 22:09:09.303, 211.12, 250.00, 95, 1410, 1215, 57, P0
2026/07/31 22:09:09.503, 212.62, 250.00, 94, 1410, 1215, 57, P0
2026/07/31 22:09:09.704, 218.17, 250.00, 95, 1410, 1215, 57, P0
2026/07/31 22:09:09.904, 211.47, 250.00, 95, 1410, 1215, 57, P0
2026/07/31 22:09:10.105, 221.16, 250.00, 95, 1410, 1215, 57, P0
2026/07/31 22:09:10.305, 210.08, 250.00, 95, 1410, 1215, 58, P0
2026/07/31 22:09:10.506, 217.59, 250.00, 93, 1410, 1215, 58, P0
2026/07/31 22:09:10.706, 211.50, 250.00, 95, 1410, 1215, 58, P0
2026/07/31 22:09:10.907, 210.67, 250.00, 95, 1410, 1215, 58, P0
2026/07/31 22:09:11.108, 217.46, 250.00, 94, 1410, 1215, 58, P0
2026/07/31 22:09:11.308, 208.43, 250.00, 95, 1410, 1215, 58, P0
2026/07/31 22:09:11.509, 217.29, 250.00, 93, 1410, 1215, 58, P0
2026/07/31 22:09:11.709, 211.82, 250.00, 95, 1410, 1215, 58, P0
2026/07/31 22:09:11.910, 223.51, 250.00, 94, 1410, 1215, 58, P0
2026/07/31 22:09:12.110, 211.73, 250.00, 95, 1410, 1215, 58, P0
2026/07/31 22:09:12.311, 209.50, 250.00, 94, 1410, 1215, 58, P0
2026/07/31 22:09:12.511, 211.82, 250.00, 94, 1410, 1215, 58, P0
2026/07/31 22:09:12.712, 212.86, 250.00, 94, 1410, 1215, 58, P0
2026/07/31 22:09:12.912, 217.78, 250.00, 95, 1410, 1215, 58, P0
2026/07/31 22:09:13.113, 213.08, 250.00, 95, 1410, 1215, 58, P0
2026/07/31 22:09:13.313, 213.84, 250.00, 95, 1410, 1215, 58, P0
2026/07/31 22:09:13.514, 212.27, 250.00, 94, 1410, 1215, 58, P0
2026/07/31 22:09:13.715, 219.17, 250.00, 94, 1410, 1215, 58, P0
2026/07/31 22:09:13.915, 213.01, 250.00, 95, 1410, 1215, 58, P0
2026/07/31 22:09:14.116, 213.54, 250.00, 95, 1410, 1215, 58, P0
2026/07/31 22:09:14.316, 219.91, 250.00, 95, 1410, 1215, 58, P0
2026/07/31 22:09:14.517, 85.44, 250.00, 95, 1410, 1215, 56, P0
2026/07/31 22:09:14.717, 213.76, 250.00, 20, 1410, 1215, 58, P0
2026/07/31 22:09:14.918, 211.85, 250.00, 89, 1410, 1215, 58, P0
2026/07/31 22:09:15.118, 212.35, 250.00, 95, 1410, 1215, 58, P0
2026/07/31 22:09:15.319, 222.38, 250.00, 94, 1410, 1215, 58, P0
2026/07/31 22:09:15.519, 212.37, 250.00, 95, 1410, 1215, 59, P0
2026/07/31 22:09:15.720, 107.41, 250.00, 95, 1410, 1215, 57, P0
2026/07/31 22:09:15.920, 208.71, 250.00, 69, 1410, 1215, 58, P0
2026/07/31 22:09:16.121, 220.20, 250.00, 52, 1410, 1215, 58, P0
2026/07/31 22:09:16.322, 209.85, 250.00, 95, 1410, 1215, 58, P0
2026/07/31 22:09:16.522, 218.53, 250.00, 93, 1410, 1215, 59, P0
2026/07/31 22:09:16.723, 212.01, 250.00, 95, 1410, 1215, 59, P0
2026/07/31 22:09:16.923, 214.88, 250.00, 95, 1410, 1215, 59, P0
2026/07/31 22:09:17.124, 213.15, 250.00, 95, 1410, 1215, 59, P0
2026/07/31 22:09:17.324, 212.68, 250.00, 95, 1410, 1215, 59, P0
2026/07/31 22:09:17.525, 219.29, 250.00, 94, 1410, 1215, 59, P0
2026/07/31 22:09:17.725, 213.60, 250.00, 95, 1410, 1215, 59, P0
2026/07/31 22:09:17.926, 226.98, 250.00, 95, 1410, 1215, 59, P0
2026/07/31 22:09:18.126, 212.90, 250.00, 95, 1410, 1215, 59, P0
2026/07/31 22:09:18.327, 212.52, 250.00, 94, 1410, 1215, 59, P0
2026/07/31 22:09:18.528, 212.56, 250.00, 95, 1410, 1215, 59, P0
2026/07/31 22:09:18.728, 260.06, 250.00, 94, 1365, 1215, 62, P0
2026/07/31 22:09:18.932, 202.43, 250.00, 81, 1410, 1215, 60, P0
2026/07/31 22:09:19.137, 224.79, 250.00, 94, 1410, 1215, 60, P0
2026/07/31 22:09:19.337, 213.12, 250.00, 96, 1410, 1215, 59, P0
2026/07/31 22:09:19.538, 214.22, 250.00, 94, 1410, 1215, 59, P0
2026/07/31 22:09:19.738, 218.99, 250.00, 95, 1410, 1215, 60, P0
2026/07/31 22:09:19.939, 212.62, 250.00, 95, 1410, 1215, 60, P0
2026/07/31 22:09:20.139, 219.88, 250.00, 94, 1410, 1215, 60, P0
2026/07/31 22:09:20.340, 213.55, 250.00, 95, 1410, 1215, 60, P0
2026/07/31 22:09:20.540, 215.79, 250.00, 95, 1410, 1215, 60, P0
2026/07/31 22:09:20.741, 213.92, 250.00, 95, 1410, 1215, 60, P0
2026/07/31 22:09:20.941, 213.67, 250.00, 95, 1410, 1215, 60, P0
2026/07/31 22:09:21.142, 212.95, 250.00, 95, 1410, 1215, 60, P0
2026/07/31 22:09:21.342, 213.87, 250.00, 93, 1410, 1215, 60, P0
2026/07/31 22:09:21.543, 223.21, 250.00, 94, 1410, 1215, 60, P0
2026/07/31 22:09:21.743, 213.74, 250.00, 95, 1410, 1215, 60, P0
2026/07/31 22:09:21.944, 228.01, 250.00, 95, 1410, 1215, 60, P0
2026/07/31 22:09:22.144, 214.77, 250.00, 95, 1410, 1215, 60, P0
2026/07/31 22:09:22.345, 210.38, 250.00, 95, 1410, 1215, 60, P0
2026/07/31 22:09:22.545, 213.46, 250.00, 94, 1410, 1215, 60, P0
2026/07/31 22:09:22.746, 214.44, 250.00, 94, 1410, 1215, 60, P0
2026/07/31 22:09:22.946, 223.27, 250.00, 95, 1410, 1215, 60, P0
2026/07/31 22:09:23.147, 215.26, 250.00, 96, 1410, 1215, 60, P0
2026/07/31 22:09:23.347, 231.75, 250.00, 95, 1410, 1215, 60, P0
2026/07/31 22:09:23.548, 212.06, 250.00, 95, 1410, 1215, 60, P0
2026/07/31 22:09:23.749, 215.09, 250.00, 93, 1410, 1215, 60, P0
2026/07/31 22:09:23.949, 213.46, 250.00, 95, 1410, 1215, 60, P0
2026/07/31 22:09:24.150, 213.72, 250.00, 95, 1410, 1215, 60, P0
2026/07/31 22:09:24.350, 222.13, 250.00, 95, 1410, 1215, 60, P0
2026/07/31 22:09:24.551, 213.29, 250.00, 95, 1410, 1215, 60, P0
2026/07/31 22:09:24.751, 227.25, 250.00, 94, 1410, 1215, 60, P0
2026/07/31 22:09:24.952, 215.29, 250.00, 94, 1410, 1215, 61, P0
2026/07/31 22:09:25.152, 230.58, 250.00, 95, 1410, 1215, 61, P0
2026/07/31 22:09:25.353, 213.97, 250.00, 96, 1410, 1215, 61, P0
2026/07/31 22:09:25.553, 213.48, 250.00, 94, 1410, 1215, 61, P0
2026/07/31 22:09:25.754, 214.99, 250.00, 95, 1410, 1215, 61, P0
2026/07/31 22:09:25.954, 213.31, 250.00, 94, 1410, 1215, 61, P0
2026/07/31 22:09:26.155, 226.04, 250.00, 94, 1410, 1215, 61, P0
2026/07/31 22:09:26.355, 215.15, 250.00, 95, 1410, 1215, 61, P0
2026/07/31 22:09:26.556, 231.25, 250.00, 95, 1410, 1215, 61, P0
2026/07/31 22:09:26.756, 214.72, 250.00, 95, 1410, 1215, 61, P0
2026/07/31 22:09:26.957, 215.09, 250.00, 94, 1410, 1215, 61, P0
2026/07/31 22:09:27.157, 215.25, 250.00, 95, 1410, 1215, 61, P0
2026/07/31 22:09:27.358, 215.98, 250.00, 95, 1410, 1215, 61, P0
2026/07/31 22:09:27.559, 225.32, 250.00, 95, 1410, 1215, 61, P0
2026/07/31 22:09:27.759, 214.94, 250.00, 95, 1410, 1215, 61, P0
2026/07/31 22:09:27.960, 213.57, 250.00, 94, 1410, 1215, 61, P0
2026/07/31 22:09:28.160, 222.87, 250.00, 95, 1410, 1215, 61, P0
2026/07/31 22:09:28.361, 215.46, 250.00, 94, 1410, 1215, 61, P0
2026/07/31 22:09:28.561, 222.05, 250.00, 95, 1410, 1215, 61, P0
2026/07/31 22:09:28.762, 171.31, 250.00, 94, 1410, 1215, 62, P0
2026/07/31 22:09:28.962, 212.96, 250.00, 63, 1410, 1215, 61, P0
2026/07/31 22:09:29.163, 141.54, 250.00, 74, 1410, 1215, 61, P0
2026/07/31 22:09:29.363, 214.51, 250.00, 54, 1410, 1215, 61, P0
2026/07/31 22:09:29.564, 233.48, 250.00, 95, 1410, 1215, 61, P0
2026/07/31 22:09:29.764, 214.63, 250.00, 94, 1410, 1215, 61, P0
2026/07/31 22:09:29.965, 204.85, 250.00, 94, 1410, 1215, 61, P0
2026/07/31 22:09:30.165, 214.63, 250.00, 94, 1410, 1215, 61, P0
2026/07/31 22:09:30.366, 215.02, 250.00, 94, 1410, 1215, 61, P0
2026/07/31 22:09:30.566, 220.88, 250.00, 95, 1410, 1215, 61, P0
2026/07/31 22:09:30.767, 215.38, 250.00, 95, 1410, 1215, 61, P0
2026/07/31 22:09:30.967, 226.99, 250.00, 95, 1410, 1215, 61, P0
2026/07/31 22:09:31.168, 215.59, 250.00, 95, 1410, 1215, 61, P0
2026/07/31 22:09:31.368, 203.62, 250.00, 95, 1410, 1215, 62, P0
2026/07/31 22:09:31.569, 215.86, 250.00, 95, 1410, 1215, 62, P0
2026/07/31 22:09:31.769, 216.50, 250.00, 95, 1410, 1215, 62, P0
2026/07/31 22:09:31.970, 224.09, 250.00, 95, 1410, 1215, 62, P0
2026/07/31 22:09:32.170, 215.72, 250.00, 94, 1410, 1215, 62, P0
2026/07/31 22:09:32.371, 231.49, 250.00, 95, 1410, 1215, 62, P0
2026/07/31 22:09:32.571, 215.59, 250.00, 95, 1410, 1215, 62, P0
2026/07/31 22:09:32.772, 215.44, 250.00, 95, 1410, 1215, 62, P0
2026/07/31 22:09:32.972, 82.99, 250.00, 95, 1410, 1215, 59, P0
2026/07/31 22:09:33.173, 227.62, 250.00, 20, 1410, 1215, 61, P0
2026/07/31 22:09:33.373, 215.71, 250.00, 95, 1410, 1215, 61, P0
2026/07/31 22:09:33.574, 216.38, 250.00, 94, 1410, 1215, 62, P0
2026/07/31 22:09:33.774, 224.00, 250.00, 96, 1410, 1215, 62, P0
2026/07/31 22:09:33.975, 214.59, 250.00, 95, 1410, 1215, 62, P0
2026/07/31 22:09:34.175, 230.17, 250.00, 95, 1410, 1215, 62, P0
2026/07/31 22:09:34.376, 212.51, 250.00, 95, 1410, 1215, 62, P0
2026/07/31 22:09:34.576, 214.76, 250.00, 94, 1410, 1215, 62, P0
2026/07/31 22:09:34.777, 215.88, 250.00, 95, 1410, 1215, 62, P0
2026/07/31 22:09:34.977, 215.98, 250.00, 95, 1410, 1215, 62, P0
2026/07/31 22:09:35.178, 228.62, 250.00, 95, 1410, 1215, 62, P0
2026/07/31 22:09:35.378, 216.08, 250.00, 95, 1410, 1215, 62, P0
2026/07/31 22:09:35.579, 225.07, 250.00, 95, 1410, 1215, 62, P0
2026/07/31 22:09:35.779, 216.24, 250.00, 95, 1410, 1215, 62, P0
2026/07/31 22:09:35.980, 214.95, 250.00, 95, 1410, 1215, 62, P0
2026/07/31 22:09:36.180, 222.23, 250.00, 95, 1410, 1215, 62, P0
2026/07/31 22:09:36.381, 215.49, 250.00, 94, 1410, 1215, 62, P0
2026/07/31 22:09:36.581, 226.01, 250.00, 95, 1410, 1215, 62, P0
2026/07/31 22:09:36.782, 215.70, 250.00, 95, 1410, 1215, 62, P0
2026/07/31 22:09:36.982, 215.48, 250.00, 95, 1410, 1215, 62, P0
2026/07/31 22:09:37.183, 215.98, 250.00, 93, 1410, 1215, 62, P0
2026/07/31 22:09:37.383, 212.68, 250.00, 95, 1410, 1215, 62, P0
2026/07/31 22:09:37.584, 216.26, 250.00, 95, 1410, 1215, 62, P0
2026/07/31 22:09:37.784, 215.98, 250.00, 95, 1410, 1215, 63, P0
2026/07/31 22:09:37.985, 222.44, 250.00, 96, 1410, 1215, 63, P0
2026/07/31 22:09:38.185, 163.07, 250.00, 94, 1410, 1215, 63, P0
2026/07/31 22:09:38.385, 211.18, 250.00, 56, 1410, 1215, 63, P0
2026/07/31 22:09:38.587, 222.66, 250.00, 83, 1410, 1215, 63, P0
2026/07/31 22:09:38.790, 200.75, 250.00, 95, 1410, 1215, 63, P0
2026/07/31 22:09:39.042, 224.75, 250.00, 88, 1410, 1215, 63, P0
2026/07/31 22:09:39.242, 218.45, 250.00, 94, 1410, 1215, 63, P0
2026/07/31 22:09:39.443, 229.48, 250.00, 94, 1410, 1215, 63, P0
2026/07/31 22:09:39.643, 219.86, 250.00, 94, 1410, 1215, 63, P0
2026/07/31 22:09:39.844, 236.04, 250.00, 96, 1410, 1215, 63, P0
2026/07/31 22:09:40.044, 218.72, 250.00, 94, 1410, 1215, 63, P0
2026/07/31 22:09:40.245, 219.86, 250.00, 95, 1410, 1215, 63, P0
2026/07/31 22:09:40.445, 219.27, 250.00, 94, 1410, 1215, 63, P0
2026/07/31 22:09:40.646, 219.69, 250.00, 94, 1410, 1215, 63, P0
2026/07/31 22:09:40.846, 226.03, 250.00, 95, 1410, 1215, 63, P0
2026/07/31 22:09:41.047, 219.33, 250.00, 94, 1410, 1215, 63, P0
2026/07/31 22:09:41.247, 232.31, 250.00, 95, 1410, 1215, 63, P0
2026/07/31 22:09:41.448, 219.67, 250.00, 95, 1410, 1215, 63, P0
2026/07/31 22:09:41.648, 243.98, 250.00, 96, 1305, 1215, 67, P0
2026/07/31 22:09:41.849, 211.68, 250.00, 96, 1395, 1215, 64, P0
2026/07/31 22:09:42.049, 219.13, 250.00, 96, 1410, 1215, 64, P0
2026/07/31 22:09:42.250, 219.71, 250.00, 94, 1410, 1215, 64, P0
2026/07/31 22:09:42.450, 219.09, 250.00, 94, 1410, 1215, 63, P0
2026/07/31 22:09:42.651, 232.37, 250.00, 95, 1410, 1215, 63, P0
2026/07/31 22:09:42.851, 220.26, 250.00, 95, 1410, 1215, 63, P0
2026/07/31 22:09:43.052, 233.38, 250.00, 95, 1410, 1215, 64, P0
2026/07/31 22:09:43.252, 220.00, 250.00, 95, 1410, 1215, 64, P0
2026/07/31 22:09:43.453, 221.37, 250.00, 94, 1410, 1215, 64, P0
2026/07/31 22:09:43.653, 221.07, 250.00, 95, 1410, 1215, 64, P0
2026/07/31 22:09:43.854, 221.17, 250.00, 95, 1410, 1215, 64, P0
2026/07/31 22:09:44.054, 226.19, 250.00, 95, 1410, 1215, 64, P0
2026/07/31 22:09:44.254, 219.60, 250.00, 95, 1410, 1215, 64, P0
2026/07/31 22:09:44.455, 232.35, 250.00, 94, 1410, 1215, 64, P0
2026/07/31 22:09:44.655, 220.79, 250.00, 95, 1410, 1215, 64, P0
2026/07/31 22:09:44.856, 219.95, 250.00, 95, 1410, 1215, 64, P0
2026/07/31 22:09:45.057, 220.18, 250.00, 95, 1410, 1215, 64, P0
2026/07/31 22:09:45.257, 218.52, 250.00, 93, 1410, 1215, 64, P0
2026/07/31 22:09:45.458, 226.29, 250.00, 94, 1410, 1215, 64, P0
2026/07/31 22:09:45.658, 220.83, 250.00, 94, 1410, 1215, 64, P0
2026/07/31 22:09:45.859, 234.40, 250.00, 95, 1410, 1215, 64, P0
2026/07/31 22:09:46.059, 220.72, 250.00, 96, 1410, 1215, 64, P0
2026/07/31 22:09:46.260, 218.28, 250.00, 95, 1410, 1215, 64, P0
2026/07/31 22:09:46.460, 220.47, 250.00, 95, 1410, 1215, 64, P0
2026/07/31 22:09:46.661, 221.12, 250.00, 94, 1410, 1215, 64, P0
2026/07/31 22:09:46.861, 87.99, 250.00, 94, 1410, 1215, 61, P0
2026/07/31 22:09:47.062, 219.20, 250.00, 23, 1410, 1215, 63, P0
2026/07/31 22:09:47.262, 234.24, 250.00, 95, 1410, 1215, 64, P0
2026/07/31 22:09:47.462, 220.64, 250.00, 95, 1410, 1215, 64, P0
2026/07/31 22:09:47.663, 219.59, 250.00, 95, 1410, 1215, 64, P0
2026/07/31 22:09:47.863, 228.24, 250.00, 95, 1410, 1215, 64, P0
2026/07/31 22:09:48.064, 216.07, 250.00, 94, 1410, 1215, 64, P0
2026/07/31 22:09:48.265, 227.92, 250.00, 95, 1410, 1215, 64, P0
2026/07/31 22:09:48.465, 219.40, 250.00, 94, 1410, 1215, 64, P0
2026/07/31 22:09:48.666, 231.53, 250.00, 95, 1410, 1215, 64, P0
2026/07/31 22:09:48.866, 219.90, 250.00, 95, 1410, 1215, 64, P0
2026/07/31 22:09:49.067, 220.23, 250.00, 95, 1410, 1215, 64, P0
2026/07/31 22:09:49.267, 220.28, 250.00, 93, 1410, 1215, 64, P0
2026/07/31 22:09:49.468, 218.35, 250.00, 94, 1410, 1215, 64, P0
2026/07/31 22:09:49.668, 227.71, 250.00, 95, 1410, 1215, 64, P0
2026/07/31 22:09:49.868, 221.39, 250.00, 95, 1410, 1215, 64, P0
2026/07/31 22:09:50.069, 233.83, 250.00, 96, 1410, 1215, 64, P0
2026/07/31 22:09:50.269, 220.54, 250.00, 95, 1410, 1215, 64, P0
2026/07/31 22:09:50.470, 219.13, 250.00, 95, 1410, 1215, 64, P0
2026/07/31 22:09:50.671, 220.18, 250.00, 94, 1410, 1215, 64, P0
2026/07/31 22:09:50.871, 220.91, 250.00, 95, 1410, 1215, 64, P0
2026/07/31 22:09:51.072, 230.16, 250.00, 95, 1410, 1215, 65, P0
2026/07/31 22:09:51.272, 219.97, 250.00, 94, 1410, 1215, 65, P0
2026/07/31 22:09:51.473, 234.98, 250.00, 95, 1410, 1215, 64, P0
2026/07/31 22:09:51.673, 220.66, 250.00, 93, 1380, 1215, 66, P0
2026/07/31 22:09:51.874, 247.34, 250.00, 89, 1395, 1215, 66, P0
2026/07/31 22:09:52.074, 218.85, 250.00, 93, 1410, 1215, 65, P0
2026/07/31 22:09:52.275, 228.81, 250.00, 95, 1410, 1215, 65, P0
2026/07/31 22:09:52.475, 252.92, 250.00, 91, 1290, 1215, 68, P0
2026/07/31 22:09:52.677, 257.43, 250.00, 100, 1275, 1215, 69, P0
2026/07/31 22:09:52.878, 212.87, 250.00, 98, 1410, 1215, 66, P0
2026/07/31 22:09:53.078, 223.29, 250.00, 95, 1410, 1215, 65, P0
2026/07/31 22:09:53.279, 200.16, 250.00, 95, 1410, 1215, 65, P0
2026/07/31 22:09:53.479, 228.32, 250.00, 94, 1410, 1215, 65, P0
2026/07/31 22:09:53.680, 221.53, 250.00, 94, 1410, 1215, 65, P0
2026/07/31 22:09:53.880, 230.61, 250.00, 96, 1410, 1215, 65, P0
2026/07/31 22:09:54.081, 221.46, 250.00, 95, 1410, 1215, 65, P0
2026/07/31 22:09:54.281, 226.85, 250.00, 95, 1410, 1215, 65, P0
2026/07/31 22:09:54.482, 222.40, 250.00, 94, 1410, 1215, 65, P0
2026/07/31 22:09:54.682, 145.79, 250.00, 71, 1410, 1215, 64, P0
2026/07/31 22:09:54.883, 221.66, 250.00, 64, 1410, 1215, 65, P0
2026/07/31 22:09:55.083, 221.66, 250.00, 95, 1410, 1215, 64, P0
2026/07/31 22:09:55.284, 86.96, 250.00, 58, 1410, 1215, 63, P0
2026/07/31 22:09:55.484, 228.99, 250.00, 61, 1410, 1215, 64, P0
2026/07/31 22:09:55.685, 221.53, 250.00, 95, 1410, 1215, 65, P0
2026/07/31 22:09:55.885, 222.26, 250.00, 94, 1410, 1215, 65, P0
2026/07/31 22:09:56.085, 235.05, 250.00, 95, 1410, 1215, 65, P0
2026/07/31 22:09:56.286, 221.00, 250.00, 94, 1410, 1215, 65, P0
2026/07/31 22:09:56.487, 234.24, 250.00, 94, 1410, 1215, 65, P0
2026/07/31 22:09:56.687, 221.01, 250.00, 94, 1410, 1215, 65, P0
2026/07/31 22:09:56.887, 223.42, 250.00, 95, 1410, 1215, 65, P0
2026/07/31 22:09:57.088, 221.81, 250.00, 95, 1410, 1215, 65, P0
2026/07/31 22:09:57.290, 217.10, 250.00, 94, 1410, 1215, 65, P0
2026/07/31 22:09:57.493, 221.26, 250.00, 93, 1410, 1215, 65, P0
2026/07/31 22:09:57.695, 220.71, 250.00, 94, 1410, 1215, 65, P0
2026/07/31 22:09:57.896, 221.51, 250.00, 95, 1410, 1215, 65, P0
2026/07/31 22:09:58.097, 221.90, 250.00, 94, 1410, 1215, 65, P0
2026/07/31 22:09:58.297, 235.10, 250.00, 95, 1410, 1215, 65, P0
2026/07/31 22:09:58.498, 221.54, 250.00, 95, 1410, 1215, 65, P0
2026/07/31 22:09:58.698, 239.68, 250.00, 94, 1410, 1215, 65, P0
2026/07/31 22:09:58.899, 220.83, 250.00, 95, 1410, 1215, 65, P0
2026/07/31 22:09:59.099, 222.29, 250.00, 93, 1410, 1215, 65, P0
2026/07/31 22:09:59.300, 199.96, 250.00, 95, 1410, 1215, 66, P0
2026/07/31 22:09:59.500, 222.42, 250.00, 77, 1410, 1215, 66, P0
2026/07/31 22:09:59.700, 221.54, 250.00, 79, 1410, 1215, 65, P0
2026/07/31 22:09:59.901, 204.65, 250.00, 90, 1410, 1215, 66, P0
2026/07/31 22:10:00.101, 220.36, 250.00, 52, 1410, 1215, 65, P0
2026/07/31 22:10:00.302, 235.40, 250.00, 93, 1410, 1215, 65, P0
2026/07/31 22:10:00.502, 222.55, 250.00, 94, 1410, 1215, 65, P0
2026/07/31 22:10:00.703, 221.98, 250.00, 94, 1410, 1215, 65, P0
2026/07/31 22:10:00.903, 95.86, 250.00, 95, 1410, 1215, 63, P0
2026/07/31 22:10:01.104, 220.87, 250.00, 34, 1410, 1215, 65, P0
2026/07/31 22:10:01.304, 223.34, 250.00, 88, 1410, 1215, 65, P0
2026/07/31 22:10:01.505, 222.19, 250.00, 94, 1410, 1215, 65, P0
2026/07/31 22:10:01.705, 230.76, 250.00, 95, 1410, 1215, 65, P0
2026/07/31 22:10:01.906, 222.19, 250.00, 94, 1410, 1215, 65, P0
2026/07/31 22:10:02.106, 239.10, 250.00, 94, 1410, 1215, 65, P0
2026/07/31 22:10:02.307, 221.80, 250.00, 96, 1410, 1215, 66, P0
2026/07/31 22:10:02.508, 219.05, 250.00, 95, 1410, 1215, 66, P0
2026/07/31 22:10:02.708, 222.06, 250.00, 95, 1410, 1215, 66, P0
2026/07/31 22:10:02.909, 222.79, 250.00, 94, 1410, 1215, 66, P0
2026/07/31 22:10:03.109, 227.71, 250.00, 95, 1410, 1215, 66, P0
2026/07/31 22:10:03.310, 221.75, 250.00, 95, 1410, 1215, 66, P0
2026/07/31 22:10:03.510, 232.22, 250.00, 94, 1410, 1215, 66, P0
2026/07/31 22:10:03.711, 222.11, 250.00, 95, 1410, 1215, 66, P0
2026/07/31 22:10:03.911, 222.55, 250.00, 94, 1410, 1215, 66, P0
2026/07/31 22:10:04.112, 227.80, 250.00, 95, 1410, 1215, 66, P0
2026/07/31 22:10:04.312, 221.39, 250.00, 94, 1410, 1215, 66, P0
2026/07/31 22:10:04.513, 234.88, 250.00, 95, 1410, 1215, 66, P0
2026/07/31 22:10:04.713, 222.57, 250.00, 94, 1410, 1215, 66, P0
2026/07/31 22:10:04.914, 222.21, 250.00, 94, 1410, 1215, 66, P0
2026/07/31 22:10:05.114, 209.32, 250.00, 80, 1410, 1215, 67, P0
2026/07/31 22:10:05.315, 228.39, 250.00, 69, 1410, 1215, 66, P0
2026/07/31 22:10:05.515, 222.59, 250.00, 94, 1410, 1215, 65, P0
2026/07/31 22:10:05.715, 110.00, 250.00, 71, 1410, 1215, 65, P0
2026/07/31 22:10:05.916, 221.91, 250.00, 54, 1410, 1215, 65, P0
2026/07/31 22:10:06.117, 227.18, 250.00, 95, 1410, 1215, 66, P0
2026/07/31 22:10:06.317, 220.95, 250.00, 94, 1410, 1215, 66, P0
2026/07/31 22:10:06.518, 240.69, 250.00, 94, 1410, 1215, 66, P0
2026/07/31 22:10:06.718, 222.57, 250.00, 94, 1410, 1215, 66, P0
2026/07/31 22:10:06.919, 220.29, 250.00, 95, 1410, 1215, 66, P0
2026/07/31 22:10:07.119, 227.92, 250.00, 95, 1410, 1215, 66, P0
2026/07/31 22:10:07.320, 223.21, 250.00, 95, 1410, 1215, 66, P0
2026/07/31 22:10:07.520, 229.85, 250.00, 94, 1410, 1215, 66, P0
2026/07/31 22:10:07.721, 222.28, 250.00, 94, 1410, 1215, 66, P0
2026/07/31 22:10:07.921, 240.61, 250.00, 95, 1410, 1215, 66, P0
2026/07/31 22:10:08.122, 146.74, 250.00, 94, 1410, 1215, 65, P0
2026/07/31 22:10:08.322, 237.12, 250.00, 41, 1410, 1215, 66, P0
2026/07/31 22:10:08.523, 89.82, 250.00, 87, 1410, 1215, 63, P0
2026/07/31 22:10:08.723, 222.40, 250.00, 34, 1410, 1215, 65, P0
2026/07/31 22:10:08.924, 222.38, 250.00, 95, 1410, 1215, 66, P0
2026/07/31 22:10:09.124, 222.79, 250.00, 94, 1410, 1215, 66, P0
2026/07/31 22:10:09.325, 228.99, 250.00, 95, 1410, 1215, 66, P0
2026/07/31 22:10:09.525, 221.34, 250.00, 94, 1410, 1215, 66, P0
2026/07/31 22:10:09.726, 231.45, 250.00, 95, 1410, 1215, 66, P0
2026/07/31 22:10:09.926, 220.10, 250.00, 95, 1410, 1215, 66, P0
2026/07/31 22:10:10.127, 229.13, 250.00, 95, 1410, 1215, 66, P0
2026/07/31 22:10:10.327, 223.05, 250.00, 94, 1410, 1215, 66, P0
2026/07/31 22:10:10.528, 223.82, 250.00, 94, 1410, 1215, 66, P0
2026/07/31 22:10:10.728, 228.70, 250.00, 95, 1410, 1215, 66, P0
2026/07/31 22:10:10.929, 219.30, 250.00, 95, 1410, 1215, 66, P0
2026/07/31 22:10:11.129, 231.18, 250.00, 95, 1410, 1215, 66, P0
2026/07/31 22:10:11.330, 223.26, 250.00, 94, 1410, 1215, 66, P0
2026/07/31 22:10:11.531, 223.95, 250.00, 95, 1410, 1215, 66, P0
2026/07/31 22:10:11.731, 222.76, 250.00, 95, 1410, 1215, 66, P0
2026/07/31 22:10:11.932, 223.54, 250.00, 95, 1410, 1215, 66, P0
2026/07/31 22:10:12.132, 229.97, 250.00, 95, 1410, 1215, 66, P0
2026/07/31 22:10:12.333, 222.35, 250.00, 94, 1410, 1215, 67, P0
2026/07/31 22:10:12.533, 229.26, 250.00, 95, 1410, 1215, 67, P0
2026/07/31 22:10:12.734, 223.27, 250.00, 94, 1410, 1215, 65, P0
2026/07/31 22:10:12.934, 132.89, 250.00, 54, 1410, 1215, 65, P0
2026/07/31 22:10:13.135, 223.26, 250.00, 66, 1410, 1215, 66, P0
2026/07/31 22:10:13.335, 224.00, 250.00, 95, 1410, 1215, 66, P0
2026/07/31 22:10:13.536, 285.45, 250.00, 95, 1290, 1215, 69, P0
2026/07/31 22:10:13.736, 242.59, 250.00, 95, 1275, 1215, 70, P0
2026/07/31 22:10:13.937, 204.55, 250.00, 100, 1350, 1215, 70, P0
2026/07/31 22:10:14.137, 253.52, 250.00, 96, 1290, 1215, 71, P0
2026/07/31 22:10:14.338, 239.57, 250.00, 100, 1260, 1215, 71, P0
2026/07/31 22:10:14.538, 136.53, 250.00, 82, 1410, 1215, 67, P0
2026/07/31 22:10:14.739, 229.76, 250.00, 58, 1410, 1215, 67, P0
2026/07/31 22:10:14.939, 223.42, 250.00, 94, 1410, 1215, 67, P0
2026/07/31 22:10:15.140, 236.12, 250.00, 95, 1410, 1215, 67, P0
2026/07/31 22:10:15.340, 224.44, 250.00, 94, 1410, 1215, 67, P0
2026/07/31 22:10:15.541, 231.29, 250.00, 95, 1410, 1215, 67, P0
2026/07/31 22:10:15.741, 225.30, 250.00, 95, 1410, 1215, 66, P0
2026/07/31 22:10:15.942, 63.50, 250.00, 42, 1410, 1215, 63, P0
2026/07/31 22:10:16.142, 62.44, 250.00, 0, 1410, 1215, 62, P0
2026/07/31 22:10:16.343, 61.56, 250.00, 0, 1410, 1215, 61, P0
2026/07/31 22:10:16.543, 61.26, 250.00, 0, 1410, 1215, 61, P0
2026/07/31 22:10:16.743, 61.15, 250.00, 0, 1410, 1215, 61, P0
2026/07/31 22:10:16.944, 60.86, 250.00, 0, 1410, 1215, 60, P0
2026/07/31 22:10:17.144, 60.76, 250.00, 0, 1410, 1215, 60, P0
2026/07/31 22:10:17.344, 60.56, 250.00, 0, 1410, 1215, 60, P0
2026/07/31 22:10:17.545, 44.45, 250.00, 0, 1140, 1215, 59, P0
2026/07/31 22:10:17.745, 43.96, 250.00, 0, 1140, 1215, 59, P0
2026/07/31 22:10:17.945, 43.54, 250.00, 0, 1140, 1215, 59, P0
2026/07/31 22:10:18.146, 44.31, 250.00, 0, 1140, 1215, 59, P0
2026/07/31 22:10:18.346, 43.43, 250.00, 0, 1140, 1215, 58, P0
2026/07/31 22:10:18.547, 43.34, 250.00, 0, 1140, 1215, 58, P0
2026/07/31 22:10:18.747, 43.26, 250.00, 0, 1140, 1215, 58, P0
2026/07/31 22:10:18.948, 43.17, 250.00, 0, 1140, 1215, 58, P0
2026/07/31 22:10:19.148, 43.13, 250.00, 0, 1140, 1215, 58, P0
2026/07/31 22:10:19.348, 43.06, 250.00, 0, 1140, 1215, 58, P0
2026/07/31 22:10:19.549, 43.26, 250.00, 0, 1140, 1215, 58, P0
2026/07/31 22:10:19.749, 42.87, 250.00, 0, 1140, 1215, 57, P0
2026/07/31 22:10:19.950, 42.94, 250.00, 0, 1140, 1215, 57, P0
2026/07/31 22:10:20.150, 42.88, 250.00, 0, 1140, 1215, 57, P0
2026/07/31 22:10:20.350, 42.77, 250.00, 0, 1140, 1215, 57, P0
2026/07/31 22:10:20.551, 42.87, 250.00, 0, 1140, 1215, 57, P0
2026/07/31 22:10:20.751, 42.78, 250.00, 0, 1140, 1215, 57, P0
2026/07/31 22:10:20.951, 42.96, 250.00, 0, 1140, 1215, 57, P0
2026/07/31 22:10:21.152, 42.96, 250.00, 0, 1140, 1215, 57, P0
2026/07/31 22:10:21.352, 42.93, 250.00, 0, 1140, 1215, 57, P0
2026/07/31 22:10:21.553, 42.87, 250.00, 0, 1140, 1215, 57, P0
2026/07/31 22:10:21.753, 42.89, 250.00, 0, 1140, 1215, 56, P0
2026/07/31 22:10:21.954, 42.69, 250.00, 0, 1140, 1215, 56, P0
2026/07/31 22:10:22.154, 42.67, 250.00, 0, 1140, 1215, 56, P0
2026/07/31 22:10:22.354, 42.67, 250.00, 0, 1140, 1215, 56, P0
2026/07/31 22:10:22.555, 42.58, 250.00, 0, 1140, 1215, 56, P0
2026/07/31 22:10:22.755, 42.68, 250.00, 0, 1140, 1215, 56, P0
2026/07/31 22:10:22.956, 42.47, 250.00, 0, 1140, 1215, 56, P0
2026/07/31 22:10:23.156, 42.37, 250.00, 0, 1140, 1215, 56, P0
2026/07/31 22:10:23.356, 42.45, 250.00, 0, 1140, 1215, 56, P0
2026/07/31 22:10:23.557, 42.27, 250.00, 0, 1140, 1215, 56, P0
2026/07/31 22:10:23.757, 42.29, 250.00, 0, 1140, 1215, 56, P0
2026/07/31 22:10:23.957, 42.19, 250.00, 0, 1140, 1215, 55, P0
2026/07/31 22:10:24.158, 42.18, 250.00, 0, 1140, 1215, 55, P0
2026/07/31 22:10:24.359, 42.18, 250.00, 0, 1140, 1215, 55, P0
2026/07/31 22:10:24.559, 41.98, 250.00, 0, 1140, 1215, 55, P0
2026/07/31 22:10:24.759, 41.98, 250.00, 0, 1140, 1215, 55, P0
2026/07/31 22:10:24.960, 42.00, 250.00, 0, 1140, 1215, 55, P0
2026/07/31 22:10:25.160, 42.00, 250.00, 0, 1140, 1215, 55, P0
2026/07/31 22:10:25.360, 41.90, 250.00, 0, 1140, 1215, 55, P0
2026/07/31 22:10:25.561, 41.79, 250.00, 0, 1140, 1215, 55, P0
2026/07/31 22:10:25.761, 41.80, 250.00, 0, 1140, 1215, 55, P0
2026/07/31 22:10:25.962, 41.88, 250.00, 0, 1140, 1215, 55, P0
2026/07/31 22:10:26.162, 41.80, 250.00, 0, 1140, 1215, 55, P0
2026/07/31 22:10:26.362, 41.69, 250.00, 0, 1140, 1215, 55, P0
2026/07/31 22:10:26.563, 41.69, 250.00, 0, 1140, 1215, 55, P0
2026/07/31 22:10:26.763, 41.60, 250.00, 0, 1140, 1215, 54, P0
2026/07/31 22:10:26.963, 41.50, 250.00, 0, 1140, 1215, 54, P0
2026/07/31 22:10:27.164, 41.57, 250.00, 0, 1140, 1215, 54, P0
2026/07/31 22:10:27.364, 41.48, 250.00, 0, 1140, 1215, 54, P0
2026/07/31 22:10:27.565, 41.47, 250.00, 0, 1140, 1215, 54, P0
2026/07/31 22:10:27.765, 41.39, 250.00, 0, 1140, 1215, 54, P0
2026/07/31 22:10:27.965, 41.39, 250.00, 0, 1140, 1215, 54, P0
2026/07/31 22:10:28.166, 41.31, 250.00, 0, 1140, 1215, 54, P0
2026/07/31 22:10:28.366, 41.39, 250.00, 0, 1140, 1215, 54, P0
2026/07/31 22:10:28.567, 41.31, 250.00, 0, 1140, 1215, 54, P0
2026/07/31 22:10:28.767, 41.30, 250.00, 0, 1140, 1215, 54, P0
2026/07/31 22:10:28.967, 41.31, 250.00, 0, 1140, 1215, 54, P0
2026/07/31 22:10:29.168, 41.31, 250.00, 0, 1140, 1215, 54, P0
2026/07/31 22:10:29.368, 41.10, 250.00, 0, 1140, 1215, 54, P0
2026/07/31 22:10:29.569, 41.19, 250.00, 0, 1140, 1215, 53, P0
2026/07/31 22:10:29.769, 41.11, 250.00, 0, 1140, 1215, 53, P0
2026/07/31 22:10:29.969, 41.11, 250.00, 0, 1140, 1215, 53, P0
2026/07/31 22:10:30.170, 41.11, 250.00, 0, 1140, 1215, 53, P0
2026/07/31 22:10:30.370, 41.10, 250.00, 0, 1140, 1215, 53, P0
2026/07/31 22:10:30.571, 41.08, 250.00, 0, 1140, 1215, 53, P0
2026/07/31 22:10:30.771, 41.00, 250.00, 0, 1140, 1215, 53, P0
2026/07/31 22:10:30.971, 40.90, 250.00, 0, 1140, 1215, 53, P0
2026/07/31 22:10:31.172, 40.90, 250.00, 0, 1140, 1215, 53, P0
2026/07/31 22:10:31.372, 40.79, 250.00, 0, 1140, 1215, 53, P0
2026/07/31 22:10:31.572, 40.89, 250.00, 0, 1140, 1215, 53, P0
2026/07/31 22:10:31.773, 40.79, 250.00, 0, 1140, 1215, 53, P0
2026/07/31 22:10:31.973, 40.79, 250.00, 0, 1140, 1215, 53, P0
2026/07/31 22:10:32.174, 40.71, 250.00, 0, 1140, 1215, 53, P0
2026/07/31 22:10:32.374, 40.79, 250.00, 0, 1140, 1215, 53, P0
2026/07/31 22:10:32.575, 40.70, 250.00, 0, 1140, 1215, 53, P0
2026/07/31 22:10:32.775, 40.60, 250.00, 0, 1140, 1215, 52, P0
2026/07/31 22:10:32.975, 40.60, 250.00, 0, 1140, 1215, 52, P0
2026/07/31 22:10:33.176, 40.58, 250.00, 0, 1140, 1215, 52, P0
2026/07/31 22:10:33.376, 40.58, 250.00, 0, 1140, 1215, 52, P0
2026/07/31 22:10:33.577, 40.50, 250.00, 0, 1140, 1215, 52, P0
2026/07/31 22:10:33.777, 40.50, 250.00, 0, 1140, 1215, 52, P0
2026/07/31 22:10:33.977, 40.60, 250.00, 0, 1140, 1215, 52, P0
2026/07/31 22:10:34.178, 40.60, 250.00, 0, 1140, 1215, 52, P0
2026/07/31 22:10:34.378, 40.49, 250.00, 0, 1140, 1215, 52, P0
2026/07/31 22:10:34.579, 40.52, 250.00, 0, 1140, 1215, 52, P0
2026/07/31 22:10:34.779, 40.48, 250.00, 0, 1140, 1215, 52, P0
2026/07/31 22:10:34.979, 40.41, 250.00, 0, 1140, 1215, 52, P0
2026/07/31 22:10:35.180, 40.41, 250.00, 0, 1140, 1215, 52, P0
2026/07/31 22:10:35.380, 40.41, 250.00, 0, 1140, 1215, 52, P0
2026/07/31 22:10:35.581, 40.39, 250.00, 0, 1140, 1215, 52, P0
2026/07/31 22:10:35.781, 40.29, 250.00, 0, 1140, 1215, 52, P0
2026/07/31 22:10:35.982, 40.24, 250.00, 12, 1140, 1215, 52, P0
2026/07/31 22:10:36.182, 40.31, 250.00, 0, 1140, 1215, 52, P0
2026/07/31 22:10:36.382, 40.21, 250.00, 0, 1140, 1215, 51, P0
2026/07/31 22:10:36.583, 40.21, 250.00, 0, 1140, 1215, 51, P0
2026/07/31 22:10:36.783, 174.23, 250.00, 0, 1140, 1215, 54, P0
2026/07/31 22:10:36.984, 182.39, 250.00, 27, 1140, 1215, 57, P0
2026/07/31 22:10:37.185, 223.68, 250.00, 100, 1305, 1215, 58, P0
2026/07/31 22:10:37.389, 246.56, 250.00, 99, 1305, 1215, 61, P0
2026/07/31 22:10:37.589, 255.48, 250.00, 97, 1305, 1215, 62, P0
2026/07/31 22:10:37.789, 249.10, 250.00, 100, 1305, 1215, 63, P0
2026/07/31 22:10:37.990, 254.05, 250.00, 96, 1290, 1215, 63, P0
2026/07/31 22:10:38.190, 254.45, 250.00, 100, 1320, 1215, 63, P0
2026/07/31 22:10:38.391, 237.99, 250.00, 95, 1305, 1215, 64, P0
2026/07/31 22:10:38.591, 253.10, 250.00, 100, 1290, 1215, 64, P0
2026/07/31 22:10:38.792, 267.31, 250.00, 100, 1305, 1215, 64, P0
2026/07/31 22:10:38.992, 253.89, 250.00, 96, 1305, 1215, 64, P0
2026/07/31 22:10:39.192, 246.47, 250.00, 100, 1350, 1215, 64, P0
2026/07/31 22:10:39.393, 238.28, 250.00, 96, 1305, 1215, 65, P0
2026/07/31 22:10:39.593, 257.80, 250.00, 100, 1290, 1215, 65, P0
2026/07/31 22:10:39.794, 263.69, 250.00, 100, 1305, 1215, 65, P0
2026/07/31 22:10:39.997, 246.27, 250.00, 96, 1395, 1215, 65, P0
2026/07/31 22:10:40.198, 211.02, 250.00, 98, 1410, 1215, 61, P0
2026/07/31 22:10:40.399, 277.83, 250.00, 74, 1290, 1215, 65, P0
2026/07/31 22:10:40.602, 252.67, 250.00, 100, 1305, 1215, 65, P0
2026/07/31 22:10:40.806, 254.09, 250.00, 98, 1305, 1215, 65, P0
2026/07/31 22:10:41.008, 260.61, 250.00, 100, 1305, 1215, 66, P0
2026/07/31 22:10:41.209, 234.67, 250.00, 96, 1305, 1215, 65, P0
2026/07/31 22:10:41.410, 252.71, 250.00, 100, 1290, 1215, 66, P0
2026/07/31 22:10:41.610, 273.53, 250.00, 96, 1305, 1215, 66, P0
2026/07/31 22:10:41.811, 258.95, 250.00, 100, 1305, 1215, 66, P0
2026/07/31 22:10:42.011, 251.88, 250.00, 99, 1320, 1215, 65, P0
2026/07/31 22:10:42.212, 250.02, 250.00, 96, 1290, 1215, 66, P0
2026/07/31 22:10:42.412, 246.38, 250.00, 100, 1275, 1215, 66, P0
2026/07/31 22:10:42.613, 274.68, 250.00, 96, 1305, 1215, 66, P0
2026/07/31 22:10:42.813, 250.18, 250.00, 100, 1305, 1215, 66, P0
2026/07/31 22:10:43.014, 257.92, 250.00, 100, 1335, 1215, 67, P0
2026/07/31 22:10:43.214, 249.31, 250.00, 96, 1305, 1215, 67, P0
2026/07/31 22:10:43.414, 253.89, 250.00, 100, 1260, 1215, 67, P0
2026/07/31 22:10:43.615, 239.53, 250.00, 95, 1350, 1215, 66, P0
2026/07/31 22:10:43.815, 245.20, 250.00, 100, 1305, 1215, 67, P0
2026/07/31 22:10:44.016, 247.72, 250.00, 100, 1305, 1215, 67, P0
2026/07/31 22:10:44.216, 267.19, 250.00, 96, 1305, 1215, 67, P0
2026/07/31 22:10:44.417, 255.63, 250.00, 100, 1305, 1215, 67, P0
2026/07/31 22:10:44.617, 249.55, 250.00, 100, 1290, 1215, 67, P0
2026/07/31 22:10:44.817, 258.69, 250.00, 96, 1305, 1215, 68, P0
2026/07/31 22:10:45.018, 246.49, 250.00, 100, 1305, 1215, 68, P0
2026/07/31 22:10:45.218, 238.63, 250.00, 100, 1305, 1215, 68, P0
2026/07/31 22:10:45.419, 216.07, 250.00, 95, 1395, 1215, 64, P0
2026/07/31 22:10:45.619, 261.36, 250.00, 81, 1275, 1215, 66, P0
2026/07/31 22:10:45.820, 252.92, 250.00, 100, 1290, 1215, 67, P0
2026/07/31 22:10:46.020, 265.78, 250.00, 96, 1305, 1215, 67, P0
2026/07/31 22:10:46.221, 250.77, 250.00, 100, 1290, 1215, 67, P0
2026/07/31 22:10:46.421, 190.07, 250.00, 97, 1290, 1215, 66, P0
2026/07/31 22:10:46.622, 253.92, 250.00, 98, 1290, 1215, 67, P0
2026/07/31 22:10:46.822, 245.73, 250.00, 100, 1290, 1215, 68, P0
2026/07/31 22:10:47.022, 255.98, 250.00, 96, 1305, 1215, 68, P0
2026/07/31 22:10:47.223, 247.15, 250.00, 100, 1290, 1215, 68, P0
2026/07/31 22:10:47.423, 227.52, 250.00, 96, 1335, 1215, 67, P0
2026/07/31 22:10:47.624, 256.06, 250.00, 100, 1290, 1215, 68, P0
2026/07/31 22:10:47.824, 239.59, 250.00, 100, 1275, 1215, 68, P0
2026/07/31 22:10:48.024, 253.96, 250.00, 100, 1290, 1215, 68, P0
2026/07/31 22:10:48.225, 248.49, 250.00, 96, 1305, 1215, 68, P0
2026/07/31 22:10:48.425, 231.63, 250.00, 100, 1320, 1215, 68, P0
2026/07/31 22:10:48.626, 246.31, 250.00, 96, 1305, 1215, 69, P0
2026/07/31 22:10:48.827, 240.78, 250.00, 100, 1275, 1215, 68, P0
2026/07/31 22:10:49.027, 263.32, 250.00, 100, 1320, 1215, 68, P0
2026/07/31 22:10:49.227, 256.85, 250.00, 95, 1305, 1215, 69, P0
2026/07/31 22:10:49.428, 243.89, 250.00, 100, 1320, 1215, 68, P0
2026/07/31 22:10:49.628, 220.42, 250.00, 98, 1410, 1215, 65, P0
2026/07/31 22:10:49.829, 316.34, 250.00, 94, 1290, 1215, 67, P0
2026/07/31 22:10:50.029, 250.59, 250.00, 75, 1290, 1215, 68, P0
2026/07/31 22:10:50.230, 221.44, 250.00, 100, 1290, 1215, 68, P0
2026/07/31 22:10:50.430, 262.59, 250.00, 95, 1290, 1215, 68, P0
2026/07/31 22:10:50.631, 250.51, 250.00, 100, 1320, 1215, 67, P0
2026/07/31 22:10:50.831, 253.68, 250.00, 95, 1290, 1215, 69, P0
2026/07/31 22:10:51.032, 252.80, 250.00, 100, 1290, 1215, 69, P0
2026/07/31 22:10:51.232, 256.88, 250.00, 100, 1305, 1215, 69, P0
2026/07/31 22:10:51.433, 251.10, 250.00, 95, 1290, 1215, 69, P0
2026/07/31 22:10:51.633, 245.77, 250.00, 100, 1350, 1215, 69, P0
2026/07/31 22:10:51.833, 252.54, 250.00, 96, 1290, 1215, 69, P0
2026/07/31 22:10:52.034, 251.00, 250.00, 100, 1275, 1215, 69, P0
2026/07/31 22:10:52.234, 268.14, 250.00, 100, 1290, 1215, 69, P0
2026/07/31 22:10:52.435, 250.12, 250.00, 95, 1305, 1215, 69, P0
2026/07/31 22:10:52.635, 242.26, 250.00, 100, 1305, 1215, 69, P0
2026/07/31 22:10:52.835, 258.68, 250.00, 96, 1305, 1215, 70, P0
2026/07/31 22:10:53.036, 254.18, 250.00, 100, 1290, 1215, 69, P0
2026/07/31 22:10:53.236, 225.45, 250.00, 100, 1305, 1215, 69, P0
2026/07/31 22:10:53.437, 245.35, 250.00, 96, 1290, 1215, 70, P0
2026/07/31 22:10:53.637, 239.68, 250.00, 100, 1290, 1215, 69, P0
2026/07/31 22:10:53.837, 189.11, 250.00, 100, 1395, 1215, 68, P0
2026/07/31 22:10:54.038, 224.54, 250.00, 61, 1410, 1215, 66, P0
2026/07/31 22:10:54.239, 268.04, 250.00, 79, 1275, 1215, 68, P0
2026/07/31 22:10:54.439, 249.85, 250.00, 95, 1290, 1215, 69, P0
2026/07/31 22:10:54.640, 266.54, 250.00, 100, 1305, 1215, 69, P0
2026/07/31 22:10:54.840, 253.65, 250.00, 96, 1290, 1215, 69, P0
2026/07/31 22:10:55.041, 207.68, 250.00, 100, 1320, 1215, 68, P0
2026/07/31 22:10:55.241, 242.34, 250.00, 96, 1290, 1215, 69, P0
2026/07/31 22:10:55.441, 252.64, 250.00, 100, 1275, 1215, 70, P0
2026/07/31 22:10:55.642, 262.01, 250.00, 95, 1290, 1215, 70, P0
2026/07/31 22:10:55.842, 255.13, 250.00, 100, 1290, 1215, 70, P0
2026/07/31 22:10:56.043, 237.05, 250.00, 100, 1320, 1215, 70, P0
2026/07/31 22:10:56.243, 247.85, 250.00, 96, 1290, 1215, 70, P0
2026/07/31 22:10:56.444, 235.67, 250.00, 100, 1260, 1215, 70, P0
2026/07/31 22:10:56.644, 250.82, 250.00, 96, 1305, 1215, 70, P0
2026/07/31 22:10:56.845, 252.41, 250.00, 100, 1290, 1215, 70, P0
2026/07/31 22:10:57.045, 216.08, 250.00, 100, 1365, 1215, 70, P0
2026/07/31 22:10:57.246, 249.37, 250.00, 95, 1290, 1215, 70, P0
2026/07/31 22:10:57.446, 235.65, 250.00, 100, 1290, 1215, 70, P0
2026/07/31 22:10:57.646, 269.50, 250.00, 100, 1320, 1215, 71, P0
2026/07/31 22:10:57.847, 254.99, 250.00, 95, 1305, 1215, 71, P0
2026/07/31 22:10:58.047, 205.73, 250.00, 100, 1380, 1215, 69, P0
2026/07/31 22:10:58.248, 256.40, 250.00, 95, 1410, 1215, 67, P0
2026/07/31 22:10:58.448, 253.62, 250.00, 80, 1290, 1215, 70, P0
2026/07/31 22:10:58.649, 247.01, 250.00, 100, 1290, 1215, 70, P0
2026/07/31 22:10:58.849, 253.02, 250.00, 95, 1290, 1215, 70, P0
2026/07/31 22:10:59.050, 254.55, 250.00, 100, 1290, 1215, 70, P0
2026/07/31 22:10:59.250, 252.65, 250.00, 96, 1290, 1215, 70, P0
2026/07/31 22:10:59.451, 238.27, 250.00, 100, 1275, 1215, 70, P0
2026/07/31 22:10:59.651, 258.97, 250.00, 100, 1335, 1215, 70, P0
2026/07/31 22:10:59.851, 250.08, 250.00, 96, 1290, 1215, 71, P0
2026/07/31 22:11:00.052, 247.31, 250.00, 100, 1275, 1215, 71, P0
2026/07/31 22:11:00.253, 265.13, 250.00, 95, 1290, 1215, 71, P0
2026/07/31 22:11:00.453, 244.76, 250.00, 100, 1290, 1215, 71, P0
2026/07/31 22:11:00.653, 251.97, 250.00, 100, 1350, 1215, 70, P0
2026/07/31 22:11:00.854, 255.87, 250.00, 96, 1290, 1215, 71, P0
2026/07/31 22:11:01.054, 252.43, 250.00, 100, 1275, 1215, 71, P0
2026/07/31 22:11:01.255, 192.56, 250.00, 96, 1290, 1215, 71, P0
2026/07/31 22:11:01.455, 257.04, 250.00, 100, 1290, 1215, 71, P0
2026/07/31 22:11:01.656, 248.50, 250.00, 100, 1290, 1215, 71, P0
2026/07/31 22:11:01.856, 258.88, 250.00, 96, 1305, 1215, 72, P0
2026/07/31 22:11:02.056, 249.12, 250.00, 100, 1290, 1215, 71, P0
2026/07/31 22:11:02.259, 217.76, 250.00, 96, 1410, 1215, 68, P0
2026/07/31 22:11:02.459, 264.34, 250.00, 78, 1275, 1215, 70, P0
2026/07/31 22:11:02.660, 244.01, 250.00, 100, 1275, 1215, 70, P0
2026/07/31 22:11:02.860, 261.63, 250.00, 96, 1290, 1215, 71, P0
2026/07/31 22:11:03.060, 241.93, 250.00, 100, 1290, 1215, 71, P0
2026/07/31 22:11:03.261, 241.99, 250.00, 98, 1305, 1215, 71, P0
2026/07/31 22:11:03.461, 250.06, 250.00, 97, 1290, 1215, 71, P0
2026/07/31 22:11:03.662, 248.24, 250.00, 100, 1260, 1215, 71, P0
2026/07/31 22:11:03.862, 253.01, 250.00, 96, 1275, 1215, 71, P0
2026/07/31 22:11:04.063, 245.72, 250.00, 100, 1290, 1215, 71, P0
2026/07/31 22:11:04.263, 190.57, 250.00, 96, 1305, 1215, 71, P0
2026/07/31 22:11:04.463, 257.45, 250.00, 100, 1290, 1215, 72, P0
2026/07/31 22:11:04.664, 245.41, 250.00, 100, 1275, 1215, 71, P0
2026/07/31 22:11:04.864, 254.85, 250.00, 96, 1290, 1215, 72, P0
2026/07/31 22:11:05.065, 253.41, 250.00, 100, 1290, 1215, 72, P0
2026/07/31 22:11:05.265, 242.80, 250.00, 98, 1350, 1215, 71, P0
2026/07/31 22:11:05.466, 250.33, 250.00, 97, 1290, 1215, 72, P0
2026/07/31 22:11:05.666, 255.69, 250.00, 100, 1290, 1215, 72, P0
2026/07/31 22:11:05.867, 261.36, 250.00, 96, 1305, 1215, 72, P0
2026/07/31 22:11:06.067, 244.36, 250.00, 100, 1305, 1215, 72, P0
2026/07/31 22:11:06.267, 244.74, 250.00, 100, 1275, 1215, 72, P0
2026/07/31 22:11:06.468, 254.37, 250.00, 95, 1290, 1215, 72, P0
2026/07/31 22:11:06.668, 248.77, 250.00, 100, 1290, 1215, 72, P0
2026/07/31 22:11:06.869, 244.73, 250.00, 100, 1290, 1215, 72, P0
2026/07/31 22:11:07.069, 251.20, 250.00, 96, 1290, 1215, 72, P0
2026/07/31 22:11:07.270, 237.01, 250.00, 100, 1275, 1215, 72, P0
2026/07/31 22:11:07.470, 232.68, 250.00, 99, 1350, 1215, 71, P0
2026/07/31 22:11:07.670, 173.27, 250.00, 86, 1410, 1215, 67, P0
2026/07/31 22:11:07.871, 244.55, 250.00, 78, 1290, 1215, 71, P0
2026/07/31 22:11:08.071, 247.29, 250.00, 100, 1275, 1215, 71, P0
2026/07/31 22:11:08.272, 251.08, 250.00, 96, 1275, 1215, 72, P0
2026/07/31 22:11:08.472, 245.65, 250.00, 100, 1275, 1215, 72, P0
2026/07/31 22:11:08.674, 269.89, 250.00, 94, 1305, 1215, 72, P0
2026/07/31 22:11:08.874, 256.09, 250.00, 100, 1290, 1215, 72, P0
2026/07/31 22:11:09.074, 245.33, 250.00, 100, 1275, 1215, 72, P0
2026/07/31 22:11:09.275, 256.28, 250.00, 96, 1290, 1215, 72, P0
2026/07/31 22:11:09.475, 258.41, 250.00, 100, 1275, 1215, 72, P0
2026/07/31 22:11:09.676, 259.93, 250.00, 100, 1305, 1215, 72, P0
2026/07/31 22:11:09.876, 246.96, 250.00, 96, 1290, 1215, 72, P0
2026/07/31 22:11:10.077, 255.00, 250.00, 100, 1290, 1215, 72, P0
2026/07/31 22:11:10.277, 249.26, 250.00, 100, 1290, 1215, 73, P0
2026/07/31 22:11:10.478, 250.79, 250.00, 96, 1290, 1215, 73, P0
2026/07/31 22:11:10.678, 246.29, 250.00, 100, 1320, 1215, 72, P0
2026/07/31 22:11:10.879, 252.36, 250.00, 96, 1290, 1215, 73, P0
2026/07/31 22:11:11.079, 252.80, 250.00, 100, 1290, 1215, 73, P0
2026/07/31 22:11:11.280, 232.00, 250.00, 100, 1305, 1215, 73, P0
2026/07/31 22:11:11.480, 249.83, 250.00, 96, 1275, 1215, 73, P0
2026/07/31 22:11:11.680, 242.61, 250.00, 100, 1290, 1215, 73, P0
2026/07/31 22:11:11.881, 241.33, 250.00, 100, 1290, 1215, 73, P0
2026/07/31 22:11:12.081, 243.19, 250.00, 96, 1290, 1215, 73, P0
2026/07/31 22:11:12.282, 245.90, 250.00, 100, 1290, 1215, 73, P0
2026/07/31 22:11:12.482, 260.90, 250.00, 100, 1320, 1215, 73, P0
2026/07/31 22:11:12.683, 232.96, 250.00, 94, 1395, 1215, 70, P0
2026/07/31 22:11:12.883, 122.86, 250.00, 97, 1320, 1215, 71, P0
2026/07/31 22:11:13.084, 245.89, 250.00, 79, 1275, 1215, 72, P0
2026/07/31 22:11:13.284, 241.99, 250.00, 100, 1320, 1215, 71, P0
2026/07/31 22:11:13.485, 257.26, 250.00, 96, 1290, 1215, 73, P0
2026/07/31 22:11:13.685, 245.40, 250.00, 100, 1290, 1215, 73, P0
2026/07/31 22:11:13.888, 261.87, 250.00, 98, 1275, 1215, 73, P0
2026/07/31 22:11:14.088, 245.50, 250.00, 97, 1290, 1215, 73, P0
2026/07/31 22:11:14.289, 233.96, 250.00, 100, 1290, 1215, 73, P0
2026/07/31 22:11:14.489, 251.47, 250.00, 96, 1290, 1215, 73, P0
2026/07/31 22:11:14.689, 255.14, 250.00, 100, 1275, 1215, 73, P0
2026/07/31 22:11:14.890, 255.79, 250.00, 95, 1290, 1215, 73, P0
2026/07/31 22:11:15.090, 245.62, 250.00, 100, 1290, 1215, 73, P0
2026/07/31 22:11:15.291, 215.37, 250.00, 100, 1320, 1215, 73, P0
2026/07/31 22:11:15.491, 250.15, 250.00, 96, 1290, 1215, 73, P0
2026/07/31 22:11:15.692, 244.72, 250.00, 100, 1290, 1215, 73, P0
2026/07/31 22:11:15.892, 262.53, 250.00, 100, 1275, 1215, 74, P0
2026/07/31 22:11:16.093, 255.34, 250.00, 96, 1275, 1215, 74, P0
2026/07/31 22:11:16.293, 251.69, 250.00, 100, 1290, 1215, 73, P0
2026/07/31 22:11:16.494, 246.65, 250.00, 96, 1305, 1215, 74, P0
2026/07/31 22:11:16.694, 254.38, 250.00, 100, 1350, 1215, 72, P0
2026/07/31 22:11:16.895, 85.71, 250.00, 97, 1335, 1215, 69, P0
2026/07/31 22:11:17.095, 251.60, 250.00, 75, 1275, 1215, 73, P0
2026/07/31 22:11:17.295, 248.46, 250.00, 100, 1275, 1215, 72, P0
2026/07/31 22:11:17.496, 253.41, 250.00, 96, 1290, 1215, 73, P0
2026/07/31 22:11:17.696, 250.03, 250.00, 100, 1275, 1215, 73, P0
2026/07/31 22:11:17.897, 257.12, 250.00, 98, 1290, 1215, 74, P0
2026/07/31 22:11:18.097, 243.08, 250.00, 98, 1275, 1215, 73, P0
2026/07/31 22:11:18.298, 187.23, 250.00, 100, 1335, 1215, 73, P0
2026/07/31 22:11:18.498, 234.16, 250.00, 96, 1275, 1215, 73, P0
2026/07/31 22:11:18.699, 254.84, 250.00, 100, 1275, 1215, 74, P0
2026/07/31 22:11:18.899, 246.32, 250.00, 96, 1275, 1215, 74, P0
2026/07/31 22:11:19.100, 248.66, 250.00, 100, 1290, 1215, 74, P0
2026/07/31 22:11:19.300, 252.93, 250.00, 100, 1365, 1215, 73, P0
2026/07/31 22:11:19.500, 251.46, 250.00, 96, 1290, 1215, 74, P0
2026/07/31 22:11:19.701, 248.67, 250.00, 100, 1290, 1215, 74, P0
2026/07/31 22:11:19.901, 263.48, 250.00, 98, 1275, 1215, 74, P0
2026/07/31 22:11:20.102, 257.14, 250.00, 98, 1290, 1215, 74, P0
2026/07/31 22:11:20.302, 255.42, 250.00, 100, 1290, 1215, 74, P0
2026/07/31 22:11:20.503, 244.65, 250.00, 96, 1290, 1215, 74, P0
2026/07/31 22:11:20.703, 242.55, 250.00, 100, 1275, 1215, 74, P0
2026/07/31 22:11:20.903, 239.90, 250.00, 100, 1335, 1215, 74, P0
2026/07/31 22:11:21.104, 245.37, 250.00, 96, 1275, 1215, 74, P0
2026/07/31 22:11:21.304, 240.87, 250.00, 100, 1275, 1215, 74, P0
2026/07/31 22:11:21.505, 227.57, 250.00, 100, 1320, 1215, 74, P0
2026/07/31 22:11:21.705, 206.81, 250.00, 56, 1410, 1215, 69, P0
2026/07/31 22:11:21.906, 116.21, 250.00, 72, 1410, 1215, 67, P0
2026/07/31 22:11:22.106, 249.31, 250.00, 66, 1290, 1215, 72, P0
2026/07/31 22:11:22.307, 251.48, 250.00, 100, 1275, 1215, 73, P0
2026/07/31 22:11:22.507, 257.91, 250.00, 96, 1290, 1215, 74, P0
2026/07/31 22:11:22.708, 263.93, 250.00, 100, 1275, 1215, 74, P0
2026/07/31 22:11:22.908, 173.76, 250.00, 96, 1275, 1215, 73, P0
2026/07/31 22:11:23.110, 248.59, 250.00, 100, 1275, 1215, 74, P0
2026/07/31 22:11:23.317, 244.92, 250.00, 100, 1290, 1215, 74, P0
2026/07/31 22:11:23.518, 258.77, 250.00, 95, 1290, 1215, 74, P0
2026/07/31 22:11:23.718, 249.92, 250.00, 100, 1305, 1215, 74, P0
2026/07/31 22:11:23.919, 242.30, 250.00, 96, 1275, 1215, 74, P0
2026/07/31 22:11:24.119, 253.11, 250.00, 100, 1260, 1215, 74, P0
2026/07/31 22:11:24.320, 246.82, 250.00, 100, 1290, 1215, 74, P0
2026/07/31 22:11:24.520, 254.17, 250.00, 96, 1290, 1215, 74, P0
2026/07/31 22:11:24.721, 256.77, 250.00, 100, 1275, 1215, 74, P0
2026/07/31 22:11:24.921, 246.49, 250.00, 96, 1290, 1215, 75, P0
2026/07/31 22:11:25.122, 254.53, 250.00, 100, 1245, 1215, 74, P0
2026/07/31 22:11:25.322, 253.47, 250.00, 100, 1350, 1215, 74, P0
2026/07/31 22:11:25.522, 247.50, 250.00, 96, 1290, 1215, 75, P0
2026/07/31 22:11:25.723, 246.06, 250.00, 100, 1290, 1215, 75, P0
2026/07/31 22:11:25.923, 249.14, 250.00, 100, 1335, 1215, 75, P0
2026/07/31 22:11:26.124, 241.35, 250.00, 96, 1290, 1215, 75, P0
2026/07/31 22:11:26.324, 246.85, 250.00, 100, 1290, 1215, 75, P0
2026/07/31 22:11:26.525, 246.87, 250.00, 100, 1305, 1215, 75, P0
2026/07/31 22:11:26.725, 248.20, 250.00, 96, 1290, 1215, 75, P0
2026/07/31 22:11:26.925, 257.82, 250.00, 100, 1290, 1215, 75, P0
2026/07/31 22:11:27.126, 268.17, 250.00, 100, 1305, 1215, 75, P0
2026/07/31 22:11:27.327, 259.45, 250.00, 95, 1275, 1215, 75, P0
2026/07/31 22:11:27.527, 254.44, 250.00, 100, 1290, 1215, 75, P0
2026/07/31 22:11:27.727, 166.54, 250.00, 100, 1395, 1215, 73, P0
2026/07/31 22:11:27.928, 239.66, 250.00, 65, 1410, 1215, 72, P0
2026/07/31 22:11:28.128, 263.19, 250.00, 87, 1350, 1215, 72, P0
2026/07/31 22:11:28.329, 248.08, 250.00, 66, 1275, 1215, 74, P0
2026/07/31 22:11:28.529, 252.83, 250.00, 100, 1320, 1215, 74, P0
2026/07/31 22:11:28.730, 251.11, 250.00, 96, 1290, 1215, 74, P0
2026/07/31 22:11:28.930, 254.94, 250.00, 100, 1290, 1215, 75, P0
2026/07/31 22:11:29.131, 253.61, 250.00, 96, 1290, 1215, 74, P0
2026/07/31 22:11:29.331, 253.31, 250.00, 100, 1290, 1215, 75, P0
2026/07/31 22:11:29.532, 266.48, 250.00, 100, 1290, 1215, 74, P0
2026/07/31 22:11:29.732, 251.75, 250.00, 96, 1290, 1215, 75, P0
2026/07/31 22:11:29.933, 244.90, 250.00, 100, 1275, 1215, 75, P0
2026/07/31 22:11:30.133, 247.46, 250.00, 96, 1290, 1215, 75, P0
2026/07/31 22:11:30.333, 253.29, 250.00, 100, 1290, 1215, 75, P0
2026/07/31 22:11:30.534, 274.78, 250.00, 100, 1335, 1215, 75, P0
2026/07/31 22:11:30.734, 248.97, 250.00, 100, 1290, 1215, 75, P0
2026/07/31 22:11:30.935, 238.65, 250.00, 95, 1275, 1215, 75, P0
2026/07/31 22:11:31.135, 253.79, 250.00, 100, 1290, 1215, 75, P0
2026/07/31 22:11:31.335, 257.95, 250.00, 96, 1290, 1215, 75, P0
2026/07/31 22:11:31.536, 241.63, 250.00, 100, 1290, 1215, 75, P0
2026/07/31 22:11:31.736, 261.36, 250.00, 100, 1290, 1215, 75, P0
2026/07/31 22:11:31.937, 249.42, 250.00, 94, 1275, 1215, 75, P0
2026/07/31 22:11:32.137, 242.10, 250.00, 100, 1335, 1215, 75, P0
2026/07/31 22:11:32.337, 244.17, 250.00, 100, 1290, 1215, 75, P0
2026/07/31 22:11:32.538, 251.66, 250.00, 95, 1290, 1215, 75, P0
2026/07/31 22:11:32.738, 240.84, 250.00, 100, 1365, 1215, 75, P0
2026/07/31 22:11:32.939, 251.83, 250.00, 100, 1305, 1215, 75, P0
2026/07/31 22:11:33.139, 231.05, 250.00, 95, 1395, 1215, 73, P0
2026/07/31 22:11:33.339, 276.57, 250.00, 98, 1275, 1215, 74, P0
2026/07/31 22:11:33.540, 250.72, 250.00, 81, 1290, 1215, 75, P0
2026/07/31 22:11:33.740, 236.70, 250.00, 100, 1290, 1215, 75, P0
2026/07/31 22:11:33.941, 253.00, 250.00, 98, 1290, 1215, 75, P0
2026/07/31 22:11:34.141, 249.47, 250.00, 97, 1260, 1215, 74, P0
2026/07/31 22:11:34.342, 248.58, 250.00, 100, 1275, 1215, 75, P0
2026/07/31 22:11:34.542, 248.54, 250.00, 95, 1290, 1215, 75, P0
2026/07/31 22:11:34.742, 267.70, 250.00, 100, 1290, 1215, 75, P0
2026/07/31 22:11:34.943, 240.59, 250.00, 96, 1275, 1215, 75, P0
2026/07/31 22:11:35.143, 234.12, 250.00, 100, 1290, 1215, 75, P0
2026/07/31 22:11:35.344, 253.09, 250.00, 100, 1290, 1215, 75, P0
2026/07/31 22:11:35.544, 253.01, 250.00, 95, 1275, 1215, 75, P0
2026/07/31 22:11:35.744, 255.22, 250.00, 100, 1305, 1215, 75, P0
2026/07/31 22:11:35.945, 206.76, 250.00, 95, 1395, 1215, 73, P0
2026/07/31 22:11:36.145, 309.25, 250.00, 99, 1275, 1215, 74, P0
2026/07/31 22:11:36.346, 249.84, 250.00, 78, 1275, 1215, 75, P0
2026/07/31 22:11:36.546, 199.16, 250.00, 100, 1290, 1215, 75, P0
2026/07/31 22:11:36.747, 254.75, 250.00, 94, 1290, 1215, 75, P0
2026/07/31 22:11:36.947, 256.07, 250.00, 100, 1230, 1215, 75, P0
2026/07/31 22:11:37.148, 255.40, 250.00, 100, 1275, 1215, 76, P0
2026/07/31 22:11:37.348, 245.23, 250.00, 96, 1275, 1215, 75, P0
2026/07/31 22:11:37.549, 256.70, 250.00, 100, 1290, 1215, 75, P0
2026/07/31 22:11:37.749, 255.20, 250.00, 96, 1290, 1215, 76, P0
2026/07/31 22:11:37.950, 241.81, 250.00, 100, 1290, 1215, 75, P0
2026/07/31 22:11:38.150, 252.27, 250.00, 100, 1290, 1215, 76, P0
2026/07/31 22:11:38.351, 240.94, 250.00, 96, 1275, 1215, 76, P0
2026/07/31 22:11:38.551, 266.14, 250.00, 100, 1290, 1215, 76, P0
2026/07/31 22:11:38.751, 247.72, 250.00, 96, 1290, 1215, 76, P0
2026/07/31 22:11:38.952, 249.87, 250.00, 100, 1275, 1215, 76, P0
2026/07/31 22:11:39.152, 250.16, 250.00, 100, 1290, 1215, 76, P0
2026/07/31 22:11:39.353, 244.95, 250.00, 96, 1275, 1215, 76, P0
2026/07/31 22:11:39.553, 212.90, 250.00, 100, 1320, 1215, 75, P0
2026/07/31 22:11:39.754, 246.68, 250.00, 98, 1290, 1215, 76, P0
2026/07/31 22:11:39.954, 232.21, 250.00, 97, 1320, 1215, 75, P0
2026/07/31 22:11:40.155, 75.20, 250.00, 99, 1410, 1215, 70, P0
2026/07/31 22:11:40.355, 253.12, 250.00, 71, 1275, 1215, 75, P0
2026/07/31 22:11:40.556, 245.26, 250.00, 92, 1275, 1215, 75, P0
2026/07/31 22:11:40.756, 252.60, 250.00, 100, 1290, 1215, 76, P0
2026/07/31 22:11:40.956, 245.93, 250.00, 95, 1275, 1215, 76, P0
2026/07/31 22:11:41.157, 255.27, 250.00, 100, 1275, 1215, 76, P0
2026/07/31 22:11:41.357, 253.02, 250.00, 96, 1290, 1215, 76, P0
2026/07/31 22:11:41.558, 232.36, 250.00, 100, 1350, 1215, 75, P0
2026/07/31 22:11:41.758, 257.62, 250.00, 97, 1290, 1215, 76, P0
2026/07/31 22:11:41.959, 248.85, 250.00, 99, 1275, 1215, 76, P0
2026/07/31 22:11:42.159, 246.45, 250.00, 100, 1290, 1215, 76, P0
2026/07/31 22:11:42.359, 251.59, 250.00, 96, 1290, 1215, 76, P0
2026/07/31 22:11:42.560, 216.51, 250.00, 100, 1305, 1215, 76, P0
2026/07/31 22:11:42.760, 251.20, 250.00, 98, 1290, 1215, 76, P0
2026/07/31 22:11:42.961, 241.65, 250.00, 97, 1260, 1215, 76, P0
2026/07/31 22:11:43.161, 264.64, 250.00, 100, 1290, 1215, 76, P0
2026/07/31 22:11:43.362, 248.02, 250.00, 95, 1290, 1215, 76, P0
2026/07/31 22:11:43.562, 242.11, 250.00, 100, 1290, 1215, 76, P0
2026/07/31 22:11:43.763, 257.92, 250.00, 100, 1290, 1215, 77, P0
2026/07/31 22:11:43.963, 246.87, 250.00, 96, 1275, 1215, 76, P0
2026/07/31 22:11:44.164, 254.34, 250.00, 100, 1290, 1215, 76, P0
2026/07/31 22:11:44.364, 263.77, 250.00, 100, 1290, 1215, 77, P0
2026/07/31 22:11:44.565, 247.35, 250.00, 96, 1275, 1215, 76, P0
2026/07/31 22:11:44.765, 255.21, 250.00, 100, 1290, 1215, 77, P0
2026/07/31 22:11:44.965, 254.08, 250.00, 98, 1305, 1215, 76, P0
2026/07/31 22:11:45.166, 207.40, 250.00, 95, 1395, 1215, 73, P0
2026/07/31 22:11:45.366, 303.50, 250.00, 93, 1260, 1215, 75, P0
2026/07/31 22:11:45.567, 254.96, 250.00, 83, 1275, 1215, 76, P0
2026/07/31 22:11:45.767, 204.73, 250.00, 100, 1290, 1215, 76, P0
2026/07/31 22:11:45.968, 262.23, 250.00, 95, 1275, 1215, 76, P0
2026/07/31 22:11:46.168, 246.97, 250.00, 100, 1245, 1215, 75, P0
2026/07/31 22:11:46.369, 252.50, 250.00, 95, 1290, 1215, 76, P0
2026/07/31 22:11:46.569, 255.81, 250.00, 100, 1275, 1215, 76, P0
2026/07/31 22:11:46.769, 268.48, 250.00, 100, 1275, 1215, 76, P0
2026/07/31 22:11:46.970, 249.88, 250.00, 95, 1290, 1215, 76, P0
2026/07/31 22:11:47.170, 240.74, 250.00, 100, 1290, 1215, 76, P0
2026/07/31 22:11:47.371, 250.51, 250.00, 94, 1290, 1215, 76, P0
2026/07/31 22:11:47.571, 248.14, 250.00, 100, 1275, 1215, 76, P0
2026/07/31 22:11:47.772, 275.06, 250.00, 100, 1290, 1215, 77, P0
2026/07/31 22:11:47.972, 259.92, 250.00, 95, 1275, 1215, 77, P0
2026/07/31 22:11:48.172, 245.14, 250.00, 100, 1275, 1215, 76, P0
2026/07/31 22:11:48.373, 257.50, 250.00, 96, 1290, 1215, 77, P0
2026/07/31 22:11:48.573, 251.37, 250.00, 99, 1275, 1215, 77, P0
2026/07/31 22:11:48.774, 231.89, 250.00, 100, 1395, 1215, 74, P0
2026/07/31 22:11:48.974, 72.70, 250.00, 96, 1290, 1215, 74, P0
2026/07/31 22:11:49.175, 254.75, 250.00, 67, 1275, 1215, 76, P0
2026/07/31 22:11:49.375, 249.91, 250.00, 100, 1365, 1215, 75, P0
2026/07/31 22:11:49.576, 245.71, 250.00, 95, 1290, 1215, 76, P0
2026/07/31 22:11:49.776, 250.99, 250.00, 100, 1275, 1215, 76, P0
2026/07/31 22:11:49.977, 259.10, 250.00, 98, 1275, 1215, 76, P0
2026/07/31 22:11:50.177, 254.92, 250.00, 97, 1290, 1215, 77, P0
2026/07/31 22:11:50.378, 181.99, 250.00, 100, 1305, 1215, 76, P0
2026/07/31 22:11:50.578, 250.03, 250.00, 95, 1290, 1215, 77, P0
2026/07/31 22:11:50.779, 248.26, 250.00, 100, 1275, 1215, 76, P0
2026/07/31 22:11:50.979, 253.02, 250.00, 95, 1275, 1215, 77, P0
2026/07/31 22:11:51.180, 247.55, 250.00, 100, 1275, 1215, 77, P0
2026/07/31 22:11:51.380, 236.93, 250.00, 100, 1335, 1215, 76, P0
2026/07/31 22:11:51.580, 257.57, 250.00, 95, 1275, 1215, 77, P0
2026/07/31 22:11:51.781, 238.59, 250.00, 100, 1260, 1215, 77, P0
2026/07/31 22:11:51.981, 254.92, 250.00, 100, 1275, 1215, 77, P0
2026/07/31 22:11:52.182, 256.39, 250.00, 95, 1275, 1215, 77, P0
2026/07/31 22:11:52.382, 252.42, 250.00, 100, 1290, 1215, 77, P0
2026/07/31 22:11:52.583, 253.67, 250.00, 95, 1275, 1215, 77, P0
2026/07/31 22:11:52.783, 255.14, 250.00, 100, 1260, 1215, 77, P0
2026/07/31 22:11:52.984, 246.02, 250.00, 100, 1275, 1215, 76, P0
2026/07/31 22:11:53.184, 242.04, 250.00, 94, 1290, 1215, 77, P0
2026/07/31 22:11:53.385, 251.10, 250.00, 100, 1290, 1215, 77, P0
2026/07/31 22:11:53.585, 201.31, 250.00, 100, 1380, 1215, 75, P0
2026/07/31 22:11:53.786, 76.78, 250.00, 94, 1410, 1215, 71, P0
2026/07/31 22:11:53.986, 256.28, 250.00, 75, 1275, 1215, 76, P0
2026/07/31 22:11:54.187, 250.09, 250.00, 100, 1275, 1215, 76, P0
2026/07/31 22:11:54.387, 247.07, 250.00, 95, 1275, 1215, 77, P0
2026/07/31 22:11:54.588, 245.04, 250.00, 100, 1275, 1215, 77, P0
2026/07/31 22:11:54.788, 246.40, 250.00, 98, 1275, 1215, 77, P0
2026/07/31 22:11:54.989, 247.43, 250.00, 97, 1275, 1215, 77, P0
2026/07/31 22:11:55.189, 201.53, 250.00, 100, 1365, 1215, 76, P0
2026/07/31 22:11:55.389, 252.65, 250.00, 95, 1290, 1215, 77, P0
2026/07/31 22:11:55.590, 240.79, 250.00, 100, 1260, 1215, 77, P0
2026/07/31 22:11:55.790, 257.21, 250.00, 96, 1275, 1215, 77, P0
2026/07/31 22:11:55.991, 251.79, 250.00, 96, 1290, 1215, 77, P0
2026/07/31 22:11:56.191, 226.05, 250.00, 100, 1275, 1215, 77, P0
2026/07/31 22:11:56.392, 252.22, 250.00, 100, 1275, 1215, 77, P0
2026/07/31 22:11:56.592, 249.43, 250.00, 92, 1275, 1215, 77, P0
2026/07/31 22:11:56.793, 253.51, 250.00, 100, 1290, 1215, 77, P0
2026/07/31 22:11:56.993, 243.18, 250.00, 100, 1290, 1215, 77, P0
2026/07/31 22:11:57.194, 248.70, 250.00, 95, 1275, 1215, 77, P0
2026/07/31 22:11:57.394, 234.86, 250.00, 100, 1275, 1215, 77, P0
2026/07/31 22:11:57.594, 253.89, 250.00, 95, 1275, 1215, 77, P0
2026/07/31 22:11:57.795, 243.95, 250.00, 100, 1275, 1215, 77, P0
2026/07/31 22:11:57.995, 262.35, 250.00, 100, 1305, 1215, 77, P0
2026/07/31 22:11:58.196, 257.12, 250.00, 95, 1350, 1215, 77, P0
2026/07/31 22:11:58.396, 224.52, 250.00, 100, 1410, 1215, 71, P0
2026/07/31 22:11:58.597, 258.59, 250.00, 94, 1275, 1215, 76, P0
2026/07/31 22:11:58.797, 250.29, 250.00, 54, 1275, 1215, 76, P0
2026/07/31 22:11:58.998, 269.40, 250.00, 100, 1275, 1215, 77, P0
2026/07/31 22:11:59.198, 252.75, 250.00, 96, 1275, 1215, 77, P0
2026/07/31 22:11:59.398, 198.37, 250.00, 100, 1290, 1215, 77, P0
2026/07/31 22:11:59.599, 251.84, 250.00, 98, 1275, 1215, 77, P0
2026/07/31 22:11:59.799, 247.31, 250.00, 97, 1275, 1215, 77, P0
2026/07/31 22:12:00.000, 253.48, 250.00, 100, 1290, 1215, 77, P0
2026/07/31 22:12:00.200, 248.51, 250.00, 96, 1275, 1215, 77, P0
2026/07/31 22:12:00.401, 215.46, 250.00, 100, 1275, 1215, 77, P0
2026/07/31 22:12:00.601, 240.64, 250.00, 95, 1275, 1215, 77, P0
2026/07/31 22:12:00.801, 251.35, 250.00, 100, 1275, 1215, 77, P0
2026/07/31 22:12:01.002, 251.02, 250.00, 100, 1290, 1215, 77, P0
2026/07/31 22:12:01.202, 245.34, 250.00, 95, 1275, 1215, 77, P0
2026/07/31 22:12:01.403, 239.53, 250.00, 100, 1365, 1215, 77, P0
2026/07/31 22:12:01.603, 249.81, 250.00, 100, 1290, 1215, 78, P0
2026/07/31 22:12:01.804, 258.66, 250.00, 96, 1260, 1215, 77, P0
2026/07/31 22:12:02.004, 276.29, 250.00, 100, 1290, 1215, 78, P0
2026/07/31 22:12:02.205, 249.26, 250.00, 96, 1290, 1215, 77, P0
2026/07/31 22:12:02.405, 253.70, 250.00, 100, 1275, 1215, 78, P0
2026/07/31 22:12:02.605, 242.58, 250.00, 100, 1290, 1215, 78, P0
2026/07/31 22:12:02.806, 237.32, 250.00, 96, 1290, 1215, 78, P0
2026/07/31 22:12:03.006, 246.67, 250.00, 100, 1290, 1215, 78, P0
2026/07/31 22:12:03.207, 228.69, 250.00, 100, 1395, 1215, 74, P0
2026/07/31 22:12:03.407, 243.05, 250.00, 97, 1260, 1215, 76, P0
2026/07/31 22:12:03.608, 250.07, 250.00, 78, 1275, 1215, 77, P0
2026/07/31 22:12:03.808, 264.43, 250.00, 100, 1275, 1215, 77, P0
2026/07/31 22:12:04.009, 251.56, 250.00, 96, 1275, 1215, 77, P0
2026/07/31 22:12:04.209, 194.93, 250.00, 100, 1320, 1215, 77, P0
2026/07/31 22:12:04.410, 255.42, 250.00, 96, 1275, 1215, 77, P0
2026/07/31 22:12:04.610, 250.62, 250.00, 100, 1275, 1215, 77, P0
2026/07/31 22:12:04.810, 251.95, 250.00, 100, 1275, 1215, 77, P0
2026/07/31 22:12:05.011, 257.26, 250.00, 96, 1290, 1215, 78, P0
2026/07/31 22:12:05.211, 274.37, 250.00, 100, 1320, 1215, 77, P0
2026/07/31 22:12:05.412, 257.71, 250.00, 96, 1275, 1215, 78, P0
2026/07/31 22:12:05.612, 249.67, 250.00, 100, 1260, 1215, 77, P0
2026/07/31 22:12:05.813, 257.98, 250.00, 100, 1290, 1215, 78, P0
2026/07/31 22:12:06.013, 249.06, 250.00, 96, 1290, 1215, 78, P0
2026/07/31 22:12:06.213, 222.18, 250.00, 100, 1305, 1215, 77, P0
2026/07/31 22:12:06.414, 250.09, 250.00, 98, 1275, 1215, 78, P0
2026/07/31 22:12:06.614, 237.82, 250.00, 97, 1290, 1215, 78, P0
2026/07/31 22:12:06.816, 268.07, 250.00, 100, 1275, 1215, 78, P0
2026/07/31 22:12:07.016, 249.72, 250.00, 96, 1260, 1215, 78, P0
2026/07/31 22:12:07.219, 245.79, 250.00, 100, 1275, 1215, 78, P0
2026/07/31 22:12:07.424, 249.67, 250.00, 96, 1275, 1215, 78, P0
2026/07/31 22:12:07.625, 246.58, 250.00, 100, 1290, 1215, 78, P0
2026/07/31 22:12:07.825, 248.65, 250.00, 100, 1305, 1215, 77, P0
2026/07/31 22:12:08.025, 253.35, 250.00, 95, 1305, 1215, 78, P0
2026/07/31 22:12:08.226, 228.29, 250.00, 99, 1395, 1215, 75, P0
2026/07/31 22:12:08.426, 74.61, 250.00, 70, 1410, 1215, 71, P0
2026/07/31 22:12:08.627, 68.20, 250.00, 0, 1410, 1215, 69, P0
2026/07/31 22:12:08.827, 67.13, 250.00, 0, 1410, 1215, 68, P0
2026/07/31 22:12:09.027, 66.54, 250.00, 0, 1410, 1215, 67, P0
2026/07/31 22:12:09.228, 66.15, 250.00, 0, 1410, 1215, 66, P0
2026/07/31 22:12:09.428, 65.84, 250.00, 0, 1410, 1215, 66, P0
2026/07/31 22:12:09.628, 65.36, 250.00, 0, 1410, 1215, 66, P0
2026/07/31 22:12:09.829, 65.26, 250.00, 0, 1410, 1215, 65, P0
2026/07/31 22:12:10.029, 64.96, 250.00, 0, 1410, 1215, 65, P0
2026/07/31 22:12:10.230, 64.89, 250.00, 0, 1140, 1215, 65, P0
2026/07/31 22:12:10.430, 46.72, 250.00, 0, 1140, 1215, 64, P0
2026/07/31 22:12:10.630, 46.70, 250.00, 0, 1140, 1215, 64, P0
2026/07/31 22:12:10.831, 46.40, 250.00, 0, 1140, 1215, 64, P0
2026/07/31 22:12:11.031, 46.31, 250.00, 0, 1140, 1215, 63, P0
2026/07/31 22:12:11.231, 45.96, 250.00, 0, 1140, 1215, 63, P0
2026/07/31 22:12:11.432, 46.02, 250.00, 0, 1140, 1215, 63, P0
2026/07/31 22:12:11.632, 45.79, 250.00, 0, 1140, 1215, 63, P0
2026/07/31 22:12:11.833, 45.71, 250.00, 0, 1140, 1215, 63, P0
2026/07/31 22:12:12.033, 45.73, 250.00, 0, 1140, 1215, 63, P0
2026/07/31 22:12:12.233, 45.63, 250.00, 0, 1140, 1215, 62, P0
2026/07/31 22:12:12.434, 45.53, 250.00, 0, 1140, 1215, 62, P0
2026/07/31 22:12:12.634, 45.47, 250.00, 0, 1140, 1215, 62, P0
2026/07/31 22:12:12.834, 45.31, 250.00, 0, 1140, 1215, 62, P0
2026/07/31 22:12:13.035, 45.31, 250.00, 0, 1140, 1215, 62, P0
2026/07/31 22:12:13.235, 45.14, 250.00, 0, 1140, 1215, 62, P0
2026/07/31 22:12:13.436, 45.15, 250.00, 0, 1140, 1215, 62, P0
2026/07/31 22:12:13.636, 45.15, 250.00, 0, 1140, 1215, 61, P0
2026/07/31 22:12:13.836, 45.14, 250.00, 0, 1140, 1215, 61, P0
2026/07/31 22:12:14.037, 45.05, 250.00, 0, 1140, 1215, 61, P0
2026/07/31 22:12:14.237, 44.87, 250.00, 0, 1140, 1215, 61, P0
2026/07/31 22:12:14.438, 44.84, 250.00, 0, 1140, 1215, 61, P0
2026/07/31 22:12:14.638, 44.64, 250.00, 0, 1140, 1215, 61, P0
2026/07/31 22:12:14.838, 44.76, 250.00, 0, 1140, 1215, 61, P0
2026/07/31 22:12:15.039, 44.66, 250.00, 0, 1140, 1215, 61, P0
2026/07/31 22:12:15.239, 44.64, 250.00, 0, 1140, 1215, 61, P0
2026/07/31 22:12:15.439, 44.53, 250.00, 0, 1140, 1215, 61, P0
2026/07/31 22:12:15.640, 44.52, 250.00, 0, 1140, 1215, 60, P0
2026/07/31 22:12:15.840, 44.53, 250.00, 0, 1140, 1215, 60, P0
2026/07/31 22:12:16.041, 44.45, 250.00, 0, 1140, 1215, 60, P0
2026/07/31 22:12:16.241, 44.35, 250.00, 0, 1140, 1215, 60, P0
2026/07/31 22:12:16.441, 44.16, 250.00, 0, 1140, 1215, 60, P0
2026/07/31 22:12:16.642, 44.27, 250.00, 0, 1140, 1215, 60, P0
2026/07/31 22:12:16.842, 44.15, 250.00, 0, 1140, 1215, 60, P0
2026/07/31 22:12:17.042, 44.16, 250.00, 0, 1140, 1215, 60, P0
2026/07/31 22:12:17.243, 44.09, 250.00, 0, 1140, 1215, 60, P0
2026/07/31 22:12:17.443, 44.06, 250.00, 0, 1140, 1215, 60, P0
2026/07/31 22:12:17.644, 43.95, 250.00, 0, 1140, 1215, 59, P0
2026/07/31 22:12:17.844, 43.85, 250.00, 0, 1140, 1215, 59, P0
2026/07/31 22:12:18.046, 43.94, 250.00, 0, 1140, 1215, 59, P0
2026/07/31 22:12:18.248, 43.83, 250.00, 0, 1140, 1215, 59, P0
2026/07/31 22:12:18.449, 43.74, 250.00, 0, 1140, 1215, 59, P0
2026/07/31 22:12:18.649, 43.74, 250.00, 0, 1140, 1215, 59, P0
2026/07/31 22:12:18.849, 43.63, 250.00, 0, 1140, 1215, 59, P0
2026/07/31 22:12:19.050, 43.65, 250.00, 0, 1140, 1215, 59, P0
2026/07/31 22:12:19.250, 43.65, 250.00, 0, 1140, 1215, 59, P0
2026/07/31 22:12:19.451, 43.66, 250.00, 0, 1140, 1215, 59, P0
2026/07/31 22:12:19.651, 43.57, 250.00, 0, 1140, 1215, 59, P0
2026/07/31 22:12:19.851, 43.44, 250.00, 0, 1140, 1215, 58, P0
2026/07/31 22:12:20.052, 43.47, 250.00, 0, 1140, 1215, 58, P0
2026/07/31 22:12:20.252, 43.32, 250.00, 0, 1140, 1215, 58, P0
2026/07/31 22:12:20.452, 43.36, 250.00, 0, 1140, 1215, 58, P0
2026/07/31 22:12:20.653, 43.36, 250.00, 0, 1140, 1215, 58, P0
2026/07/31 22:12:20.853, 43.23, 250.00, 0, 1140, 1215, 58, P0
2026/07/31 22:12:21.053, 43.18, 250.00, 0, 1140, 1215, 58, P0
2026/07/31 22:12:21.254, 43.17, 250.00, 0, 1140, 1215, 58, P0
2026/07/31 22:12:21.454, 43.18, 250.00, 0, 1140, 1215, 58, P0
2026/07/31 22:12:21.654, 43.15, 250.00, 0, 1140, 1215, 58, P0
2026/07/31 22:12:21.855, 43.15, 250.00, 0, 1140, 1215, 58, P0
2026/07/31 22:12:22.055, 42.97, 250.00, 0, 1140, 1215, 58, P0
2026/07/31 22:12:22.256, 42.99, 250.00, 0, 1140, 1215, 58, P0
2026/07/31 22:12:22.456, 42.98, 250.00, 0, 1140, 1215, 57, P0
2026/07/31 22:12:22.656, 42.98, 250.00, 0, 1140, 1215, 57, P0
2026/07/31 22:12:22.857, 42.87, 250.00, 0, 1140, 1215, 57, P0
2026/07/31 22:12:23.057, 42.89, 250.00, 0, 1140, 1215, 57, P0
2026/07/31 22:12:23.258, 42.83, 250.00, 0, 1140, 1215, 57, P0
2026/07/31 22:12:23.458, 42.69, 250.00, 0, 1140, 1215, 57, P0
2026/07/31 22:12:23.658, 42.69, 250.00, 0, 1140, 1215, 57, P0
2026/07/31 22:12:23.859, 42.79, 250.00, 0, 1140, 1215, 57, P0
2026/07/31 22:12:24.059, 42.67, 250.00, 0, 1140, 1215, 57, P0
2026/07/31 22:12:24.259, 42.67, 250.00, 0, 1140, 1215, 57, P0
2026/07/31 22:12:24.460, 42.69, 250.00, 0, 1140, 1215, 57, P0
2026/07/31 22:12:24.660, 42.55, 250.00, 0, 1140, 1215, 57, P0
2026/07/31 22:12:24.860, 42.87, 250.00, 0, 1140, 1215, 57, P0
2026/07/31 22:12:25.061, 42.84, 250.00, 0, 1140, 1215, 57, P0
2026/07/31 22:12:25.261, 42.77, 250.00, 0, 1140, 1215, 56, P0
2026/07/31 22:12:25.462, 42.77, 250.00, 0, 1140, 1215, 56, P0
2026/07/31 22:12:25.662, 42.60, 250.00, 0, 1140, 1215, 56, P0
2026/07/31 22:12:25.862, 42.60, 250.00, 0, 1140, 1215, 56, P0
2026/07/31 22:12:26.063, 42.60, 250.00, 0, 1140, 1215, 56, P0
2026/07/31 22:12:26.263, 42.50, 250.00, 0, 1140, 1215, 56, P0
2026/07/31 22:12:26.463, 42.50, 250.00, 0, 1140, 1215, 56, P0
2026/07/31 22:12:26.664, 42.48, 250.00, 0, 1140, 1215, 56, P0
2026/07/31 22:12:26.864, 42.47, 250.00, 0, 1140, 1215, 56, P0
2026/07/31 22:12:27.065, 42.30, 250.00, 0, 1140, 1215, 56, P0
2026/07/31 22:12:27.265, 42.30, 250.00, 10, 1140, 1215, 56, P0
2026/07/31 22:12:27.465, 42.30, 250.00, 0, 1140, 1215, 56, P0
2026/07/31 22:12:27.666, 42.27, 250.00, 0, 1140, 1215, 56, P0
2026/07/31 22:12:27.866, 42.07, 250.00, 0, 1140, 1215, 56, P0
2026/07/31 22:12:28.067, 44.95, 250.00, 0, 1140, 1215, 59, P0
2026/07/31 22:12:28.267, 250.52, 250.00, 49, 1290, 1215, 63, P0
2026/07/31 22:12:28.468, 253.37, 250.00, 100, 1320, 1215, 64, P0
2026/07/31 22:12:28.668, 257.14, 250.00, 96, 1290, 1215, 66, P0
2026/07/31 22:12:28.868, 253.61, 250.00, 100, 1290, 1215, 67, P0
2026/07/31 22:12:29.069, 251.39, 250.00, 98, 1275, 1215, 67, P0
2026/07/31 22:12:29.269, 256.26, 250.00, 97, 1290, 1215, 67, P0
2026/07/31 22:12:29.470, 251.52, 250.00, 100, 1290, 1215, 68, P0
2026/07/31 22:12:29.670, 255.87, 250.00, 96, 1290, 1215, 68, P0
2026/07/31 22:12:29.870, 250.23, 250.00, 100, 1320, 1215, 68, P0
2026/07/31 22:12:30.071, 248.22, 250.00, 96, 1290, 1215, 68, P0
2026/07/31 22:12:30.271, 249.83, 250.00, 100, 1305, 1215, 69, P0
2026/07/31 22:12:30.472, 245.98, 250.00, 100, 1305, 1215, 69, P0
2026/07/31 22:12:30.672, 245.59, 250.00, 96, 1290, 1215, 69, P0
2026/07/31 22:12:30.873, 236.81, 250.00, 100, 1290, 1215, 69, P0
2026/07/31 22:12:31.073, 247.66, 250.00, 96, 1290, 1215, 69, P0
2026/07/31 22:12:31.274, 245.67, 250.00, 100, 1305, 1215, 69, P0
2026/07/31 22:12:31.474, 223.16, 250.00, 97, 1410, 1215, 66, P0
2026/07/31 22:12:31.675, 237.54, 250.00, 95, 1410, 1215, 65, P0
2026/07/31 22:12:31.875, 224.24, 250.00, 96, 1410, 1215, 65, P0
2026/07/31 22:12:32.076, 228.97, 250.00, 95, 1410, 1215, 65, P0
2026/07/31 22:12:32.276, 223.19, 250.00, 96, 1410, 1215, 65, P0
2026/07/31 22:12:32.477, 224.11, 250.00, 94, 1410, 1215, 65, P0
2026/07/31 22:12:32.677, 222.72, 250.00, 95, 1410, 1215, 65, P0
2026/07/31 22:12:32.878, 223.88, 250.00, 95, 1410, 1215, 65, P0
2026/07/31 22:12:33.078, 237.43, 250.00, 95, 1410, 1215, 65, P0
2026/07/31 22:12:33.279, 222.35, 250.00, 95, 1410, 1215, 65, P0
2026/07/31 22:12:33.479, 231.26, 250.00, 94, 1410, 1215, 65, P0
2026/07/31 22:12:33.680, 223.55, 250.00, 95, 1410, 1215, 65, P0
2026/07/31 22:12:33.880, 230.59, 250.00, 94, 1410, 1215, 65, P0
2026/07/31 22:12:34.081, 224.66, 250.00, 95, 1410, 1215, 65, P0
2026/07/31 22:12:34.281, 223.97, 250.00, 95, 1410, 1215, 65, P0
2026/07/31 22:12:34.482, 224.47, 250.00, 95, 1410, 1215, 65, P0
2026/07/31 22:12:34.682, 224.01, 250.00, 95, 1410, 1215, 65, P0
2026/07/31 22:12:34.883, 235.33, 250.00, 95, 1410, 1215, 65, P0
2026/07/31 22:12:35.083, 224.20, 250.00, 95, 1410, 1215, 65, P0
2026/07/31 22:12:35.284, 230.60, 250.00, 94, 1410, 1215, 65, P0
2026/07/31 22:12:35.484, 222.62, 250.00, 95, 1410, 1215, 65, P0
2026/07/31 22:12:35.685, 224.90, 250.00, 95, 1410, 1215, 65, P0
2026/07/31 22:12:35.885, 223.40, 250.00, 95, 1410, 1215, 65, P0
2026/07/31 22:12:36.086, 224.62, 250.00, 95, 1410, 1215, 65, P0
2026/07/31 22:12:36.286, 234.99, 250.00, 94, 1410, 1215, 65, P0
2026/07/31 22:12:36.487, 225.50, 250.00, 95, 1410, 1215, 65, P0
2026/07/31 22:12:36.687, 232.43, 250.00, 94, 1410, 1215, 66, P0
2026/07/31 22:12:36.888, 222.74, 250.00, 95, 1410, 1215, 66, P0
2026/07/31 22:12:37.088, 224.13, 250.00, 95, 1410, 1215, 66, P0
2026/07/31 22:12:37.289, 224.49, 250.00, 95, 1410, 1215, 66, P0
2026/07/31 22:12:37.489, 266.64, 250.00, 80, 1275, 1215, 68, P0
2026/07/31 22:12:37.690, 254.26, 250.00, 84, 1275, 1215, 69, P0
2026/07/31 22:12:37.890, 251.68, 250.00, 100, 1335, 1215, 69, P0
2026/07/31 22:12:38.091, 238.86, 250.00, 96, 1290, 1215, 70, P0
2026/07/31 22:12:38.291, 246.22, 250.00, 100, 1290, 1215, 70, P0
2026/07/31 22:12:38.492, 265.80, 250.00, 96, 1275, 1215, 71, P0
2026/07/31 22:12:38.692, 257.92, 250.00, 100, 1290, 1215, 71, P0
2026/07/31 22:12:38.893, 198.96, 250.00, 98, 1290, 1215, 71, P0
2026/07/31 22:12:39.093, 250.91, 250.00, 98, 1290, 1215, 71, P0
2026/07/31 22:12:39.293, 241.72, 250.00, 100, 1275, 1215, 71, P0
2026/07/31 22:12:39.494, 251.69, 250.00, 96, 1305, 1215, 71, P0
2026/07/31 22:12:39.695, 253.17, 250.00, 100, 1290, 1215, 71, P0
2026/07/31 22:12:39.895, 200.05, 250.00, 97, 1290, 1215, 71, P0
2026/07/31 22:12:40.095, 254.08, 250.00, 99, 1290, 1215, 71, P0
2026/07/31 22:12:40.296, 240.21, 250.00, 100, 1290, 1215, 71, P0
2026/07/31 22:12:40.496, 267.31, 250.00, 96, 1290, 1215, 72, P0
2026/07/31 22:12:40.697, 252.63, 250.00, 100, 1290, 1215, 72, P0
2026/07/31 22:12:40.897, 243.86, 250.00, 100, 1320, 1215, 71, P0
2026/07/31 22:12:41.098, 262.70, 250.00, 96, 1305, 1215, 72, P0
2026/07/31 22:12:41.298, 248.78, 250.00, 100, 1290, 1215, 72, P0
2026/07/31 22:12:41.499, 228.89, 250.00, 98, 1320, 1215, 71, P0
2026/07/31 22:12:41.699, 254.27, 250.00, 97, 1305, 1215, 72, P0
2026/07/31 22:12:41.900, 249.92, 250.00, 100, 1305, 1215, 72, P0
2026/07/31 22:12:42.100, 231.87, 250.00, 95, 1320, 1215, 72, P0
2026/07/31 22:12:42.301, 253.86, 250.00, 100, 1305, 1215, 72, P0
2026/07/31 22:12:42.501, 239.24, 250.00, 100, 1320, 1215, 72, P0
2026/07/31 22:12:42.702, 220.44, 250.00, 98, 1395, 1215, 69, P0
2026/07/31 22:12:42.902, 237.74, 250.00, 94, 1410, 1215, 68, P0
2026/07/31 22:12:43.103, 228.07, 250.00, 95, 1410, 1215, 68, P0
2026/07/31 22:12:43.303, 240.57, 250.00, 95, 1410, 1215, 68, P0
2026/07/31 22:12:43.504, 225.04, 250.00, 94, 1410, 1215, 68, P0
2026/07/31 22:12:43.704, 226.38, 250.00, 95, 1410, 1215, 67, P0
2026/07/31 22:12:43.905, 238.38, 250.00, 95, 1410, 1215, 67, P0
2026/07/31 22:12:44.105, 226.76, 250.00, 95, 1410, 1215, 68, P0
2026/07/31 22:12:44.306, 228.56, 250.00, 96, 1410, 1215, 67, P0
2026/07/31 22:12:44.506, 227.49, 250.00, 95, 1410, 1215, 67, P0
2026/07/31 22:12:44.707, 226.10, 250.00, 95, 1410, 1215, 67, P0
2026/07/31 22:12:44.907, 234.71, 250.00, 95, 1410, 1215, 67, P0
2026/07/31 22:12:45.108, 226.48, 250.00, 94, 1410, 1215, 67, P0
2026/07/31 22:12:45.308, 227.89, 250.00, 96, 1410, 1215, 68, P0
2026/07/31 22:12:45.509, 231.96, 250.00, 96, 1410, 1215, 67, P0
2026/07/31 22:12:45.709, 227.10, 250.00, 95, 1410, 1215, 67, P0
2026/07/31 22:12:45.910, 226.46, 250.00, 95, 1410, 1215, 68, P0
2026/07/31 22:12:46.111, 231.88, 250.00, 95, 1410, 1215, 67, P0
2026/07/31 22:12:46.311, 226.54, 250.00, 94, 1410, 1215, 68, P0
2026/07/31 22:12:46.512, 228.65, 250.00, 95, 1410, 1215, 68, P0
2026/07/31 22:12:46.712, 237.78, 250.00, 95, 1410, 1215, 67, P0
2026/07/31 22:12:46.912, 228.45, 250.00, 95, 1410, 1215, 68, P0
2026/07/31 22:12:47.113, 228.40, 250.00, 96, 1410, 1215, 68, P0
2026/07/31 22:12:47.314, 244.15, 250.00, 95, 1410, 1215, 68, P0
2026/07/31 22:12:47.514, 227.52, 250.00, 94, 1410, 1215, 68, P0
2026/07/31 22:12:47.715, 227.81, 250.00, 96, 1410, 1215, 68, P0
2026/07/31 22:12:47.915, 226.55, 250.00, 95, 1410, 1215, 68, P0
2026/07/31 22:12:48.116, 228.75, 250.00, 95, 1410, 1215, 68, P0
2026/07/31 22:12:48.316, 236.45, 250.00, 96, 1410, 1215, 68, P0
2026/07/31 22:12:48.517, 221.54, 250.00, 94, 1410, 1215, 68, P0
2026/07/31 22:12:48.717, 228.15, 250.00, 95, 1410, 1215, 68, P0
2026/07/31 22:12:48.918, 242.18, 250.00, 95, 1410, 1215, 68, P0
2026/07/31 22:12:49.118, 130.95, 250.00, 90, 1410, 1215, 67, P0
2026/07/31 22:12:49.319, 246.26, 250.00, 86, 1275, 1215, 71, P0
2026/07/31 22:12:49.519, 252.32, 250.00, 100, 1290, 1215, 71, P0
2026/07/31 22:12:49.720, 253.96, 250.00, 95, 1290, 1215, 72, P0
2026/07/31 22:12:49.920, 250.53, 250.00, 100, 1260, 1215, 72, P0
2026/07/31 22:12:50.121, 251.97, 250.00, 96, 1290, 1215, 72, P0
2026/07/31 22:12:50.324, 251.40, 250.00, 100, 1290, 1215, 73, P0
2026/07/31 22:12:50.525, 186.65, 250.00, 98, 1290, 1215, 72, P0
2026/07/31 22:12:50.726, 252.93, 250.00, 97, 1290, 1215, 73, P0
2026/07/31 22:12:50.926, 248.97, 250.00, 100, 1290, 1215, 73, P0
2026/07/31 22:12:51.129, 250.90, 250.00, 95, 1290, 1215, 73, P0
2026/07/31 22:12:51.329, 245.79, 250.00, 100, 1290, 1215, 73, P0
2026/07/31 22:12:51.530, 234.15, 250.00, 98, 1290, 1215, 73, P0
2026/07/31 22:12:51.730, 253.29, 250.00, 98, 1290, 1215, 73, P0
2026/07/31 22:12:51.931, 250.62, 250.00, 98, 1290, 1215, 73, P0
2026/07/31 22:12:52.131, 256.36, 250.00, 100, 1290, 1215, 73, P0
2026/07/31 22:12:52.331, 245.31, 250.00, 96, 1275, 1215, 73, P0
2026/07/31 22:12:52.532, 253.39, 250.00, 100, 1350, 1215, 73, P0
2026/07/31 22:12:52.732, 244.74, 250.00, 100, 1305, 1215, 74, P0
2026/07/31 22:12:52.933, 249.14, 250.00, 96, 1290, 1215, 74, P0
2026/07/31 22:12:53.133, 239.82, 250.00, 100, 1410, 1215, 70, P0
2026/07/31 22:12:53.334, 229.17, 250.00, 97, 1410, 1215, 70, P0
2026/07/31 22:12:53.534, 228.87, 250.00, 95, 1410, 1215, 69, P0
2026/07/31 22:12:53.735, 228.37, 250.00, 95, 1410, 1215, 69, P0
2026/07/31 22:12:53.935, 228.03, 250.00, 95, 1410, 1215, 69, P0
2026/07/31 22:12:54.136, 223.63, 250.00, 95, 1410, 1215, 69, P0
2026/07/31 22:12:54.336, 228.19, 250.00, 95, 1410, 1215, 69, P0
2026/07/31 22:12:54.536, 232.84, 250.00, 95, 1410, 1215, 69, P0
2026/07/31 22:12:54.737, 227.90, 250.00, 96, 1410, 1215, 69, P0
2026/07/31 22:12:54.937, 228.24, 250.00, 95, 1410, 1215, 69, P0
2026/07/31 22:12:55.138, 227.54, 250.00, 95, 1410, 1215, 69, P0
2026/07/31 22:12:55.339, 228.24, 250.00, 95, 1410, 1215, 69, P0
2026/07/31 22:12:55.539, 238.64, 250.00, 95, 1410, 1215, 69, P0
2026/07/31 22:12:55.740, 228.30, 250.00, 95, 1410, 1215, 69, P0
2026/07/31 22:12:55.940, 233.63, 250.00, 95, 1410, 1215, 69, P0
2026/07/31 22:12:56.141, 228.32, 250.00, 95, 1410, 1215, 69, P0
2026/07/31 22:12:56.341, 227.90, 250.00, 95, 1410, 1215, 69, P0
2026/07/31 22:12:56.542, 242.45, 250.00, 96, 1410, 1215, 69, P0
2026/07/31 22:12:56.742, 227.09, 250.00, 95, 1410, 1215, 69, P0
2026/07/31 22:12:56.943, 235.25, 250.00, 95, 1410, 1215, 69, P0
2026/07/31 22:12:57.143, 228.47, 250.00, 95, 1410, 1215, 69, P0
2026/07/31 22:12:57.344, 229.23, 250.00, 94, 1410, 1215, 69, P0
2026/07/31 22:12:57.544, 244.66, 250.00, 96, 1410, 1215, 69, P0
2026/07/31 22:12:57.745, 227.65, 250.00, 95, 1410, 1215, 69, P0
2026/07/31 22:12:57.945, 242.53, 250.00, 95, 1410, 1215, 69, P0
2026/07/31 22:12:58.146, 227.92, 250.00, 96, 1410, 1215, 69, P0
2026/07/31 22:12:58.346, 228.99, 250.00, 94, 1410, 1215, 69, P0
2026/07/31 22:12:58.547, 231.00, 250.00, 95, 1410, 1215, 69, P0
2026/07/31 22:12:58.747, 228.04, 250.00, 95, 1410, 1215, 69, P0
2026/07/31 22:12:58.947, 237.17, 250.00, 95, 1410, 1215, 69, P0
2026/07/31 22:12:59.148, 228.15, 250.00, 96, 1410, 1215, 69, P0
2026/07/31 22:12:59.349, 229.29, 250.00, 95, 1410, 1215, 69, P0
2026/07/31 22:12:59.549, 227.09, 250.00, 95, 1410, 1215, 69, P0
2026/07/31 22:12:59.750, 274.20, 250.00, 95, 1290, 1215, 72, P0
2026/07/31 22:12:59.950, 252.44, 250.00, 80, 1290, 1215, 73, P0
2026/07/31 22:13:00.151, 266.63, 250.00, 100, 1290, 1215, 73, P0
2026/07/31 22:13:00.351, 254.15, 250.00, 96, 1290, 1215, 74, P0
2026/07/31 22:13:00.551, 250.53, 250.00, 100, 1305, 1215, 73, P0
2026/07/31 22:13:00.752, 251.73, 250.00, 100, 1275, 1215, 74, P0
2026/07/31 22:13:00.952, 244.34, 250.00, 96, 1290, 1215, 74, P0
2026/07/31 22:13:01.153, 254.68, 250.00, 100, 1290, 1215, 74, P0
2026/07/31 22:13:01.353, 249.43, 250.00, 95, 1290, 1215, 74, P0
2026/07/31 22:13:01.554, 231.48, 250.00, 100, 1350, 1215, 74, P0
2026/07/31 22:13:01.754, 249.96, 250.00, 98, 1290, 1215, 74, P0
2026/07/31 22:13:01.955, 241.03, 250.00, 97, 1275, 1215, 74, P0
2026/07/31 22:13:02.155, 268.27, 250.00, 100, 1290, 1215, 74, P0
2026/07/31 22:13:02.355, 245.37, 250.00, 95, 1290, 1215, 75, P0
2026/07/31 22:13:02.556, 252.03, 250.00, 100, 1290, 1215, 74, P0
2026/07/31 22:13:02.756, 242.79, 250.00, 100, 1290, 1215, 75, P0
2026/07/31 22:13:02.957, 245.01, 250.00, 96, 1275, 1215, 74, P0
2026/07/31 22:13:03.157, 225.90, 250.00, 100, 1350, 1215, 74, P0
2026/07/31 22:13:03.358, 257.71, 250.00, 96, 1290, 1215, 75, P0
2026/07/31 22:13:03.558, 252.98, 250.00, 100, 1290, 1215, 75, P0
2026/07/31 22:13:03.759, 181.71, 250.00, 100, 1395, 1215, 73, P0
2026/07/31 22:13:03.959, 237.10, 250.00, 86, 1410, 1215, 71, P0
2026/07/31 22:13:04.160, 229.49, 250.00, 70, 1410, 1215, 71, P0
2026/07/31 22:13:04.375, 229.61, 250.00, 94, 1410, 1215, 70, P0
2026/07/31 22:13:04.576, 242.89, 250.00, 94, 1410, 1215, 70, P0
2026/07/31 22:13:04.777, 228.62, 250.00, 95, 1410, 1215, 70, P0
2026/07/31 22:13:04.977, 237.89, 250.00, 95, 1410, 1215, 70, P0
2026/07/31 22:13:05.178, 221.43, 250.00, 95, 1410, 1215, 70, P0
2026/07/31 22:13:05.378, 228.73, 250.00, 94, 1410, 1215, 70, P0
2026/07/31 22:13:05.579, 240.49, 250.00, 95, 1410, 1215, 70, P0
2026/07/31 22:13:05.779, 228.90, 250.00, 95, 1410, 1215, 70, P0
2026/07/31 22:13:05.980, 228.40, 250.00, 94, 1410, 1215, 70, P0
2026/07/31 22:13:06.180, 230.01, 250.00, 95, 1410, 1215, 70, P0
2026/07/31 22:13:06.381, 238.07, 250.00, 95, 1410, 1215, 70, P0
2026/07/31 22:13:06.581, 228.32, 250.00, 95, 1410, 1215, 70, P0
2026/07/31 22:13:06.782, 229.40, 250.00, 96, 1410, 1215, 70, P0
2026/07/31 22:13:06.982, 243.40, 250.00, 94, 1410, 1215, 70, P0
2026/07/31 22:13:07.183, 228.93, 250.00, 95, 1410, 1215, 70, P0
2026/07/31 22:13:07.383, 234.54, 250.00, 95, 1410, 1215, 70, P0
2026/07/31 22:13:07.584, 229.00, 250.00, 94, 1410, 1215, 70, P0
2026/07/31 22:13:07.784, 230.61, 250.00, 95, 1410, 1215, 70, P0
2026/07/31 22:13:07.985, 242.54, 250.00, 95, 1410, 1215, 70, P0
2026/07/31 22:13:08.185, 230.06, 250.00, 95, 1410, 1215, 70, P0
2026/07/31 22:13:08.386, 234.19, 250.00, 95, 1410, 1215, 70, P0
2026/07/31 22:13:08.586, 227.89, 250.00, 94, 1410, 1215, 70, P0
2026/07/31 22:13:08.787, 230.61, 250.00, 95, 1410, 1215, 70, P0
2026/07/31 22:13:08.987, 238.08, 250.00, 94, 1410, 1215, 70, P0
2026/07/31 22:13:09.188, 229.12, 250.00, 95, 1410, 1215, 70, P0
2026/07/31 22:13:09.388, 230.15, 250.00, 95, 1410, 1215, 70, P0
2026/07/31 22:13:09.589, 228.52, 250.00, 94, 1410, 1215, 70, P0
2026/07/31 22:13:09.789, 249.40, 250.00, 83, 1275, 1215, 73, P0
2026/07/31 22:13:09.990, 250.03, 250.00, 95, 1290, 1215, 74, P0
2026/07/31 22:13:10.190, 254.10, 250.00, 100, 1290, 1215, 74, P0
2026/07/31 22:13:10.390, 251.33, 250.00, 96, 1290, 1215, 75, P0
2026/07/31 22:13:10.591, 196.64, 250.00, 100, 1290, 1215, 74, P0
2026/07/31 22:13:10.791, 250.62, 250.00, 96, 1290, 1215, 75, P0
2026/07/31 22:13:10.992, 252.32, 250.00, 100, 1275, 1215, 75, P0
2026/07/31 22:13:11.192, 254.25, 250.00, 96, 1290, 1215, 75, P0
2026/07/31 22:13:11.392, 256.74, 250.00, 100, 1290, 1215, 75, P0
2026/07/31 22:13:11.593, 225.66, 250.00, 100, 1305, 1215, 75, P0
2026/07/31 22:13:11.793, 242.43, 250.00, 96, 1290, 1215, 75, P0
2026/07/31 22:13:11.994, 244.57, 250.00, 100, 1275, 1215, 75, P0
2026/07/31 22:13:12.194, 256.37, 250.00, 98, 1290, 1215, 75, P0
2026/07/31 22:13:12.395, 247.52, 250.00, 98, 1290, 1215, 75, P0
2026/07/31 22:13:12.595, 212.31, 250.00, 100, 1320, 1215, 75, P0
2026/07/31 22:13:12.796, 253.09, 250.00, 96, 1290, 1215, 75, P0
2026/07/31 22:13:12.996, 240.77, 250.00, 100, 1290, 1215, 75, P0
2026/07/31 22:13:13.196, 263.11, 250.00, 100, 1305, 1215, 76, P0
2026/07/31 22:13:13.397, 243.21, 250.00, 96, 1290, 1215, 76, P0
2026/07/31 22:13:13.597, 206.69, 250.00, 100, 1395, 1215, 73, P0
2026/07/31 22:13:13.798, 231.88, 250.00, 96, 1410, 1215, 72, P0
2026/07/31 22:13:13.998, 231.47, 250.00, 96, 1410, 1215, 71, P0
2026/07/31 22:13:14.199, 236.23, 250.00, 95, 1410, 1215, 71, P0
2026/07/31 22:13:14.399, 229.76, 250.00, 95, 1410, 1215, 71, P0
2026/07/31 22:13:14.600, 231.21, 250.00, 95, 1410, 1215, 71, P0
2026/07/31 22:13:14.800, 230.04, 250.00, 94, 1410, 1215, 71, P0
2026/07/31 22:13:15.001, 230.74, 250.00, 95, 1410, 1215, 71, P0
2026/07/31 22:13:15.201, 241.75, 250.00, 95, 1410, 1215, 71, P0
2026/07/31 22:13:15.402, 230.12, 250.00, 95, 1410, 1215, 71, P0
2026/07/31 22:13:15.602, 237.22, 250.00, 95, 1410, 1215, 71, P0
2026/07/31 22:13:15.803, 230.43, 250.00, 95, 1410, 1215, 71, P0
2026/07/31 22:13:16.003, 231.47, 250.00, 96, 1410, 1215, 71, P0
2026/07/31 22:13:16.204, 248.56, 250.00, 95, 1410, 1215, 71, P0
2026/07/31 22:13:16.404, 230.73, 250.00, 95, 1410, 1215, 71, P0
2026/07/31 22:13:16.605, 236.34, 250.00, 95, 1410, 1215, 71, P0
2026/07/31 22:13:16.805, 229.02, 250.00, 94, 1410, 1215, 71, P0
2026/07/31 22:13:17.006, 230.65, 250.00, 95, 1410, 1215, 71, P0
2026/07/31 22:13:17.206, 247.35, 250.00, 95, 1410, 1215, 71, P0
2026/07/31 22:13:17.407, 230.47, 250.00, 96, 1410, 1215, 71, P0
2026/07/31 22:13:17.607, 237.54, 250.00, 95, 1410, 1215, 71, P0
2026/07/31 22:13:17.808, 225.85, 250.00, 94, 1410, 1215, 71, P0
2026/07/31 22:13:18.008, 230.23, 250.00, 95, 1410, 1215, 71, P0
2026/07/31 22:13:18.209, 244.46, 250.00, 94, 1410, 1215, 71, P0
2026/07/31 22:13:18.409, 229.62, 250.00, 95, 1410, 1215, 71, P0
2026/07/31 22:13:18.609, 236.76, 250.00, 95, 1410, 1215, 71, P0
2026/07/31 22:13:18.810, 230.90, 250.00, 95, 1410, 1215, 71, P0
2026/07/31 22:13:19.011, 230.64, 250.00, 95, 1410, 1215, 71, P0
2026/07/31 22:13:19.211, 308.86, 250.00, 94, 1320, 1215, 72, P0
2026/07/31 22:13:19.411, 248.20, 250.00, 75, 1275, 1215, 74, P0
2026/07/31 22:13:19.612, 220.29, 250.00, 100, 1290, 1215, 74, P0
2026/07/31 22:13:19.812, 254.15, 250.00, 96, 1275, 1215, 75, P0
2026/07/31 22:13:20.013, 261.37, 250.00, 100, 1290, 1215, 75, P0
2026/07/31 22:13:20.213, 253.22, 250.00, 95, 1290, 1215, 75, P0
2026/07/31 22:13:20.414, 253.41, 250.00, 100, 1275, 1215, 76, P0
2026/07/31 22:13:20.614, 267.90, 250.00, 100, 1320, 1215, 75, P0
2026/07/31 22:13:20.815, 246.54, 250.00, 96, 1290, 1215, 76, P0
2026/07/31 22:13:21.015, 249.54, 250.00, 100, 1275, 1215, 76, P0
2026/07/31 22:13:21.215, 271.68, 250.00, 96, 1290, 1215, 76, P0
2026/07/31 22:13:21.416, 253.02, 250.00, 100, 1290, 1215, 76, P0
2026/07/31 22:13:21.616, 243.93, 250.00, 100, 1320, 1215, 75, P0
2026/07/31 22:13:21.817, 251.48, 250.00, 96, 1290, 1215, 76, P0
2026/07/31 22:13:22.017, 249.03, 250.00, 100, 1290, 1215, 76, P0
2026/07/31 22:13:22.218, 214.24, 250.00, 100, 1290, 1215, 76, P0
2026/07/31 22:13:22.418, 253.99, 250.00, 95, 1290, 1215, 76, P0
2026/07/31 22:13:22.618, 235.97, 250.00, 100, 1275, 1215, 76, P0
2026/07/31 22:13:22.819, 256.88, 250.00, 100, 1290, 1215, 76, P0
2026/07/31 22:13:23.019, 246.94, 250.00, 95, 1305, 1215, 76, P0
2026/07/31 22:13:23.220, 220.96, 250.00, 100, 1410, 1215, 73, P0
2026/07/31 22:13:23.420, 227.94, 250.00, 98, 1410, 1215, 72, P0
2026/07/31 22:13:23.621, 231.49, 250.00, 95, 1410, 1215, 72, P0
2026/07/31 22:13:23.821, 238.86, 250.00, 95, 1410, 1215, 72, P0
2026/07/31 22:13:24.022, 231.47, 250.00, 95, 1410, 1215, 72, P0
2026/07/31 22:13:24.222, 232.07, 250.00, 94, 1410, 1215, 72, P0
2026/07/31 22:13:24.423, 231.20, 250.00, 95, 1410, 1215, 72, P0
2026/07/31 22:13:24.623, 231.58, 250.00, 95, 1410, 1215, 72, P0
2026/07/31 22:13:24.824, 242.85, 250.00, 95, 1410, 1215, 72, P0
2026/07/31 22:13:25.024, 230.36, 250.00, 95, 1410, 1215, 72, P0
2026/07/31 22:13:25.225, 236.04, 250.00, 94, 1410, 1215, 72, P0
2026/07/31 22:13:25.425, 223.92, 250.00, 95, 1410, 1215, 72, P0
2026/07/31 22:13:25.627, 231.49, 250.00, 94, 1410, 1215, 72, P0
2026/07/31 22:13:25.830, 231.32, 250.00, 95, 1410, 1215, 72, P0
2026/07/31 22:13:26.032, 240.89, 250.00, 95, 1410, 1215, 72, P0
2026/07/31 22:13:26.232, 230.92, 250.00, 95, 1410, 1215, 72, P0
2026/07/31 22:13:26.433, 239.50, 250.00, 94, 1410, 1215, 72, P0
2026/07/31 22:13:26.634, 230.91, 250.00, 95, 1410, 1215, 72, P0
2026/07/31 22:13:26.835, 232.35, 250.00, 96, 1410, 1215, 72, P0
2026/07/31 22:13:27.035, 242.41, 250.00, 95, 1410, 1215, 72, P0
2026/07/31 22:13:27.236, 231.72, 250.00, 95, 1410, 1215, 72, P0
2026/07/31 22:13:27.436, 240.90, 250.00, 95, 1410, 1215, 72, P0
2026/07/31 22:13:27.637, 232.61, 250.00, 94, 1410, 1215, 72, P0
2026/07/31 22:13:27.837, 231.52, 250.00, 96, 1410, 1215, 72, P0
2026/07/31 22:13:28.038, 231.14, 250.00, 94, 1410, 1215, 72, P0
2026/07/31 22:13:28.238, 231.60, 250.00, 96, 1410, 1215, 72, P0
2026/07/31 22:13:28.439, 238.40, 250.00, 94, 1410, 1215, 72, P0
2026/07/31 22:13:28.639, 229.64, 250.00, 93, 1410, 1215, 72, P0
2026/07/31 22:13:28.840, 299.79, 250.00, 95, 1275, 1215, 74, P0
2026/07/31 22:13:29.040, 253.95, 250.00, 75, 1275, 1215, 75, P0
2026/07/31 22:13:29.241, 209.49, 250.00, 100, 1290, 1215, 75, P0
2026/07/31 22:13:29.441, 253.78, 250.00, 96, 1290, 1215, 76, P0
2026/07/31 22:13:29.642, 250.35, 250.00, 100, 1215, 1215, 76, P0
2026/07/31 22:13:29.842, 251.33, 250.00, 96, 1275, 1215, 76, P0
2026/07/31 22:13:30.042, 247.93, 250.00, 100, 1275, 1215, 76, P0
2026/07/31 22:13:30.243, 259.63, 250.00, 100, 1290, 1215, 76, P0
2026/07/31 22:13:30.443, 250.48, 250.00, 96, 1290, 1215, 76, P0
2026/07/31 22:13:30.644, 238.22, 250.00, 100, 1290, 1215, 76, P0
2026/07/31 22:13:30.844, 245.90, 250.00, 96, 1275, 1215, 76, P0
2026/07/31 22:13:31.045, 243.37, 250.00, 100, 1275, 1215, 76, P0
2026/07/31 22:13:31.245, 261.37, 250.00, 100, 1290, 1215, 77, P0
2026/07/31 22:13:31.445, 248.15, 250.00, 95, 1275, 1215, 77, P0
2026/07/31 22:13:31.646, 259.72, 250.00, 100, 1290, 1215, 77, P0
2026/07/31 22:13:31.846, 246.78, 250.00, 96, 1290, 1215, 77, P0
2026/07/31 22:13:32.047, 248.75, 250.00, 100, 1245, 1215, 77, P0
2026/07/31 22:13:32.247, 193.87, 250.00, 100, 1335, 1215, 76, P0
2026/07/31 22:13:32.448, 251.86, 250.00, 95, 1275, 1215, 77, P0
2026/07/31 22:13:32.648, 262.78, 250.00, 100, 1290, 1215, 77, P0
2026/07/31 22:13:32.849, 251.29, 250.00, 100, 1320, 1215, 77, P0
2026/07/31 22:13:33.049, 249.10, 250.00, 96, 1275, 1215, 77, P0
2026/07/31 22:13:33.250, 249.07, 250.00, 100, 1290, 1215, 77, P0
2026/07/31 22:13:33.450, 282.01, 250.00, 100, 1335, 1215, 77, P0
2026/07/31 22:13:33.651, 242.63, 250.00, 95, 1290, 1215, 77, P0
2026/07/31 22:13:33.851, 253.01, 250.00, 100, 1290, 1215, 77, P0
2026/07/31 22:13:34.051, 226.00, 250.00, 98, 1395, 1215, 74, P0
2026/07/31 22:13:34.252, 236.07, 250.00, 95, 1410, 1215, 73, P0
2026/07/31 22:13:34.452, 228.97, 250.00, 93, 1410, 1215, 73, P0
2026/07/31 22:13:34.653, 234.01, 250.00, 95, 1410, 1215, 73, P0
2026/07/31 22:13:34.853, 232.45, 250.00, 95, 1410, 1215, 73, P0
2026/07/31 22:13:35.054, 233.08, 250.00, 95, 1410, 1215, 73, P0
2026/07/31 22:13:35.254, 241.16, 250.00, 95, 1410, 1215, 73, P0
2026/07/31 22:13:35.455, 231.37, 250.00, 95, 1410, 1215, 72, P0
2026/07/31 22:13:35.655, 232.52, 250.00, 95, 1410, 1215, 72, P0
2026/07/31 22:13:35.856, 237.44, 250.00, 95, 1410, 1215, 72, P0
2026/07/31 22:13:36.056, 231.71, 250.00, 95, 1410, 1215, 72, P0
2026/07/31 22:13:36.257, 232.39, 250.00, 94, 1410, 1215, 72, P0
2026/07/31 22:13:36.457, 244.95, 250.00, 96, 1410, 1215, 72, P0
2026/07/31 22:13:36.658, 233.25, 250.00, 95, 1410, 1215, 72, P0
2026/07/31 22:13:36.858, 233.71, 250.00, 96, 1410, 1215, 72, P0
2026/07/31 22:13:37.059, 233.25, 250.00, 96, 1410, 1215, 72, P0
2026/07/31 22:13:37.259, 230.99, 250.00, 94, 1410, 1215, 72, P0
2026/07/31 22:13:37.460, 239.52, 250.00, 95, 1410, 1215, 72, P0
2026/07/31 22:13:37.660, 233.06, 250.00, 95, 1410, 1215, 72, P0
2026/07/31 22:13:37.861, 233.31, 250.00, 95, 1410, 1215, 72, P0
2026/07/31 22:13:38.061, 237.70, 250.00, 96, 1410, 1215, 72, P0
2026/07/31 22:13:38.262, 232.17, 250.00, 95, 1410, 1215, 72, P0
2026/07/31 22:13:38.462, 233.43, 250.00, 94, 1410, 1215, 72, P0
2026/07/31 22:13:38.663, 237.08, 250.00, 94, 1410, 1215, 72, P0
2026/07/31 22:13:38.864, 231.26, 250.00, 95, 1410, 1215, 72, P0
2026/07/31 22:13:39.064, 234.09, 250.00, 95, 1410, 1215, 72, P0
2026/07/31 22:13:39.265, 243.42, 250.00, 95, 1410, 1215, 72, P0
2026/07/31 22:13:39.465, 232.68, 250.00, 95, 1410, 1215, 72, P0
2026/07/31 22:13:39.666, 234.08, 250.00, 95, 1410, 1215, 72, P0
2026/07/31 22:13:39.866, 343.37, 250.00, 63, 1275, 1215, 77, P0
2026/07/31 22:13:40.067, 252.51, 250.00, 100, 1275, 1215, 76, P0
2026/07/31 22:13:40.267, 246.21, 250.00, 95, 1275, 1215, 76, P0
2026/07/31 22:13:40.468, 245.65, 250.00, 100, 1290, 1215, 77, P0
2026/07/31 22:13:40.668, 252.88, 250.00, 100, 1305, 1215, 76, P0
2026/07/31 22:13:40.869, 255.79, 250.00, 95, 1275, 1215, 77, P0
2026/07/31 22:13:41.069, 246.77, 250.00, 100, 1275, 1215, 77, P0
2026/07/31 22:13:41.269, 257.02, 250.00, 95, 1275, 1215, 77, P0
2026/07/31 22:13:41.470, 261.91, 250.00, 100, 1290, 1215, 77, P0
2026/07/31 22:13:41.670, 241.96, 250.00, 100, 1350, 1215, 77, P0
2026/07/31 22:13:41.871, 249.96, 250.00, 96, 1290, 1215, 77, P0
2026/07/31 22:13:42.071, 246.45, 250.00, 100, 1275, 1215, 77, P0
2026/07/31 22:13:42.272, 258.61, 250.00, 95, 1290, 1215, 77, P0
2026/07/31 22:13:42.472, 250.49, 250.00, 100, 1275, 1215, 77, P0
2026/07/31 22:13:42.673, 250.02, 250.00, 100, 1275, 1215, 77, P0
2026/07/31 22:13:42.873, 253.38, 250.00, 96, 1290, 1215, 77, P0
2026/07/31 22:13:43.074, 250.32, 250.00, 100, 1275, 1215, 77, P0
2026/07/31 22:13:43.274, 236.47, 250.00, 98, 1350, 1215, 77, P0
2026/07/31 22:13:43.475, 249.27, 250.00, 97, 1275, 1215, 78, P0
2026/07/31 22:13:43.675, 245.51, 250.00, 100, 1275, 1215, 77, P0
2026/07/31 22:13:43.875, 258.41, 250.00, 96, 1320, 1215, 78, P0
2026/07/31 22:13:44.076, 252.43, 250.00, 100, 1275, 1215, 78, P0
2026/07/31 22:13:44.276, 247.37, 250.00, 100, 1290, 1215, 77, P0
2026/07/31 22:13:44.477, 274.31, 250.00, 95, 1320, 1215, 78, P0
2026/07/31 22:13:44.677, 235.35, 250.00, 100, 1320, 1215, 77, P0
2026/07/31 22:13:44.878, 232.93, 250.00, 95, 1410, 1215, 74, P0
2026/07/31 22:13:45.078, 233.94, 250.00, 95, 1410, 1215, 74, P0
2026/07/31 22:13:45.279, 232.39, 250.00, 95, 1410, 1215, 74, P0
2026/07/31 22:13:45.483, 233.42, 250.00, 95, 1410, 1215, 73, P0
2026/07/31 22:13:45.684, 235.00, 250.00, 95, 1410, 1215, 73, P0
2026/07/31 22:13:45.884, 231.89, 250.00, 95, 1410, 1215, 73, P0
2026/07/31 22:13:46.085, 234.72, 250.00, 95, 1410, 1215, 73, P0
2026/07/31 22:13:46.285, 244.63, 250.00, 95, 1410, 1215, 73, P0
2026/07/31 22:13:46.486, 231.95, 250.00, 94, 1410, 1215, 73, P0
2026/07/31 22:13:46.687, 239.52, 250.00, 95, 1410, 1215, 73, P0
2026/07/31 22:13:46.887, 232.37, 250.00, 95, 1410, 1215, 73, P0
2026/07/31 22:13:47.088, 234.57, 250.00, 95, 1410, 1215, 73, P0
2026/07/31 22:13:47.288, 247.52, 250.00, 95, 1410, 1215, 73, P0
2026/07/31 22:13:47.489, 232.79, 250.00, 95, 1410, 1215, 73, P0
2026/07/31 22:13:47.689, 235.28, 250.00, 95, 1410, 1215, 73, P0
2026/07/31 22:13:47.890, 233.45, 250.00, 96, 1410, 1215, 73, P0
2026/07/31 22:13:48.090, 230.64, 250.00, 95, 1410, 1215, 73, P0
2026/07/31 22:13:48.291, 241.88, 250.00, 94, 1410, 1215, 73, P0
2026/07/31 22:13:48.491, 227.52, 250.00, 95, 1410, 1215, 73, P0
2026/07/31 22:13:48.692, 234.65, 250.00, 95, 1410, 1215, 73, P0
2026/07/31 22:13:48.892, 237.54, 250.00, 95, 1410, 1215, 73, P0
2026/07/31 22:13:49.093, 232.69, 250.00, 95, 1410, 1215, 73, P0
2026/07/31 22:13:49.293, 233.75, 250.00, 96, 1410, 1215, 73, P0
2026/07/31 22:13:49.494, 247.65, 250.00, 95, 1410, 1215, 73, P0
2026/07/31 22:13:49.694, 232.93, 250.00, 94, 1410, 1215, 73, P0
2026/07/31 22:13:49.895, 233.83, 250.00, 95, 1410, 1215, 73, P0
2026/07/31 22:13:50.095, 233.61, 250.00, 95, 1410, 1215, 73, P0
2026/07/31 22:13:50.296, 232.59, 250.00, 96, 1410, 1215, 73, P0
2026/07/31 22:13:50.496, 238.54, 250.00, 95, 1410, 1215, 73, P0
2026/07/31 22:13:50.697, 136.26, 250.00, 94, 1305, 1215, 75, P0
2026/07/31 22:13:50.897, 256.96, 250.00, 76, 1275, 1215, 76, P0
2026/07/31 22:13:51.107, 254.59, 250.00, 100, 1305, 1215, 76, P0
2026/07/31 22:13:51.308, 257.21, 250.00, 96, 1290, 1215, 77, P0
2026/07/31 22:13:51.508, 252.41, 250.00, 100, 1275, 1215, 77, P0
2026/07/31 22:13:51.709, 252.93, 250.00, 100, 1290, 1215, 77, P0
2026/07/31 22:13:51.909, 255.77, 250.00, 96, 1275, 1215, 78, P0
2026/07/31 22:13:52.110, 212.48, 250.00, 100, 1305, 1215, 77, P0
2026/07/31 22:13:52.310, 254.66, 250.00, 96, 1290, 1215, 78, P0
2026/07/31 22:13:52.511, 252.15, 250.00, 100, 1245, 1215, 78, P0
2026/07/31 22:13:52.711, 254.93, 250.00, 100, 1275, 1215, 77, P0
2026/07/31 22:13:52.912, 248.76, 250.00, 95, 1290, 1215, 78, P0
2026/07/31 22:13:53.112, 245.10, 250.00, 100, 1365, 1215, 78, P0
2026/07/31 22:13:53.313, 261.08, 250.00, 95, 1290, 1215, 78, P0
2026/07/31 22:13:53.513, 249.07, 250.00, 100, 1275, 1215, 78, P0
2026/07/31 22:13:53.714, 267.86, 250.00, 100, 1275, 1215, 78, P0
2026/07/31 22:13:53.914, 254.36, 250.00, 95, 1290, 1215, 78, P0
2026/07/31 22:13:54.115, 247.78, 250.00, 100, 1275, 1215, 78, P0
2026/07/31 22:13:54.315, 260.93, 250.00, 98, 1290, 1215, 78, P0
2026/07/31 22:13:54.516, 262.56, 250.00, 97, 1290, 1215, 78, P0
2026/07/31 22:13:54.716, 233.15, 250.00, 98, 1410, 1215, 75, P0
2026/07/31 22:13:54.917, 233.95, 250.00, 94, 1410, 1215, 74, P0
2026/07/31 22:13:55.117, 234.30, 250.00, 95, 1410, 1215, 74, P0
2026/07/31 22:13:55.318, 229.91, 250.00, 95, 1410, 1215, 74, P0
2026/07/31 22:13:55.518, 232.82, 250.00, 95, 1410, 1215, 74, P0
2026/07/31 22:13:55.719, 246.05, 250.00, 95, 1410, 1215, 74, P0
2026/07/31 22:13:55.919, 234.08, 250.00, 94, 1410, 1215, 74, P0
2026/07/31 22:13:56.120, 233.76, 250.00, 96, 1410, 1215, 73, P0
2026/07/31 22:13:56.320, 233.63, 250.00, 95, 1410, 1215, 73, P0
2026/07/31 22:13:56.521, 234.30, 250.00, 96, 1410, 1215, 73, P0
2026/07/31 22:13:56.721, 235.65, 250.00, 95, 1410, 1215, 73, P0
2026/07/31 22:13:56.922, 232.39, 250.00, 94, 1410, 1215, 73, P0
2026/07/31 22:13:57.122, 233.63, 250.00, 95, 1410, 1215, 73, P0
2026/07/31 22:13:57.323, 233.80, 250.00, 94, 1410, 1215, 73, P0
2026/07/31 22:13:57.523, 233.89, 250.00, 96, 1410, 1215, 73, P0
2026/07/31 22:13:57.724, 236.59, 250.00, 95, 1410, 1215, 73, P0
2026/07/31 22:13:57.924, 229.94, 250.00, 94, 1410, 1215, 73, P0
2026/07/31 22:13:58.125, 234.38, 250.00, 95, 1410, 1215, 73, P0
2026/07/31 22:13:58.325, 229.63, 250.00, 95, 1410, 1215, 73, P0
2026/07/31 22:13:58.526, 231.15, 250.00, 94, 1410, 1215, 73, P0
2026/07/31 22:13:58.726, 239.44, 250.00, 95, 1410, 1215, 73, P0
2026/07/31 22:13:58.927, 232.49, 250.00, 93, 1410, 1215, 73, P0
2026/07/31 22:13:59.128, 234.30, 250.00, 95, 1410, 1215, 73, P0
2026/07/31 22:13:59.328, 247.03, 250.00, 95, 1410, 1215, 73, P0
2026/07/31 22:13:59.529, 233.53, 250.00, 95, 1410, 1215, 73, P0
2026/07/31 22:13:59.729, 239.93, 250.00, 96, 1410, 1215, 73, P0
2026/07/31 22:13:59.930, 233.11, 250.00, 94, 1410, 1215, 73, P0
2026/07/31 22:14:00.130, 233.63, 250.00, 95, 1410, 1215, 73, P0
2026/07/31 22:14:00.331, 245.88, 250.00, 95, 1410, 1215, 73, P0
2026/07/31 22:14:00.531, 233.26, 250.00, 94, 1410, 1215, 73, P0
2026/07/31 22:14:00.732, 241.03, 250.00, 96, 1410, 1215, 73, P0
2026/07/31 22:14:00.934, 234.73, 250.00, 94, 1410, 1215, 73, P0
2026/07/31 22:14:01.137, 233.26, 250.00, 95, 1410, 1215, 73, P0
2026/07/31 22:14:01.338, 242.41, 250.00, 95, 1410, 1215, 72, P0
2026/07/31 22:14:01.539, 248.39, 250.00, 69, 1260, 1215, 76, P0
2026/07/31 22:14:01.739, 253.68, 250.00, 100, 1275, 1215, 77, P0
2026/07/31 22:14:01.974, 263.18, 250.00, 100, 1290, 1215, 77, P0
2026/07/31 22:14:02.174, 249.74, 250.00, 95, 1275, 1215, 78, P0
2026/07/31 22:14:02.375, 214.51, 250.00, 100, 1260, 1215, 77, P0
2026/07/31 22:14:02.575, 246.18, 250.00, 96, 1275, 1215, 78, P0
2026/07/31 22:14:02.776, 247.32, 250.00, 100, 1365, 1215, 77, P0
2026/07/31 22:14:02.976, 250.72, 250.00, 95, 1275, 1215, 78, P0
2026/07/31 22:14:03.177, 246.15, 250.00, 100, 1260, 1215, 78, P0
2026/07/31 22:14:03.377, 270.15, 250.00, 100, 1290, 1215, 78, P0
2026/07/31 22:14:03.578, 252.04, 250.00, 96, 1275, 1215, 78, P0
2026/07/31 22:14:03.778, 239.00, 250.00, 100, 1335, 1215, 77, P0
2026/07/31 22:14:03.979, 247.09, 250.00, 96, 1290, 1215, 78, P0
2026/07/31 22:14:04.179, 245.53, 250.00, 97, 1260, 1215, 78, P0
2026/07/31 22:14:04.380, 219.87, 250.00, 100, 1290, 1215, 78, P0
2026/07/31 22:14:04.580, 253.54, 250.00, 96, 1275, 1215, 78, P0
2026/07/31 22:14:04.781, 230.32, 250.00, 100, 1275, 1215, 78, P0
2026/07/31 22:14:04.981, 269.70, 250.00, 100, 1290, 1215, 78, P0
2026/07/31 22:14:05.182, 251.90, 250.00, 95, 1290, 1215, 79, P0
2026/07/31 22:14:05.382, 249.17, 250.00, 100, 1290, 1215, 79, P0
2026/07/31 22:14:05.583, 259.70, 250.00, 100, 1275, 1215, 79, P0
2026/07/31 22:14:05.783, 248.66, 250.00, 96, 1260, 1215, 78, P0
2026/07/31 22:14:05.983, 252.17, 250.00, 100, 1260, 1215, 79, P0
2026/07/31 22:14:06.184, 117.66, 250.00, 98, 1410, 1215, 73, P0
2026/07/31 22:14:06.384, 233.85, 250.00, 31, 1410, 1215, 74, P0
2026/07/31 22:14:06.585, 232.29, 250.00, 93, 1410, 1215, 74, P0
2026/07/31 22:14:06.785, 233.53, 250.00, 95, 1410, 1215, 74, P0
2026/07/31 22:14:06.986, 243.73, 250.00, 95, 1410, 1215, 74, P0
2026/07/31 22:14:07.186, 233.05, 250.00, 94, 1410, 1215, 74, P0
2026/07/31 22:14:07.387, 235.15, 250.00, 95, 1410, 1215, 74, P0
2026/07/31 22:14:07.587, 240.90, 250.00, 95, 1410, 1215, 74, P0
2026/07/31 22:14:07.788, 230.64, 250.00, 93, 1410, 1215, 74, P0
2026/07/31 22:14:07.988, 235.37, 250.00, 95, 1410, 1215, 74, P0
2026/07/31 22:14:08.189, 247.03, 250.00, 95, 1410, 1215, 74, P0
2026/07/31 22:14:08.389, 234.49, 250.00, 95, 1410, 1215, 74, P0
2026/07/31 22:14:08.590, 234.69, 250.00, 95, 1410, 1215, 74, P0
2026/07/31 22:14:08.790, 232.01, 250.00, 95, 1410, 1215, 74, P0
2026/07/31 22:14:08.991, 234.59, 250.00, 95, 1410, 1215, 74, P0
2026/07/31 22:14:09.191, 240.81, 250.00, 95, 1410, 1215, 74, P0
2026/07/31 22:14:09.392, 234.52, 250.00, 94, 1410, 1215, 74, P0
2026/07/31 22:14:09.592, 235.13, 250.00, 96, 1410, 1215, 74, P0
2026/07/31 22:14:09.793, 247.80, 250.00, 95, 1410, 1215, 74, P0
2026/07/31 22:14:09.993, 232.27, 250.00, 95, 1410, 1215, 74, P0
2026/07/31 22:14:10.195, 235.04, 250.00, 95, 1410, 1215, 74, P0
2026/07/31 22:14:10.395, 233.99, 250.00, 94, 1410, 1215, 74, P0
2026/07/31 22:14:10.596, 232.98, 250.00, 94, 1410, 1215, 74, P0
2026/07/31 22:14:10.796, 241.66, 250.00, 95, 1410, 1215, 74, P0
2026/07/31 22:14:10.997, 234.09, 250.00, 94, 1410, 1215, 74, P0
2026/07/31 22:14:11.197, 234.98, 250.00, 95, 1410, 1215, 74, P0
2026/07/31 22:14:11.398, 241.12, 250.00, 95, 1410, 1215, 74, P0
2026/07/31 22:14:11.598, 233.47, 250.00, 95, 1410, 1215, 74, P0
2026/07/31 22:14:11.799, 234.57, 250.00, 95, 1410, 1215, 74, P0
2026/07/31 22:14:11.999, 244.43, 250.00, 95, 1410, 1215, 74, P0
2026/07/31 22:14:12.200, 235.03, 250.00, 95, 1410, 1215, 74, P0
2026/07/31 22:14:12.400, 84.81, 250.00, 95, 1410, 1215, 71, P0
2026/07/31 22:14:12.601, 249.69, 250.00, 53, 1245, 1215, 77, P0
2026/07/31 22:14:12.801, 252.33, 250.00, 100, 1275, 1215, 77, P0
2026/07/31 22:14:13.002, 251.19, 250.00, 98, 1275, 1215, 78, P0
2026/07/31 22:14:13.202, 252.82, 250.00, 97, 1275, 1215, 78, P0
2026/07/31 22:14:13.403, 240.14, 250.00, 100, 1245, 1215, 77, P0
2026/07/31 22:14:13.603, 253.21, 250.00, 96, 1275, 1215, 78, P0
2026/07/31 22:14:13.804, 252.22, 250.00, 100, 1290, 1215, 78, P0
2026/07/31 22:14:14.004, 251.48, 250.00, 96, 1275, 1215, 78, P0
2026/07/31 22:14:14.205, 263.66, 250.00, 100, 1275, 1215, 79, P0
2026/07/31 22:14:14.405, 259.82, 250.00, 100, 1275, 1215, 78, P0
2026/07/31 22:14:14.605, 248.30, 250.00, 95, 1275, 1215, 78, P0
2026/07/31 22:14:14.806, 245.43, 250.00, 100, 1275, 1215, 78, P0
2026/07/31 22:14:15.006, 248.28, 250.00, 95, 1275, 1215, 79, P0
2026/07/31 22:14:15.207, 249.51, 250.00, 100, 1275, 1215, 79, P0
2026/07/31 22:14:15.407, 265.48, 250.00, 100, 1350, 1215, 78, P0
2026/07/31 22:14:15.608, 250.73, 250.00, 96, 1290, 1215, 79, P0
2026/07/31 22:14:15.808, 245.83, 250.00, 100, 1260, 1215, 79, P0
2026/07/31 22:14:16.009, 212.64, 250.00, 100, 1290, 1215, 79, P0
2026/07/31 22:14:16.209, 248.11, 250.00, 96, 1275, 1215, 79, P0
2026/07/31 22:14:16.410, 242.77, 250.00, 100, 1275, 1215, 79, P0
2026/07/31 22:14:16.610, 229.70, 250.00, 98, 1275, 1215, 79, P0
2026/07/31 22:14:16.810, 249.92, 250.00, 97, 1290, 1215, 79, P0
2026/07/31 22:14:17.011, 243.06, 250.00, 100, 1275, 1215, 79, P0
2026/07/31 22:14:17.211, 271.98, 250.00, 96, 1275, 1215, 79, P0
2026/07/31 22:14:17.412, 247.62, 250.00, 100, 1275, 1215, 79, P0
2026/07/31 22:14:17.612, 247.22, 250.00, 100, 1290, 1215, 79, P0
2026/07/31 22:14:17.813, 255.52, 250.00, 96, 1275, 1215, 79, P0
2026/07/31 22:14:18.013, 249.59, 250.00, 96, 1275, 1215, 79, P0
2026/07/31 22:14:18.213, 248.06, 250.00, 100, 1275, 1215, 79, P0
2026/07/31 22:14:18.414, 202.10, 250.00, 100, 1395, 1215, 77, P0
2026/07/31 22:14:18.614, 250.69, 250.00, 94, 1410, 1215, 76, P0
2026/07/31 22:14:18.815, 237.70, 250.00, 66, 1410, 1215, 75, P0
2026/07/31 22:14:19.015, 240.00, 250.00, 95, 1410, 1215, 75, P0
2026/07/31 22:14:19.216, 237.44, 250.00, 94, 1410, 1215, 75, P0
2026/07/31 22:14:19.416, 236.48, 250.00, 95, 1410, 1215, 75, P0
2026/07/31 22:14:19.617, 236.78, 250.00, 95, 1410, 1215, 75, P0
2026/07/31 22:14:19.817, 249.27, 250.00, 93, 1410, 1215, 74, P0
2026/07/31 22:14:20.018, 237.97, 250.00, 94, 1410, 1215, 75, P0
2026/07/31 22:14:20.218, 237.63, 250.00, 95, 1410, 1215, 74, P0
2026/07/31 22:14:20.419, 250.51, 250.00, 95, 1410, 1215, 74, P0
2026/07/31 22:14:20.619, 236.73, 250.00, 95, 1410, 1215, 74, P0
2026/07/31 22:14:20.820, 240.15, 250.00, 96, 1410, 1215, 74, P0
2026/07/31 22:14:21.020, 244.66, 250.00, 95, 1410, 1215, 74, P0
2026/07/31 22:14:21.221, 236.34, 250.00, 95, 1410, 1215, 74, P0
2026/07/31 22:14:21.421, 237.17, 250.00, 95, 1410, 1215, 74, P0
2026/07/31 22:14:21.622, 240.33, 250.00, 95, 1410, 1215, 74, P0
2026/07/31 22:14:21.822, 236.43, 250.00, 95, 1410, 1215, 74, P0
2026/07/31 22:14:22.022, 238.45, 250.00, 96, 1410, 1215, 74, P0
2026/07/31 22:14:22.223, 240.30, 250.00, 95, 1410, 1215, 74, P0
2026/07/31 22:14:22.423, 250.54, 250.00, 94, 1410, 1215, 74, P0
2026/07/31 22:14:22.624, 236.48, 250.00, 95, 1410, 1215, 74, P0
2026/07/31 22:14:22.825, 238.38, 250.00, 94, 1410, 1215, 74, P0
2026/07/31 22:14:23.025, 253.78, 250.00, 95, 1410, 1215, 74, P0
2026/07/31 22:14:23.226, 238.09, 250.00, 96, 1410, 1215, 74, P0
2026/07/31 22:14:23.426, 239.72, 250.00, 95, 1410, 1215, 75, P0
2026/07/31 22:14:23.627, 255.01, 250.00, 95, 1410, 1215, 74, P0
2026/07/31 22:14:23.827, 237.60, 250.00, 95, 1410, 1215, 74, P0
2026/07/31 22:14:24.028, 239.50, 250.00, 95, 1410, 1215, 74, P0
2026/07/31 22:14:24.228, 252.72, 250.00, 95, 1410, 1215, 74, P0
2026/07/31 22:14:24.429, 238.44, 250.00, 95, 1410, 1215, 74, P0
2026/07/31 22:14:24.629, 237.46, 250.00, 95, 1410, 1215, 74, P0
2026/07/31 22:14:24.829, 292.56, 250.00, 94, 1245, 1215, 77, P0
2026/07/31 22:14:25.030, 253.48, 250.00, 68, 1275, 1215, 77, P0
2026/07/31 22:14:25.230, 214.02, 250.00, 100, 1290, 1215, 78, P0
2026/07/31 22:14:25.431, 250.81, 250.00, 98, 1275, 1215, 78, P0
2026/07/31 22:14:25.631, 250.37, 250.00, 98, 1215, 1215, 78, P0
2026/07/31 22:14:25.832, 250.46, 250.00, 100, 1275, 1215, 79, P0
2026/07/31 22:14:26.032, 246.68, 250.00, 95, 1275, 1215, 78, P0
2026/07/31 22:14:26.233, 257.32, 250.00, 100, 1275, 1215, 79, P0
2026/07/31 22:14:26.433, 242.69, 250.00, 95, 1275, 1215, 79, P0
2026/07/31 22:14:26.633, 250.76, 250.00, 100, 1275, 1215, 79, P0
2026/07/31 22:14:26.834, 247.32, 250.00, 100, 1275, 1215, 79, P0
2026/07/31 22:14:27.034, 244.84, 250.00, 95, 1275, 1215, 79, P0
2026/07/31 22:14:27.235, 284.89, 250.00, 100, 1290, 1215, 79, P0
2026/07/31 22:14:27.435, 239.92, 250.00, 95, 1275, 1215, 79, P0
2026/07/31 22:14:27.635, 244.50, 250.00, 100, 1275, 1215, 79, P0
2026/07/31 22:14:27.836, 251.48, 250.00, 100, 1275, 1215, 79, P0
2026/07/31 22:14:28.037, 249.49, 250.00, 95, 1275, 1215, 79, P0
2026/07/31 22:14:28.240, 258.19, 250.00, 100, 1290, 1215, 79, P0
2026/07/31 22:14:28.442, 241.82, 250.00, 95, 1290, 1215, 79, P0
2026/07/31 22:14:28.642, 250.42, 250.00, 100, 1275, 1215, 79, P0
2026/07/31 22:14:28.844, 257.12, 250.00, 98, 1290, 1215, 79, P0
2026/07/31 22:14:29.044, 240.09, 250.00, 98, 1275, 1215, 79, P0
2026/07/31 22:14:29.245, 250.39, 250.00, 100, 1275, 1215, 79, P0
2026/07/31 22:14:29.446, 247.50, 250.00, 95, 1290, 1215, 79, P0
2026/07/31 22:14:29.647, 253.85, 250.00, 100, 1290, 1215, 79, P0
2026/07/31 22:14:29.847, 229.99, 250.00, 97, 1410, 1215, 76, P0
2026/07/31 22:14:30.048, 238.85, 250.00, 94, 1410, 1215, 76, P0
2026/07/31 22:14:30.248, 250.53, 250.00, 95, 1410, 1215, 75, P0
2026/07/31 22:14:30.449, 237.91, 250.00, 95, 1410, 1215, 75, P0
2026/07/31 22:14:30.649, 251.57, 250.00, 94, 1410, 1215, 75, P0
2026/07/31 22:14:30.850, 237.21, 250.00, 95, 1410, 1215, 75, P0
2026/07/31 22:14:31.050, 239.60, 250.00, 95, 1410, 1215, 75, P0
2026/07/31 22:14:31.251, 250.43, 250.00, 95, 1410, 1215, 75, P0
2026/07/31 22:14:31.451, 237.07, 250.00, 95, 1410, 1215, 75, P0
2026/07/31 22:14:31.652, 238.58, 250.00, 94, 1410, 1215, 75, P0
2026/07/31 22:14:31.852, 244.84, 250.00, 95, 1410, 1215, 75, P0
2026/07/31 22:14:32.053, 237.52, 250.00, 95, 1410, 1215, 75, P0
2026/07/31 22:14:32.253, 238.66, 250.00, 95, 1410, 1215, 75, P0
2026/07/31 22:14:32.454, 246.38, 250.00, 96, 1410, 1215, 75, P0
2026/07/31 22:14:32.654, 238.94, 250.00, 95, 1410, 1215, 75, P0
2026/07/31 22:14:32.855, 245.02, 250.00, 94, 1410, 1215, 75, P0
2026/07/31 22:14:33.055, 237.69, 250.00, 95, 1410, 1215, 75, P0
2026/07/31 22:14:33.256, 238.39, 250.00, 95, 1410, 1215, 75, P0
2026/07/31 22:14:33.456, 252.32, 250.00, 95, 1410, 1215, 75, P0
2026/07/31 22:14:33.657, 237.13, 250.00, 95, 1410, 1215, 75, P0
2026/07/31 22:14:33.857, 238.63, 250.00, 94, 1410, 1215, 75, P0
2026/07/31 22:14:34.058, 246.50, 250.00, 95, 1410, 1215, 75, P0
2026/07/31 22:14:34.258, 237.61, 250.00, 95, 1410, 1215, 75, P0
2026/07/31 22:14:34.459, 238.88, 250.00, 94, 1410, 1215, 75, P0
2026/07/31 22:14:34.659, 252.34, 250.00, 95, 1410, 1215, 75, P0
2026/07/31 22:14:34.860, 236.81, 250.00, 95, 1410, 1215, 75, P0
2026/07/31 22:14:35.060, 239.33, 250.00, 94, 1410, 1215, 75, P0
2026/07/31 22:14:35.261, 238.40, 250.00, 95, 1410, 1215, 75, P0
2026/07/31 22:14:35.461, 237.98, 250.00, 95, 1410, 1215, 75, P0
2026/07/31 22:14:35.661, 246.38, 250.00, 95, 1380, 1215, 77, P0
2026/07/31 22:14:35.862, 249.37, 250.00, 88, 1275, 1215, 78, P0
2026/07/31 22:14:36.062, 247.51, 250.00, 100, 1275, 1215, 78, P0
2026/07/31 22:14:36.263, 258.72, 250.00, 95, 1275, 1215, 79, P0
2026/07/31 22:14:36.463, 254.12, 250.00, 100, 1260, 1215, 79, P0
2026/07/31 22:14:36.664, 265.76, 250.00, 96, 1275, 1215, 79, P0
2026/07/31 22:14:36.864, 252.06, 250.00, 100, 1260, 1215, 79, P0
2026/07/31 22:14:37.065, 200.35, 250.00, 100, 1320, 1215, 78, P0
2026/07/31 22:14:37.265, 247.40, 250.00, 96, 1275, 1215, 79, P0
2026/07/31 22:14:37.465, 241.99, 250.00, 100, 1245, 1215, 79, P0
2026/07/31 22:14:37.666, 258.21, 250.00, 95, 1275, 1215, 79, P0
2026/07/31 22:14:37.866, 248.03, 250.00, 100, 1275, 1215, 79, P0
2026/07/31 22:14:38.067, 252.11, 250.00, 100, 1305, 1215, 78, P0
2026/07/31 22:14:38.267, 245.99, 250.00, 95, 1290, 1215, 79, P0
2026/07/31 22:14:38.468, 233.42, 250.00, 96, 1410, 1215, 76, P0
2026/07/31 22:14:38.668, 238.91, 250.00, 95, 1410, 1215, 75, P0
2026/07/31 22:14:38.869, 238.99, 250.00, 95, 1410, 1215, 75, P0
2026/07/31 22:14:39.069, 242.91, 250.00, 94, 1410, 1215, 75, P0
2026/07/31 22:14:39.270, 246.02, 250.00, 94, 1410, 1215, 75, P0
2026/07/31 22:14:39.470, 237.50, 250.00, 95, 1410, 1215, 75, P0
2026/07/31 22:14:39.671, 248.87, 250.00, 95, 1410, 1215, 75, P0
2026/07/31 22:14:39.871, 235.96, 250.00, 95, 1410, 1215, 75, P0
2026/07/31 22:14:40.073, 247.41, 250.00, 95, 1410, 1215, 75, P0
2026/07/31 22:14:40.273, 235.27, 250.00, 95, 1410, 1215, 75, P0
2026/07/31 22:14:40.474, 236.78, 250.00, 93, 1410, 1215, 75, P0
2026/07/31 22:14:40.674, 232.82, 250.00, 94, 1410, 1215, 75, P0
2026/07/31 22:14:40.875, 237.77, 250.00, 94, 1410, 1215, 75, P0
2026/07/31 22:14:41.075, 251.60, 250.00, 95, 1410, 1215, 75, P0
2026/07/31 22:14:41.276, 236.98, 250.00, 95, 1410, 1215, 75, P0
2026/07/31 22:14:41.476, 243.16, 250.00, 95, 1410, 1215, 75, P0
2026/07/31 22:14:41.677, 237.01, 250.00, 95, 1410, 1215, 75, P0
2026/07/31 22:14:41.877, 239.15, 250.00, 94, 1410, 1215, 75, P0
2026/07/31 22:14:42.078, 236.06, 250.00, 95, 1410, 1215, 75, P0
2026/07/31 22:14:42.278, 237.03, 250.00, 94, 1410, 1215, 75, P0
2026/07/31 22:14:42.479, 247.98, 250.00, 95, 1410, 1215, 75, P0
2026/07/31 22:14:42.679, 236.82, 250.00, 94, 1410, 1215, 75, P0
2026/07/31 22:14:42.880, 241.14, 250.00, 94, 1410, 1215, 75, P0
2026/07/31 22:14:43.080, 235.86, 250.00, 95, 1410, 1215, 75, P0
2026/07/31 22:14:43.281, 238.65, 250.00, 94, 1410, 1215, 75, P0
2026/07/31 22:14:43.481, 234.34, 250.00, 95, 1410, 1215, 75, P0
2026/07/31 22:14:43.683, 237.11, 250.00, 94, 1410, 1215, 75, P0
2026/07/31 22:14:43.884, 237.54, 250.00, 95, 1410, 1215, 75, P0
2026/07/31 22:14:44.084, 235.54, 250.00, 95, 1410, 1215, 75, P0
2026/07/31 22:14:44.285, 213.51, 250.00, 95, 1410, 1215, 75, P0
2026/07/31 22:14:44.485, 248.63, 250.00, 81, 1260, 1215, 78, P0
2026/07/31 22:14:44.686, 256.21, 250.00, 100, 1275, 1215, 78, P0
2026/07/31 22:14:44.886, 255.41, 250.00, 96, 1275, 1215, 79, P0
2026/07/31 22:14:45.086, 251.13, 250.00, 100, 1275, 1215, 79, P0
2026/07/31 22:14:45.287, 245.70, 250.00, 95, 1290, 1215, 78, P0
2026/07/31 22:14:45.487, 249.73, 250.00, 100, 1275, 1215, 79, P0
2026/07/31 22:14:45.688, 250.13, 250.00, 100, 1275, 1215, 79, P0
2026/07/31 22:14:45.888, 260.04, 250.00, 95, 1275, 1215, 79, P0
2026/07/31 22:14:46.089, 250.30, 250.00, 100, 1275, 1215, 79, P0
2026/07/31 22:14:46.289, 216.21, 250.00, 95, 1290, 1215, 79, P0
2026/07/31 22:14:46.490, 253.59, 250.00, 100, 1275, 1215, 79, P0
2026/07/31 22:14:46.690, 250.15, 250.00, 100, 1260, 1215, 79, P0
2026/07/31 22:14:46.891, 265.88, 250.00, 95, 1275, 1215, 79, P0
2026/07/31 22:14:47.091, 249.56, 250.00, 100, 1275, 1215, 79, P0
2026/07/31 22:14:47.292, 253.68, 250.00, 100, 1350, 1215, 79, P0
2026/07/31 22:14:47.492, 249.72, 250.00, 96, 1275, 1215, 80, P0
2026/07/31 22:14:47.692, 246.32, 250.00, 100, 1275, 1215, 79, P0
2026/07/31 22:14:47.893, 211.40, 250.00, 100, 1320, 1215, 80, P0
2026/07/31 22:14:48.093, 243.87, 250.00, 95, 1290, 1215, 80, P0
2026/07/31 22:14:48.294, 238.73, 250.00, 100, 1380, 1215, 77, P0
2026/07/31 22:14:48.494, 234.05, 250.00, 97, 1410, 1215, 76, P0
2026/07/31 22:14:48.695, 239.16, 250.00, 94, 1410, 1215, 76, P0
2026/07/31 22:14:48.895, 254.25, 250.00, 95, 1410, 1215, 76, P0
2026/07/31 22:14:49.096, 238.74, 250.00, 94, 1410, 1215, 75, P0
2026/07/31 22:14:49.297, 243.73, 250.00, 95, 1410, 1215, 75, P0
2026/07/31 22:14:49.497, 235.48, 250.00, 95, 1410, 1215, 75, P0
2026/07/31 22:14:49.697, 238.47, 250.00, 94, 1410, 1215, 75, P0
2026/07/31 22:14:49.898, 255.59, 250.00, 95, 1410, 1215, 75, P0
2026/07/31 22:14:50.099, 237.80, 250.00, 94, 1410, 1215, 75, P0
2026/07/31 22:14:50.299, 247.25, 250.00, 95, 1410, 1215, 75, P0
2026/07/31 22:14:50.500, 239.02, 250.00, 95, 1410, 1215, 75, P0
2026/07/31 22:14:50.700, 239.41, 250.00, 95, 1410, 1215, 75, P0
2026/07/31 22:14:50.901, 253.86, 250.00, 96, 1410, 1215, 75, P0
2026/07/31 22:14:51.101, 237.67, 250.00, 94, 1410, 1215, 75, P0
2026/07/31 22:14:51.302, 243.89, 250.00, 95, 1410, 1215, 75, P0
2026/07/31 22:14:51.502, 236.79, 250.00, 94, 1410, 1215, 75, P0
2026/07/31 22:14:51.703, 238.84, 250.00, 95, 1410, 1215, 75, P0
2026/07/31 22:14:51.903, 255.13, 250.00, 96, 1410, 1215, 75, P0
2026/07/31 22:14:52.104, 239.42, 250.00, 95, 1410, 1215, 75, P0
2026/07/31 22:14:52.304, 245.05, 250.00, 96, 1410, 1215, 75, P0
2026/07/31 22:14:52.505, 236.55, 250.00, 95, 1410, 1215, 75, P0
2026/07/31 22:14:52.705, 237.55, 250.00, 94, 1410, 1215, 75, P0
2026/07/31 22:14:52.906, 252.26, 250.00, 95, 1410, 1215, 75, P0
2026/07/31 22:14:53.106, 238.66, 250.00, 94, 1410, 1215, 75, P0
2026/07/31 22:14:53.307, 246.19, 250.00, 96, 1410, 1215, 75, P0
2026/07/31 22:14:53.507, 238.33, 250.00, 95, 1410, 1215, 75, P0
2026/07/31 22:14:53.708, 239.13, 250.00, 95, 1410, 1215, 75, P0
2026/07/31 22:14:53.908, 256.92, 250.00, 95, 1410, 1215, 75, P0
2026/07/31 22:14:54.109, 237.63, 250.00, 94, 1410, 1215, 75, P0
2026/07/31 22:14:54.309, 250.70, 250.00, 96, 1410, 1215, 75, P0
2026/07/31 22:14:54.510, 237.47, 250.00, 95, 1410, 1215, 75, P0
2026/07/31 22:14:54.710, 248.93, 250.00, 68, 1260, 1215, 78, P0
2026/07/31 22:14:54.911, 253.35, 250.00, 96, 1275, 1215, 78, P0
2026/07/31 22:14:55.111, 251.82, 250.00, 100, 1260, 1215, 79, P0
2026/07/31 22:14:55.312, 250.49, 250.00, 96, 1275, 1215, 79, P0
2026/07/31 22:14:55.512, 175.61, 250.00, 100, 1275, 1215, 78, P0
2026/07/31 22:14:55.713, 249.49, 250.00, 96, 1275, 1215, 79, P0
2026/07/31 22:14:55.913, 251.17, 250.00, 100, 1275, 1215, 79, P0
2026/07/31 22:14:56.114, 251.20, 250.00, 96, 1275, 1215, 79, P0
2026/07/31 22:14:56.314, 243.10, 250.00, 99, 1275, 1215, 79, P0
2026/07/31 22:14:56.515, 246.64, 250.00, 100, 1335, 1215, 79, P0
2026/07/31 22:14:56.715, 246.18, 250.00, 95, 1275, 1215, 79, P0
2026/07/31 22:14:56.916, 244.82, 250.00, 100, 1260, 1215, 79, P0
2026/07/31 22:14:57.116, 253.19, 250.00, 98, 1275, 1215, 80, P0
2026/07/31 22:14:57.317, 254.52, 250.00, 98, 1275, 1215, 80, P0
2026/07/31 22:14:57.517, 240.36, 250.00, 100, 1260, 1215, 79, P0
2026/07/31 22:14:57.718, 253.48, 250.00, 96, 1275, 1215, 80, P0
2026/07/31 22:14:57.918, 243.26, 250.00, 100, 1260, 1215, 80, P0
2026/07/31 22:14:58.118, 252.33, 250.00, 100, 1320, 1215, 79, P0
2026/07/31 22:14:58.319, 255.32, 250.00, 96, 1260, 1215, 80, P0
2026/07/31 22:14:58.519, 246.05, 250.00, 100, 1275, 1215, 79, P0
2026/07/31 22:14:58.720, 249.09, 250.00, 100, 1290, 1215, 80, P0
2026/07/31 22:14:58.920, 248.89, 250.00, 95, 1275, 1215, 80, P0
2026/07/31 22:14:59.121, 256.26, 250.00, 100, 1275, 1215, 80, P0
2026/07/31 22:14:59.321, 219.65, 250.00, 100, 1320, 1215, 80, P0
2026/07/31 22:14:59.522, 252.02, 250.00, 95, 1380, 1215, 78, P0
2026/07/31 22:14:59.722, 235.07, 250.00, 96, 1410, 1215, 76, P0
2026/07/31 22:14:59.923, 238.85, 250.00, 95, 1410, 1215, 76, P0
2026/07/31 22:15:00.123, 251.88, 250.00, 94, 1410, 1215, 76, P0
2026/07/31 22:15:00.324, 238.19, 250.00, 95, 1410, 1215, 76, P0
2026/07/31 22:15:00.524, 238.90, 250.00, 95, 1410, 1215, 76, P0
2026/07/31 22:15:00.725, 239.23, 250.00, 95, 1410, 1215, 76, P0
2026/07/31 22:15:00.926, 237.65, 250.00, 95, 1410, 1215, 76, P0
2026/07/31 22:15:01.126, 243.21, 250.00, 94, 1410, 1215, 75, P0
2026/07/31 22:15:01.327, 237.97, 250.00, 95, 1410, 1215, 75, P0
2026/07/31 22:15:01.527, 238.68, 250.00, 95, 1410, 1215, 75, P0
2026/07/31 22:15:01.728, 244.79, 250.00, 94, 1410, 1215, 75, P0
2026/07/31 22:15:01.928, 232.78, 250.00, 94, 1410, 1215, 75, P0
2026/07/31 22:15:02.129, 239.21, 250.00, 95, 1410, 1215, 75, P0
2026/07/31 22:15:02.329, 245.05, 250.00, 94, 1410, 1215, 75, P0
2026/07/31 22:15:02.530, 238.65, 250.00, 95, 1395, 1215, 75, P0
2026/07/31 22:15:02.730, 238.44, 250.00, 95, 1410, 1215, 75, P0
2026/07/31 22:15:02.931, 240.63, 250.00, 94, 1410, 1215, 75, P0
2026/07/31 22:15:03.131, 237.74, 250.00, 95, 1410, 1215, 75, P0
2026/07/31 22:15:03.332, 238.80, 250.00, 95, 1410, 1215, 75, P0
2026/07/31 22:15:03.532, 240.91, 250.00, 94, 1410, 1215, 75, P0
2026/07/31 22:15:03.733, 239.23, 250.00, 95, 1410, 1215, 75, P0
2026/07/31 22:15:03.933, 237.79, 250.00, 95, 1410, 1215, 75, P0
2026/07/31 22:15:04.134, 249.85, 250.00, 94, 1410, 1215, 75, P0
2026/07/31 22:15:04.334, 239.99, 250.00, 95, 1410, 1215, 75, P0
2026/07/31 22:15:04.535, 239.27, 250.00, 94, 1410, 1215, 75, P0
2026/07/31 22:15:04.736, 255.24, 250.00, 95, 1410, 1215, 75, P0
2026/07/31 22:15:04.936, 237.88, 250.00, 94, 1410, 1215, 75, P0
2026/07/31 22:15:05.137, 239.54, 250.00, 94, 1410, 1215, 75, P0
2026/07/31 22:15:05.337, 239.91, 250.00, 95, 1410, 1215, 75, P0
2026/07/31 22:15:05.538, 239.97, 250.00, 95, 1410, 1215, 75, P0
2026/07/31 22:15:05.738, 267.85, 250.00, 79, 1275, 1215, 78, P0
2026/07/31 22:15:05.938, 253.30, 250.00, 100, 1275, 1215, 79, P0
2026/07/31 22:15:06.139, 278.86, 250.00, 95, 1275, 1215, 79, P0
2026/07/31 22:15:06.339, 246.50, 250.00, 100, 1260, 1215, 79, P0
2026/07/31 22:15:06.540, 256.25, 250.00, 100, 1320, 1215, 79, P0
2026/07/31 22:15:06.740, 251.31, 250.00, 95, 1275, 1215, 79, P0
2026/07/31 22:15:06.941, 250.04, 250.00, 100, 1245, 1215, 79, P0
2026/07/31 22:15:07.141, 256.27, 250.00, 95, 1275, 1215, 79, P0
2026/07/31 22:15:07.342, 250.61, 250.00, 100, 1275, 1215, 80, P0
2026/07/31 22:15:07.542, 199.55, 250.00, 100, 1275, 1215, 79, P0
2026/07/31 22:15:07.744, 243.86, 250.00, 95, 1275, 1215, 80, P0
2026/07/31 22:15:07.948, 252.18, 250.00, 100, 1305, 1215, 80, P0
2026/07/31 22:15:08.153, 257.04, 250.00, 96, 1275, 1215, 80, P0
2026/07/31 22:15:08.353, 251.92, 250.00, 100, 1260, 1215, 80, P0
2026/07/31 22:15:08.553, 267.51, 250.00, 100, 1290, 1215, 80, P0
2026/07/31 22:15:08.754, 245.59, 250.00, 96, 1290, 1215, 80, P0
2026/07/31 22:15:08.954, 246.93, 250.00, 100, 1275, 1215, 80, P0
2026/07/31 22:15:09.155, 227.73, 250.00, 98, 1410, 1215, 77, P0
2026/07/31 22:15:09.355, 247.57, 250.00, 95, 1410, 1215, 76, P0
2026/07/31 22:15:09.556, 231.88, 250.00, 95, 1410, 1215, 76, P0
2026/07/31 22:15:09.756, 235.20, 250.00, 93, 1410, 1215, 76, P0
2026/07/31 22:15:09.957, 239.49, 250.00, 95, 1410, 1215, 76, P0
2026/07/31 22:15:10.157, 239.34, 250.00, 94, 1410, 1215, 76, P0
2026/07/31 22:15:10.358, 239.63, 250.00, 96, 1410, 1215, 76, P0
2026/07/31 22:15:10.558, 238.75, 250.00, 95, 1410, 1215, 76, P0
2026/07/31 22:15:10.759, 251.68, 250.00, 95, 1410, 1215, 76, P0
2026/07/31 22:15:10.959, 238.10, 250.00, 94, 1410, 1215, 76, P0
2026/07/31 22:15:11.160, 238.97, 250.00, 95, 1410, 1215, 75, P0
2026/07/31 22:15:11.360, 237.71, 250.00, 96, 1410, 1215, 76, P0
2026/07/31 22:15:11.561, 239.40, 250.00, 95, 1410, 1215, 76, P0
2026/07/31 22:15:11.761, 243.74, 250.00, 96, 1410, 1215, 76, P0
2026/07/31 22:15:11.962, 238.19, 250.00, 95, 1410, 1215, 75, P0
2026/07/31 22:15:12.162, 245.30, 250.00, 95, 1410, 1215, 75, P0
2026/07/31 22:15:12.363, 237.09, 250.00, 95, 1410, 1215, 76, P0
2026/07/31 22:15:12.563, 239.41, 250.00, 94, 1410, 1215, 75, P0
2026/07/31 22:15:12.764, 239.41, 250.00, 95, 1410, 1215, 75, P0
2026/07/31 22:15:12.964, 237.81, 250.00, 95, 1410, 1215, 75, P0
2026/07/31 22:15:13.165, 254.67, 250.00, 95, 1410, 1215, 75, P0
2026/07/31 22:15:13.365, 239.70, 250.00, 94, 1410, 1215, 75, P0
2026/07/31 22:15:13.566, 236.65, 250.00, 95, 1410, 1215, 75, P0
2026/07/31 22:15:13.766, 239.03, 250.00, 95, 1410, 1215, 76, P0
2026/07/31 22:15:13.967, 251.29, 250.00, 94, 1410, 1215, 75, P0
2026/07/31 22:15:14.167, 238.38, 250.00, 95, 1410, 1215, 75, P0
2026/07/31 22:15:14.368, 247.31, 250.00, 95, 1410, 1215, 75, P0
2026/07/31 22:15:14.569, 237.81, 250.00, 95, 1410, 1215, 76, P0
2026/07/31 22:15:14.769, 239.41, 250.00, 95, 1410, 1215, 75, P0
2026/07/31 22:15:14.970, 243.33, 250.00, 95, 1410, 1215, 75, P0
2026/07/31 22:15:15.170, 239.40, 250.00, 95, 1410, 1215, 75, P0
2026/07/31 22:15:15.371, 248.39, 250.00, 94, 1410, 1215, 75, P0
2026/07/31 22:15:15.571, 236.08, 250.00, 94, 1410, 1215, 75, P0
2026/07/31 22:15:15.772, 238.37, 250.00, 94, 1410, 1215, 75, P0
2026/07/31 22:15:15.972, 80.56, 250.00, 86, 1260, 1215, 77, P0
2026/07/31 22:15:16.173, 256.09, 250.00, 82, 1275, 1215, 79, P0
2026/07/31 22:15:16.373, 258.18, 250.00, 100, 1365, 1215, 79, P0
2026/07/31 22:15:16.573, 257.44, 250.00, 96, 1260, 1215, 79, P0
2026/07/31 22:15:16.774, 253.24, 250.00, 100, 1275, 1215, 79, P0
2026/07/31 22:15:16.974, 254.24, 250.00, 95, 1260, 1215, 79, P0
2026/07/31 22:15:17.175, 249.86, 250.00, 95, 1275, 1215, 80, P0
2026/07/31 22:15:17.375, 190.27, 250.00, 100, 1290, 1215, 79, P0
2026/07/31 22:15:17.576, 254.44, 250.00, 100, 1260, 1215, 80, P0
2026/07/31 22:15:17.776, 252.12, 250.00, 96, 1260, 1215, 80, P0
2026/07/31 22:15:17.976, 249.52, 250.00, 100, 1275, 1215, 80, P0
2026/07/31 22:15:18.177, 244.92, 250.00, 96, 1260, 1215, 80, P0
2026/07/31 22:15:18.377, 217.28, 250.00, 100, 1305, 1215, 80, P0
2026/07/31 22:15:18.578, 248.96, 250.00, 100, 1275, 1215, 80, P0
2026/07/31 22:15:18.778, 249.18, 250.00, 96, 1275, 1215, 80, P0
2026/07/31 22:15:18.978, 267.44, 250.00, 100, 1290, 1215, 80, P0
2026/07/31 22:15:19.179, 239.64, 250.00, 95, 1260, 1215, 80, P0
2026/07/31 22:15:19.379, 250.68, 250.00, 100, 1290, 1215, 80, P0
2026/07/31 22:15:19.580, 261.08, 250.00, 100, 1275, 1215, 80, P0
2026/07/31 22:15:19.780, 251.38, 250.00, 96, 1275, 1215, 80, P0
2026/07/31 22:15:19.981, 251.76, 250.00, 100, 1320, 1215, 80, P0
2026/07/31 22:15:20.181, 252.66, 250.00, 100, 1290, 1215, 80, P0
2026/07/31 22:15:20.382, 245.51, 250.00, 95, 1275, 1215, 80, P0
2026/07/31 22:15:20.582, 207.27, 250.00, 100, 1380, 1215, 78, P0
2026/07/31 22:15:20.783, 241.15, 250.00, 99, 1410, 1215, 77, P0
2026/07/31 22:15:20.983, 239.13, 250.00, 95, 1410, 1215, 76, P0
2026/07/31 22:15:21.183, 239.83, 250.00, 95, 1410, 1215, 76, P0
2026/07/31 22:15:21.384, 248.39, 250.00, 96, 1410, 1215, 76, P0
2026/07/31 22:15:21.584, 236.79, 250.00, 94, 1410, 1215, 76, P0
2026/07/31 22:15:21.785, 240.07, 250.00, 95, 1410, 1215, 76, P0
2026/07/31 22:15:21.985, 244.01, 250.00, 95, 1410, 1215, 76, P0
2026/07/31 22:15:22.186, 239.73, 250.00, 94, 1410, 1215, 76, P0
2026/07/31 22:15:22.386, 240.65, 250.00, 95, 1410, 1215, 76, P0
2026/07/31 22:15:22.587, 239.67, 250.00, 95, 1410, 1215, 76, P0
2026/07/31 22:15:22.788, 239.53, 250.00, 95, 1410, 1215, 76, P0
2026/07/31 22:15:22.988, 246.10, 250.00, 95, 1410, 1215, 76, P0
2026/07/31 22:15:23.189, 231.21, 250.00, 94, 1395, 1215, 76, P0
2026/07/31 22:15:23.389, 239.44, 250.00, 95, 1410, 1215, 76, P0
2026/07/31 22:15:23.590, 250.05, 250.00, 95, 1410, 1215, 76, P0
2026/07/31 22:15:23.790, 239.34, 250.00, 94, 1410, 1215, 76, P0
2026/07/31 22:15:23.990, 239.16, 250.00, 95, 1410, 1215, 76, P0
2026/07/31 22:15:24.191, 237.13, 250.00, 95, 1410, 1215, 76, P0
2026/07/31 22:15:24.392, 239.17, 250.00, 94, 1410, 1215, 76, P0
2026/07/31 22:15:24.592, 246.47, 250.00, 95, 1410, 1215, 76, P0
2026/07/31 22:15:24.793, 238.22, 250.00, 94, 1410, 1215, 76, P0
2026/07/31 22:15:24.993, 240.56, 250.00, 95, 1410, 1215, 76, P0
2026/07/31 22:15:25.193, 251.85, 250.00, 95, 1410, 1215, 76, P0
2026/07/31 22:15:25.394, 236.83, 250.00, 95, 1410, 1215, 76, P0
2026/07/31 22:15:25.594, 239.56, 250.00, 95, 1410, 1215, 76, P0
2026/07/31 22:15:25.795, 249.64, 250.00, 95, 1410, 1215, 76, P0
2026/07/31 22:15:25.995, 238.49, 250.00, 94, 1410, 1215, 76, P0
2026/07/31 22:15:26.196, 244.34, 250.00, 95, 1410, 1215, 76, P0
2026/07/31 22:15:26.396, 221.24, 250.00, 95, 1410, 1215, 76, P0
2026/07/31 22:15:26.597, 238.02, 250.00, 94, 1410, 1215, 76, P0
2026/07/31 22:15:26.798, 246.19, 250.00, 94, 1410, 1215, 76, P0
2026/07/31 22:15:26.998, 251.94, 250.00, 94, 1260, 1215, 78, P0
2026/07/31 22:15:27.198, 253.87, 250.00, 73, 1260, 1215, 79, P0
2026/07/31 22:15:27.399, 259.07, 250.00, 100, 1275, 1215, 79, P0
2026/07/31 22:15:27.599, 247.39, 250.00, 96, 1275, 1215, 79, P0
2026/07/31 22:15:27.800, 254.15, 250.00, 100, 1275, 1215, 78, P0
2026/07/31 22:15:28.000, 252.56, 250.00, 95, 1275, 1215, 79, P0
2026/07/31 22:15:28.201, 253.10, 250.00, 100, 1275, 1215, 80, P0
2026/07/31 22:15:28.401, 283.36, 250.00, 100, 1275, 1215, 80, P0
2026/07/31 22:15:28.602, 249.66, 250.00, 93, 1275, 1215, 80, P0
2026/07/31 22:15:28.802, 249.19, 250.00, 100, 1320, 1215, 80, P0
2026/07/31 22:15:29.003, 254.84, 250.00, 95, 1275, 1215, 80, P0
2026/07/31 22:15:29.203, 250.32, 250.00, 100, 1275, 1215, 80, P0
2026/07/31 22:15:29.403, 267.03, 250.00, 100, 1275, 1215, 80, P0
2026/07/31 22:15:29.604, 250.47, 250.00, 96, 1275, 1215, 80, P0
2026/07/31 22:15:29.804, 252.62, 250.00, 100, 1260, 1215, 80, P0
2026/07/31 22:15:30.005, 247.55, 250.00, 100, 1290, 1215, 80, P0
2026/07/31 22:15:30.205, 253.67, 250.00, 96, 1260, 1215, 80, P0
2026/07/31 22:15:30.406, 250.73, 250.00, 100, 1350, 1215, 79, P0
2026/07/31 22:15:30.606, 257.16, 250.00, 95, 1275, 1215, 80, P0
2026/07/31 22:15:30.807, 247.91, 250.00, 100, 1260, 1215, 80, P0
2026/07/31 22:15:31.007, 215.19, 250.00, 100, 1320, 1215, 80, P0
2026/07/31 22:15:31.207, 249.24, 250.00, 95, 1290, 1215, 80, P0
2026/07/31 22:15:31.408, 220.37, 250.00, 100, 1395, 1215, 77, P0
2026/07/31 22:15:31.608, 235.12, 250.00, 95, 1410, 1215, 77, P0
2026/07/31 22:15:31.810, 238.97, 250.00, 95, 1410, 1215, 76, P0
2026/07/31 22:15:32.011, 231.94, 250.00, 94, 1410, 1215, 76, P0
2026/07/31 22:15:32.211, 256.31, 250.00, 95, 1410, 1215, 76, P0
2026/07/31 22:15:32.412, 241.01, 250.00, 95, 1410, 1215, 76, P0
2026/07/31 22:15:32.612, 247.21, 250.00, 95, 1410, 1215, 76, P0
2026/07/31 22:15:32.813, 237.91, 250.00, 95, 1410, 1215, 76, P0
2026/07/31 22:15:33.013, 240.75, 250.00, 94, 1410, 1215, 76, P0
2026/07/31 22:15:33.214, 252.51, 250.00, 95, 1410, 1215, 76, P0
2026/07/31 22:15:33.414, 240.64, 250.00, 95, 1410, 1215, 76, P0
2026/07/31 22:15:33.615, 239.99, 250.00, 94, 1410, 1215, 76, P0
2026/07/31 22:15:33.815, 237.79, 250.00, 95, 1410, 1215, 76, P0
2026/07/31 22:15:34.016, 237.74, 250.00, 94, 1410, 1215, 76, P0
2026/07/31 22:15:34.216, 250.89, 250.00, 95, 1410, 1215, 76, P0
2026/07/31 22:15:34.417, 239.87, 250.00, 95, 1410, 1215, 76, P0
2026/07/31 22:15:34.617, 240.46, 250.00, 95, 1410, 1215, 76, P0
2026/07/31 22:15:34.818, 249.38, 250.00, 95, 1410, 1215, 76, P0
2026/07/31 22:15:35.018, 238.27, 250.00, 94, 1410, 1215, 76, P0
2026/07/31 22:15:35.219, 240.46, 250.00, 94, 1410, 1215, 76, P0
2026/07/31 22:15:35.419, 248.65, 250.00, 94, 1410, 1215, 76, P0
2026/07/31 22:15:35.620, 240.45, 250.00, 95, 1410, 1215, 76, P0
2026/07/31 22:15:35.820, 246.46, 250.00, 95, 1410, 1215, 76, P0
2026/07/31 22:15:36.021, 239.40, 250.00, 95, 1410, 1215, 76, P0
2026/07/31 22:15:36.221, 240.64, 250.00, 95, 1410, 1215, 76, P0
2026/07/31 22:15:36.422, 255.71, 250.00, 95, 1410, 1215, 76, P0
2026/07/31 22:15:36.622, 239.35, 250.00, 95, 1410, 1215, 76, P0
2026/07/31 22:15:36.823, 240.37, 250.00, 94, 1410, 1215, 76, P0
2026/07/31 22:15:37.023, 236.78, 250.00, 95, 1410, 1215, 76, P0
2026/07/31 22:15:37.224, 239.43, 250.00, 94, 1410, 1215, 76, P0
2026/07/31 22:15:37.424, 245.32, 250.00, 95, 1410, 1215, 76, P0
2026/07/31 22:15:37.625, 238.74, 250.00, 95, 1410, 1215, 76, P0
2026/07/31 22:15:37.825, 239.64, 250.00, 94, 1410, 1215, 76, P0
2026/07/31 22:15:38.026, 255.99, 250.00, 95, 1410, 1215, 76, P0
2026/07/31 22:15:38.226, 230.30, 250.00, 95, 1320, 1215, 77, P0
2026/07/31 22:15:38.427, 251.81, 250.00, 76, 1275, 1215, 79, P0
2026/07/31 22:15:38.627, 248.11, 250.00, 100, 1290, 1215, 79, P0
2026/07/31 22:15:38.828, 250.32, 250.00, 95, 1260, 1215, 80, P0
2026/07/31 22:15:39.028, 251.59, 250.00, 100, 1260, 1215, 80, P0
2026/07/31 22:15:39.228, 251.17, 250.00, 100, 1260, 1215, 80, P0
2026/07/31 22:15:39.429, 245.86, 250.00, 95, 1260, 1215, 80, P0
2026/07/31 22:15:39.629, 257.26, 250.00, 100, 1320, 1215, 80, P0
2026/07/31 22:15:39.830, 250.72, 250.00, 95, 1275, 1215, 80, P0
2026/07/31 22:15:40.030, 245.80, 250.00, 100, 1260, 1215, 80, P0
2026/07/31 22:15:40.231, 239.39, 250.00, 98, 1260, 1215, 80, P0
2026/07/31 22:15:40.431, 253.36, 250.00, 97, 1275, 1215, 80, P0
2026/07/31 22:15:40.632, 197.58, 250.00, 100, 1350, 1215, 80, P0
2026/07/31 22:15:40.832, 253.34, 250.00, 95, 1275, 1215, 80, P0
2026/07/31 22:15:41.033, 244.34, 250.00, 100, 1275, 1215, 80, P0
2026/07/31 22:15:41.233, 252.02, 250.00, 100, 1275, 1215, 80, P0
2026/07/31 22:15:41.434, 248.39, 250.00, 95, 1275, 1215, 80, P0
2026/07/31 22:15:41.634, 258.96, 250.00, 100, 1275, 1215, 80, P0
2026/07/31 22:15:41.834, 253.12, 250.00, 98, 1275, 1215, 80, P0
2026/07/31 22:15:42.035, 255.10, 250.00, 97, 1275, 1215, 80, P0
2026/07/31 22:15:42.235, 252.24, 250.00, 100, 1275, 1215, 80, P0
2026/07/31 22:15:42.436, 264.33, 250.00, 95, 1275, 1215, 81, P0
2026/07/31 22:15:42.636, 253.18, 250.00, 100, 1275, 1215, 80, P0
2026/07/31 22:15:42.837, 254.84, 250.00, 100, 1290, 1215, 80, P0
2026/07/31 22:15:43.037, 227.25, 250.00, 97, 1410, 1215, 77, P0
2026/07/31 22:15:43.238, 242.28, 250.00, 95, 1410, 1215, 77, P0
2026/07/31 22:15:43.438, 240.40, 250.00, 95, 1410, 1215, 76, P0
2026/07/31 22:15:43.639, 240.61, 250.00, 96, 1410, 1215, 76, P0
2026/07/31 22:15:43.839, 245.70, 250.00, 94, 1410, 1215, 76, P0
2026/07/31 22:15:44.040, 237.83, 250.00, 95, 1410, 1215, 76, P0
2026/07/31 22:15:44.240, 240.69, 250.00, 95, 1410, 1215, 76, P0
2026/07/31 22:15:44.441, 257.43, 250.00, 95, 1410, 1215, 76, P0
2026/07/31 22:15:44.641, 241.03, 250.00, 96, 1410, 1215, 76, P0
2026/07/31 22:15:44.842, 247.26, 250.00, 95, 1410, 1215, 76, P0
2026/07/31 22:15:45.042, 232.84, 250.00, 95, 1410, 1215, 76, P0
2026/07/31 22:15:45.243, 240.40, 250.00, 95, 1410, 1215, 76, P0
2026/07/31 22:15:45.443, 251.66, 250.00, 95, 1410, 1215, 76, P0
2026/07/31 22:15:45.644, 239.17, 250.00, 95, 1410, 1215, 76, P0
2026/07/31 22:15:45.844, 241.24, 250.00, 95, 1410, 1215, 76, P0
2026/07/31 22:15:46.045, 240.36, 250.00, 95, 1410, 1215, 76, P0
2026/07/31 22:15:46.245, 238.67, 250.00, 94, 1410, 1215, 76, P0
2026/07/31 22:15:46.446, 245.00, 250.00, 95, 1410, 1215, 76, P0
2026/07/31 22:15:46.646, 238.84, 250.00, 94, 1410, 1215, 76, P0
2026/07/31 22:15:46.847, 238.36, 250.00, 95, 1410, 1215, 76, P0
2026/07/31 22:15:47.047, 248.03, 250.00, 94, 1410, 1215, 76, P0
2026/07/31 22:15:47.248, 239.15, 250.00, 94, 1410, 1215, 76, P0
2026/07/31 22:15:47.450, 240.29, 250.00, 94, 1410, 1215, 76, P0
2026/07/31 22:15:47.654, 248.84, 250.00, 95, 1410, 1215, 76, P0
2026/07/31 22:15:47.855, 242.99, 250.00, 95, 1410, 1215, 76, P0
2026/07/31 22:15:48.056, 236.52, 250.00, 95, 1395, 1215, 76, P0
2026/07/31 22:15:48.258, 241.24, 250.00, 94, 1410, 1215, 76, P0
2026/07/31 22:15:48.459, 236.76, 250.00, 95, 1410, 1215, 76, P0
2026/07/31 22:15:48.659, 239.90, 250.00, 94, 1410, 1215, 76, P0
2026/07/31 22:15:48.860, 246.37, 250.00, 94, 1410, 1215, 76, P0
2026/07/31 22:15:49.060, 233.52, 250.00, 95, 1410, 1215, 76, P0
2026/07/31 22:15:49.261, 264.32, 250.00, 91, 1275, 1215, 78, P0
2026/07/31 22:15:49.461, 254.76, 250.00, 72, 1275, 1215, 79, P0
2026/07/31 22:15:49.661, 255.85, 250.00, 100, 1290, 1215, 80, P0
2026/07/31 22:15:49.863, 248.89, 250.00, 96, 1260, 1215, 80, P0
2026/07/31 22:15:50.064, 253.53, 250.00, 96, 1185, 1215, 80, P0
2026/07/31 22:15:50.266, 259.83, 250.00, 96, 1275, 1215, 80, P0
2026/07/31 22:15:50.466, 254.73, 250.00, 100, 1275, 1215, 80, P0
2026/07/31 22:15:50.667, 250.51, 250.00, 100, 1275, 1215, 80, P0
2026/07/31 22:15:50.867, 248.99, 250.00, 96, 1275, 1215, 80, P0
2026/07/31 22:15:51.068, 199.67, 250.00, 100, 1335, 1215, 79, P0
2026/07/31 22:15:51.268, 250.10, 250.00, 95, 1275, 1215, 80, P0
2026/07/31 22:15:51.469, 254.15, 250.00, 100, 1260, 1215, 80, P0
2026/07/31 22:15:51.669, 255.49, 250.00, 100, 1275, 1215, 80, P0
2026/07/31 22:15:51.869, 255.11, 250.00, 95, 1275, 1215, 80, P0
2026/07/31 22:15:52.070, 248.73, 250.00, 100, 1275, 1215, 80, P0
2026/07/31 22:15:52.270, 252.31, 250.00, 95, 1275, 1215, 80, P0
2026/07/31 22:15:52.471, 247.75, 250.00, 100, 1275, 1215, 80, P0
2026/07/31 22:15:52.671, 220.63, 250.00, 100, 1290, 1215, 80, P0
2026/07/31 22:15:52.872, 251.32, 250.00, 96, 1275, 1215, 80, P0
2026/07/31 22:15:53.072, 249.70, 250.00, 100, 1260, 1215, 80, P0
2026/07/31 22:15:53.272, 253.61, 250.00, 100, 1320, 1215, 80, P0
2026/07/31 22:15:53.473, 256.20, 250.00, 96, 1275, 1215, 81, P0
2026/07/31 22:15:53.673, 246.65, 250.00, 100, 1275, 1215, 80, P0
2026/07/31 22:15:53.874, 251.66, 250.00, 100, 1305, 1215, 80, P0
2026/07/31 22:15:54.074, 249.90, 250.00, 96, 1290, 1215, 81, P0
2026/07/31 22:15:54.275, 232.90, 250.00, 98, 1395, 1215, 77, P0
2026/07/31 22:15:54.475, 239.63, 250.00, 95, 1395, 1215, 77, P0
2026/07/31 22:15:54.676, 239.77, 250.00, 95, 1410, 1215, 77, P0
2026/07/31 22:15:54.876, 241.51, 250.00, 94, 1410, 1215, 76, P0
2026/07/31 22:15:55.077, 240.12, 250.00, 95, 1410, 1215, 76, P0
2026/07/31 22:15:55.277, 245.97, 250.00, 95, 1410, 1215, 76, P0
2026/07/31 22:15:55.478, 240.20, 250.00, 94, 1395, 1215, 76, P0
2026/07/31 22:15:55.678, 240.03, 250.00, 95, 1410, 1215, 76, P0
2026/07/31 22:15:55.879, 245.20, 250.00, 94, 1410, 1215, 76, P0
2026/07/31 22:15:56.079, 238.46, 250.00, 95, 1395, 1215, 76, P0
2026/07/31 22:15:56.280, 238.80, 250.00, 95, 1410, 1215, 76, P0
2026/07/31 22:15:56.480, 256.30, 250.00, 94, 1410, 1215, 76, P0
2026/07/31 22:15:56.681, 240.95, 250.00, 95, 1410, 1215, 76, P0
2026/07/31 22:15:56.881, 244.53, 250.00, 95, 1410, 1215, 76, P0
2026/07/31 22:15:57.082, 235.79, 250.00, 95, 1410, 1215, 76, P0
2026/07/31 22:15:57.282, 239.37, 250.00, 95, 1410, 1215, 76, P0
2026/07/31 22:15:57.483, 248.46, 250.00, 95, 1410, 1215, 76, P0
2026/07/31 22:15:57.683, 239.25, 250.00, 95, 1410, 1215, 76, P0
2026/07/31 22:15:57.884, 240.50, 250.00, 95, 1410, 1215, 76, P0
2026/07/31 22:15:58.084, 248.31, 250.00, 94, 1410, 1215, 76, P0
2026/07/31 22:15:58.285, 236.39, 250.00, 95, 1410, 1215, 76, P0
2026/07/31 22:15:58.485, 241.17, 250.00, 95, 1410, 1215, 76, P0
2026/07/31 22:15:58.687, 253.60, 250.00, 94, 1410, 1215, 76, P0
2026/07/31 22:15:58.888, 238.98, 250.00, 95, 1410, 1215, 76, P0
2026/07/31 22:15:59.088, 240.13, 250.00, 95, 1410, 1215, 76, P0
2026/07/31 22:15:59.289, 239.90, 250.00, 95, 1410, 1215, 76, P0
2026/07/31 22:15:59.489, 240.17, 250.00, 95, 1410, 1215, 76, P0
2026/07/31 22:15:59.690, 248.55, 250.00, 95, 1395, 1215, 76, P0
2026/07/31 22:15:59.890, 235.35, 250.00, 95, 1410, 1215, 76, P0
2026/07/31 22:16:00.091, 240.26, 250.00, 95, 1410, 1215, 76, P0
2026/07/31 22:16:00.291, 248.84, 250.00, 94, 1410, 1215, 76, P0
2026/07/31 22:16:00.492, 77.35, 250.00, 86, 1410, 1215, 73, P0
2026/07/31 22:16:00.692, 72.46, 250.00, 0, 1410, 1215, 71, P0
2026/07/31 22:16:00.892, 69.27, 250.00, 0, 1410, 1215, 70, P0
2026/07/31 22:16:01.093, 68.61, 250.00, 0, 1410, 1215, 69, P0
2026/07/31 22:16:01.293, 68.22, 250.00, 0, 1410, 1215, 69, P0
2026/07/31 22:16:01.493, 67.82, 250.00, 0, 1410, 1215, 68, P0
2026/07/31 22:16:01.694, 67.71, 250.00, 0, 1410, 1215, 68, P0
2026/07/31 22:16:01.894, 67.18, 250.00, 0, 1410, 1215, 68, P0
2026/07/31 22:16:02.095, 67.23, 250.00, 0, 1410, 1215, 68, P0
2026/07/31 22:16:02.295, 51.32, 250.00, 0, 1140, 1215, 67, P0
2026/07/31 22:16:02.495, 48.18, 250.00, 0, 1140, 1215, 67, P0
2026/07/31 22:16:02.696, 48.09, 250.00, 0, 1140, 1215, 66, P0
2026/07/31 22:16:02.896, 47.86, 250.00, 0, 1140, 1215, 66, P0
