2026/07/31 17:56:28.372, 36.62, 250.00, 0, 1140, 1215, 39, P0
2026/07/31 17:56:28.585, 36.62, 250.00, 0, 1140, 1215, 39, P0
2026/07/31 17:56:28.786, 36.58, 250.00, 0, 1140, 1215, 39, P0
2026/07/31 17:56:28.986, 36.62, 250.00, 0, 1140, 1215, 39, P0
2026/07/31 17:56:29.187, 36.71, 250.00, 0, 1140, 1215, 39, P0
2026/07/31 17:56:29.387, 36.62, 250.00, 0, 1140, 1215, 39, P0
2026/07/31 17:56:29.588, 36.72, 250.00, 0, 1140, 1215, 39, P0
2026/07/31 17:56:29.794, 38.79, 250.00, 0, 1140, 1215, 39, P0
2026/07/31 17:56:29.995, 40.43, 250.00, 0, 1410, 1215, 40, P0
2026/07/31 17:56:30.195, 48.49, 250.00, 1, 1410, 1215, 40, P0
2026/07/31 17:56:30.396, 49.58, 250.00, 10, 1410, 1215, 40, P0
2026/07/31 17:56:30.596, 48.57, 250.00, 1, 1410, 1215, 40, P0
2026/07/31 17:56:30.797, 49.22, 250.00, 1, 1410, 1215, 40, P0
2026/07/31 17:56:30.997, 49.13, 250.00, 0, 1410, 1215, 40, P0
2026/07/31 17:56:31.197, 49.13, 250.00, 0, 1410, 1215, 40, P0
2026/07/31 17:56:31.398, 48.52, 250.00, 0, 1410, 1215, 40, P0
2026/07/31 17:56:31.599, 49.19, 250.00, 0, 1410, 1215, 40, P0
2026/07/31 17:56:31.801, 47.21, 250.00, 0, 1140, 1215, 40, P0
2026/07/31 17:56:32.002, 66.11, 250.00, 4, 1140, 1215, 40, P0
2026/07/31 17:56:32.203, 38.04, 250.00, 18, 1140, 1215, 40, P0
2026/07/31 17:56:32.405, 48.81, 250.00, 26, 1140, 1215, 41, P0
2026/07/31 17:56:32.605, 36.82, 250.00, 36, 1140, 1215, 40, P0
2026/07/31 17:56:32.806, 36.79, 250.00, 0, 1140, 1215, 40, P0
2026/07/31 17:56:33.006, 36.80, 250.00, 0, 1140, 1215, 40, P0
2026/07/31 17:56:33.206, 36.69, 250.00, 0, 1140, 1215, 40, P0
2026/07/31 17:56:33.407, 36.60, 250.00, 0, 1140, 1215, 40, P0
2026/07/31 17:56:33.607, 36.62, 250.00, 0, 1140, 1215, 40, P0
2026/07/31 17:56:33.808, 36.83, 250.00, 0, 1140, 1215, 39, P0
2026/07/31 17:56:34.008, 36.60, 250.00, 0, 1140, 1215, 39, P0
2026/07/31 17:56:34.208, 36.61, 250.00, 0, 1140, 1215, 39, P0
2026/07/31 17:56:34.409, 36.61, 250.00, 0, 1140, 1215, 39, P0
2026/07/31 17:56:34.609, 36.65, 250.00, 0, 1140, 1215, 39, P0
2026/07/31 17:56:34.810, 36.72, 250.00, 0, 1140, 1215, 39, P0
2026/07/31 17:56:35.010, 36.62, 250.00, 0, 1140, 1215, 39, P0
2026/07/31 17:56:35.210, 36.80, 250.00, 0, 1140, 1215, 39, P0
2026/07/31 17:56:35.411, 36.73, 250.00, 0, 1140, 1215, 39, P0
2026/07/31 17:56:35.611, 36.72, 250.00, 0, 1140, 1215, 39, P0
2026/07/31 17:56:35.811, 36.60, 250.00, 0, 1140, 1215, 39, P0
2026/07/31 17:56:36.012, 36.69, 250.00, 0, 1140, 1215, 39, P0
2026/07/31 17:56:36.212, 36.60, 250.00, 0, 1140, 1215, 39, P0
2026/07/31 17:56:36.413, 36.60, 250.00, 0, 1140, 1215, 39, P0
2026/07/31 17:56:36.613, 36.62, 250.00, 0, 1140, 1215, 39, P0
2026/07/31 17:56:36.813, 36.72, 250.00, 0, 1140, 1215, 39, P0
2026/07/31 17:56:37.014, 36.62, 250.00, 0, 1140, 1215, 39, P0
2026/07/31 17:56:37.214, 36.71, 250.00, 0, 1140, 1215, 39, P0
2026/07/31 17:56:37.414, 36.72, 250.00, 0, 1140, 1215, 39, P0
2026/07/31 17:56:37.615, 36.62, 250.00, 0, 1140, 1215, 39, P0
2026/07/31 17:56:37.815, 36.73, 250.00, 0, 1140, 1215, 39, P0
2026/07/31 17:56:38.016, 36.73, 250.00, 0, 1140, 1215, 39, P0
2026/07/31 17:56:38.216, 36.79, 250.00, 0, 1140, 1215, 39, P0
2026/07/31 17:56:38.416, 36.73, 250.00, 0, 1140, 1215, 39, P0
2026/07/31 17:56:38.617, 36.72, 250.00, 0, 1140, 1215, 39, P0
2026/07/31 17:56:38.817, 36.67, 250.00, 0, 1140, 1215, 39, P0
2026/07/31 17:56:39.018, 36.69, 250.00, 0, 1140, 1215, 39, P0
2026/07/31 17:56:39.218, 36.90, 250.00, 0, 1140, 1215, 39, P0
2026/07/31 17:56:39.419, 36.92, 250.00, 0, 1140, 1215, 39, P0
2026/07/31 17:56:39.619, 37.02, 250.00, 0, 1140, 1215, 39, P0
2026/07/31 17:56:39.819, 37.02, 250.00, 0, 1140, 1215, 39, P0
2026/07/31 17:56:40.020, 37.02, 250.00, 0, 1140, 1215, 39, P0
2026/07/31 17:56:40.220, 36.90, 250.00, 0, 1140, 1215, 39, P0
2026/07/31 17:56:40.420, 36.92, 250.00, 0, 1140, 1215, 39, P0
2026/07/31 17:56:40.621, 36.83, 250.00, 0, 1140, 1215, 39, P0
2026/07/31 17:56:40.821, 36.80, 250.00, 0, 1140, 1215, 39, P0
2026/07/31 17:56:41.022, 36.83, 250.00, 0, 1140, 1215, 39, P0
2026/07/31 17:56:41.222, 36.82, 250.00, 0, 1140, 1215, 39, P0
2026/07/31 17:56:41.422, 36.69, 250.00, 0, 1140, 1215, 39, P0
2026/07/31 17:56:41.623, 36.83, 250.00, 0, 1140, 1215, 39, P0
2026/07/31 17:56:41.823, 36.83, 250.00, 0, 1140, 1215, 39, P0
2026/07/31 17:56:42.024, 36.80, 250.00, 0, 1140, 1215, 39, P0
2026/07/31 17:56:42.225, 36.72, 250.00, 0, 1140, 1215, 39, P0
2026/07/31 17:56:42.425, 36.78, 250.00, 0, 1140, 1215, 39, P0
2026/07/31 17:56:42.625, 36.80, 250.00, 0, 1140, 1215, 39, P0
2026/07/31 17:56:42.826, 36.82, 250.00, 0, 1140, 1215, 39, P0
2026/07/31 17:56:43.026, 36.83, 250.00, 0, 1140, 1215, 39, P0
2026/07/31 17:56:43.227, 36.83, 250.00, 0, 1140, 1215, 39, P0
2026/07/31 17:56:43.427, 36.71, 250.00, 0, 1140, 1215, 39, P0
2026/07/31 17:56:43.627, 36.73, 250.00, 0, 1140, 1215, 39, P0
2026/07/31 17:56:43.828, 36.69, 250.00, 0, 1140, 1215, 39, P0
2026/07/31 17:56:44.028, 36.72, 250.00, 0, 1140, 1215, 39, P0
2026/07/31 17:56:44.229, 36.73, 250.00, 0, 1140, 1215, 39, P0
2026/07/31 17:56:44.429, 36.83, 250.00, 0, 1140, 1215, 39, P0
2026/07/31 17:56:44.629, 36.73, 250.00, 0, 1140, 1215, 39, P0
2026/07/31 17:56:44.830, 36.72, 250.00, 0, 1140, 1215, 39, P0
2026/07/31 17:56:45.030, 36.71, 250.00, 0, 1140, 1215, 39, P0
2026/07/31 17:56:45.230, 36.72, 250.00, 0, 1140, 1215, 39, P0
2026/07/31 17:56:45.431, 36.73, 250.00, 0, 1140, 1215, 39, P0
2026/07/31 17:56:45.631, 36.69, 250.00, 0, 1140, 1215, 39, P0
2026/07/31 17:56:45.832, 36.60, 250.00, 0, 1140, 1215, 39, P0
2026/07/31 17:56:46.032, 36.62, 250.00, 0, 1140, 1215, 39, P0
2026/07/31 17:56:46.232, 36.80, 250.00, 0, 1140, 1215, 39, P0
2026/07/31 17:56:46.433, 36.73, 250.00, 0, 1140, 1215, 39, P0
2026/07/31 17:56:46.633, 36.72, 250.00, 0, 1140, 1215, 39, P0
2026/07/31 17:56:46.834, 36.61, 250.00, 0, 1140, 1215, 39, P0
2026/07/31 17:56:47.034, 36.62, 250.00, 0, 1140, 1215, 39, P0
2026/07/31 17:56:47.234, 36.62, 250.00, 0, 1140, 1215, 39, P0
2026/07/31 17:56:47.435, 36.60, 250.00, 0, 1140, 1215, 39, P0
2026/07/31 17:56:47.635, 36.62, 250.00, 0, 1140, 1215, 39, P0
2026/07/31 17:56:47.836, 36.62, 250.00, 0, 1140, 1215, 39, P0
2026/07/31 17:56:48.036, 36.62, 250.00, 0, 1140, 1215, 39, P0
2026/07/31 17:56:48.236, 36.62, 250.00, 0, 1140, 1215, 39, P0
2026/07/31 17:56:48.437, 36.61, 250.00, 0, 1140, 1215, 39, P0
2026/07/31 17:56:48.637, 36.68, 250.00, 0, 1140, 1215, 39, P0
2026/07/31 17:56:48.838, 36.69, 250.00, 0, 1140, 1215, 39, P0
2026/07/31 17:56:49.038, 36.62, 250.00, 0, 1140, 1215, 39, P0
2026/07/31 17:56:49.239, 36.73, 250.00, 0, 1140, 1215, 39, P0
2026/07/31 17:56:49.439, 36.71, 250.00, 0, 1140, 1215, 39, P0
2026/07/31 17:56:49.639, 36.60, 250.00, 0, 1140, 1215, 39, P0
2026/07/31 17:56:49.840, 36.60, 250.00, 0, 1140, 1215, 39, P0
2026/07/31 17:56:50.040, 36.61, 250.00, 0, 1140, 1215, 39, P0
2026/07/31 17:56:50.241, 36.61, 250.00, 0, 1140, 1215, 39, P0
2026/07/31 17:56:50.441, 36.72, 250.00, 0, 1140, 1215, 39, P0
2026/07/31 17:56:50.641, 36.67, 250.00, 0, 1140, 1215, 39, P0
2026/07/31 17:56:50.842, 36.62, 250.00, 0, 1140, 1215, 39, P0
2026/07/31 17:56:51.042, 36.70, 250.00, 0, 1140, 1215, 39, P0
2026/07/31 17:56:51.243, 36.60, 250.00, 0, 1140, 1215, 39, P0
2026/07/31 17:56:51.443, 36.61, 250.00, 0, 1140, 1215, 39, P0
2026/07/31 17:56:51.643, 36.69, 250.00, 0, 1140, 1215, 39, P0
2026/07/31 17:56:51.844, 36.70, 250.00, 0, 1140, 1215, 39, P0
2026/07/31 17:56:52.044, 36.62, 250.00, 0, 1140, 1215, 39, P0
2026/07/31 17:56:52.245, 36.62, 250.00, 0, 1140, 1215, 39, P0
2026/07/31 17:56:52.445, 36.61, 250.00, 0, 1140, 1215, 39, P0
2026/07/31 17:56:52.646, 36.70, 250.00, 0, 1140, 1215, 39, P0
2026/07/31 17:56:52.846, 36.73, 250.00, 0, 1140, 1215, 39, P0
2026/07/31 17:56:53.046, 36.72, 250.00, 0, 1140, 1215, 39, P0
2026/07/31 17:56:53.247, 36.62, 250.00, 0, 1140, 1215, 39, P0
2026/07/31 17:56:53.447, 36.62, 250.00, 0, 1140, 1215, 39, P0
2026/07/31 17:56:53.647, 36.61, 250.00, 0, 1140, 1215, 39, P0
2026/07/31 17:56:53.848, 36.73, 250.00, 0, 1140, 1215, 39, P0
2026/07/31 17:56:54.048, 177.63, 250.00, 59, 1410, 1215, 43, P0
2026/07/31 17:56:54.248, 206.97, 250.00, 64, 1410, 1215, 46, P0
2026/07/31 17:56:54.449, 197.59, 250.00, 65, 1410, 1215, 47, P0
2026/07/31 17:56:54.649, 50.75, 250.00, 46, 1410, 1215, 43, P0
2026/07/31 17:56:54.850, 50.17, 250.00, 0, 1410, 1215, 42, P0
2026/07/31 17:56:55.050, 49.87, 250.00, 0, 1410, 1215, 41, P0
2026/07/31 17:56:55.250, 49.60, 250.00, 0, 1410, 1215, 41, P0
2026/07/31 17:56:55.451, 50.18, 250.00, 0, 1410, 1215, 41, P0
2026/07/31 17:56:55.651, 49.50, 250.00, 0, 1410, 1215, 41, P0
2026/07/31 17:56:55.851, 49.60, 250.00, 0, 1410, 1215, 40, P0
2026/07/31 17:56:56.052, 50.16, 250.00, 0, 1410, 1215, 40, P0
2026/07/31 17:56:56.252, 49.52, 250.00, 0, 1410, 1215, 40, P0
2026/07/31 17:56:56.452, 42.34, 250.00, 0, 1140, 1215, 40, P0
2026/07/31 17:56:56.653, 36.62, 250.00, 0, 1140, 1215, 40, P0
2026/07/31 17:56:56.856, 37.02, 250.00, 0, 1140, 1215, 40, P0
2026/07/31 17:56:57.056, 36.92, 250.00, 0, 1140, 1215, 40, P0
2026/07/31 17:56:57.256, 36.80, 250.00, 0, 1140, 1215, 40, P0
2026/07/31 17:56:57.457, 36.83, 250.00, 0, 1140, 1215, 40, P0
2026/07/31 17:56:57.657, 36.80, 250.00, 0, 1140, 1215, 40, P0
2026/07/31 17:56:57.858, 36.88, 250.00, 0, 1140, 1215, 40, P0
2026/07/31 17:56:58.058, 36.92, 250.00, 0, 1140, 1215, 40, P0
2026/07/31 17:56:58.258, 36.90, 250.00, 0, 1140, 1215, 40, P0
2026/07/31 17:56:58.459, 36.80, 250.00, 0, 1140, 1215, 40, P0
2026/07/31 17:56:58.659, 37.20, 250.00, 0, 1140, 1215, 40, P0
2026/07/31 17:56:58.860, 37.07, 250.00, 0, 1140, 1215, 40, P0
2026/07/31 17:56:59.060, 37.00, 250.00, 0, 1140, 1215, 40, P0
2026/07/31 17:56:59.261, 37.01, 250.00, 0, 1140, 1215, 40, P0
2026/07/31 17:56:59.461, 37.02, 250.00, 0, 1140, 1215, 40, P0
2026/07/31 17:56:59.661, 37.01, 250.00, 0, 1140, 1215, 40, P0
2026/07/31 17:56:59.861, 36.92, 250.00, 0, 1140, 1215, 40, P0
2026/07/31 17:57:00.062, 37.02, 250.00, 0, 1140, 1215, 39, P0
2026/07/31 17:57:00.262, 37.02, 250.00, 0, 1140, 1215, 40, P0
2026/07/31 17:57:00.462, 37.02, 250.00, 0, 1140, 1215, 39, P0
2026/07/31 17:57:00.663, 37.00, 250.00, 0, 1140, 1215, 39, P0
2026/07/31 17:57:00.863, 37.00, 250.00, 0, 1140, 1215, 39, P0
2026/07/31 17:57:01.064, 36.80, 250.00, 0, 1140, 1215, 39, P0
2026/07/31 17:57:01.264, 36.83, 250.00, 0, 1140, 1215, 39, P0
2026/07/31 17:57:01.464, 36.92, 250.00, 0, 1140, 1215, 39, P0
2026/07/31 17:57:01.665, 36.83, 250.00, 0, 1140, 1215, 39, P0
2026/07/31 17:57:01.865, 36.78, 250.00, 0, 1140, 1215, 39, P0
2026/07/31 17:57:02.065, 36.88, 250.00, 0, 1140, 1215, 39, P0
2026/07/31 17:57:02.266, 36.80, 250.00, 0, 1140, 1215, 39, P0
2026/07/31 17:57:02.466, 36.83, 250.00, 0, 1140, 1215, 39, P0
2026/07/31 17:57:02.667, 36.83, 250.00, 0, 1140, 1215, 39, P0
2026/07/31 17:57:02.867, 36.83, 250.00, 0, 1140, 1215, 39, P0
2026/07/31 17:57:03.067, 36.89, 250.00, 0, 1140, 1215, 39, P0
2026/07/31 17:57:03.268, 36.83, 250.00, 0, 1140, 1215, 39, P0
2026/07/31 17:57:03.468, 36.78, 250.00, 0, 1140, 1215, 39, P0
2026/07/31 17:57:03.668, 36.80, 250.00, 0, 1140, 1215, 39, P0
2026/07/31 17:57:03.869, 36.80, 250.00, 0, 1140, 1215, 39, P0
2026/07/31 17:57:04.069, 36.83, 250.00, 0, 1140, 1215, 39, P0
2026/07/31 17:57:04.270, 36.83, 250.00, 0, 1140, 1215, 39, P0
2026/07/31 17:57:04.470, 36.72, 250.00, 0, 1140, 1215, 39, P0
2026/07/31 17:57:04.670, 36.81, 250.00, 0, 1140, 1215, 39, P0
2026/07/31 17:57:04.871, 36.78, 250.00, 0, 1140, 1215, 39, P0
2026/07/31 17:57:05.071, 36.83, 250.00, 0, 1140, 1215, 39, P0
2026/07/31 17:57:05.272, 36.67, 250.00, 0, 1140, 1215, 39, P0
2026/07/31 17:57:05.472, 36.83, 250.00, 0, 1140, 1215, 39, P0
2026/07/31 17:57:05.672, 36.72, 250.00, 0, 1140, 1215, 39, P0
2026/07/31 17:57:05.873, 36.60, 250.00, 0, 1140, 1215, 39, P0
2026/07/31 17:57:06.073, 36.62, 250.00, 0, 1140, 1215, 39, P0
2026/07/31 17:57:06.274, 36.62, 250.00, 0, 1140, 1215, 39, P0
2026/07/31 17:57:06.474, 36.62, 250.00, 0, 1140, 1215, 39, P0
2026/07/31 17:57:06.674, 36.60, 250.00, 0, 1140, 1215, 39, P0
2026/07/31 17:57:06.875, 36.50, 250.00, 0, 1140, 1215, 39, P0
2026/07/31 17:57:07.075, 36.60, 250.00, 0, 1140, 1215, 39, P0
2026/07/31 17:57:07.276, 36.62, 250.00, 0, 1140, 1215, 39, P0
2026/07/31 17:57:07.476, 36.62, 250.00, 0, 1140, 1215, 39, P0
2026/07/31 17:57:07.676, 36.62, 250.00, 0, 1140, 1215, 39, P0
2026/07/31 17:57:07.877, 36.57, 250.00, 0, 1140, 1215, 39, P0
2026/07/31 17:57:08.077, 36.62, 250.00, 0, 1140, 1215, 39, P0
2026/07/31 17:57:08.278, 36.60, 250.00, 0, 1140, 1215, 39, P0
2026/07/31 17:57:08.478, 36.62, 250.00, 0, 1140, 1215, 39, P0
2026/07/31 17:57:08.678, 36.62, 250.00, 0, 1140, 1215, 39, P0
2026/07/31 17:57:08.879, 36.52, 250.00, 0, 1140, 1215, 39, P0
2026/07/31 17:57:09.079, 36.62, 250.00, 0, 1140, 1215, 39, P0
2026/07/31 17:57:09.280, 36.61, 250.00, 0, 1140, 1215, 39, P0
2026/07/31 17:57:09.480, 36.71, 250.00, 0, 1140, 1215, 39, P0
2026/07/31 17:57:09.680, 36.50, 250.00, 0, 1140, 1215, 39, P0
2026/07/31 17:57:09.881, 36.50, 250.00, 0, 1140, 1215, 39, P0
2026/07/31 17:57:10.081, 36.52, 250.00, 0, 1140, 1215, 39, P0
2026/07/31 17:57:10.282, 36.57, 250.00, 0, 1140, 1215, 39, P0
2026/07/31 17:57:10.482, 36.62, 250.00, 0, 1140, 1215, 39, P0
2026/07/31 17:57:10.682, 36.50, 250.00, 0, 1140, 1215, 39, P0
2026/07/31 17:57:10.883, 36.57, 250.00, 0, 1140, 1215, 39, P0
2026/07/31 17:57:11.083, 36.52, 250.00, 0, 1140, 1215, 39, P0
2026/07/31 17:57:11.284, 36.50, 250.00, 0, 1140, 1215, 39, P0
2026/07/31 17:57:11.484, 36.62, 250.00, 0, 1140, 1215, 39, P0
2026/07/31 17:57:11.684, 36.52, 250.00, 0, 1140, 1215, 39, P0
2026/07/31 17:57:11.885, 36.50, 250.00, 0, 1140, 1215, 39, P0
2026/07/31 17:57:12.085, 36.52, 250.00, 0, 1140, 1215, 39, P0
2026/07/31 17:57:12.286, 36.62, 250.00, 0, 1140, 1215, 39, P0
2026/07/31 17:57:12.486, 36.62, 250.00, 0, 1140, 1215, 39, P0
2026/07/31 17:57:12.687, 36.60, 250.00, 0, 1140, 1215, 39, P0
2026/07/31 17:57:12.887, 36.60, 250.00, 0, 1140, 1215, 39, P0
2026/07/31 17:57:13.087, 36.60, 250.00, 0, 1140, 1215, 39, P0
2026/07/31 17:57:13.288, 36.52, 250.00, 0, 1140, 1215, 39, P0
2026/07/31 17:57:13.488, 36.51, 250.00, 0, 1140, 1215, 39, P0
2026/07/31 17:57:13.689, 36.52, 250.00, 0, 1140, 1215, 39, P0
2026/07/31 17:57:13.889, 36.59, 250.00, 0, 1140, 1215, 39, P0
2026/07/31 17:57:14.089, 36.62, 250.00, 0, 1140, 1215, 39, P0
2026/07/31 17:57:14.290, 36.50, 250.00, 0, 1140, 1215, 39, P0
2026/07/31 17:57:14.490, 36.57, 250.00, 0, 1140, 1215, 39, P0
2026/07/31 17:57:14.691, 36.52, 250.00, 0, 1140, 1215, 39, P0
2026/07/31 17:57:14.891, 36.52, 250.00, 0, 1140, 1215, 39, P0
2026/07/31 17:57:15.091, 36.52, 250.00, 0, 1140, 1215, 39, P0
2026/07/31 17:57:15.292, 36.52, 250.00, 0, 1140, 1215, 39, P0
2026/07/31 17:57:15.492, 36.50, 250.00, 0, 1140, 1215, 39, P0
2026/07/31 17:57:15.693, 36.60, 250.00, 0, 1140, 1215, 39, P0
2026/07/31 17:57:15.893, 36.50, 250.00, 0, 1140, 1215, 39, P0
2026/07/31 17:57:16.093, 36.52, 250.00, 0, 1140, 1215, 39, P0
2026/07/31 17:57:16.294, 36.62, 250.00, 0, 1140, 1215, 39, P0
2026/07/31 17:57:16.494, 36.62, 250.00, 0, 1140, 1215, 39, P0
2026/07/31 17:57:16.695, 36.60, 250.00, 0, 1140, 1215, 39, P0
2026/07/31 17:57:16.895, 36.60, 250.00, 0, 1140, 1215, 39, P0
2026/07/31 17:57:17.095, 36.62, 250.00, 0, 1140, 1215, 39, P0
2026/07/31 17:57:17.296, 36.62, 250.00, 0, 1140, 1215, 39, P0
2026/07/31 17:57:17.496, 36.85, 250.00, 2, 1140, 1215, 39, P0
2026/07/31 17:57:17.697, 36.92, 250.00, 0, 1140, 1215, 39, P0
2026/07/31 17:57:17.897, 36.83, 250.00, 0, 1140, 1215, 39, P0
2026/07/31 17:57:18.097, 36.80, 250.00, 0, 1140, 1215, 39, P0
2026/07/31 17:57:18.298, 36.83, 250.00, 0, 1140, 1215, 39, P0
2026/07/31 17:57:18.498, 220.75, 250.00, 53, 1320, 1215, 47, P0
2026/07/31 17:57:18.699, 249.54, 250.00, 100, 1320, 1215, 49, P0
2026/07/31 17:57:18.899, 265.26, 250.00, 89, 1320, 1215, 50, P0
2026/07/31 17:57:19.100, 255.72, 250.00, 100, 1320, 1215, 51, P0
2026/07/31 17:57:19.300, 229.86, 250.00, 99, 1395, 1215, 50, P0
2026/07/31 17:57:19.501, 251.26, 250.00, 87, 1320, 1215, 52, P0
2026/07/31 17:57:19.701, 254.98, 250.00, 100, 1320, 1215, 52, P0
2026/07/31 17:57:19.902, 50.63, 250.00, 65, 1410, 1215, 45, P0
2026/07/31 17:57:20.102, 52.34, 250.00, 0, 1410, 1215, 44, P0
2026/07/31 17:57:20.303, 50.39, 250.00, 0, 1410, 1215, 43, P0
2026/07/31 17:57:20.503, 51.08, 250.00, 0, 1410, 1215, 42, P0
2026/07/31 17:57:20.703, 49.99, 250.00, 0, 1410, 1215, 42, P0
2026/07/31 17:57:20.907, 49.30, 250.00, 0, 1410, 1215, 42, P0
2026/07/31 17:57:21.107, 49.22, 250.00, 0, 1410, 1215, 42, P0
2026/07/31 17:57:21.308, 49.19, 250.00, 0, 1410, 1215, 41, P0
2026/07/31 17:57:21.509, 49.11, 250.00, 0, 1410, 1215, 41, P0
2026/07/31 17:57:21.709, 37.07, 250.00, 0, 1140, 1215, 41, P0
2026/07/31 17:57:21.910, 37.19, 250.00, 0, 1140, 1215, 41, P0
2026/07/31 17:57:22.110, 37.02, 250.00, 0, 1140, 1215, 41, P0
2026/07/31 17:57:22.311, 37.02, 250.00, 0, 1140, 1215, 41, P0
2026/07/31 17:57:22.511, 37.01, 250.00, 0, 1140, 1215, 40, P0
2026/07/31 17:57:22.712, 36.92, 250.00, 0, 1140, 1215, 40, P0
2026/07/31 17:57:22.912, 36.90, 250.00, 0, 1140, 1215, 40, P0
2026/07/31 17:57:23.113, 36.91, 250.00, 0, 1140, 1215, 40, P0
2026/07/31 17:57:23.313, 36.92, 250.00, 0, 1140, 1215, 40, P0
2026/07/31 17:57:23.513, 36.90, 250.00, 0, 1140, 1215, 40, P0
2026/07/31 17:57:23.714, 36.92, 250.00, 0, 1140, 1215, 40, P0
2026/07/31 17:57:23.914, 37.02, 250.00, 0, 1140, 1215, 40, P0
2026/07/31 17:57:24.114, 36.80, 250.00, 0, 1140, 1215, 40, P0
2026/07/31 17:57:24.315, 36.83, 250.00, 0, 1140, 1215, 40, P0
2026/07/31 17:57:24.515, 36.83, 250.00, 0, 1140, 1215, 40, P0
2026/07/31 17:57:24.716, 36.90, 250.00, 0, 1140, 1215, 40, P0
2026/07/31 17:57:24.916, 36.90, 250.00, 0, 1140, 1215, 40, P0
2026/07/31 17:57:25.117, 36.90, 250.00, 0, 1140, 1215, 40, P0
2026/07/31 17:57:25.317, 36.90, 250.00, 0, 1140, 1215, 40, P0
2026/07/31 17:57:25.517, 36.92, 250.00, 0, 1140, 1215, 40, P0
2026/07/31 17:57:25.718, 36.80, 250.00, 0, 1140, 1215, 40, P0
2026/07/31 17:57:25.918, 36.83, 250.00, 0, 1140, 1215, 40, P0
2026/07/31 17:57:26.119, 36.83, 250.00, 0, 1140, 1215, 40, P0
2026/07/31 17:57:26.319, 36.83, 250.00, 0, 1140, 1215, 40, P0
2026/07/31 17:57:26.519, 36.80, 250.00, 0, 1140, 1215, 40, P0
2026/07/31 17:57:26.720, 36.78, 250.00, 0, 1140, 1215, 40, P0
2026/07/31 17:57:26.920, 36.72, 250.00, 0, 1140, 1215, 40, P0
2026/07/31 17:57:27.120, 36.92, 250.00, 0, 1140, 1215, 40, P0
2026/07/31 17:57:27.321, 36.92, 250.00, 0, 1140, 1215, 40, P0
2026/07/31 17:57:27.521, 36.83, 250.00, 0, 1140, 1215, 40, P0
2026/07/31 17:57:27.721, 36.78, 250.00, 0, 1140, 1215, 40, P0
2026/07/31 17:57:27.922, 36.80, 250.00, 0, 1140, 1215, 40, P0
2026/07/31 17:57:28.122, 36.83, 250.00, 0, 1140, 1215, 40, P0
2026/07/31 17:57:28.323, 36.83, 250.00, 0, 1140, 1215, 40, P0
2026/07/31 17:57:28.523, 36.71, 250.00, 0, 1140, 1215, 40, P0
2026/07/31 17:57:28.723, 36.72, 250.00, 0, 1140, 1215, 40, P0
2026/07/31 17:57:28.924, 36.85, 250.00, 0, 1140, 1215, 40, P0
2026/07/31 17:57:29.124, 36.83, 250.00, 0, 1140, 1215, 40, P0
2026/07/31 17:57:29.325, 36.72, 250.00, 0, 1140, 1215, 40, P0
2026/07/31 17:57:29.525, 36.80, 250.00, 0, 1140, 1215, 40, P0
2026/07/31 17:57:29.725, 36.72, 250.00, 0, 1140, 1215, 40, P0
2026/07/31 17:57:29.926, 36.72, 250.00, 0, 1140, 1215, 40, P0
2026/07/31 17:57:30.126, 36.70, 250.00, 0, 1140, 1215, 40, P0
2026/07/31 17:57:30.327, 36.71, 250.00, 0, 1140, 1215, 40, P0
2026/07/31 17:57:30.527, 36.72, 250.00, 0, 1140, 1215, 40, P0
2026/07/31 17:57:30.727, 36.69, 250.00, 0, 1140, 1215, 40, P0
2026/07/31 17:57:30.928, 36.80, 250.00, 0, 1140, 1215, 40, P0
2026/07/31 17:57:31.128, 36.83, 250.00, 0, 1140, 1215, 40, P0
2026/07/31 17:57:31.329, 36.81, 250.00, 0, 1140, 1215, 40, P0
2026/07/31 17:57:31.529, 36.81, 250.00, 0, 1140, 1215, 40, P0
2026/07/31 17:57:31.729, 36.72, 250.00, 0, 1140, 1215, 40, P0
2026/07/31 17:57:31.930, 36.72, 250.00, 0, 1140, 1215, 40, P0
2026/07/31 17:57:32.130, 36.83, 250.00, 0, 1140, 1215, 40, P0
2026/07/31 17:57:32.330, 36.72, 250.00, 0, 1140, 1215, 40, P0
2026/07/31 17:57:32.531, 36.80, 250.00, 0, 1140, 1215, 40, P0
2026/07/31 17:57:32.731, 36.79, 250.00, 0, 1140, 1215, 40, P0
2026/07/31 17:57:32.932, 36.72, 250.00, 0, 1140, 1215, 40, P0
2026/07/31 17:57:33.132, 36.72, 250.00, 0, 1140, 1215, 40, P0
2026/07/31 17:57:33.332, 36.83, 250.00, 0, 1140, 1215, 40, P0
2026/07/31 17:57:33.533, 36.72, 250.00, 0, 1140, 1215, 40, P0
2026/07/31 17:57:33.733, 36.80, 250.00, 0, 1140, 1215, 40, P0
2026/07/31 17:57:33.934, 36.78, 250.00, 0, 1140, 1215, 40, P0
2026/07/31 17:57:34.134, 36.82, 250.00, 0, 1140, 1215, 40, P0
2026/07/31 17:57:34.334, 36.83, 250.00, 0, 1140, 1215, 40, P0
2026/07/31 17:57:34.535, 36.83, 250.00, 0, 1140, 1215, 40, P0
2026/07/31 17:57:34.735, 36.83, 250.00, 0, 1140, 1215, 40, P0
2026/07/31 17:57:34.936, 36.80, 250.00, 0, 1140, 1215, 40, P0
2026/07/31 17:57:35.136, 36.90, 250.00, 0, 1140, 1215, 40, P0
2026/07/31 17:57:35.336, 37.02, 250.00, 0, 1140, 1215, 40, P0
2026/07/31 17:57:35.537, 37.07, 250.00, 0, 1140, 1215, 40, P0
2026/07/31 17:57:35.737, 37.02, 250.00, 0, 1140, 1215, 40, P0
2026/07/31 17:57:35.938, 37.02, 250.00, 0, 1140, 1215, 40, P0
2026/07/31 17:57:36.138, 37.01, 250.00, 0, 1140, 1215, 40, P0
2026/07/31 17:57:36.338, 37.00, 250.00, 0, 1140, 1215, 40, P0
2026/07/31 17:57:36.539, 37.01, 250.00, 0, 1140, 1215, 40, P0
2026/07/31 17:57:36.739, 37.00, 250.00, 0, 1140, 1215, 40, P0
2026/07/31 17:57:36.940, 37.00, 250.00, 0, 1140, 1215, 40, P0
2026/07/31 17:57:37.140, 37.11, 250.00, 0, 1140, 1215, 40, P0
2026/07/31 17:57:37.340, 37.02, 250.00, 0, 1140, 1215, 40, P0
2026/07/31 17:57:37.541, 37.00, 250.00, 0, 1140, 1215, 40, P0
2026/07/31 17:57:37.741, 36.91, 250.00, 0, 1140, 1215, 40, P0
2026/07/31 17:57:37.941, 36.89, 250.00, 0, 1140, 1215, 40, P0
2026/07/31 17:57:38.142, 36.90, 250.00, 0, 1140, 1215, 40, P0
2026/07/31 17:57:38.342, 36.92, 250.00, 0, 1140, 1215, 40, P0
2026/07/31 17:57:38.543, 36.78, 250.00, 0, 1140, 1215, 40, P0
2026/07/31 17:57:38.743, 36.80, 250.00, 0, 1140, 1215, 40, P0
2026/07/31 17:57:38.944, 36.91, 250.00, 0, 1140, 1215, 40, P0
2026/07/31 17:57:39.144, 36.78, 250.00, 0, 1140, 1215, 40, P0
2026/07/31 17:57:39.344, 36.83, 250.00, 0, 1140, 1215, 40, P0
2026/07/31 17:57:39.545, 36.83, 250.00, 0, 1140, 1215, 40, P0
2026/07/31 17:57:39.745, 36.90, 250.00, 0, 1140, 1215, 40, P0
2026/07/31 17:57:39.946, 36.89, 250.00, 0, 1140, 1215, 40, P0
2026/07/31 17:57:40.146, 36.80, 250.00, 0, 1140, 1215, 40, P0
2026/07/31 17:57:40.346, 36.83, 250.00, 0, 1140, 1215, 40, P0
2026/07/31 17:57:40.547, 36.83, 250.00, 0, 1140, 1215, 40, P0
2026/07/31 17:57:40.747, 36.83, 250.00, 0, 1140, 1215, 40, P0
2026/07/31 17:57:40.948, 36.79, 250.00, 0, 1140, 1215, 40, P0
2026/07/31 17:57:41.148, 36.82, 250.00, 0, 1140, 1215, 40, P0
2026/07/31 17:57:41.348, 37.50, 250.00, 0, 1140, 1215, 40, P0
2026/07/31 17:57:41.549, 36.78, 250.00, 0, 1140, 1215, 40, P0
2026/07/31 17:57:41.749, 36.72, 250.00, 10, 1140, 1215, 40, P0
2026/07/31 17:57:41.950, 36.83, 250.00, 0, 1140, 1215, 40, P0
2026/07/31 17:57:42.150, 36.83, 250.00, 0, 1140, 1215, 40, P0
2026/07/31 17:57:42.350, 36.83, 250.00, 0, 1140, 1215, 42, P0
2026/07/31 17:57:42.551, 182.65, 250.00, 0, 1320, 1215, 46, P0
2026/07/31 17:57:42.751, 261.80, 250.00, 81, 1320, 1215, 50, P0
2026/07/31 17:57:42.952, 246.21, 250.00, 100, 1320, 1215, 51, P0
2026/07/31 17:57:43.152, 250.19, 250.00, 96, 1320, 1215, 51, P0
2026/07/31 17:57:43.353, 258.29, 250.00, 100, 1320, 1215, 51, P0
2026/07/31 17:57:43.553, 254.57, 250.00, 88, 1305, 1215, 52, P0
2026/07/31 17:57:43.753, 187.10, 250.00, 100, 1320, 1215, 52, P0
2026/07/31 17:57:43.954, 248.02, 250.00, 100, 1320, 1215, 53, P0
2026/07/31 17:57:44.154, 248.89, 250.00, 96, 1305, 1215, 53, P0
2026/07/31 17:57:44.355, 255.10, 250.00, 100, 1320, 1215, 53, P0
2026/07/31 17:57:44.555, 255.96, 250.00, 88, 1320, 1215, 54, P0
2026/07/31 17:57:44.756, 258.84, 250.00, 100, 1320, 1215, 54, P0
2026/07/31 17:57:44.956, 255.74, 250.00, 96, 1320, 1215, 54, P0
2026/07/31 17:57:45.157, 190.22, 250.00, 100, 1395, 1215, 52, P0
2026/07/31 17:57:45.357, 52.34, 250.00, 99, 1410, 1215, 47, P0
2026/07/31 17:57:45.557, 51.34, 250.00, 15, 1410, 1215, 45, P0
2026/07/31 17:57:45.758, 51.02, 250.00, 0, 1410, 1215, 45, P0
2026/07/31 17:57:45.958, 50.76, 250.00, 0, 1410, 1215, 44, P0
2026/07/31 17:57:46.159, 50.47, 250.00, 0, 1410, 1215, 44, P0
2026/07/31 17:57:46.359, 50.57, 250.00, 0, 1410, 1215, 43, P0
2026/07/31 17:57:46.559, 50.49, 250.00, 0, 1410, 1215, 43, P0
2026/07/31 17:57:46.760, 50.39, 250.00, 0, 1410, 1215, 43, P0
2026/07/31 17:57:46.960, 40.33, 250.00, 0, 1140, 1215, 43, P0
2026/07/31 17:57:47.160, 37.22, 250.00, 0, 1140, 1215, 42, P0
2026/07/31 17:57:47.361, 36.97, 250.00, 0, 1140, 1215, 42, P0
2026/07/31 17:57:47.561, 37.50, 250.00, 0, 1140, 1215, 42, P0
2026/07/31 17:57:47.762, 37.42, 250.00, 0, 1140, 1215, 42, P0
2026/07/31 17:57:47.962, 37.42, 250.00, 0, 1140, 1215, 42, P0
2026/07/31 17:57:48.162, 37.33, 250.00, 0, 1140, 1215, 42, P0
2026/07/31 17:57:48.363, 37.31, 250.00, 0, 1140, 1215, 42, P0
2026/07/31 17:57:48.563, 37.30, 250.00, 0, 1140, 1215, 42, P0
2026/07/31 17:57:48.764, 37.40, 250.00, 0, 1140, 1215, 42, P0
2026/07/31 17:57:48.964, 37.30, 250.00, 0, 1140, 1215, 42, P0
2026/07/31 17:57:49.164, 37.40, 250.00, 0, 1140, 1215, 42, P0
2026/07/31 17:57:49.365, 37.40, 250.00, 0, 1140, 1215, 42, P0
2026/07/31 17:57:49.565, 37.32, 250.00, 0, 1140, 1215, 41, P0
2026/07/31 17:57:49.766, 37.30, 250.00, 0, 1140, 1215, 41, P0
2026/07/31 17:57:49.966, 37.19, 250.00, 0, 1140, 1215, 41, P0
2026/07/31 17:57:50.166, 37.21, 250.00, 0, 1140, 1215, 41, P0
2026/07/31 17:57:50.367, 37.19, 250.00, 0, 1140, 1215, 41, P0
2026/07/31 17:57:50.567, 37.30, 250.00, 0, 1140, 1215, 41, P0
2026/07/31 17:57:50.768, 37.22, 250.00, 0, 1140, 1215, 41, P0
2026/07/31 17:57:50.968, 37.30, 250.00, 0, 1140, 1215, 41, P0
2026/07/31 17:57:51.168, 37.59, 250.00, 0, 1140, 1215, 41, P0
2026/07/31 17:57:51.369, 37.52, 250.00, 0, 1140, 1215, 41, P0
2026/07/31 17:57:51.569, 37.48, 250.00, 0, 1140, 1215, 41, P0
2026/07/31 17:57:51.770, 37.48, 250.00, 0, 1140, 1215, 41, P0
2026/07/31 17:57:51.970, 37.69, 250.00, 0, 1140, 1215, 41, P0
2026/07/31 17:57:52.170, 37.59, 250.00, 0, 1140, 1215, 41, P0
2026/07/31 17:57:52.371, 37.40, 250.00, 0, 1140, 1215, 41, P0
2026/07/31 17:57:52.571, 37.50, 250.00, 0, 1140, 1215, 41, P0
2026/07/31 17:57:52.772, 37.42, 250.00, 0, 1140, 1215, 41, P0
2026/07/31 17:57:52.972, 37.41, 250.00, 0, 1140, 1215, 41, P0
2026/07/31 17:57:53.172, 37.42, 250.00, 0, 1140, 1215, 41, P0
2026/07/31 17:57:53.373, 37.30, 250.00, 0, 1140, 1215, 41, P0
2026/07/31 17:57:53.573, 37.33, 250.00, 0, 1140, 1215, 41, P0
2026/07/31 17:57:53.774, 37.33, 250.00, 0, 1140, 1215, 41, P0
2026/07/31 17:57:53.974, 37.33, 250.00, 0, 1140, 1215, 41, P0
2026/07/31 17:57:54.174, 37.33, 250.00, 0, 1140, 1215, 41, P0
2026/07/31 17:57:54.375, 37.20, 250.00, 0, 1140, 1215, 41, P0
2026/07/31 17:57:54.575, 37.25, 250.00, 0, 1140, 1215, 41, P0
2026/07/31 17:57:54.775, 37.28, 250.00, 0, 1140, 1215, 41, P0
2026/07/31 17:57:54.976, 37.40, 250.00, 0, 1140, 1215, 41, P0
2026/07/31 17:57:55.176, 37.30, 250.00, 0, 1140, 1215, 41, P0
2026/07/31 17:57:55.377, 37.19, 250.00, 0, 1140, 1215, 41, P0
2026/07/31 17:57:55.577, 37.12, 250.00, 0, 1140, 1215, 41, P0
2026/07/31 17:57:55.777, 37.22, 250.00, 0, 1140, 1215, 41, P0
2026/07/31 17:57:55.978, 37.30, 250.00, 0, 1140, 1215, 41, P0
2026/07/31 17:57:56.178, 37.22, 250.00, 0, 1140, 1215, 41, P0
2026/07/31 17:57:56.379, 37.12, 250.00, 0, 1140, 1215, 41, P0
2026/07/31 17:57:56.579, 37.18, 250.00, 0, 1140, 1215, 41, P0
2026/07/31 17:57:56.779, 37.12, 250.00, 0, 1140, 1215, 41, P0
2026/07/31 17:57:56.980, 37.12, 250.00, 0, 1140, 1215, 41, P0
2026/07/31 17:57:57.180, 37.10, 250.00, 0, 1140, 1215, 41, P0
2026/07/31 17:57:57.381, 37.12, 250.00, 0, 1140, 1215, 41, P0
2026/07/31 17:57:57.581, 37.12, 250.00, 0, 1140, 1215, 41, P0
2026/07/31 17:57:57.781, 37.10, 250.00, 0, 1140, 1215, 41, P0
2026/07/31 17:57:57.982, 37.19, 250.00, 0, 1140, 1215, 41, P0
2026/07/31 17:57:58.182, 37.10, 250.00, 0, 1140, 1215, 41, P0
2026/07/31 17:57:58.383, 37.19, 250.00, 0, 1140, 1215, 41, P0
2026/07/31 17:57:58.583, 37.12, 250.00, 0, 1140, 1215, 41, P0
2026/07/31 17:57:58.783, 37.10, 250.00, 0, 1140, 1215, 41, P0
2026/07/31 17:57:58.984, 37.11, 250.00, 0, 1140, 1215, 41, P0
2026/07/31 17:57:59.184, 37.01, 250.00, 0, 1140, 1215, 41, P0
2026/07/31 17:57:59.385, 37.12, 250.00, 0, 1140, 1215, 41, P0
2026/07/31 17:57:59.585, 37.04, 250.00, 0, 1140, 1215, 41, P0
2026/07/31 17:57:59.785, 37.10, 250.00, 0, 1140, 1215, 41, P0
2026/07/31 17:57:59.986, 37.12, 250.00, 0, 1140, 1215, 41, P0
2026/07/31 17:58:00.186, 37.11, 250.00, 0, 1140, 1215, 41, P0
2026/07/31 17:58:00.387, 37.11, 250.00, 0, 1140, 1215, 41, P0
2026/07/31 17:58:00.587, 37.12, 250.00, 0, 1140, 1215, 41, P0
2026/07/31 17:58:00.787, 37.07, 250.00, 0, 1140, 1215, 41, P0
2026/07/31 17:58:00.988, 37.10, 250.00, 0, 1140, 1215, 41, P0
2026/07/31 17:58:01.188, 37.10, 250.00, 0, 1140, 1215, 41, P0
2026/07/31 17:58:01.389, 37.20, 250.00, 0, 1140, 1215, 41, P0
2026/07/31 17:58:01.589, 37.22, 250.00, 0, 1140, 1215, 41, P0
2026/07/31 17:58:01.789, 37.11, 250.00, 0, 1140, 1215, 41, P0
2026/07/31 17:58:01.990, 37.10, 250.00, 0, 1140, 1215, 41, P0
2026/07/31 17:58:02.190, 37.10, 250.00, 0, 1140, 1215, 41, P0
2026/07/31 17:58:02.391, 37.12, 250.00, 0, 1140, 1215, 41, P0
2026/07/31 17:58:02.591, 37.05, 250.00, 0, 1140, 1215, 41, P0
2026/07/31 17:58:02.792, 37.10, 250.00, 0, 1140, 1215, 41, P0
2026/07/31 17:58:02.992, 37.12, 250.00, 0, 1140, 1215, 41, P0
2026/07/31 17:58:03.192, 37.10, 250.00, 0, 1140, 1215, 41, P0
2026/07/31 17:58:03.393, 37.12, 250.00, 0, 1140, 1215, 41, P0
2026/07/31 17:58:03.593, 37.12, 250.00, 0, 1140, 1215, 41, P0
2026/07/31 17:58:03.794, 37.10, 250.00, 0, 1140, 1215, 41, P0
2026/07/31 17:58:03.994, 37.10, 250.00, 0, 1140, 1215, 41, P0
2026/07/31 17:58:04.194, 37.10, 250.00, 0, 1140, 1215, 41, P0
2026/07/31 17:58:04.395, 37.10, 250.00, 0, 1140, 1215, 41, P0
2026/07/31 17:58:04.595, 37.11, 250.00, 0, 1140, 1215, 41, P0
2026/07/31 17:58:04.796, 37.11, 250.00, 0, 1140, 1215, 41, P0
2026/07/31 17:58:04.996, 37.11, 250.00, 0, 1140, 1215, 41, P0
2026/07/31 17:58:05.196, 37.02, 250.00, 0, 1140, 1215, 40, P0
2026/07/31 17:58:05.397, 37.12, 250.00, 0, 1140, 1215, 40, P0
2026/07/31 17:58:05.597, 37.05, 250.00, 0, 1140, 1215, 40, P0
2026/07/31 17:58:05.798, 37.10, 250.00, 0, 1140, 1215, 40, P0
2026/07/31 17:58:05.998, 37.01, 250.00, 0, 1140, 1215, 40, P0
2026/07/31 17:58:06.198, 37.02, 250.00, 0, 1140, 1215, 40, P0
2026/07/31 17:58:06.399, 37.01, 250.00, 0, 1140, 1215, 40, P0
2026/07/31 17:58:06.599, 37.12, 250.00, 10, 1140, 1215, 40, P0
2026/07/31 17:58:06.800, 37.10, 250.00, 0, 1140, 1215, 40, P0
2026/07/31 17:58:07.000, 37.10, 250.00, 0, 1140, 1215, 40, P0
2026/07/31 17:58:07.200, 37.00, 250.00, 0, 1140, 1215, 40, P0
2026/07/31 17:58:07.401, 37.02, 250.00, 0, 1140, 1215, 40, P0
2026/07/31 17:58:07.601, 184.64, 250.00, 11, 1140, 1215, 46, P0
2026/07/31 17:58:07.801, 251.64, 250.00, 100, 1320, 1215, 49, P0
2026/07/31 17:58:08.002, 253.15, 250.00, 100, 1320, 1215, 51, P0
2026/07/31 17:58:08.202, 255.25, 250.00, 96, 1320, 1215, 52, P0
2026/07/31 17:58:08.403, 272.24, 250.00, 100, 1335, 1215, 53, P0
2026/07/31 17:58:08.603, 247.92, 250.00, 96, 1305, 1215, 53, P0
2026/07/31 17:58:08.804, 242.15, 250.00, 100, 1305, 1215, 54, P0
2026/07/31 17:58:09.004, 253.35, 250.00, 96, 1320, 1215, 54, P0
2026/07/31 17:58:09.204, 251.05, 250.00, 100, 1320, 1215, 54, P0
2026/07/31 17:58:09.405, 222.43, 250.00, 100, 1395, 1215, 50, P0
2026/07/31 17:58:09.605, 250.25, 250.00, 79, 1320, 1215, 54, P0
2026/07/31 17:58:09.806, 252.33, 250.00, 100, 1320, 1215, 55, P0
2026/07/31 17:58:10.006, 249.11, 250.00, 95, 1320, 1215, 55, P0
2026/07/31 17:58:10.207, 252.04, 250.00, 100, 1320, 1215, 55, P0
2026/07/31 17:58:10.407, 274.55, 250.00, 96, 1320, 1215, 55, P0
2026/07/31 17:58:10.608, 250.12, 250.00, 100, 1320, 1215, 56, P0
2026/07/31 17:58:10.808, 201.60, 250.00, 100, 1335, 1215, 56, P0
2026/07/31 17:58:11.008, 241.57, 250.00, 96, 1320, 1215, 56, P0
2026/07/31 17:58:11.209, 249.80, 250.00, 100, 1305, 1215, 56, P0
2026/07/31 17:58:11.409, 286.52, 250.00, 83, 1305, 1215, 56, P0
2026/07/31 17:58:11.610, 250.19, 250.00, 100, 1320, 1215, 56, P0
2026/07/31 17:58:11.810, 191.85, 250.00, 100, 1305, 1215, 56, P0
2026/07/31 17:58:12.010, 252.76, 250.00, 100, 1305, 1215, 57, P0
2026/07/31 17:58:12.211, 250.95, 250.00, 96, 1350, 1215, 56, P0
2026/07/31 17:58:12.411, 245.04, 250.00, 100, 1320, 1215, 57, P0
2026/07/31 17:58:12.612, 243.53, 250.00, 96, 1290, 1215, 57, P0
2026/07/31 17:58:12.812, 249.79, 250.00, 100, 1320, 1215, 57, P0
2026/07/31 17:58:13.014, 251.67, 250.00, 96, 1320, 1215, 57, P0
2026/07/31 17:58:13.217, 53.33, 250.00, 99, 1410, 1215, 53, P0
2026/07/31 17:58:13.418, 53.42, 250.00, 24, 1410, 1215, 49, P0
2026/07/31 17:58:13.620, 52.79, 250.00, 0, 1410, 1215, 48, P0
2026/07/31 17:58:13.820, 52.44, 250.00, 0, 1410, 1215, 47, P0
2026/07/31 17:58:14.020, 51.74, 250.00, 0, 1410, 1215, 47, P0
2026/07/31 17:58:14.221, 51.45, 250.00, 0, 1410, 1215, 46, P0
2026/07/31 17:58:14.421, 52.15, 250.00, 0, 1410, 1215, 46, P0
2026/07/31 17:58:14.621, 51.42, 250.00, 0, 1410, 1215, 46, P0
2026/07/31 17:58:14.822, 51.95, 250.00, 0, 1410, 1215, 46, P0
2026/07/31 17:58:15.022, 38.30, 250.00, 0, 1140, 1215, 45, P0
2026/07/31 17:58:15.222, 37.91, 250.00, 0, 1140, 1215, 45, P0
2026/07/31 17:58:15.423, 37.69, 250.00, 0, 1140, 1215, 45, P0
2026/07/31 17:58:15.623, 37.72, 250.00, 0, 1140, 1215, 45, P0
2026/07/31 17:58:15.823, 37.69, 250.00, 0, 1140, 1215, 44, P0
2026/07/31 17:58:16.024, 37.69, 250.00, 0, 1140, 1215, 44, P0
2026/07/31 17:58:16.224, 37.62, 250.00, 0, 1140, 1215, 44, P0
2026/07/31 17:58:16.424, 37.62, 250.00, 0, 1140, 1215, 44, P0
2026/07/31 17:58:16.625, 37.59, 250.00, 0, 1140, 1215, 44, P0
2026/07/31 17:58:16.825, 37.62, 250.00, 0, 1140, 1215, 44, P0
2026/07/31 17:58:17.026, 37.52, 250.00, 0, 1140, 1215, 44, P0
2026/07/31 17:58:17.226, 37.51, 250.00, 0, 1140, 1215, 44, P0
2026/07/31 17:58:17.426, 37.52, 250.00, 0, 1140, 1215, 44, P0
2026/07/31 17:58:17.627, 37.47, 250.00, 0, 1140, 1215, 44, P0
2026/07/31 17:58:17.827, 37.50, 250.00, 0, 1140, 1215, 44, P0
2026/07/31 17:58:18.027, 37.52, 250.00, 0, 1140, 1215, 44, P0
2026/07/31 17:58:18.228, 37.89, 250.00, 0, 1140, 1215, 44, P0
2026/07/31 17:58:18.428, 37.81, 250.00, 0, 1140, 1215, 44, P0
2026/07/31 17:58:18.629, 37.81, 250.00, 0, 1140, 1215, 44, P0
2026/07/31 17:58:18.829, 37.79, 250.00, 0, 1140, 1215, 43, P0
2026/07/31 17:58:19.029, 37.79, 250.00, 0, 1140, 1215, 43, P0
2026/07/31 17:58:19.230, 37.79, 250.00, 0, 1140, 1215, 43, P0
2026/07/31 17:58:19.430, 38.51, 250.00, 0, 1140, 1215, 43, P0
2026/07/31 17:58:19.630, 37.71, 250.00, 0, 1140, 1215, 43, P0
2026/07/31 17:58:19.831, 37.72, 250.00, 0, 1140, 1215, 43, P0
2026/07/31 17:58:20.031, 37.72, 250.00, 0, 1140, 1215, 43, P0
2026/07/31 17:58:20.232, 37.69, 250.00, 0, 1140, 1215, 43, P0
2026/07/31 17:58:20.432, 37.72, 250.00, 0, 1140, 1215, 43, P0
2026/07/31 17:58:20.632, 37.79, 250.00, 0, 1140, 1215, 43, P0
2026/07/31 17:58:20.833, 37.72, 250.00, 0, 1140, 1215, 43, P0
2026/07/31 17:58:21.033, 37.71, 250.00, 0, 1140, 1215, 43, P0
2026/07/31 17:58:21.233, 37.69, 250.00, 0, 1140, 1215, 43, P0
2026/07/31 17:58:21.434, 37.59, 250.00, 0, 1140, 1215, 43, P0
2026/07/31 17:58:21.634, 37.72, 250.00, 0, 1140, 1215, 43, P0
2026/07/31 17:58:21.834, 37.69, 250.00, 0, 1140, 1215, 43, P0
2026/07/31 17:58:22.035, 37.59, 250.00, 0, 1140, 1215, 43, P0
2026/07/31 17:58:22.235, 37.61, 250.00, 0, 1140, 1215, 43, P0
2026/07/31 17:58:22.436, 37.62, 250.00, 0, 1140, 1215, 43, P0
2026/07/31 17:58:22.636, 37.59, 250.00, 0, 1140, 1215, 43, P0
2026/07/31 17:58:22.836, 37.62, 250.00, 0, 1140, 1215, 43, P0
2026/07/31 17:58:23.037, 37.61, 250.00, 0, 1140, 1215, 43, P0
2026/07/31 17:58:23.237, 37.61, 250.00, 0, 1140, 1215, 43, P0
2026/07/31 17:58:23.438, 37.62, 250.00, 0, 1140, 1215, 43, P0
2026/07/31 17:58:23.638, 37.59, 250.00, 0, 1140, 1215, 43, P0
2026/07/31 17:58:23.838, 37.59, 250.00, 0, 1140, 1215, 43, P0
2026/07/31 17:58:24.039, 37.61, 250.00, 0, 1140, 1215, 43, P0
2026/07/31 17:58:24.239, 37.71, 250.00, 0, 1140, 1215, 43, P0
2026/07/31 17:58:24.440, 37.69, 250.00, 0, 1140, 1215, 43, P0
2026/07/31 17:58:24.640, 37.80, 250.00, 0, 1140, 1215, 43, P0
2026/07/31 17:58:24.840, 37.89, 250.00, 0, 1140, 1215, 43, P0
2026/07/31 17:58:25.041, 37.79, 250.00, 0, 1140, 1215, 43, P0
2026/07/31 17:58:25.241, 37.77, 250.00, 0, 1140, 1215, 43, P0
2026/07/31 17:58:25.442, 37.68, 250.00, 0, 1140, 1215, 43, P0
2026/07/31 17:58:25.642, 37.80, 250.00, 0, 1140, 1215, 43, P0
2026/07/31 17:58:25.842, 37.71, 250.00, 0, 1140, 1215, 43, P0
2026/07/31 17:58:26.043, 37.80, 250.00, 0, 1140, 1215, 43, P0
2026/07/31 17:58:26.243, 37.79, 250.00, 0, 1140, 1215, 43, P0
2026/07/31 17:58:26.443, 37.97, 250.00, 0, 1140, 1215, 43, P0
2026/07/31 17:58:26.644, 37.64, 250.00, 0, 1140, 1215, 43, P0
2026/07/31 17:58:26.844, 37.72, 250.00, 0, 1140, 1215, 43, P0
2026/07/31 17:58:27.044, 37.71, 250.00, 0, 1140, 1215, 43, P0
2026/07/31 17:58:27.245, 37.51, 250.00, 0, 1140, 1215, 43, P0
2026/07/31 17:58:27.445, 37.62, 250.00, 0, 1140, 1215, 42, P0
2026/07/31 17:58:27.646, 37.59, 250.00, 0, 1140, 1215, 42, P0
2026/07/31 17:58:27.846, 37.58, 250.00, 0, 1140, 1215, 42, P0
2026/07/31 17:58:28.047, 37.59, 250.00, 0, 1140, 1215, 42, P0
2026/07/31 17:58:28.247, 37.59, 250.00, 0, 1140, 1215, 42, P0
2026/07/31 17:58:28.447, 37.62, 250.00, 0, 1140, 1215, 42, P0
2026/07/31 17:58:28.648, 37.52, 250.00, 0, 1140, 1215, 42, P0
2026/07/31 17:58:28.848, 37.49, 250.00, 0, 1140, 1215, 42, P0
2026/07/31 17:58:29.049, 37.52, 250.00, 0, 1140, 1215, 42, P0
2026/07/31 17:58:29.249, 37.50, 250.00, 0, 1140, 1215, 42, P0
2026/07/31 17:58:29.449, 37.52, 250.00, 0, 1140, 1215, 42, P0
2026/07/31 17:58:29.650, 37.45, 250.00, 0, 1140, 1215, 42, P0
2026/07/31 17:58:29.850, 37.52, 250.00, 0, 1140, 1215, 42, P0
2026/07/31 17:58:30.050, 37.50, 250.00, 0, 1140, 1215, 42, P0
2026/07/31 17:58:30.251, 37.50, 250.00, 0, 1140, 1215, 42, P0
2026/07/31 17:58:30.451, 37.42, 250.00, 0, 1140, 1215, 42, P0
2026/07/31 17:58:30.652, 37.51, 250.00, 0, 1140, 1215, 42, P0
2026/07/31 17:58:30.852, 37.50, 250.00, 0, 1140, 1215, 42, P0
2026/07/31 17:58:31.052, 37.50, 250.00, 0, 1140, 1215, 42, P0
2026/07/31 17:58:31.253, 37.50, 250.00, 0, 1140, 1215, 42, P0
2026/07/31 17:58:31.453, 37.42, 250.00, 0, 1140, 1215, 42, P0
2026/07/31 17:58:31.654, 37.40, 250.00, 0, 1140, 1215, 42, P0
2026/07/31 17:58:31.854, 37.52, 250.00, 0, 1140, 1215, 42, P0
2026/07/31 17:58:32.054, 37.41, 250.00, 0, 1140, 1215, 42, P0
2026/07/31 17:58:32.255, 37.50, 250.00, 0, 1140, 1215, 42, P0
2026/07/31 17:58:32.455, 37.40, 250.00, 0, 1140, 1215, 42, P0
2026/07/31 17:58:32.656, 37.37, 250.00, 0, 1140, 1215, 42, P0
2026/07/31 17:58:32.856, 37.33, 250.00, 0, 1140, 1215, 42, P0
2026/07/31 17:58:33.056, 37.42, 250.00, 0, 1140, 1215, 42, P0
2026/07/31 17:58:33.257, 37.42, 250.00, 0, 1140, 1215, 42, P0
2026/07/31 17:58:33.457, 37.33, 250.00, 0, 1140, 1215, 42, P0
2026/07/31 17:58:33.657, 37.40, 250.00, 0, 1140, 1215, 42, P0
2026/07/31 17:58:33.857, 37.38, 250.00, 0, 1140, 1215, 42, P0
2026/07/31 17:58:34.058, 37.40, 250.00, 0, 1140, 1215, 42, P0
2026/07/31 17:58:34.258, 37.32, 250.00, 0, 1140, 1215, 42, P0
2026/07/31 17:58:34.459, 37.42, 250.00, 0, 1140, 1215, 42, P0
2026/07/31 17:58:34.659, 37.40, 250.00, 0, 1140, 1215, 42, P0
2026/07/31 17:58:34.859, 37.40, 250.00, 0, 1140, 1215, 42, P0
2026/07/31 17:58:35.060, 37.33, 250.00, 0, 1140, 1215, 42, P0
2026/07/31 17:58:35.260, 37.40, 250.00, 0, 1140, 1215, 42, P0
2026/07/31 17:58:35.461, 37.42, 250.00, 0, 1140, 1215, 42, P0
2026/07/31 17:58:35.661, 37.37, 250.00, 0, 1140, 1215, 42, P0
2026/07/31 17:58:35.861, 37.33, 250.00, 10, 1140, 1215, 42, P0
2026/07/31 17:58:36.062, 37.33, 250.00, 0, 1140, 1215, 42, P0
2026/07/31 17:58:36.262, 37.33, 250.00, 0, 1140, 1215, 42, P0
2026/07/31 17:58:36.462, 37.33, 250.00, 0, 1140, 1215, 42, P0
2026/07/31 17:58:36.663, 37.33, 250.00, 0, 1140, 1215, 42, P0
2026/07/31 17:58:36.863, 178.75, 250.00, 17, 1140, 1215, 46, P0
2026/07/31 17:58:37.064, 185.46, 250.00, 100, 1320, 1215, 48, P0
2026/07/31 17:58:37.264, 200.65, 250.00, 100, 1320, 1215, 51, P0
2026/07/31 17:58:37.465, 246.92, 250.00, 95, 1320, 1215, 53, P0
2026/07/31 17:58:37.665, 249.88, 250.00, 100, 1320, 1215, 54, P0
2026/07/31 17:58:37.865, 250.08, 250.00, 96, 1320, 1215, 54, P0
2026/07/31 17:58:38.066, 252.66, 250.00, 100, 1320, 1215, 55, P0
2026/07/31 17:58:38.266, 255.65, 250.00, 95, 1320, 1215, 55, P0
2026/07/31 17:58:38.467, 251.10, 250.00, 100, 1320, 1215, 55, P0
2026/07/31 17:58:38.667, 218.52, 250.00, 100, 1320, 1215, 55, P0
2026/07/31 17:58:38.868, 255.23, 250.00, 94, 1320, 1215, 56, P0
2026/07/31 17:58:39.068, 254.43, 250.00, 100, 1320, 1215, 56, P0
2026/07/31 17:58:39.269, 253.90, 250.00, 95, 1320, 1215, 57, P0
2026/07/31 17:58:39.471, 245.90, 250.00, 100, 1320, 1215, 57, P0
2026/07/31 17:58:39.671, 234.10, 250.00, 100, 1335, 1215, 56, P0
2026/07/31 17:58:39.872, 253.04, 250.00, 75, 1320, 1215, 56, P0
2026/07/31 17:58:40.072, 252.56, 250.00, 100, 1305, 1215, 57, P0
2026/07/31 17:58:40.273, 243.88, 250.00, 96, 1305, 1215, 57, P0
2026/07/31 17:58:40.473, 243.62, 250.00, 100, 1320, 1215, 57, P0
2026/07/31 17:58:40.674, 258.17, 250.00, 97, 1335, 1215, 57, P0
2026/07/31 17:58:40.874, 255.33, 250.00, 99, 1320, 1215, 58, P0
2026/07/31 17:58:41.075, 251.09, 250.00, 100, 1290, 1215, 58, P0
2026/07/31 17:58:41.275, 263.80, 250.00, 96, 1320, 1215, 58, P0
2026/07/31 17:58:41.476, 249.32, 250.00, 100, 1320, 1215, 58, P0
2026/07/31 17:58:41.676, 207.99, 250.00, 95, 1320, 1215, 58, P0
2026/07/31 17:58:41.876, 247.58, 250.00, 100, 1320, 1215, 58, P0
2026/07/31 17:58:42.077, 246.21, 250.00, 100, 1305, 1215, 58, P0
2026/07/31 17:58:42.277, 256.20, 250.00, 95, 1320, 1215, 59, P0
2026/07/31 17:58:42.478, 254.75, 250.00, 100, 1320, 1215, 59, P0
2026/07/31 17:58:42.678, 247.57, 250.00, 94, 1395, 1215, 57, P0
2026/07/31 17:58:42.878, 255.66, 250.00, 83, 1305, 1215, 58, P0
2026/07/31 17:58:43.079, 254.61, 250.00, 100, 1305, 1215, 59, P0
2026/07/31 17:58:43.279, 269.00, 250.00, 96, 1305, 1215, 59, P0
2026/07/31 17:58:43.480, 254.08, 250.00, 100, 1305, 1215, 59, P0
2026/07/31 17:58:43.680, 212.12, 250.00, 95, 1305, 1215, 59, P0
2026/07/31 17:58:43.881, 239.16, 250.00, 95, 1305, 1215, 59, P0
2026/07/31 17:58:44.081, 247.01, 250.00, 100, 1335, 1215, 59, P0
2026/07/31 17:58:44.281, 241.49, 250.00, 96, 1320, 1215, 60, P0
2026/07/31 17:58:44.482, 249.09, 250.00, 100, 1305, 1215, 60, P0
2026/07/31 17:58:44.682, 266.63, 250.00, 100, 1320, 1215, 60, P0
2026/07/31 17:58:44.883, 252.42, 250.00, 96, 1305, 1215, 60, P0
2026/07/31 17:58:45.083, 247.04, 250.00, 100, 1335, 1215, 60, P0
2026/07/31 17:58:45.284, 248.27, 250.00, 96, 1320, 1215, 60, P0
2026/07/31 17:58:45.484, 245.47, 250.00, 100, 1320, 1215, 60, P0
2026/07/31 17:58:45.684, 86.32, 250.00, 100, 1395, 1215, 56, P0
2026/07/31 17:58:45.885, 55.35, 250.00, 53, 1410, 1215, 52, P0
2026/07/31 17:58:46.085, 54.18, 250.00, 0, 1410, 1215, 51, P0
2026/07/31 17:58:46.286, 53.68, 250.00, 0, 1410, 1215, 50, P0
2026/07/31 17:58:46.486, 53.42, 250.00, 0, 1410, 1215, 50, P0
2026/07/31 17:58:46.686, 53.23, 250.00, 0, 1410, 1215, 49, P0
2026/07/31 17:58:46.887, 53.12, 250.00, 0, 1410, 1215, 49, P0
2026/07/31 17:58:47.087, 52.89, 250.00, 0, 1410, 1215, 49, P0
2026/07/31 17:58:47.287, 52.92, 250.00, 0, 1410, 1215, 49, P0
2026/07/31 17:58:47.488, 52.92, 250.00, 0, 1410, 1215, 48, P0
2026/07/31 17:58:47.688, 38.95, 250.00, 0, 1140, 1215, 48, P0
2026/07/31 17:58:47.888, 38.79, 250.00, 0, 1140, 1215, 48, P0
2026/07/31 17:58:48.089, 38.68, 250.00, 0, 1140, 1215, 47, P0
2026/07/31 17:58:48.289, 38.56, 250.00, 0, 1140, 1215, 47, P0
2026/07/31 17:58:48.490, 38.70, 250.00, 0, 1140, 1215, 47, P0
2026/07/31 17:58:48.690, 38.60, 250.00, 0, 1140, 1215, 47, P0
2026/07/31 17:58:48.890, 38.58, 250.00, 0, 1140, 1215, 47, P0
2026/07/31 17:58:49.091, 38.54, 250.00, 0, 1140, 1215, 47, P0
2026/07/31 17:58:49.291, 38.48, 250.00, 0, 1140, 1215, 47, P0
2026/07/31 17:58:49.492, 38.48, 250.00, 0, 1140, 1215, 47, P0
2026/07/31 17:58:49.692, 38.50, 250.00, 0, 1140, 1215, 47, P0
2026/07/31 17:58:49.892, 38.41, 250.00, 0, 1140, 1215, 47, P0
2026/07/31 17:58:50.093, 38.40, 250.00, 0, 1140, 1215, 46, P0
2026/07/31 17:58:50.293, 38.40, 250.00, 0, 1140, 1215, 46, P0
2026/07/31 17:58:50.494, 38.40, 250.00, 0, 1140, 1215, 46, P0
2026/07/31 17:58:50.694, 38.31, 250.00, 0, 1140, 1215, 46, P0
2026/07/31 17:58:50.894, 38.39, 250.00, 0, 1140, 1215, 46, P0
2026/07/31 17:58:51.095, 38.29, 250.00, 0, 1140, 1215, 46, P0
2026/07/31 17:58:51.295, 38.39, 250.00, 0, 1140, 1215, 46, P0
2026/07/31 17:58:51.495, 38.40, 250.00, 0, 1140, 1215, 46, P0
2026/07/31 17:58:51.696, 38.29, 250.00, 0, 1140, 1215, 46, P0
2026/07/31 17:58:51.896, 38.27, 250.00, 0, 1140, 1215, 46, P0
2026/07/31 17:58:52.097, 38.28, 250.00, 0, 1140, 1215, 46, P0
2026/07/31 17:58:52.297, 38.16, 250.00, 0, 1140, 1215, 46, P0
2026/07/31 17:58:52.497, 38.19, 250.00, 0, 1140, 1215, 46, P0
2026/07/31 17:58:52.698, 38.18, 250.00, 0, 1140, 1215, 46, P0
2026/07/31 17:58:52.898, 38.19, 250.00, 0, 1140, 1215, 46, P0
2026/07/31 17:58:53.098, 38.18, 250.00, 0, 1140, 1215, 46, P0
2026/07/31 17:58:53.299, 38.18, 250.00, 0, 1140, 1215, 46, P0
2026/07/31 17:58:53.499, 38.20, 250.00, 0, 1140, 1215, 46, P0
2026/07/31 17:58:53.700, 38.13, 250.00, 0, 1140, 1215, 46, P0
2026/07/31 17:58:53.900, 38.20, 250.00, 0, 1140, 1215, 46, P0
2026/07/31 17:58:54.100, 38.41, 250.00, 0, 1140, 1215, 46, P0
2026/07/31 17:58:54.301, 38.49, 250.00, 0, 1140, 1215, 46, P0
2026/07/31 17:58:54.501, 38.38, 250.00, 0, 1140, 1215, 45, P0
2026/07/31 17:58:54.701, 38.41, 250.00, 0, 1140, 1215, 45, P0
2026/07/31 17:58:54.902, 38.51, 250.00, 0, 1140, 1215, 45, P0
2026/07/31 17:58:55.102, 38.39, 250.00, 0, 1140, 1215, 45, P0
2026/07/31 17:58:55.303, 38.39, 250.00, 0, 1140, 1215, 45, P0
2026/07/31 17:58:55.503, 38.41, 250.00, 0, 1140, 1215, 45, P0
2026/07/31 17:58:55.703, 38.29, 250.00, 0, 1140, 1215, 45, P0
2026/07/31 17:58:55.904, 38.30, 250.00, 0, 1140, 1215, 45, P0
2026/07/31 17:58:56.104, 38.30, 250.00, 0, 1140, 1215, 45, P0
2026/07/31 17:58:56.304, 38.20, 250.00, 0, 1140, 1215, 45, P0
2026/07/31 17:58:56.505, 38.19, 250.00, 0, 1140, 1215, 45, P0
2026/07/31 17:58:56.705, 38.19, 250.00, 0, 1140, 1215, 45, P0
2026/07/31 17:58:56.906, 38.18, 250.00, 0, 1140, 1215, 45, P0
2026/07/31 17:58:57.106, 38.20, 250.00, 0, 1140, 1215, 45, P0
2026/07/31 17:58:57.306, 38.11, 250.00, 0, 1140, 1215, 45, P0
2026/07/31 17:58:57.507, 38.18, 250.00, 0, 1140, 1215, 45, P0
2026/07/31 17:58:57.707, 38.01, 250.00, 0, 1140, 1215, 45, P0
2026/07/31 17:58:57.907, 38.01, 250.00, 0, 1140, 1215, 45, P0
2026/07/31 17:58:58.108, 37.96, 250.00, 0, 1140, 1215, 45, P0
2026/07/31 17:58:58.308, 37.99, 250.00, 0, 1140, 1215, 45, P0
2026/07/31 17:58:58.509, 38.07, 250.00, 0, 1140, 1215, 45, P0
2026/07/31 17:58:58.709, 38.11, 250.00, 0, 1140, 1215, 45, P0
2026/07/31 17:58:58.909, 38.01, 250.00, 0, 1140, 1215, 45, P0
2026/07/31 17:58:59.110, 38.01, 250.00, 0, 1140, 1215, 45, P0
2026/07/31 17:58:59.310, 37.96, 250.00, 0, 1140, 1215, 45, P0
2026/07/31 17:58:59.511, 38.00, 250.00, 0, 1140, 1215, 45, P0
2026/07/31 17:58:59.711, 37.91, 250.00, 0, 1140, 1215, 45, P0
2026/07/31 17:58:59.911, 37.91, 250.00, 0, 1140, 1215, 45, P0
2026/07/31 17:59:00.112, 37.91, 250.00, 0, 1140, 1215, 45, P0
2026/07/31 17:59:00.312, 37.91, 250.00, 0, 1140, 1215, 45, P0
2026/07/31 17:59:00.512, 37.89, 250.00, 0, 1140, 1215, 45, P0
2026/07/31 17:59:00.713, 37.90, 250.00, 0, 1140, 1215, 45, P0
2026/07/31 17:59:00.913, 37.90, 250.00, 0, 1140, 1215, 45, P0
2026/07/31 17:59:01.114, 37.89, 250.00, 0, 1140, 1215, 45, P0
2026/07/31 17:59:01.314, 37.89, 250.00, 0, 1140, 1215, 45, P0
2026/07/31 17:59:01.514, 37.90, 250.00, 0, 1140, 1215, 45, P0
2026/07/31 17:59:01.715, 37.89, 250.00, 0, 1140, 1215, 45, P0
2026/07/31 17:59:01.915, 37.90, 250.00, 0, 1140, 1215, 45, P0
2026/07/31 17:59:02.116, 37.90, 250.00, 0, 1140, 1215, 45, P0
2026/07/31 17:59:02.316, 37.91, 250.00, 0, 1140, 1215, 44, P0
2026/07/31 17:59:02.516, 37.81, 250.00, 0, 1140, 1215, 44, P0
2026/07/31 17:59:02.717, 37.79, 250.00, 0, 1140, 1215, 44, P0
2026/07/31 17:59:02.917, 37.89, 250.00, 0, 1140, 1215, 44, P0
2026/07/31 17:59:03.118, 37.79, 250.00, 0, 1140, 1215, 44, P0
2026/07/31 17:59:03.318, 37.81, 250.00, 0, 1140, 1215, 44, P0
2026/07/31 17:59:03.518, 37.81, 250.00, 0, 1140, 1215, 44, P0
2026/07/31 17:59:03.719, 37.79, 250.00, 0, 1140, 1215, 44, P0
2026/07/31 17:59:03.919, 37.80, 250.00, 0, 1140, 1215, 44, P0
2026/07/31 17:59:04.120, 37.78, 250.00, 0, 1140, 1215, 44, P0
2026/07/31 17:59:04.320, 37.79, 250.00, 0, 1140, 1215, 44, P0
2026/07/31 17:59:04.520, 37.79, 250.00, 0, 1140, 1215, 44, P0
2026/07/31 17:59:04.721, 37.79, 250.00, 0, 1140, 1215, 44, P0
2026/07/31 17:59:04.921, 37.81, 250.00, 0, 1140, 1215, 44, P0
2026/07/31 17:59:05.122, 37.81, 250.00, 0, 1140, 1215, 44, P0
2026/07/31 17:59:05.322, 37.72, 250.00, 0, 1140, 1215, 44, P0
2026/07/31 17:59:05.522, 37.79, 250.00, 0, 1140, 1215, 44, P0
2026/07/31 17:59:05.723, 37.71, 250.00, 0, 1140, 1215, 44, P0
2026/07/31 17:59:05.923, 37.81, 250.00, 0, 1140, 1215, 44, P0
2026/07/31 17:59:06.124, 37.72, 250.00, 0, 1140, 1215, 44, P0
2026/07/31 17:59:06.324, 37.62, 250.00, 0, 1140, 1215, 44, P0
2026/07/31 17:59:06.524, 37.72, 250.00, 0, 1140, 1215, 44, P0
2026/07/31 17:59:06.726, 37.76, 250.00, 0, 1140, 1215, 44, P0
2026/07/31 17:59:06.930, 37.72, 250.00, 0, 1140, 1215, 44, P0
2026/07/31 17:59:07.130, 37.59, 250.00, 0, 1140, 1215, 44, P0
2026/07/31 17:59:07.331, 37.81, 250.00, 0, 1140, 1215, 44, P0
2026/07/31 17:59:07.531, 37.72, 250.00, 0, 1140, 1215, 44, P0
2026/07/31 17:59:07.732, 37.69, 250.00, 0, 1140, 1215, 44, P0
2026/07/31 17:59:07.932, 37.72, 250.00, 0, 1140, 1215, 44, P0
2026/07/31 17:59:08.133, 37.72, 250.00, 10, 1140, 1215, 44, P0
2026/07/31 17:59:08.333, 37.72, 250.00, 0, 1140, 1215, 44, P0
2026/07/31 17:59:08.533, 37.72, 250.00, 0, 1140, 1215, 44, P0
2026/07/31 17:59:08.734, 37.67, 250.00, 0, 1140, 1215, 44, P0
2026/07/31 17:59:08.934, 37.61, 250.00, 0, 1140, 1215, 44, P0
2026/07/31 17:59:09.135, 154.61, 250.00, 0, 1140, 1215, 47, P0
2026/07/31 17:59:09.335, 255.55, 250.00, 52, 1320, 1215, 52, P0
2026/07/31 17:59:09.536, 221.75, 250.00, 100, 1320, 1215, 53, P0
2026/07/31 17:59:09.736, 247.75, 250.00, 96, 1320, 1215, 55, P0
2026/07/31 17:59:09.936, 248.59, 250.00, 100, 1305, 1215, 56, P0
2026/07/31 17:59:10.137, 241.40, 250.00, 96, 1290, 1215, 56, P0
2026/07/31 17:59:10.337, 254.34, 250.00, 100, 1320, 1215, 56, P0
2026/07/31 17:59:10.538, 262.02, 250.00, 100, 1320, 1215, 57, P0
2026/07/31 17:59:10.738, 255.88, 250.00, 96, 1320, 1215, 57, P0
2026/07/31 17:59:10.939, 222.34, 250.00, 100, 1335, 1215, 57, P0
2026/07/31 17:59:11.139, 243.60, 250.00, 96, 1305, 1215, 58, P0
2026/07/31 17:59:11.340, 250.09, 250.00, 100, 1305, 1215, 58, P0
2026/07/31 17:59:11.540, 203.06, 250.00, 100, 1305, 1215, 58, P0
2026/07/31 17:59:11.740, 255.63, 250.00, 96, 1320, 1215, 58, P0
2026/07/31 17:59:11.941, 243.06, 250.00, 100, 1320, 1215, 58, P0
2026/07/31 17:59:12.141, 264.80, 250.00, 96, 1305, 1215, 59, P0
2026/07/31 17:59:12.342, 246.84, 250.00, 100, 1305, 1215, 59, P0
2026/07/31 17:59:12.542, 256.68, 250.00, 100, 1350, 1215, 59, P0
2026/07/31 17:59:12.743, 250.01, 250.00, 96, 1320, 1215, 59, P0
2026/07/31 17:59:12.943, 241.13, 250.00, 100, 1305, 1215, 59, P0
2026/07/31 17:59:13.143, 169.45, 250.00, 100, 1320, 1215, 59, P0
2026/07/31 17:59:13.344, 244.72, 250.00, 94, 1320, 1215, 60, P0
2026/07/31 17:59:13.544, 239.04, 250.00, 100, 1320, 1215, 60, P0
2026/07/31 17:59:13.745, 263.16, 250.00, 96, 1320, 1215, 60, P0
2026/07/31 17:59:13.945, 244.88, 250.00, 100, 1290, 1215, 60, P0
2026/07/31 17:59:14.146, 241.13, 250.00, 100, 1320, 1215, 60, P0
2026/07/31 17:59:14.346, 73.73, 250.00, 98, 1380, 1215, 57, P0
2026/07/31 17:59:14.547, 256.36, 250.00, 70, 1305, 1215, 60, P0
2026/07/31 17:59:14.747, 256.38, 250.00, 100, 1320, 1215, 59, P0
2026/07/31 17:59:14.948, 251.63, 250.00, 95, 1320, 1215, 60, P0
2026/07/31 17:59:15.148, 254.42, 250.00, 100, 1305, 1215, 60, P0
2026/07/31 17:59:15.348, 245.65, 250.00, 96, 1305, 1215, 60, P0
2026/07/31 17:59:15.549, 253.19, 250.00, 100, 1305, 1215, 61, P0
2026/07/31 17:59:15.749, 229.50, 250.00, 100, 1305, 1215, 61, P0
2026/07/31 17:59:15.950, 254.95, 250.00, 100, 1305, 1215, 61, P0
2026/07/31 17:59:16.150, 252.49, 250.00, 96, 1305, 1215, 61, P0
2026/07/31 17:59:16.350, 248.30, 250.00, 100, 1320, 1215, 61, P0
2026/07/31 17:59:16.551, 249.65, 250.00, 96, 1305, 1215, 61, P0
2026/07/31 17:59:16.751, 273.43, 250.00, 100, 1320, 1215, 61, P0
2026/07/31 17:59:16.952, 241.82, 250.00, 98, 1320, 1215, 61, P0
2026/07/31 17:59:17.152, 241.59, 250.00, 97, 1305, 1215, 61, P0
2026/07/31 17:59:17.353, 247.93, 250.00, 100, 1320, 1215, 62, P0
2026/07/31 17:59:17.553, 251.75, 250.00, 96, 1305, 1215, 62, P0
2026/07/31 17:59:17.753, 219.05, 250.00, 100, 1380, 1215, 61, P0
2026/07/31 17:59:17.954, 247.57, 250.00, 100, 1320, 1215, 62, P0
2026/07/31 17:59:18.154, 243.12, 250.00, 95, 1305, 1215, 62, P0
2026/07/31 17:59:18.355, 267.86, 250.00, 100, 1320, 1215, 62, P0
2026/07/31 17:59:18.555, 254.21, 250.00, 97, 1320, 1215, 62, P0
2026/07/31 17:59:18.756, 249.59, 250.00, 99, 1320, 1215, 62, P0
2026/07/31 17:59:18.956, 258.77, 250.00, 100, 1320, 1215, 63, P0
2026/07/31 17:59:19.157, 249.16, 250.00, 96, 1320, 1215, 63, P0
2026/07/31 17:59:19.357, 244.95, 250.00, 100, 1320, 1215, 63, P0
2026/07/31 17:59:19.557, 141.52, 250.00, 100, 1380, 1215, 59, P0
2026/07/31 17:59:19.758, 252.18, 250.00, 83, 1305, 1215, 62, P0
2026/07/31 17:59:19.958, 243.73, 250.00, 84, 1335, 1215, 62, P0
2026/07/31 17:59:20.159, 256.61, 250.00, 100, 1305, 1215, 63, P0
2026/07/31 17:59:20.359, 252.54, 250.00, 95, 1305, 1215, 63, P0
2026/07/31 17:59:20.560, 247.68, 250.00, 100, 1305, 1215, 63, P0
2026/07/31 17:59:20.760, 249.52, 250.00, 95, 1305, 1215, 63, P0
2026/07/31 17:59:20.960, 275.33, 250.00, 100, 1305, 1215, 63, P0
2026/07/31 17:59:21.161, 260.31, 250.00, 95, 1320, 1215, 63, P0
2026/07/31 17:59:21.361, 245.80, 250.00, 100, 1290, 1215, 63, P0
2026/07/31 17:59:21.562, 252.25, 250.00, 100, 1305, 1215, 63, P0
2026/07/31 17:59:21.762, 253.15, 250.00, 96, 1305, 1215, 64, P0
2026/07/31 17:59:21.963, 271.92, 250.00, 100, 1320, 1215, 64, P0
2026/07/31 17:59:22.163, 252.57, 250.00, 96, 1320, 1215, 64, P0
2026/07/31 17:59:22.364, 249.17, 250.00, 100, 1305, 1215, 64, P0
2026/07/31 17:59:22.564, 248.89, 250.00, 100, 1305, 1215, 64, P0
2026/07/31 17:59:22.764, 253.70, 250.00, 96, 1290, 1215, 64, P0
2026/07/31 17:59:22.965, 237.76, 250.00, 100, 1305, 1215, 64, P0
2026/07/31 17:59:23.165, 240.68, 250.00, 100, 1305, 1215, 64, P0
2026/07/31 17:59:23.366, 252.82, 250.00, 96, 1305, 1215, 64, P0
2026/07/31 17:59:23.566, 272.83, 250.00, 100, 1350, 1215, 65, P0
2026/07/31 17:59:23.766, 242.97, 250.00, 96, 1320, 1215, 65, P0
2026/07/31 17:59:23.967, 251.20, 250.00, 100, 1320, 1215, 65, P0
2026/07/31 17:59:24.167, 216.73, 250.00, 100, 1320, 1215, 65, P0
2026/07/31 17:59:24.368, 251.02, 250.00, 96, 1305, 1215, 65, P0
2026/07/31 17:59:24.568, 246.98, 250.00, 100, 1305, 1215, 65, P0
2026/07/31 17:59:24.768, 128.68, 250.00, 100, 1410, 1215, 59, P0
2026/07/31 17:59:24.969, 58.88, 250.00, 61, 1410, 1215, 57, P0
2026/07/31 17:59:25.175, 56.90, 250.00, 0, 1410, 1215, 55, P0
2026/07/31 17:59:25.376, 57.03, 250.00, 0, 1410, 1215, 55, P0
2026/07/31 17:59:25.576, 56.74, 250.00, 0, 1410, 1215, 54, P0
2026/07/31 17:59:25.776, 55.68, 250.00, 0, 1410, 1215, 54, P0
2026/07/31 17:59:25.977, 56.29, 250.00, 0, 1410, 1215, 54, P0
2026/07/31 17:59:26.187, 55.46, 250.00, 0, 1410, 1215, 53, P0
2026/07/31 17:59:26.387, 55.26, 250.00, 0, 1410, 1215, 53, P0
2026/07/31 17:59:26.588, 55.07, 250.00, 0, 1140, 1215, 53, P0
2026/07/31 17:59:26.788, 40.46, 250.00, 0, 1140, 1215, 52, P0
2026/07/31 17:59:26.989, 40.47, 250.00, 0, 1140, 1215, 52, P0
2026/07/31 17:59:27.189, 40.47, 250.00, 0, 1140, 1215, 52, P0
2026/07/31 17:59:27.389, 40.28, 250.00, 0, 1140, 1215, 52, P0
2026/07/31 17:59:27.596, 40.17, 250.00, 0, 1140, 1215, 51, P0
2026/07/31 17:59:27.797, 40.18, 250.00, 0, 1140, 1215, 51, P0
2026/07/31 17:59:27.997, 40.18, 250.00, 0, 1140, 1215, 51, P0
2026/07/31 17:59:28.198, 40.16, 250.00, 0, 1140, 1215, 51, P0
2026/07/31 17:59:28.398, 39.94, 250.00, 0, 1140, 1215, 51, P0
2026/07/31 17:59:28.598, 39.97, 250.00, 0, 1140, 1215, 51, P0
2026/07/31 17:59:28.799, 39.88, 250.00, 0, 1140, 1215, 51, P0
2026/07/31 17:59:28.999, 39.88, 250.00, 0, 1140, 1215, 51, P0
2026/07/31 17:59:29.200, 39.88, 250.00, 0, 1140, 1215, 51, P0
2026/07/31 17:59:29.400, 39.87, 250.00, 0, 1140, 1215, 51, P0
2026/07/31 17:59:29.601, 39.88, 250.00, 0, 1140, 1215, 51, P0
2026/07/31 17:59:29.801, 39.77, 250.00, 0, 1140, 1215, 50, P0
2026/07/31 17:59:30.001, 39.79, 250.00, 0, 1140, 1215, 50, P0
2026/07/31 17:59:30.202, 39.67, 250.00, 0, 1140, 1215, 50, P0
2026/07/31 17:59:30.402, 39.68, 250.00, 0, 1140, 1215, 50, P0
2026/07/31 17:59:30.602, 39.68, 250.00, 0, 1140, 1215, 50, P0
2026/07/31 17:59:30.803, 39.68, 250.00, 0, 1140, 1215, 50, P0
2026/07/31 17:59:31.003, 39.66, 250.00, 0, 1140, 1215, 50, P0
2026/07/31 17:59:31.204, 39.66, 250.00, 0, 1140, 1215, 50, P0
2026/07/31 17:59:31.404, 39.57, 250.00, 0, 1140, 1215, 50, P0
2026/07/31 17:59:31.604, 39.48, 250.00, 0, 1140, 1215, 50, P0
2026/07/31 17:59:31.805, 39.58, 250.00, 0, 1140, 1215, 50, P0
2026/07/31 17:59:32.005, 39.58, 250.00, 0, 1140, 1215, 50, P0
2026/07/31 17:59:32.206, 39.36, 250.00, 0, 1140, 1215, 50, P0
2026/07/31 17:59:32.406, 39.48, 250.00, 0, 1140, 1215, 50, P0
2026/07/31 17:59:32.606, 39.47, 250.00, 0, 1140, 1215, 50, P0
2026/07/31 17:59:32.807, 39.37, 250.00, 0, 1140, 1215, 50, P0
2026/07/31 17:59:33.007, 39.37, 250.00, 0, 1140, 1215, 49, P0
2026/07/31 17:59:33.208, 39.37, 250.00, 0, 1140, 1215, 49, P0
2026/07/31 17:59:33.408, 39.36, 250.00, 0, 1140, 1215, 49, P0
2026/07/31 17:59:33.609, 39.37, 250.00, 0, 1140, 1215, 49, P0
2026/07/31 17:59:33.809, 39.37, 250.00, 0, 1140, 1215, 49, P0
2026/07/31 17:59:34.009, 39.35, 250.00, 0, 1140, 1215, 49, P0
2026/07/31 17:59:34.210, 39.35, 250.00, 0, 1140, 1215, 49, P0
2026/07/31 17:59:34.410, 39.36, 250.00, 0, 1140, 1215, 49, P0
2026/07/31 17:59:34.611, 39.26, 250.00, 0, 1140, 1215, 49, P0
2026/07/31 17:59:34.811, 39.26, 250.00, 0, 1140, 1215, 49, P0
2026/07/31 17:59:35.011, 39.28, 250.00, 0, 1140, 1215, 49, P0
2026/07/31 17:59:35.212, 39.18, 250.00, 0, 1140, 1215, 49, P0
2026/07/31 17:59:35.412, 39.17, 250.00, 0, 1140, 1215, 49, P0
2026/07/31 17:59:35.613, 39.15, 250.00, 0, 1140, 1215, 49, P0
2026/07/31 17:59:35.813, 39.16, 250.00, 0, 1140, 1215, 49, P0
2026/07/31 17:59:36.013, 39.18, 250.00, 0, 1140, 1215, 49, P0
2026/07/31 17:59:36.214, 39.08, 250.00, 0, 1140, 1215, 49, P0
2026/07/31 17:59:36.414, 39.18, 250.00, 0, 1140, 1215, 49, P0
2026/07/31 17:59:36.615, 39.15, 250.00, 0, 1140, 1215, 49, P0
2026/07/31 17:59:36.815, 39.08, 250.00, 0, 1140, 1215, 49, P0
2026/07/31 17:59:37.015, 39.07, 250.00, 0, 1140, 1215, 49, P0
2026/07/31 17:59:37.216, 39.15, 250.00, 0, 1140, 1215, 49, P0
2026/07/31 17:59:37.416, 39.07, 250.00, 0, 1140, 1215, 49, P0
2026/07/31 17:59:37.616, 39.07, 250.00, 0, 1140, 1215, 49, P0
2026/07/31 17:59:37.817, 39.09, 250.00, 0, 1140, 1215, 48, P0
2026/07/31 17:59:38.017, 39.09, 250.00, 0, 1140, 1215, 48, P0
2026/07/31 17:59:38.218, 39.07, 250.00, 0, 1140, 1215, 48, P0
2026/07/31 17:59:38.418, 38.98, 250.00, 0, 1140, 1215, 48, P0
2026/07/31 17:59:38.618, 38.97, 250.00, 0, 1140, 1215, 48, P0
2026/07/31 17:59:38.819, 38.98, 250.00, 0, 1140, 1215, 48, P0
2026/07/31 17:59:39.019, 38.98, 250.00, 0, 1140, 1215, 48, P0
2026/07/31 17:59:39.219, 38.97, 250.00, 0, 1140, 1215, 48, P0
2026/07/31 17:59:39.420, 38.97, 250.00, 0, 1140, 1215, 48, P0
2026/07/31 17:59:39.620, 38.98, 250.00, 0, 1140, 1215, 48, P0
2026/07/31 17:59:39.821, 38.96, 250.00, 0, 1140, 1215, 48, P0
2026/07/31 17:59:40.021, 38.98, 250.00, 0, 1140, 1215, 48, P0
2026/07/31 17:59:40.221, 38.96, 250.00, 0, 1140, 1215, 48, P0
2026/07/31 17:59:40.422, 38.97, 250.00, 0, 1140, 1215, 48, P0
2026/07/31 17:59:40.622, 38.86, 250.00, 0, 1140, 1215, 48, P0
2026/07/31 17:59:40.823, 38.80, 250.00, 0, 1140, 1215, 48, P0
2026/07/31 17:59:41.023, 38.79, 250.00, 0, 1140, 1215, 48, P0
2026/07/31 17:59:41.223, 38.89, 250.00, 0, 1140, 1215, 48, P0
2026/07/31 17:59:41.424, 38.90, 250.00, 0, 1140, 1215, 48, P0
2026/07/31 17:59:41.624, 38.80, 250.00, 0, 1140, 1215, 48, P0
2026/07/31 17:59:41.824, 38.78, 250.00, 0, 1140, 1215, 48, P0
2026/07/31 17:59:42.025, 39.25, 250.00, 0, 1140, 1215, 48, P0
2026/07/31 17:59:42.225, 39.18, 250.00, 0, 1140, 1215, 48, P0
2026/07/31 17:59:42.426, 39.08, 250.00, 0, 1140, 1215, 48, P0
2026/07/31 17:59:42.626, 39.08, 250.00, 0, 1140, 1215, 48, P0
2026/07/31 17:59:42.826, 39.07, 250.00, 0, 1140, 1215, 48, P0
2026/07/31 17:59:43.027, 39.08, 250.00, 0, 1140, 1215, 48, P0
2026/07/31 17:59:43.227, 38.94, 250.00, 0, 1140, 1215, 48, P0
2026/07/31 17:59:43.428, 38.97, 250.00, 0, 1140, 1215, 48, P0
2026/07/31 17:59:43.628, 38.99, 250.00, 0, 1140, 1215, 48, P0
2026/07/31 17:59:43.828, 38.98, 250.00, 0, 1140, 1215, 48, P0
2026/07/31 17:59:44.029, 38.98, 250.00, 0, 1140, 1215, 47, P0
2026/07/31 17:59:44.229, 38.98, 250.00, 0, 1140, 1215, 47, P0
2026/07/31 17:59:44.429, 38.88, 250.00, 0, 1140, 1215, 47, P0
2026/07/31 17:59:44.630, 38.89, 250.00, 0, 1140, 1215, 47, P0
2026/07/31 17:59:44.830, 38.79, 250.00, 0, 1140, 1215, 47, P0
2026/07/31 17:59:45.031, 38.78, 250.00, 0, 1140, 1215, 47, P0
2026/07/31 17:59:45.231, 38.79, 250.00, 0, 1140, 1215, 47, P0
2026/07/31 17:59:45.431, 38.69, 250.00, 0, 1140, 1215, 47, P0
2026/07/31 17:59:45.632, 38.78, 250.00, 0, 1140, 1215, 47, P0
2026/07/31 17:59:45.832, 38.69, 250.00, 0, 1140, 1215, 47, P0
2026/07/31 17:59:46.032, 38.69, 250.00, 0, 1140, 1215, 47, P0
2026/07/31 17:59:46.233, 38.66, 250.00, 0, 1140, 1215, 47, P0
2026/07/31 17:59:46.433, 38.68, 250.00, 0, 1140, 1215, 47, P0
2026/07/31 17:59:46.634, 38.60, 250.00, 10, 1140, 1215, 47, P0
2026/07/31 17:59:46.834, 38.58, 250.00, 0, 1140, 1215, 47, P0
2026/07/31 17:59:47.034, 38.60, 250.00, 0, 1140, 1215, 47, P0
2026/07/31 17:59:47.235, 38.60, 250.00, 0, 1140, 1215, 47, P0
2026/07/31 17:59:47.435, 38.60, 250.00, 0, 1140, 1215, 48, P0
2026/07/31 17:59:47.635, 248.28, 250.00, 61, 1320, 1215, 55, P0
2026/07/31 17:59:47.836, 200.16, 250.00, 97, 1410, 1215, 53, P0
2026/07/31 17:59:48.038, 218.46, 250.00, 94, 1410, 1215, 53, P0
2026/07/31 17:59:48.243, 208.00, 250.00, 94, 1410, 1215, 53, P0
2026/07/31 17:59:48.444, 215.26, 250.00, 95, 1410, 1215, 54, P0
2026/07/31 17:59:48.645, 209.33, 250.00, 95, 1410, 1215, 54, P0
2026/07/31 17:59:48.845, 215.78, 250.00, 95, 1410, 1215, 54, P0
2026/07/31 17:59:49.046, 209.57, 250.00, 95, 1410, 1215, 55, P0
2026/07/31 17:59:49.246, 207.56, 250.00, 94, 1410, 1215, 55, P0
2026/07/31 17:59:49.447, 209.46, 250.00, 95, 1410, 1215, 55, P0
2026/07/31 17:59:49.648, 209.55, 250.00, 95, 1410, 1215, 55, P0
2026/07/31 17:59:49.848, 216.54, 250.00, 95, 1410, 1215, 55, P0
2026/07/31 17:59:50.048, 209.25, 250.00, 95, 1410, 1215, 55, P0
2026/07/31 17:59:50.249, 220.28, 250.00, 94, 1410, 1215, 55, P0
2026/07/31 17:59:50.449, 210.14, 250.00, 95, 1410, 1215, 56, P0
2026/07/31 17:59:50.650, 210.80, 250.00, 94, 1410, 1215, 56, P0
2026/07/31 17:59:50.850, 216.89, 250.00, 95, 1410, 1215, 56, P0
2026/07/31 17:59:51.051, 210.12, 250.00, 94, 1410, 1215, 56, P0
2026/07/31 17:59:51.251, 220.06, 250.00, 95, 1410, 1215, 56, P0
2026/07/31 17:59:51.452, 211.15, 250.00, 95, 1410, 1215, 56, P0
2026/07/31 17:59:51.652, 226.78, 250.00, 94, 1410, 1215, 56, P0
2026/07/31 17:59:51.853, 211.34, 250.00, 95, 1410, 1215, 56, P0
2026/07/31 17:59:52.053, 202.29, 250.00, 94, 1410, 1215, 56, P0
2026/07/31 17:59:52.253, 210.26, 250.00, 95, 1410, 1215, 56, P0
2026/07/31 17:59:52.454, 210.47, 250.00, 94, 1410, 1215, 57, P0
2026/07/31 17:59:52.655, 217.24, 250.00, 95, 1410, 1215, 57, P0
2026/07/31 17:59:52.855, 211.02, 250.00, 95, 1410, 1215, 57, P0
2026/07/31 17:59:53.056, 228.96, 250.00, 95, 1410, 1215, 57, P0
2026/07/31 17:59:53.256, 211.10, 250.00, 95, 1410, 1215, 57, P0
2026/07/31 17:59:53.457, 210.09, 250.00, 94, 1410, 1215, 57, P0
2026/07/31 17:59:53.657, 211.66, 250.00, 95, 1410, 1215, 57, P0
2026/07/31 17:59:53.858, 210.25, 250.00, 94, 1410, 1215, 57, P0
2026/07/31 17:59:54.058, 219.18, 250.00, 94, 1410, 1215, 57, P0
2026/07/31 17:59:54.259, 212.06, 250.00, 94, 1410, 1215, 57, P0
2026/07/31 17:59:54.459, 223.43, 250.00, 95, 1410, 1215, 57, P0
2026/07/31 17:59:54.660, 212.45, 250.00, 95, 1410, 1215, 57, P0
2026/07/31 17:59:54.860, 213.02, 250.00, 95, 1410, 1215, 58, P0
2026/07/31 17:59:55.061, 213.18, 250.00, 96, 1410, 1215, 58, P0
2026/07/31 17:59:55.261, 211.04, 250.00, 94, 1410, 1215, 58, P0
2026/07/31 17:59:55.462, 218.28, 250.00, 94, 1410, 1215, 58, P0
2026/07/31 17:59:55.662, 213.11, 250.00, 95, 1410, 1215, 58, P0
2026/07/31 17:59:55.862, 224.79, 250.00, 95, 1410, 1215, 58, P0
2026/07/31 17:59:56.063, 212.98, 250.00, 96, 1410, 1215, 58, P0
2026/07/31 17:59:56.263, 213.96, 250.00, 95, 1410, 1215, 58, P0
2026/07/31 17:59:56.464, 212.58, 250.00, 95, 1410, 1215, 58, P0
2026/07/31 17:59:56.664, 213.98, 250.00, 95, 1410, 1215, 58, P0
2026/07/31 17:59:56.865, 217.38, 250.00, 95, 1410, 1215, 58, P0
2026/07/31 17:59:57.065, 212.65, 250.00, 95, 1410, 1215, 58, P0
2026/07/31 17:59:57.266, 230.45, 250.00, 95, 1410, 1215, 58, P0
2026/07/31 17:59:57.466, 213.01, 250.00, 95, 1410, 1215, 58, P0
2026/07/31 17:59:57.667, 212.32, 250.00, 95, 1410, 1215, 59, P0
2026/07/31 17:59:57.867, 219.80, 250.00, 95, 1410, 1215, 59, P0
2026/07/31 17:59:58.068, 213.07, 250.00, 95, 1410, 1215, 59, P0
2026/07/31 17:59:58.268, 217.63, 250.00, 95, 1410, 1215, 59, P0
2026/07/31 17:59:58.469, 212.85, 250.00, 94, 1410, 1215, 59, P0
2026/07/31 17:59:58.670, 232.09, 250.00, 94, 1410, 1215, 59, P0
2026/07/31 17:59:58.870, 213.45, 250.00, 96, 1410, 1215, 59, P0
2026/07/31 17:59:59.070, 213.04, 250.00, 95, 1410, 1215, 59, P0
2026/07/31 17:59:59.271, 218.70, 250.00, 95, 1410, 1215, 59, P0
2026/07/31 17:59:59.471, 214.66, 250.00, 94, 1410, 1215, 59, P0
2026/07/31 17:59:59.672, 214.08, 250.00, 95, 1410, 1215, 59, P0
2026/07/31 17:59:59.872, 216.33, 250.00, 95, 1410, 1215, 59, P0
2026/07/31 18:00:00.073, 212.20, 250.00, 94, 1410, 1215, 59, P0
2026/07/31 18:00:00.273, 219.29, 250.00, 95, 1410, 1215, 59, P0
2026/07/31 18:00:00.474, 214.40, 250.00, 94, 1410, 1215, 59, P0
2026/07/31 18:00:00.674, 191.53, 250.00, 96, 1320, 1215, 62, P0
2026/07/31 18:00:00.875, 253.18, 250.00, 94, 1395, 1215, 61, P0
2026/07/31 18:00:01.075, 224.91, 250.00, 96, 1410, 1215, 60, P0
2026/07/31 18:00:01.276, 216.12, 250.00, 95, 1410, 1215, 60, P0
2026/07/31 18:00:01.476, 232.81, 250.00, 94, 1410, 1215, 60, P0
2026/07/31 18:00:01.677, 217.19, 250.00, 94, 1410, 1215, 60, P0
2026/07/31 18:00:01.877, 217.54, 250.00, 95, 1410, 1215, 60, P0
2026/07/31 18:00:02.077, 216.37, 250.00, 95, 1410, 1215, 60, P0
2026/07/31 18:00:02.278, 216.44, 250.00, 95, 1410, 1215, 60, P0
2026/07/31 18:00:02.479, 221.79, 250.00, 95, 1410, 1215, 60, P0
2026/07/31 18:00:02.679, 216.89, 250.00, 94, 1410, 1215, 60, P0
2026/07/31 18:00:02.880, 233.64, 250.00, 95, 1410, 1215, 60, P0
2026/07/31 18:00:03.080, 217.49, 250.00, 94, 1410, 1215, 60, P0
2026/07/31 18:00:03.281, 217.86, 250.00, 95, 1410, 1215, 60, P0
2026/07/31 18:00:03.481, 217.73, 250.00, 95, 1410, 1215, 60, P0
2026/07/31 18:00:03.682, 217.63, 250.00, 95, 1410, 1215, 61, P0
2026/07/31 18:00:03.882, 226.79, 250.00, 95, 1410, 1215, 61, P0
2026/07/31 18:00:04.083, 217.89, 250.00, 94, 1410, 1215, 61, P0
2026/07/31 18:00:04.283, 230.18, 250.00, 95, 1410, 1215, 61, P0
2026/07/31 18:00:04.484, 216.54, 250.00, 94, 1410, 1215, 61, P0
2026/07/31 18:00:04.684, 218.43, 250.00, 95, 1410, 1215, 61, P0
2026/07/31 18:00:04.885, 217.26, 250.00, 95, 1410, 1215, 61, P0
2026/07/31 18:00:05.085, 216.67, 250.00, 94, 1410, 1215, 61, P0
2026/07/31 18:00:05.286, 220.14, 250.00, 95, 1410, 1215, 61, P0
2026/07/31 18:00:05.486, 216.41, 250.00, 94, 1410, 1215, 61, P0
2026/07/31 18:00:05.687, 227.42, 250.00, 95, 1410, 1215, 61, P0
2026/07/31 18:00:05.887, 217.65, 250.00, 95, 1410, 1215, 61, P0
2026/07/31 18:00:06.088, 231.43, 250.00, 95, 1410, 1215, 61, P0
2026/07/31 18:00:06.288, 217.93, 250.00, 94, 1410, 1215, 61, P0
2026/07/31 18:00:06.489, 216.55, 250.00, 95, 1410, 1215, 61, P0
2026/07/31 18:00:06.689, 217.84, 250.00, 94, 1410, 1215, 61, P0
2026/07/31 18:00:06.890, 218.58, 250.00, 94, 1410, 1215, 61, P0
2026/07/31 18:00:07.090, 224.17, 250.00, 95, 1410, 1215, 62, P0
2026/07/31 18:00:07.291, 216.81, 250.00, 94, 1410, 1215, 61, P0
2026/07/31 18:00:07.491, 225.26, 250.00, 94, 1410, 1215, 61, P0
2026/07/31 18:00:07.692, 218.50, 250.00, 94, 1410, 1215, 62, P0
2026/07/31 18:00:07.892, 230.45, 250.00, 95, 1410, 1215, 62, P0
2026/07/31 18:00:08.093, 217.84, 250.00, 95, 1410, 1215, 62, P0
2026/07/31 18:00:08.293, 219.86, 250.00, 95, 1410, 1215, 62, P0
2026/07/31 18:00:08.494, 218.99, 250.00, 95, 1410, 1215, 62, P0
2026/07/31 18:00:08.694, 216.18, 250.00, 94, 1410, 1215, 62, P0
2026/07/31 18:00:08.895, 225.41, 250.00, 95, 1410, 1215, 62, P0
2026/07/31 18:00:09.095, 218.52, 250.00, 93, 1410, 1215, 62, P0
2026/07/31 18:00:09.296, 228.21, 250.00, 96, 1410, 1215, 62, P0
2026/07/31 18:00:09.496, 219.25, 250.00, 95, 1410, 1215, 62, P0
2026/07/31 18:00:09.697, 234.77, 250.00, 95, 1410, 1215, 62, P0
2026/07/31 18:00:09.897, 218.15, 250.00, 94, 1410, 1215, 62, P0
2026/07/31 18:00:10.098, 219.49, 250.00, 95, 1410, 1215, 62, P0
2026/07/31 18:00:10.298, 218.30, 250.00, 94, 1410, 1215, 62, P0
2026/07/31 18:00:10.499, 216.78, 250.00, 94, 1410, 1215, 62, P0
2026/07/31 18:00:10.699, 224.55, 250.00, 95, 1410, 1215, 62, P0
2026/07/31 18:00:10.900, 219.93, 250.00, 95, 1410, 1215, 63, P0
2026/07/31 18:00:11.100, 226.41, 250.00, 95, 1410, 1215, 63, P0
2026/07/31 18:00:11.301, 219.93, 250.00, 94, 1410, 1215, 63, P0
2026/07/31 18:00:11.502, 229.32, 250.00, 96, 1410, 1215, 63, P0
2026/07/31 18:00:11.702, 219.18, 250.00, 95, 1410, 1215, 63, P0
2026/07/31 18:00:11.903, 220.80, 250.00, 95, 1410, 1215, 63, P0
2026/07/31 18:00:12.103, 219.66, 250.00, 94, 1410, 1215, 63, P0
2026/07/31 18:00:12.304, 219.20, 250.00, 94, 1410, 1215, 63, P0
2026/07/31 18:00:12.504, 232.21, 250.00, 95, 1410, 1215, 63, P0
2026/07/31 18:00:12.705, 216.72, 250.00, 95, 1410, 1215, 63, P0
2026/07/31 18:00:12.905, 236.07, 250.00, 95, 1410, 1215, 63, P0
2026/07/31 18:00:13.106, 281.78, 250.00, 91, 1290, 1215, 66, P0
2026/07/31 18:00:13.306, 200.60, 250.00, 99, 1305, 1215, 64, P0
2026/07/31 18:00:13.507, 220.44, 250.00, 94, 1410, 1215, 64, P0
2026/07/31 18:00:13.707, 230.43, 250.00, 95, 1410, 1215, 63, P0
2026/07/31 18:00:13.908, 220.51, 250.00, 94, 1410, 1215, 63, P0
2026/07/31 18:00:14.108, 221.11, 250.00, 95, 1410, 1215, 63, P0
2026/07/31 18:00:14.309, 227.87, 250.00, 95, 1410, 1215, 63, P0
2026/07/31 18:00:14.509, 220.25, 250.00, 95, 1410, 1215, 63, P0
2026/07/31 18:00:14.710, 233.39, 250.00, 95, 1410, 1215, 63, P0
2026/07/31 18:00:14.910, 220.34, 250.00, 94, 1410, 1215, 64, P0
2026/07/31 18:00:15.111, 221.91, 250.00, 94, 1410, 1215, 64, P0
2026/07/31 18:00:15.311, 220.83, 250.00, 95, 1410, 1215, 64, P0
2026/07/31 18:00:15.512, 220.74, 250.00, 95, 1410, 1215, 64, P0
2026/07/31 18:00:15.712, 228.27, 250.00, 95, 1410, 1215, 64, P0
2026/07/31 18:00:15.913, 220.46, 250.00, 94, 1410, 1215, 64, P0
2026/07/31 18:00:16.113, 234.40, 250.00, 95, 1410, 1215, 64, P0
2026/07/31 18:00:16.314, 220.92, 250.00, 95, 1410, 1215, 64, P0
2026/07/31 18:00:16.514, 220.93, 250.00, 95, 1410, 1215, 64, P0
2026/07/31 18:00:16.714, 220.39, 250.00, 95, 1410, 1215, 64, P0
2026/07/31 18:00:16.915, 219.72, 250.00, 94, 1410, 1215, 64, P0
2026/07/31 18:00:17.117, 220.70, 250.00, 95, 1410, 1215, 64, P0
2026/07/31 18:00:17.317, 221.01, 250.00, 95, 1410, 1215, 64, P0
2026/07/31 18:00:17.518, 220.66, 250.00, 96, 1410, 1215, 64, P0
2026/07/31 18:00:17.718, 230.06, 250.00, 95, 1410, 1215, 64, P0
2026/07/31 18:00:17.918, 220.89, 250.00, 95, 1410, 1215, 64, P0
2026/07/31 18:00:18.119, 234.15, 250.00, 94, 1410, 1215, 64, P0
2026/07/31 18:00:18.319, 220.85, 250.00, 94, 1410, 1215, 64, P0
2026/07/31 18:00:18.520, 221.66, 250.00, 95, 1410, 1215, 64, P0
2026/07/31 18:00:18.721, 221.28, 250.00, 95, 1410, 1215, 64, P0
2026/07/31 18:00:18.921, 221.49, 250.00, 95, 1410, 1215, 64, P0
2026/07/31 18:00:19.122, 231.43, 250.00, 94, 1410, 1215, 65, P0
2026/07/31 18:00:19.322, 220.67, 250.00, 95, 1410, 1215, 65, P0
2026/07/31 18:00:19.523, 234.08, 250.00, 94, 1410, 1215, 65, P0
2026/07/31 18:00:19.723, 222.05, 250.00, 94, 1410, 1215, 65, P0
2026/07/31 18:00:19.924, 221.98, 250.00, 96, 1410, 1215, 65, P0
2026/07/31 18:00:20.124, 222.24, 250.00, 94, 1410, 1215, 65, P0
2026/07/31 18:00:20.325, 221.40, 250.00, 95, 1410, 1215, 65, P0
2026/07/31 18:00:20.525, 229.43, 250.00, 94, 1410, 1215, 65, P0
2026/07/31 18:00:20.726, 220.76, 250.00, 95, 1410, 1215, 65, P0
2026/07/31 18:00:20.926, 229.78, 250.00, 94, 1410, 1215, 65, P0
2026/07/31 18:00:21.127, 219.11, 250.00, 94, 1410, 1215, 65, P0
2026/07/31 18:00:21.328, 238.59, 250.00, 95, 1410, 1215, 65, P0
2026/07/31 18:00:21.528, 222.07, 250.00, 95, 1410, 1215, 65, P0
2026/07/31 18:00:21.729, 221.35, 250.00, 96, 1410, 1215, 65, P0
2026/07/31 18:00:21.929, 226.50, 250.00, 95, 1410, 1215, 65, P0
2026/07/31 18:00:22.130, 222.14, 250.00, 95, 1410, 1215, 65, P0
2026/07/31 18:00:22.330, 226.42, 250.00, 94, 1410, 1215, 65, P0
2026/07/31 18:00:22.531, 222.19, 250.00, 95, 1410, 1215, 65, P0
2026/07/31 18:00:22.731, 239.66, 250.00, 95, 1410, 1215, 65, P0
2026/07/31 18:00:22.932, 222.38, 250.00, 94, 1410, 1215, 65, P0
2026/07/31 18:00:23.132, 221.64, 250.00, 95, 1410, 1215, 65, P0
2026/07/31 18:00:23.333, 222.70, 250.00, 95, 1410, 1215, 65, P0
2026/07/31 18:00:23.533, 223.34, 250.00, 95, 1410, 1215, 66, P0
2026/07/31 18:00:23.734, 235.47, 250.00, 95, 1410, 1215, 66, P0
2026/07/31 18:00:23.934, 223.33, 250.00, 95, 1410, 1215, 66, P0
2026/07/31 18:00:24.135, 237.14, 250.00, 94, 1410, 1215, 66, P0
2026/07/31 18:00:24.335, 222.70, 250.00, 94, 1410, 1215, 66, P0
2026/07/31 18:00:24.536, 223.92, 250.00, 95, 1410, 1215, 66, P0
2026/07/31 18:00:24.736, 223.78, 250.00, 95, 1410, 1215, 66, P0
2026/07/31 18:00:24.937, 223.43, 250.00, 96, 1410, 1215, 66, P0
2026/07/31 18:00:25.138, 228.83, 250.00, 94, 1410, 1215, 66, P0
2026/07/31 18:00:25.338, 222.08, 250.00, 95, 1410, 1215, 66, P0
2026/07/31 18:00:25.539, 239.27, 250.00, 94, 1410, 1215, 66, P0
2026/07/31 18:00:25.739, 221.90, 250.00, 94, 1410, 1215, 66, P0
2026/07/31 18:00:25.939, 62.91, 250.00, 92, 1410, 1215, 62, P0
2026/07/31 18:00:26.140, 62.52, 250.00, 0, 1410, 1215, 61, P0
2026/07/31 18:00:26.340, 61.46, 250.00, 0, 1410, 1215, 61, P0
2026/07/31 18:00:26.540, 61.83, 250.00, 0, 1410, 1215, 60, P0
2026/07/31 18:00:26.741, 60.86, 250.00, 0, 1410, 1215, 60, P0
2026/07/31 18:00:26.941, 61.44, 250.00, 0, 1410, 1215, 60, P0
2026/07/31 18:00:27.141, 60.21, 250.00, 0, 1410, 1215, 59, P0
2026/07/31 18:00:27.343, 60.09, 250.00, 0, 1410, 1215, 59, P0
2026/07/31 18:00:27.543, 60.58, 250.00, 0, 1140, 1215, 59, P0
2026/07/31 18:00:27.747, 43.53, 250.00, 0, 1140, 1215, 58, P0
2026/07/31 18:00:27.948, 43.30, 250.00, 0, 1140, 1215, 58, P0
2026/07/31 18:00:28.148, 43.29, 250.00, 0, 1140, 1215, 58, P0
2026/07/31 18:00:28.348, 43.29, 250.00, 0, 1140, 1215, 58, P0
2026/07/31 18:00:28.549, 43.01, 250.00, 0, 1140, 1215, 58, P0
2026/07/31 18:00:28.749, 42.94, 250.00, 0, 1140, 1215, 58, P0
2026/07/31 18:00:28.950, 42.83, 250.00, 0, 1140, 1215, 57, P0
2026/07/31 18:00:29.150, 42.87, 250.00, 0, 1140, 1215, 57, P0
2026/07/31 18:00:29.351, 42.83, 250.00, 0, 1140, 1215, 57, P0
2026/07/31 18:00:29.551, 42.85, 250.00, 0, 1140, 1215, 57, P0
2026/07/31 18:00:29.751, 42.65, 250.00, 0, 1140, 1215, 57, P0
2026/07/31 18:00:29.952, 42.65, 250.00, 0, 1140, 1215, 57, P0
2026/07/31 18:00:30.152, 42.64, 250.00, 0, 1140, 1215, 57, P0
2026/07/31 18:00:30.352, 42.63, 250.00, 0, 1140, 1215, 57, P0
2026/07/31 18:00:30.553, 42.54, 250.00, 0, 1140, 1215, 57, P0
2026/07/31 18:00:30.753, 42.44, 250.00, 0, 1140, 1215, 57, P0
2026/07/31 18:00:30.953, 42.55, 250.00, 0, 1140, 1215, 56, P0
2026/07/31 18:00:31.154, 42.44, 250.00, 0, 1140, 1215, 56, P0
2026/07/31 18:00:31.354, 42.32, 250.00, 0, 1140, 1215, 56, P0
2026/07/31 18:00:31.555, 42.32, 250.00, 0, 1140, 1215, 56, P0
2026/07/31 18:00:31.755, 42.35, 250.00, 0, 1140, 1215, 56, P0
2026/07/31 18:00:31.955, 42.35, 250.00, 0, 1140, 1215, 56, P0
2026/07/31 18:00:32.156, 42.25, 250.00, 0, 1140, 1215, 56, P0
2026/07/31 18:00:32.356, 42.23, 250.00, 0, 1140, 1215, 56, P0
2026/07/31 18:00:32.556, 42.25, 250.00, 0, 1140, 1215, 56, P0
2026/07/31 18:00:32.757, 42.04, 250.00, 0, 1140, 1215, 56, P0
2026/07/31 18:00:32.957, 42.05, 250.00, 0, 1140, 1215, 56, P0
2026/07/31 18:00:33.158, 42.05, 250.00, 0, 1140, 1215, 56, P0
2026/07/31 18:00:33.358, 42.05, 250.00, 0, 1140, 1215, 56, P0
2026/07/31 18:00:33.558, 41.95, 250.00, 0, 1140, 1215, 55, P0
2026/07/31 18:00:33.759, 41.96, 250.00, 0, 1140, 1215, 55, P0
2026/07/31 18:00:33.959, 41.94, 250.00, 0, 1140, 1215, 55, P0
2026/07/31 18:00:34.159, 41.94, 250.00, 0, 1140, 1215, 55, P0
2026/07/31 18:00:34.363, 41.92, 250.00, 0, 1140, 1215, 55, P0
2026/07/31 18:00:34.563, 41.84, 250.00, 0, 1140, 1215, 55, P0
2026/07/31 18:00:34.763, 41.95, 250.00, 0, 1140, 1215, 55, P0
2026/07/31 18:00:34.964, 41.96, 250.00, 0, 1140, 1215, 55, P0
2026/07/31 18:00:35.164, 41.80, 250.00, 0, 1140, 1215, 55, P0
2026/07/31 18:00:35.365, 41.73, 250.00, 0, 1140, 1215, 55, P0
2026/07/31 18:00:35.565, 41.65, 250.00, 0, 1140, 1215, 55, P0
2026/07/31 18:00:35.765, 41.76, 250.00, 0, 1140, 1215, 55, P0
2026/07/31 18:00:35.966, 41.62, 250.00, 0, 1140, 1215, 55, P0
2026/07/31 18:00:36.166, 41.71, 250.00, 0, 1140, 1215, 55, P0
2026/07/31 18:00:36.366, 41.96, 250.00, 0, 1140, 1215, 55, P0
2026/07/31 18:00:36.567, 41.94, 250.00, 0, 1140, 1215, 55, P0
2026/07/31 18:00:36.767, 41.86, 250.00, 0, 1140, 1215, 55, P0
2026/07/31 18:00:36.968, 41.86, 250.00, 0, 1140, 1215, 54, P0
2026/07/31 18:00:37.168, 41.96, 250.00, 0, 1140, 1215, 54, P0
2026/07/31 18:00:37.368, 41.72, 250.00, 0, 1140, 1215, 54, P0
2026/07/31 18:00:37.569, 41.83, 250.00, 0, 1140, 1215, 54, P0
2026/07/31 18:00:37.769, 41.64, 250.00, 0, 1140, 1215, 54, P0
2026/07/31 18:00:37.970, 41.65, 250.00, 0, 1140, 1215, 54, P0
2026/07/31 18:00:38.170, 41.65, 250.00, 0, 1140, 1215, 54, P0
2026/07/31 18:00:38.370, 41.65, 250.00, 0, 1140, 1215, 54, P0
2026/07/31 18:00:38.571, 41.65, 250.00, 0, 1140, 1215, 54, P0
2026/07/31 18:00:38.771, 41.55, 250.00, 0, 1140, 1215, 54, P0
2026/07/31 18:00:38.972, 41.54, 250.00, 0, 1140, 1215, 54, P0
2026/07/31 18:00:39.172, 41.54, 250.00, 0, 1140, 1215, 54, P0
2026/07/31 18:00:39.372, 41.46, 250.00, 0, 1140, 1215, 54, P0
2026/07/31 18:00:39.573, 41.36, 250.00, 0, 1140, 1215, 54, P0
2026/07/31 18:00:39.773, 41.46, 250.00, 0, 1140, 1215, 54, P0
2026/07/31 18:00:39.973, 41.36, 250.00, 0, 1140, 1215, 54, P0
2026/07/31 18:00:40.174, 41.34, 250.00, 0, 1140, 1215, 54, P0
2026/07/31 18:00:40.374, 41.24, 250.00, 0, 1140, 1215, 54, P0
2026/07/31 18:00:40.575, 41.22, 250.00, 0, 1140, 1215, 54, P0
2026/07/31 18:00:40.775, 41.26, 250.00, 0, 1140, 1215, 54, P0
2026/07/31 18:00:40.975, 41.26, 250.00, 0, 1140, 1215, 53, P0
2026/07/31 18:00:41.176, 41.17, 250.00, 0, 1140, 1215, 53, P0
2026/07/31 18:00:41.376, 41.15, 250.00, 0, 1140, 1215, 53, P0
2026/07/31 18:00:41.577, 41.12, 250.00, 0, 1140, 1215, 53, P0
2026/07/31 18:00:41.777, 41.17, 250.00, 0, 1140, 1215, 53, P0
2026/07/31 18:00:41.977, 41.07, 250.00, 0, 1140, 1215, 53, P0
2026/07/31 18:00:42.178, 41.15, 250.00, 0, 1140, 1215, 53, P0
2026/07/31 18:00:42.378, 40.96, 250.00, 0, 1140, 1215, 53, P0
2026/07/31 18:00:42.579, 40.95, 250.00, 0, 1140, 1215, 53, P0
2026/07/31 18:00:42.779, 41.07, 250.00, 0, 1140, 1215, 53, P0
2026/07/31 18:00:42.979, 40.96, 250.00, 0, 1140, 1215, 53, P0
2026/07/31 18:00:43.180, 40.86, 250.00, 0, 1140, 1215, 53, P0
2026/07/31 18:00:43.380, 40.83, 250.00, 0, 1140, 1215, 53, P0
2026/07/31 18:00:43.581, 40.86, 250.00, 0, 1140, 1215, 53, P0
2026/07/31 18:00:43.781, 40.75, 250.00, 0, 1140, 1215, 53, P0
2026/07/31 18:00:43.981, 40.75, 250.00, 0, 1140, 1215, 53, P0
2026/07/31 18:00:44.207, 40.76, 250.00, 0, 1140, 1215, 53, P0
2026/07/31 18:00:44.408, 40.77, 250.00, 0, 1140, 1215, 53, P0
2026/07/31 18:00:44.608, 40.77, 250.00, 0, 1140, 1215, 53, P0
2026/07/31 18:00:44.808, 40.76, 250.00, 0, 1140, 1215, 53, P0
2026/07/31 18:00:45.009, 40.76, 250.00, 0, 1140, 1215, 53, P0
2026/07/31 18:00:45.209, 40.76, 250.00, 0, 1140, 1215, 53, P0
2026/07/31 18:00:45.410, 40.76, 250.00, 0, 1140, 1215, 52, P0
2026/07/31 18:00:45.610, 40.58, 250.00, 0, 1140, 1215, 52, P0
2026/07/31 18:00:45.810, 40.65, 250.00, 0, 1140, 1215, 52, P0
2026/07/31 18:00:46.011, 40.67, 250.00, 0, 1140, 1215, 52, P0
2026/07/31 18:00:46.211, 40.66, 250.00, 0, 1140, 1215, 52, P0
2026/07/31 18:00:46.411, 40.64, 250.00, 0, 1140, 1215, 52, P0
2026/07/31 18:00:46.612, 40.57, 250.00, 0, 1140, 1215, 52, P0
2026/07/31 18:00:46.812, 40.55, 250.00, 0, 1140, 1215, 52, P0
2026/07/31 18:00:47.012, 40.57, 250.00, 0, 1140, 1215, 52, P0
2026/07/31 18:00:47.213, 40.47, 250.00, 0, 1140, 1215, 52, P0
2026/07/31 18:00:47.413, 40.57, 250.00, 0, 1140, 1215, 52, P0
2026/07/31 18:00:47.614, 40.58, 250.00, 5, 1140, 1215, 52, P0
2026/07/31 18:00:47.814, 40.37, 250.00, 0, 1140, 1215, 52, P0
2026/07/31 18:00:48.014, 40.37, 250.00, 0, 1140, 1215, 52, P0
2026/07/31 18:00:48.215, 40.37, 250.00, 0, 1140, 1215, 52, P0
2026/07/31 18:00:48.415, 181.00, 250.00, 0, 1140, 1215, 56, P0
2026/07/31 18:00:48.615, 212.55, 250.00, 64, 1395, 1215, 57, P0
2026/07/31 18:00:48.816, 211.44, 250.00, 97, 1410, 1215, 57, P0
2026/07/31 18:00:49.016, 213.04, 250.00, 94, 1410, 1215, 58, P0
2026/07/31 18:00:49.217, 216.65, 250.00, 95, 1410, 1215, 58, P0
2026/07/31 18:00:49.417, 213.28, 250.00, 95, 1410, 1215, 58, P0
2026/07/31 18:00:49.618, 222.57, 250.00, 95, 1410, 1215, 59, P0
2026/07/31 18:00:49.818, 214.12, 250.00, 95, 1410, 1215, 59, P0
2026/07/31 18:00:50.019, 214.66, 250.00, 95, 1410, 1215, 59, P0
2026/07/31 18:00:50.219, 213.45, 250.00, 95, 1410, 1215, 59, P0
2026/07/31 18:00:50.420, 214.87, 250.00, 95, 1410, 1215, 59, P0
2026/07/31 18:00:50.620, 218.66, 250.00, 96, 1410, 1215, 60, P0
2026/07/31 18:00:50.820, 213.76, 250.00, 95, 1410, 1215, 60, P0
2026/07/31 18:00:51.021, 216.33, 250.00, 95, 1410, 1215, 60, P0
2026/07/31 18:00:51.221, 214.87, 250.00, 95, 1410, 1215, 60, P0
2026/07/31 18:00:51.422, 214.49, 250.00, 95, 1410, 1215, 60, P0
2026/07/31 18:00:51.622, 224.38, 250.00, 96, 1410, 1215, 60, P0
2026/07/31 18:00:51.823, 214.13, 250.00, 95, 1410, 1215, 60, P0
2026/07/31 18:00:52.023, 224.84, 250.00, 95, 1410, 1215, 60, P0
2026/07/31 18:00:52.224, 215.25, 250.00, 95, 1410, 1215, 61, P0
2026/07/31 18:00:52.424, 214.41, 250.00, 95, 1410, 1215, 61, P0
2026/07/31 18:00:52.625, 215.31, 250.00, 95, 1410, 1215, 61, P0
2026/07/31 18:00:52.825, 214.36, 250.00, 95, 1410, 1215, 61, P0
2026/07/31 18:00:53.026, 227.35, 250.00, 96, 1410, 1215, 61, P0
2026/07/31 18:00:53.226, 215.68, 250.00, 95, 1410, 1215, 61, P0
2026/07/31 18:00:53.427, 230.22, 250.00, 95, 1410, 1215, 61, P0
2026/07/31 18:00:53.627, 215.51, 250.00, 95, 1410, 1215, 61, P0
2026/07/31 18:00:53.828, 216.52, 250.00, 95, 1410, 1215, 61, P0
2026/07/31 18:00:54.028, 221.16, 250.00, 96, 1410, 1215, 61, P0
2026/07/31 18:00:54.229, 216.74, 250.00, 95, 1410, 1215, 61, P0
2026/07/31 18:00:54.429, 229.46, 250.00, 96, 1410, 1215, 61, P0
2026/07/31 18:00:54.629, 215.86, 250.00, 95, 1410, 1215, 61, P0
2026/07/31 18:00:54.830, 215.84, 250.00, 95, 1410, 1215, 61, P0
2026/07/31 18:00:55.030, 225.53, 250.00, 94, 1410, 1215, 62, P0
2026/07/31 18:00:55.231, 215.31, 250.00, 95, 1410, 1215, 62, P0
2026/07/31 18:00:55.431, 209.65, 250.00, 96, 1410, 1215, 62, P0
2026/07/31 18:00:55.632, 215.87, 250.00, 93, 1410, 1215, 62, P0
2026/07/31 18:00:55.832, 215.96, 250.00, 95, 1410, 1215, 62, P0
2026/07/31 18:00:56.033, 216.39, 250.00, 95, 1410, 1215, 62, P0
2026/07/31 18:00:56.233, 216.22, 250.00, 94, 1410, 1215, 62, P0
2026/07/31 18:00:56.434, 226.45, 250.00, 95, 1410, 1215, 62, P0
2026/07/31 18:00:56.634, 216.34, 250.00, 95, 1410, 1215, 62, P0
2026/07/31 18:00:56.835, 232.87, 250.00, 95, 1410, 1215, 62, P0
2026/07/31 18:00:57.035, 216.44, 250.00, 95, 1410, 1215, 62, P0
2026/07/31 18:00:57.236, 215.40, 250.00, 95, 1410, 1215, 62, P0
2026/07/31 18:00:57.436, 216.44, 250.00, 94, 1410, 1215, 62, P0
2026/07/31 18:00:57.637, 217.05, 250.00, 95, 1410, 1215, 62, P0
2026/07/31 18:00:57.837, 223.96, 250.00, 95, 1410, 1215, 62, P0
2026/07/31 18:00:58.038, 217.72, 250.00, 94, 1410, 1215, 62, P0
2026/07/31 18:00:58.238, 222.08, 250.00, 94, 1410, 1215, 63, P0
2026/07/31 18:00:58.439, 213.02, 250.00, 95, 1410, 1215, 63, P0
2026/07/31 18:00:58.640, 229.04, 250.00, 94, 1410, 1215, 63, P0
2026/07/31 18:00:58.840, 217.14, 250.00, 94, 1410, 1215, 63, P0
2026/07/31 18:00:59.041, 218.29, 250.00, 96, 1410, 1215, 63, P0
2026/07/31 18:00:59.241, 217.52, 250.00, 95, 1410, 1215, 63, P0
2026/07/31 18:00:59.442, 216.87, 250.00, 95, 1410, 1215, 63, P0
2026/07/31 18:00:59.642, 225.09, 250.00, 95, 1410, 1215, 63, P0
2026/07/31 18:00:59.843, 216.87, 250.00, 95, 1410, 1215, 63, P0
2026/07/31 18:01:00.043, 222.45, 250.00, 96, 1410, 1215, 63, P0
2026/07/31 18:01:00.244, 218.56, 250.00, 94, 1410, 1215, 63, P0
2026/07/31 18:01:00.444, 219.43, 250.00, 95, 1410, 1215, 63, P0
2026/07/31 18:01:00.645, 230.88, 250.00, 95, 1410, 1215, 63, P0
2026/07/31 18:01:00.845, 217.15, 250.00, 95, 1410, 1215, 63, P0
2026/07/31 18:01:01.046, 232.62, 250.00, 94, 1410, 1215, 63, P0
2026/07/31 18:01:01.246, 220.67, 250.00, 95, 1410, 1215, 64, P0
2026/07/31 18:01:01.505, 229.40, 250.00, 94, 1410, 1215, 64, P0
2026/07/31 18:01:01.705, 221.02, 250.00, 95, 1410, 1215, 64, P0
2026/07/31 18:01:01.906, 222.83, 250.00, 95, 1410, 1215, 64, P0
2026/07/31 18:01:02.106, 220.58, 250.00, 95, 1410, 1215, 64, P0
2026/07/31 18:01:02.307, 220.27, 250.00, 95, 1410, 1215, 64, P0
2026/07/31 18:01:02.507, 228.03, 250.00, 95, 1410, 1215, 64, P0
2026/07/31 18:01:02.708, 221.23, 250.00, 96, 1410, 1215, 64, P0
2026/07/31 18:01:02.908, 232.10, 250.00, 95, 1410, 1215, 64, P0
2026/07/31 18:01:03.108, 221.87, 250.00, 95, 1410, 1215, 64, P0
2026/07/31 18:01:03.309, 210.56, 250.00, 94, 1410, 1215, 64, P0
2026/07/31 18:01:03.510, 220.85, 250.00, 95, 1410, 1215, 64, P0
2026/07/31 18:01:03.710, 221.43, 250.00, 95, 1410, 1215, 64, P0
2026/07/31 18:01:03.910, 226.95, 250.00, 94, 1410, 1215, 64, P0
2026/07/31 18:01:04.111, 221.91, 250.00, 96, 1410, 1215, 64, P0
2026/07/31 18:01:04.311, 229.40, 250.00, 96, 1410, 1215, 64, P0
2026/07/31 18:01:04.512, 220.33, 250.00, 94, 1410, 1215, 64, P0
2026/07/31 18:01:04.712, 232.90, 250.00, 94, 1410, 1215, 64, P0
2026/07/31 18:01:04.913, 221.14, 250.00, 94, 1410, 1215, 64, P0
2026/07/31 18:01:05.113, 223.52, 250.00, 95, 1410, 1215, 65, P0
2026/07/31 18:01:05.314, 222.39, 250.00, 95, 1410, 1215, 65, P0
2026/07/31 18:01:05.514, 222.13, 250.00, 94, 1410, 1215, 65, P0
2026/07/31 18:01:05.715, 230.28, 250.00, 96, 1410, 1215, 65, P0
2026/07/31 18:01:05.915, 222.45, 250.00, 94, 1410, 1215, 65, P0
2026/07/31 18:01:06.116, 232.49, 250.00, 95, 1410, 1215, 65, P0
2026/07/31 18:01:06.316, 221.91, 250.00, 95, 1410, 1215, 65, P0
2026/07/31 18:01:06.517, 223.90, 250.00, 95, 1410, 1215, 65, P0
2026/07/31 18:01:06.717, 222.00, 250.00, 95, 1410, 1215, 65, P0
2026/07/31 18:01:06.917, 220.84, 250.00, 95, 1410, 1215, 65, P0
2026/07/31 18:01:07.118, 224.15, 250.00, 94, 1410, 1215, 65, P0
2026/07/31 18:01:07.319, 222.60, 250.00, 94, 1410, 1215, 65, P0
2026/07/31 18:01:07.519, 229.29, 250.00, 95, 1410, 1215, 65, P0
2026/07/31 18:01:07.720, 222.55, 250.00, 93, 1410, 1215, 65, P0
2026/07/31 18:01:07.920, 230.61, 250.00, 95, 1410, 1215, 65, P0
2026/07/31 18:01:08.121, 222.59, 250.00, 95, 1410, 1215, 65, P0
2026/07/31 18:01:08.321, 222.77, 250.00, 96, 1410, 1215, 65, P0
2026/07/31 18:01:08.522, 222.42, 250.00, 95, 1410, 1215, 65, P0
2026/07/31 18:01:08.722, 222.77, 250.00, 95, 1410, 1215, 65, P0
2026/07/31 18:01:08.922, 228.51, 250.00, 95, 1410, 1215, 66, P0
2026/07/31 18:01:09.123, 223.73, 250.00, 95, 1410, 1215, 66, P0
2026/07/31 18:01:09.323, 233.36, 250.00, 96, 1410, 1215, 66, P0
2026/07/31 18:01:09.524, 222.68, 250.00, 94, 1410, 1215, 66, P0
2026/07/31 18:01:09.724, 226.65, 250.00, 95, 1410, 1215, 66, P0
2026/07/31 18:01:09.925, 222.82, 250.00, 95, 1410, 1215, 66, P0
2026/07/31 18:01:10.125, 224.22, 250.00, 95, 1410, 1215, 66, P0
2026/07/31 18:01:10.326, 229.47, 250.00, 95, 1410, 1215, 66, P0
2026/07/31 18:01:10.526, 222.15, 250.00, 95, 1410, 1215, 66, P0
2026/07/31 18:01:10.727, 234.17, 250.00, 95, 1410, 1215, 66, P0
2026/07/31 18:01:10.927, 224.11, 250.00, 94, 1410, 1215, 66, P0
2026/07/31 18:01:11.128, 235.31, 250.00, 96, 1410, 1215, 66, P0
2026/07/31 18:01:11.328, 223.59, 250.00, 94, 1410, 1215, 66, P0
2026/07/31 18:01:11.529, 222.79, 250.00, 95, 1410, 1215, 66, P0
2026/07/31 18:01:11.729, 223.29, 250.00, 95, 1410, 1215, 66, P0
2026/07/31 18:01:11.929, 224.52, 250.00, 95, 1410, 1215, 66, P0
2026/07/31 18:01:12.130, 234.34, 250.00, 95, 1410, 1215, 66, P0
2026/07/31 18:01:12.331, 223.01, 250.00, 95, 1410, 1215, 66, P0
2026/07/31 18:01:12.531, 235.53, 250.00, 95, 1410, 1215, 66, P0
2026/07/31 18:01:12.732, 223.87, 250.00, 95, 1410, 1215, 66, P0
2026/07/31 18:01:12.932, 241.96, 250.00, 95, 1410, 1215, 66, P0
2026/07/31 18:01:13.133, 224.33, 250.00, 94, 1410, 1215, 66, P0
2026/07/31 18:01:13.333, 223.40, 250.00, 95, 1410, 1215, 67, P0
2026/07/31 18:01:13.534, 223.62, 250.00, 95, 1410, 1215, 66, P0
2026/07/31 18:01:13.734, 222.15, 250.00, 94, 1410, 1215, 67, P0
2026/07/31 18:01:13.935, 231.14, 250.00, 95, 1410, 1215, 67, P0
2026/07/31 18:01:14.135, 224.58, 250.00, 95, 1410, 1215, 67, P0
2026/07/31 18:01:14.336, 220.30, 250.00, 95, 1410, 1215, 67, P0
2026/07/31 18:01:14.536, 223.76, 250.00, 94, 1410, 1215, 67, P0
2026/07/31 18:01:14.737, 224.74, 250.00, 96, 1410, 1215, 67, P0
2026/07/31 18:01:14.937, 237.59, 250.00, 95, 1410, 1215, 67, P0
2026/07/31 18:01:15.138, 224.64, 250.00, 95, 1410, 1215, 67, P0
2026/07/31 18:01:15.338, 239.09, 250.00, 95, 1410, 1215, 67, P0
2026/07/31 18:01:15.539, 224.64, 250.00, 95, 1410, 1215, 67, P0
2026/07/31 18:01:15.739, 224.26, 250.00, 95, 1410, 1215, 67, P0
2026/07/31 18:01:15.940, 224.35, 250.00, 95, 1410, 1215, 67, P0
2026/07/31 18:01:16.140, 225.01, 250.00, 95, 1410, 1215, 67, P0
2026/07/31 18:01:16.341, 231.82, 250.00, 95, 1410, 1215, 67, P0
2026/07/31 18:01:16.541, 223.58, 250.00, 95, 1410, 1215, 67, P0
2026/07/31 18:01:16.742, 237.45, 250.00, 94, 1410, 1215, 67, P0
2026/07/31 18:01:16.943, 225.46, 250.00, 94, 1410, 1215, 67, P0
2026/07/31 18:01:17.143, 238.01, 250.00, 95, 1410, 1215, 67, P0
2026/07/31 18:01:17.343, 225.86, 250.00, 95, 1410, 1215, 67, P0
2026/07/31 18:01:17.544, 224.51, 250.00, 96, 1410, 1215, 67, P0
2026/07/31 18:01:17.744, 225.71, 250.00, 95, 1410, 1215, 67, P0
2026/07/31 18:01:17.945, 224.17, 250.00, 96, 1410, 1215, 68, P0
2026/07/31 18:01:18.145, 230.39, 250.00, 94, 1410, 1215, 68, P0
2026/07/31 18:01:18.346, 225.73, 250.00, 95, 1410, 1215, 68, P0
2026/07/31 18:01:18.546, 234.60, 250.00, 95, 1410, 1215, 68, P0
2026/07/31 18:01:18.747, 225.89, 250.00, 95, 1410, 1215, 68, P0
2026/07/31 18:01:18.947, 244.23, 250.00, 95, 1410, 1215, 68, P0
2026/07/31 18:01:19.148, 224.67, 250.00, 95, 1410, 1215, 68, P0
2026/07/31 18:01:19.348, 225.05, 250.00, 95, 1410, 1215, 68, P0
2026/07/31 18:01:19.549, 224.77, 250.00, 95, 1410, 1215, 68, P0
2026/07/31 18:01:19.751, 223.63, 250.00, 95, 1410, 1215, 68, P0
2026/07/31 18:01:19.954, 225.62, 250.00, 94, 1410, 1215, 68, P0
2026/07/31 18:01:20.155, 225.32, 250.00, 95, 1410, 1215, 68, P0
2026/07/31 18:01:20.408, 228.74, 250.00, 95, 1410, 1215, 68, P0
2026/07/31 18:01:20.609, 225.34, 250.00, 95, 1410, 1215, 68, P0
2026/07/31 18:01:20.809, 236.34, 250.00, 95, 1410, 1215, 68, P0
2026/07/31 18:01:21.010, 226.93, 250.00, 95, 1410, 1215, 68, P0
2026/07/31 18:01:21.210, 241.80, 250.00, 96, 1410, 1215, 68, P0
2026/07/31 18:01:21.411, 226.74, 250.00, 95, 1410, 1215, 68, P0
2026/07/31 18:01:21.611, 227.42, 250.00, 95, 1410, 1215, 68, P0
2026/07/31 18:01:21.812, 224.86, 250.00, 95, 1410, 1215, 68, P0
2026/07/31 18:01:22.012, 227.44, 250.00, 94, 1410, 1215, 68, P0
2026/07/31 18:01:22.213, 230.78, 250.00, 95, 1410, 1215, 68, P0
2026/07/31 18:01:22.413, 226.10, 250.00, 95, 1410, 1215, 68, P0
2026/07/31 18:01:22.614, 234.00, 250.00, 95, 1410, 1215, 69, P0
2026/07/31 18:01:22.814, 226.32, 250.00, 94, 1410, 1215, 68, P0
2026/07/31 18:01:23.024, 241.95, 250.00, 95, 1410, 1215, 69, P0
2026/07/31 18:01:23.224, 226.85, 250.00, 95, 1410, 1215, 69, P0
2026/07/31 18:01:23.425, 226.82, 250.00, 95, 1410, 1215, 69, P0
2026/07/31 18:01:23.625, 226.93, 250.00, 95, 1410, 1215, 69, P0
2026/07/31 18:01:23.826, 228.00, 250.00, 95, 1410, 1215, 69, P0
2026/07/31 18:01:24.026, 232.40, 250.00, 95, 1410, 1215, 69, P0
2026/07/31 18:01:24.227, 226.76, 250.00, 94, 1410, 1215, 69, P0
2026/07/31 18:01:24.427, 235.01, 250.00, 96, 1410, 1215, 69, P0
2026/07/31 18:01:24.628, 227.44, 250.00, 95, 1410, 1215, 69, P0
2026/07/31 18:01:24.828, 243.69, 250.00, 96, 1410, 1215, 69, P0
2026/07/31 18:01:25.029, 227.23, 250.00, 94, 1410, 1215, 69, P0
2026/07/31 18:01:25.229, 228.14, 250.00, 95, 1410, 1215, 69, P0
2026/07/31 18:01:25.430, 226.60, 250.00, 94, 1410, 1215, 69, P0
2026/07/31 18:01:25.630, 227.06, 250.00, 95, 1410, 1215, 69, P0
2026/07/31 18:01:25.831, 227.80, 250.00, 95, 1410, 1215, 69, P0
2026/07/31 18:01:26.031, 227.42, 250.00, 95, 1410, 1215, 69, P0
2026/07/31 18:01:26.232, 235.15, 250.00, 95, 1410, 1215, 69, P0
2026/07/31 18:01:26.432, 227.33, 250.00, 95, 1410, 1215, 69, P0
2026/07/31 18:01:26.633, 233.96, 250.00, 95, 1410, 1215, 69, P0
2026/07/31 18:01:26.833, 227.61, 250.00, 95, 1410, 1215, 69, P0
2026/07/31 18:01:27.034, 239.50, 250.00, 96, 1410, 1215, 69, P0
2026/07/31 18:01:27.234, 227.33, 250.00, 95, 1410, 1215, 69, P0
2026/07/31 18:01:27.435, 227.43, 250.00, 96, 1410, 1215, 69, P0
2026/07/31 18:01:27.635, 226.52, 250.00, 95, 1410, 1215, 69, P0
2026/07/31 18:01:27.835, 223.82, 250.00, 95, 1410, 1215, 69, P0
2026/07/31 18:01:28.036, 227.82, 250.00, 94, 1410, 1215, 70, P0
2026/07/31 18:01:28.236, 227.82, 250.00, 95, 1410, 1215, 70, P0
2026/07/31 18:01:28.437, 226.63, 250.00, 95, 1410, 1215, 70, P0
2026/07/31 18:01:28.637, 223.87, 250.00, 95, 1410, 1215, 70, P0
2026/07/31 18:01:28.838, 226.09, 250.00, 94, 1410, 1215, 70, P0
2026/07/31 18:01:29.038, 224.58, 250.00, 94, 1410, 1215, 70, P0
2026/07/31 18:01:29.239, 228.31, 250.00, 95, 1410, 1215, 70, P0
2026/07/31 18:01:29.439, 228.59, 250.00, 95, 1410, 1215, 70, P0
2026/07/31 18:01:29.640, 237.62, 250.00, 95, 1410, 1215, 70, P0
2026/07/31 18:01:29.840, 227.82, 250.00, 95, 1410, 1215, 70, P0
2026/07/31 18:01:30.040, 238.09, 250.00, 96, 1410, 1215, 70, P0
2026/07/31 18:01:30.241, 227.95, 250.00, 94, 1410, 1215, 70, P0
2026/07/31 18:01:30.441, 243.52, 250.00, 95, 1410, 1215, 70, P0
2026/07/31 18:01:30.642, 228.68, 250.00, 95, 1410, 1215, 70, P0
2026/07/31 18:01:30.842, 233.64, 250.00, 96, 1410, 1215, 70, P0
2026/07/31 18:01:31.043, 227.46, 250.00, 93, 1410, 1215, 70, P0
2026/07/31 18:01:31.243, 228.54, 250.00, 95, 1410, 1215, 70, P0
2026/07/31 18:01:31.444, 227.59, 250.00, 95, 1410, 1215, 70, P0
2026/07/31 18:01:31.644, 228.49, 250.00, 95, 1410, 1215, 70, P0
2026/07/31 18:01:31.845, 228.78, 250.00, 94, 1410, 1215, 70, P0
2026/07/31 18:01:32.045, 244.68, 250.00, 91, 1275, 1215, 73, P0
2026/07/31 18:01:32.246, 194.21, 250.00, 99, 1395, 1215, 71, P0
2026/07/31 18:01:32.446, 228.55, 250.00, 95, 1410, 1215, 70, P0
2026/07/31 18:01:32.647, 237.35, 250.00, 95, 1410, 1215, 70, P0
2026/07/31 18:01:32.847, 227.91, 250.00, 96, 1410, 1215, 70, P0
2026/07/31 18:01:33.048, 245.04, 250.00, 95, 1410, 1215, 70, P0
2026/07/31 18:01:33.248, 226.61, 250.00, 95, 1410, 1215, 70, P0
2026/07/31 18:01:33.449, 227.53, 250.00, 95, 1410, 1215, 70, P0
2026/07/31 18:01:33.649, 234.43, 250.00, 95, 1410, 1215, 71, P0
2026/07/31 18:01:33.850, 228.87, 250.00, 96, 1410, 1215, 71, P0
2026/07/31 18:01:34.050, 233.27, 250.00, 93, 1410, 1215, 71, P0
2026/07/31 18:01:34.251, 224.24, 250.00, 95, 1410, 1215, 71, P0
2026/07/31 18:01:34.453, 240.43, 250.00, 95, 1410, 1215, 71, P0
2026/07/31 18:01:34.656, 228.15, 250.00, 95, 1410, 1215, 71, P0
2026/07/31 18:01:34.857, 228.90, 250.00, 95, 1410, 1215, 71, P0
2026/07/31 18:01:35.059, 228.57, 250.00, 95, 1410, 1215, 71, P0
2026/07/31 18:01:35.259, 230.24, 250.00, 94, 1410, 1215, 71, P0
2026/07/31 18:01:35.461, 227.58, 250.00, 95, 1410, 1215, 71, P0
2026/07/31 18:01:35.661, 228.40, 250.00, 95, 1410, 1215, 71, P0
2026/07/31 18:01:35.862, 236.57, 250.00, 95, 1410, 1215, 71, P0
2026/07/31 18:01:36.062, 227.78, 250.00, 95, 1410, 1215, 71, P0
2026/07/31 18:01:36.263, 240.22, 250.00, 94, 1410, 1215, 71, P0
2026/07/31 18:01:36.463, 227.48, 250.00, 95, 1410, 1215, 71, P0
2026/07/31 18:01:36.664, 228.28, 250.00, 95, 1410, 1215, 71, P0
2026/07/31 18:01:36.864, 225.64, 250.00, 94, 1410, 1215, 71, P0
2026/07/31 18:01:37.065, 228.61, 250.00, 95, 1410, 1215, 71, P0
2026/07/31 18:01:37.265, 229.54, 250.00, 95, 1410, 1215, 71, P0
2026/07/31 18:01:37.466, 226.30, 250.00, 94, 1410, 1215, 71, P0
2026/07/31 18:01:37.666, 236.13, 250.00, 94, 1410, 1215, 71, P0
2026/07/31 18:01:37.867, 229.45, 250.00, 95, 1410, 1215, 71, P0
2026/07/31 18:01:38.068, 241.73, 250.00, 95, 1410, 1215, 71, P0
2026/07/31 18:01:38.268, 228.59, 250.00, 95, 1410, 1215, 71, P0
2026/07/31 18:01:38.468, 219.06, 250.00, 94, 1410, 1215, 71, P0
2026/07/31 18:01:38.669, 228.01, 250.00, 94, 1410, 1215, 71, P0
2026/07/31 18:01:38.869, 229.55, 250.00, 95, 1410, 1215, 71, P0
2026/07/31 18:01:39.070, 236.99, 250.00, 95, 1410, 1215, 71, P0
2026/07/31 18:01:39.270, 229.10, 250.00, 95, 1410, 1215, 71, P0
2026/07/31 18:01:39.471, 240.80, 250.00, 94, 1410, 1215, 71, P0
2026/07/31 18:01:39.672, 225.70, 250.00, 95, 1410, 1215, 71, P0
2026/07/31 18:01:39.872, 237.72, 250.00, 93, 1410, 1215, 71, P0
2026/07/31 18:01:40.073, 229.46, 250.00, 95, 1410, 1215, 71, P0
2026/07/31 18:01:40.273, 230.79, 250.00, 94, 1410, 1215, 72, P0
2026/07/31 18:01:40.474, 229.20, 250.00, 95, 1410, 1215, 72, P0
2026/07/31 18:01:40.674, 228.99, 250.00, 95, 1410, 1215, 72, P0
2026/07/31 18:01:40.875, 236.74, 250.00, 95, 1410, 1215, 72, P0
2026/07/31 18:01:41.075, 229.32, 250.00, 95, 1410, 1215, 72, P0
2026/07/31 18:01:41.276, 240.84, 250.00, 95, 1410, 1215, 72, P0
2026/07/31 18:01:41.476, 228.68, 250.00, 95, 1410, 1215, 72, P0
2026/07/31 18:01:41.677, 230.75, 250.00, 95, 1410, 1215, 72, P0
2026/07/31 18:01:41.877, 229.02, 250.00, 95, 1410, 1215, 72, P0
2026/07/31 18:01:42.078, 229.56, 250.00, 95, 1410, 1215, 72, P0
2026/07/31 18:01:42.278, 239.38, 250.00, 95, 1410, 1215, 72, P0
2026/07/31 18:01:42.479, 229.87, 250.00, 95, 1410, 1215, 72, P0
2026/07/31 18:01:42.679, 240.37, 250.00, 95, 1410, 1215, 72, P0
2026/07/31 18:01:42.880, 228.68, 250.00, 95, 1410, 1215, 72, P0
2026/07/31 18:01:43.080, 231.82, 250.00, 95, 1410, 1215, 72, P0
2026/07/31 18:01:43.281, 230.24, 250.00, 95, 1410, 1215, 72, P0
2026/07/31 18:01:43.481, 229.05, 250.00, 95, 1410, 1215, 72, P0
2026/07/31 18:01:43.682, 230.67, 250.00, 94, 1410, 1215, 72, P0
2026/07/31 18:01:43.882, 229.70, 250.00, 95, 1410, 1215, 72, P0
2026/07/31 18:01:44.083, 235.49, 250.00, 95, 1410, 1215, 72, P0
2026/07/31 18:01:44.283, 229.78, 250.00, 95, 1410, 1215, 72, P0
2026/07/31 18:01:44.484, 241.39, 250.00, 96, 1410, 1215, 72, P0
2026/07/31 18:01:44.684, 229.98, 250.00, 94, 1410, 1215, 72, P0
2026/07/31 18:01:44.885, 231.09, 250.00, 95, 1410, 1215, 72, P0
2026/07/31 18:01:45.085, 232.70, 250.00, 95, 1410, 1215, 72, P0
2026/07/31 18:01:45.286, 230.46, 250.00, 95, 1410, 1215, 72, P0
2026/07/31 18:01:45.486, 234.10, 250.00, 95, 1410, 1215, 72, P0
2026/07/31 18:01:45.687, 230.15, 250.00, 94, 1410, 1215, 72, P0
2026/07/31 18:01:45.887, 241.68, 250.00, 96, 1410, 1215, 72, P0
2026/07/31 18:01:46.088, 230.62, 250.00, 93, 1410, 1215, 72, P0
2026/07/31 18:01:46.288, 229.02, 250.00, 95, 1410, 1215, 72, P0
2026/07/31 18:01:46.489, 229.65, 250.00, 94, 1410, 1215, 72, P0
2026/07/31 18:01:46.689, 229.77, 250.00, 94, 1410, 1215, 73, P0
2026/07/31 18:01:46.890, 230.62, 250.00, 94, 1410, 1215, 73, P0
2026/07/31 18:01:47.090, 230.10, 250.00, 95, 1410, 1215, 73, P0
2026/07/31 18:01:47.291, 238.34, 250.00, 95, 1410, 1215, 73, P0
2026/07/31 18:01:47.491, 230.17, 250.00, 95, 1410, 1215, 73, P0
2026/07/31 18:01:47.692, 236.27, 250.00, 94, 1410, 1215, 73, P0
2026/07/31 18:01:47.892, 231.01, 250.00, 94, 1410, 1215, 73, P0
2026/07/31 18:01:48.092, 246.96, 250.00, 95, 1410, 1215, 73, P0
2026/07/31 18:01:48.293, 230.91, 250.00, 94, 1410, 1215, 73, P0
2026/07/31 18:01:48.493, 229.06, 250.00, 95, 1410, 1215, 73, P0
2026/07/31 18:01:48.694, 231.20, 250.00, 93, 1410, 1215, 73, P0
2026/07/31 18:01:48.894, 222.65, 250.00, 95, 1410, 1215, 73, P0
2026/07/31 18:01:49.095, 231.20, 250.00, 93, 1410, 1215, 73, P0
2026/07/31 18:01:49.295, 229.61, 250.00, 95, 1410, 1215, 73, P0
2026/07/31 18:01:49.496, 237.13, 250.00, 95, 1410, 1215, 73, P0
2026/07/31 18:01:49.696, 230.50, 250.00, 95, 1410, 1215, 73, P0
2026/07/31 18:01:49.897, 240.41, 250.00, 94, 1410, 1215, 73, P0
2026/07/31 18:01:50.097, 231.59, 250.00, 95, 1410, 1215, 73, P0
2026/07/31 18:01:50.298, 234.13, 250.00, 95, 1410, 1215, 73, P0
2026/07/31 18:01:50.498, 229.19, 250.00, 95, 1410, 1215, 73, P0
2026/07/31 18:01:50.699, 231.70, 250.00, 95, 1410, 1215, 73, P0
2026/07/31 18:01:50.899, 244.40, 250.00, 94, 1410, 1215, 73, P0
2026/07/31 18:01:51.100, 231.52, 250.00, 95, 1410, 1215, 73, P0
2026/07/31 18:01:51.300, 230.24, 250.00, 95, 1410, 1215, 73, P0
2026/07/31 18:01:51.501, 229.80, 250.00, 95, 1410, 1215, 73, P0
2026/07/31 18:01:51.701, 231.76, 250.00, 95, 1410, 1215, 73, P0
2026/07/31 18:01:51.902, 237.82, 250.00, 94, 1410, 1215, 73, P0
2026/07/31 18:01:52.102, 230.94, 250.00, 94, 1410, 1215, 73, P0
2026/07/31 18:01:52.302, 241.56, 250.00, 94, 1410, 1215, 73, P0
2026/07/31 18:01:52.503, 231.99, 250.00, 96, 1410, 1215, 73, P0
2026/07/31 18:01:52.703, 235.62, 250.00, 94, 1410, 1215, 73, P0
2026/07/31 18:01:52.904, 231.63, 250.00, 94, 1410, 1215, 73, P0
2026/07/31 18:01:53.104, 249.02, 250.00, 95, 1410, 1215, 73, P0
2026/07/31 18:01:53.305, 232.01, 250.00, 95, 1410, 1215, 73, P0
2026/07/31 18:01:53.505, 231.56, 250.00, 95, 1410, 1215, 74, P0
2026/07/31 18:01:53.706, 236.26, 250.00, 95, 1410, 1215, 74, P0
2026/07/31 18:01:53.906, 232.44, 250.00, 95, 1410, 1215, 74, P0
2026/07/31 18:01:54.107, 238.87, 250.00, 95, 1410, 1215, 74, P0
2026/07/31 18:01:54.307, 232.02, 250.00, 96, 1410, 1215, 74, P0
2026/07/31 18:01:54.508, 244.86, 250.00, 95, 1410, 1215, 74, P0
2026/07/31 18:01:54.708, 232.76, 250.00, 95, 1410, 1215, 74, P0
2026/07/31 18:01:54.909, 222.69, 250.00, 95, 1410, 1215, 74, P0
2026/07/31 18:01:55.109, 231.54, 250.00, 94, 1410, 1215, 74, P0
2026/07/31 18:01:55.310, 233.33, 250.00, 95, 1410, 1215, 74, P0
2026/07/31 18:01:55.510, 239.45, 250.00, 95, 1410, 1215, 74, P0
2026/07/31 18:01:55.711, 229.84, 250.00, 95, 1410, 1215, 74, P0
2026/07/31 18:01:55.911, 244.50, 250.00, 93, 1410, 1215, 74, P0
2026/07/31 18:01:56.112, 232.97, 250.00, 95, 1410, 1215, 74, P0
2026/07/31 18:01:56.313, 247.59, 250.00, 95, 1410, 1215, 74, P0
2026/07/31 18:01:56.513, 233.24, 250.00, 95, 1410, 1215, 74, P0
2026/07/31 18:01:56.714, 232.42, 250.00, 95, 1410, 1215, 74, P0
2026/07/31 18:01:56.914, 231.96, 250.00, 94, 1410, 1215, 74, P0
2026/07/31 18:01:57.115, 233.90, 250.00, 95, 1410, 1215, 74, P0
2026/07/31 18:01:57.315, 241.92, 250.00, 95, 1410, 1215, 74, P0
2026/07/31 18:01:57.516, 232.12, 250.00, 96, 1410, 1215, 74, P0
2026/07/31 18:01:57.716, 245.15, 250.00, 94, 1410, 1215, 74, P0
2026/07/31 18:01:57.917, 230.47, 250.00, 95, 1410, 1215, 74, P0
2026/07/31 18:01:58.117, 234.48, 250.00, 94, 1410, 1215, 74, P0
2026/07/31 18:01:58.318, 233.55, 250.00, 95, 1410, 1215, 74, P0
2026/07/31 18:01:58.518, 233.19, 250.00, 95, 1410, 1215, 74, P0
2026/07/31 18:01:58.719, 240.02, 250.00, 95, 1410, 1215, 74, P0
2026/07/31 18:01:58.919, 231.95, 250.00, 95, 1410, 1215, 74, P0
2026/07/31 18:01:59.121, 239.46, 250.00, 94, 1410, 1215, 74, P0
2026/07/31 18:01:59.321, 232.40, 250.00, 95, 1410, 1215, 74, P0
2026/07/31 18:01:59.522, 250.09, 250.00, 94, 1410, 1215, 74, P0
2026/07/31 18:01:59.722, 233.73, 250.00, 95, 1410, 1215, 74, P0
2026/07/31 18:01:59.923, 233.72, 250.00, 95, 1410, 1215, 74, P0
2026/07/31 18:02:00.123, 232.59, 250.00, 94, 1410, 1215, 74, P0
2026/07/31 18:02:00.324, 232.07, 250.00, 95, 1410, 1215, 74, P0
2026/07/31 18:02:00.524, 239.71, 250.00, 95, 1410, 1215, 74, P0
2026/07/31 18:02:00.725, 233.55, 250.00, 95, 1410, 1215, 74, P0
2026/07/31 18:02:00.925, 237.56, 250.00, 95, 1410, 1215, 75, P0
2026/07/31 18:02:01.126, 232.61, 250.00, 95, 1410, 1215, 75, P0
2026/07/31 18:02:01.326, 251.43, 250.00, 95, 1410, 1215, 75, P0
2026/07/31 18:02:01.527, 233.67, 250.00, 95, 1410, 1215, 75, P0
2026/07/31 18:02:01.727, 232.31, 250.00, 95, 1410, 1215, 75, P0
2026/07/31 18:02:01.928, 232.89, 250.00, 94, 1410, 1215, 75, P0
2026/07/31 18:02:02.128, 232.53, 250.00, 95, 1410, 1215, 75, P0
2026/07/31 18:02:02.329, 239.60, 250.00, 95, 1410, 1215, 75, P0
2026/07/31 18:02:02.529, 233.29, 250.00, 96, 1410, 1215, 75, P0
2026/07/31 18:02:02.730, 240.32, 250.00, 95, 1410, 1215, 75, P0
2026/07/31 18:02:02.930, 233.56, 250.00, 95, 1410, 1215, 75, P0
2026/07/31 18:02:03.131, 249.99, 250.00, 94, 1410, 1215, 75, P0
2026/07/31 18:02:03.331, 233.94, 250.00, 95, 1410, 1215, 75, P0
2026/07/31 18:02:03.532, 232.24, 250.00, 95, 1410, 1215, 75, P0
2026/07/31 18:02:03.732, 232.81, 250.00, 95, 1410, 1215, 75, P0
2026/07/31 18:02:03.933, 232.46, 250.00, 95, 1410, 1215, 75, P0
2026/07/31 18:02:04.133, 235.94, 250.00, 94, 1410, 1215, 75, P0
2026/07/31 18:02:04.334, 234.33, 250.00, 95, 1410, 1215, 75, P0
2026/07/31 18:02:04.534, 246.05, 250.00, 94, 1410, 1215, 75, P0
2026/07/31 18:02:04.735, 233.32, 250.00, 95, 1410, 1215, 75, P0
2026/07/31 18:02:04.935, 249.04, 250.00, 94, 1410, 1215, 75, P0
2026/07/31 18:02:05.136, 233.61, 250.00, 95, 1410, 1215, 75, P0
2026/07/31 18:02:05.337, 234.92, 250.00, 95, 1410, 1215, 75, P0
2026/07/31 18:02:05.537, 233.87, 250.00, 95, 1410, 1215, 75, P0
2026/07/31 18:02:05.738, 233.85, 250.00, 95, 1410, 1215, 75, P0
2026/07/31 18:02:05.938, 241.00, 250.00, 95, 1410, 1215, 75, P0
2026/07/31 18:02:06.139, 234.15, 250.00, 95, 1410, 1215, 75, P0
2026/07/31 18:02:06.339, 240.34, 250.00, 94, 1410, 1215, 75, P0
2026/07/31 18:02:06.540, 228.90, 250.00, 96, 1410, 1215, 75, P0
2026/07/31 18:02:06.740, 248.06, 250.00, 94, 1410, 1215, 75, P0
2026/07/31 18:02:06.941, 233.32, 250.00, 95, 1410, 1215, 75, P0
2026/07/31 18:02:07.141, 242.33, 250.00, 94, 1410, 1215, 75, P0
2026/07/31 18:02:07.342, 234.78, 250.00, 95, 1410, 1215, 75, P0
2026/07/31 18:02:07.542, 234.15, 250.00, 95, 1410, 1215, 75, P0
2026/07/31 18:02:07.743, 234.19, 250.00, 95, 1410, 1215, 75, P0
2026/07/31 18:02:07.943, 235.31, 250.00, 95, 1410, 1215, 75, P0
2026/07/31 18:02:08.144, 243.92, 250.00, 94, 1410, 1215, 75, P0
2026/07/31 18:02:08.344, 234.79, 250.00, 95, 1410, 1215, 75, P0
2026/07/31 18:02:08.545, 245.82, 250.00, 95, 1410, 1215, 75, P0
2026/07/31 18:02:08.745, 235.47, 250.00, 95, 1410, 1215, 75, P0
2026/07/31 18:02:08.945, 235.59, 250.00, 95, 1410, 1215, 75, P0
2026/07/31 18:02:09.146, 235.38, 250.00, 95, 1410, 1215, 75, P0
2026/07/31 18:02:09.346, 235.28, 250.00, 95, 1410, 1215, 76, P0
2026/07/31 18:02:09.547, 242.92, 250.00, 95, 1410, 1215, 76, P0
2026/07/31 18:02:09.747, 236.04, 250.00, 95, 1410, 1215, 76, P0
2026/07/31 18:02:09.948, 242.96, 250.00, 94, 1410, 1215, 76, P0
2026/07/31 18:02:10.149, 233.91, 250.00, 95, 1410, 1215, 76, P0
2026/07/31 18:02:10.349, 232.33, 250.00, 94, 1410, 1215, 76, P0
2026/07/31 18:02:10.550, 235.38, 250.00, 95, 1410, 1215, 76, P0
2026/07/31 18:02:10.750, 232.57, 250.00, 94, 1410, 1215, 76, P0
2026/07/31 18:02:10.951, 241.23, 250.00, 94, 1410, 1215, 76, P0
2026/07/31 18:02:11.151, 233.38, 250.00, 94, 1410, 1215, 76, P0
2026/07/31 18:02:11.352, 241.03, 250.00, 95, 1410, 1215, 76, P0
2026/07/31 18:02:11.552, 232.04, 250.00, 94, 1410, 1215, 76, P0
2026/07/31 18:02:11.753, 240.47, 250.00, 95, 1410, 1215, 76, P0
2026/07/31 18:02:11.953, 235.77, 250.00, 95, 1410, 1215, 76, P0
2026/07/31 18:02:12.153, 241.23, 250.00, 95, 1410, 1215, 76, P0
2026/07/31 18:02:12.354, 235.57, 250.00, 95, 1410, 1215, 76, P0
2026/07/31 18:02:12.554, 249.31, 250.00, 94, 1410, 1215, 76, P0
2026/07/31 18:02:12.755, 233.60, 250.00, 95, 1410, 1215, 76, P0
2026/07/31 18:02:12.955, 251.93, 250.00, 94, 1410, 1215, 76, P0
2026/07/31 18:02:13.156, 234.37, 250.00, 94, 1410, 1215, 76, P0
2026/07/31 18:02:13.356, 246.07, 250.00, 95, 1410, 1215, 76, P0
2026/07/31 18:02:13.558, 235.52, 250.00, 95, 1410, 1215, 76, P0
2026/07/31 18:02:13.762, 243.28, 250.00, 94, 1410, 1215, 76, P0
2026/07/31 18:02:13.963, 233.99, 250.00, 94, 1410, 1215, 76, P0
2026/07/31 18:02:14.165, 246.95, 250.00, 94, 1410, 1215, 76, P0
2026/07/31 18:02:14.365, 235.34, 250.00, 95, 1410, 1215, 76, P0
2026/07/31 18:02:14.566, 247.04, 250.00, 94, 1410, 1215, 76, P0
2026/07/31 18:02:14.766, 235.32, 250.00, 95, 1410, 1215, 76, P0
2026/07/31 18:02:14.966, 249.78, 250.00, 95, 1410, 1215, 76, P0
2026/07/31 18:02:15.167, 234.45, 250.00, 95, 1410, 1215, 76, P0
2026/07/31 18:02:15.367, 236.85, 250.00, 94, 1410, 1215, 76, P0
2026/07/31 18:02:15.568, 233.68, 250.00, 95, 1410, 1215, 76, P0
2026/07/31 18:02:15.768, 235.77, 250.00, 94, 1410, 1215, 76, P0
2026/07/31 18:02:15.969, 235.63, 250.00, 95, 1410, 1215, 76, P0
2026/07/31 18:02:16.169, 235.98, 250.00, 94, 1410, 1215, 76, P0
2026/07/31 18:02:16.370, 235.83, 250.00, 95, 1410, 1215, 76, P0
2026/07/31 18:02:16.570, 236.38, 250.00, 95, 1410, 1215, 76, P0
2026/07/31 18:02:16.771, 234.07, 250.00, 94, 1410, 1215, 76, P0
2026/07/31 18:02:16.971, 236.36, 250.00, 94, 1410, 1215, 76, P0
2026/07/31 18:02:17.172, 239.95, 250.00, 94, 1410, 1215, 76, P0
2026/07/31 18:02:17.373, 236.00, 250.00, 95, 1410, 1215, 76, P0
2026/07/31 18:02:17.573, 261.42, 250.00, 91, 1275, 1215, 80, P0
2026/07/31 18:02:17.773, 245.96, 250.00, 98, 1410, 1215, 77, P0
2026/07/31 18:02:17.974, 238.20, 250.00, 95, 1410, 1215, 77, P0
2026/07/31 18:02:18.174, 238.97, 250.00, 95, 1410, 1215, 77, P0
2026/07/31 18:02:18.375, 241.12, 250.00, 95, 1410, 1215, 77, P0
2026/07/31 18:02:18.575, 238.16, 250.00, 95, 1410, 1215, 77, P0
2026/07/31 18:02:18.776, 242.75, 250.00, 94, 1410, 1215, 77, P0
2026/07/31 18:02:18.976, 235.65, 250.00, 95, 1410, 1215, 77, P0
2026/07/31 18:02:19.177, 250.88, 250.00, 93, 1410, 1215, 77, P0
2026/07/31 18:02:19.377, 238.58, 250.00, 95, 1410, 1215, 77, P0
2026/07/31 18:02:19.578, 248.14, 250.00, 93, 1410, 1215, 77, P0
2026/07/31 18:02:19.778, 238.21, 250.00, 95, 1410, 1215, 77, P0
2026/07/31 18:02:19.979, 237.16, 250.00, 95, 1410, 1215, 77, P0
2026/07/31 18:02:20.179, 235.68, 250.00, 94, 1410, 1215, 77, P0
2026/07/31 18:02:20.380, 236.85, 250.00, 93, 1410, 1215, 77, P0
2026/07/31 18:02:20.580, 237.14, 250.00, 94, 1410, 1215, 77, P0
2026/07/31 18:02:20.781, 239.25, 250.00, 94, 1410, 1215, 77, P0
2026/07/31 18:02:20.981, 244.54, 250.00, 95, 1410, 1215, 77, P0
2026/07/31 18:02:21.182, 238.50, 250.00, 94, 1410, 1215, 77, P0
2026/07/31 18:02:21.382, 242.61, 250.00, 94, 1410, 1215, 77, P0
2026/07/31 18:02:21.583, 234.99, 250.00, 95, 1410, 1215, 77, P0
2026/07/31 18:02:21.783, 252.99, 250.00, 94, 1410, 1215, 77, P0
2026/07/31 18:02:21.984, 238.48, 250.00, 96, 1410, 1215, 77, P0
2026/07/31 18:02:22.184, 240.90, 250.00, 93, 1410, 1215, 77, P0
2026/07/31 18:02:22.385, 238.87, 250.00, 95, 1410, 1215, 77, P0
2026/07/31 18:02:22.585, 238.82, 250.00, 95, 1410, 1215, 77, P0
2026/07/31 18:02:22.786, 244.59, 250.00, 95, 1410, 1215, 77, P0
2026/07/31 18:02:22.986, 238.20, 250.00, 94, 1410, 1215, 77, P0
2026/07/31 18:02:23.187, 251.31, 250.00, 95, 1410, 1215, 77, P0
2026/07/31 18:02:23.387, 239.16, 250.00, 94, 1410, 1215, 77, P0
2026/07/31 18:02:23.588, 240.04, 250.00, 96, 1410, 1215, 77, P0
2026/07/31 18:02:23.788, 239.08, 250.00, 95, 1410, 1215, 77, P0
2026/07/31 18:02:23.989, 240.60, 250.00, 95, 1410, 1215, 77, P0
2026/07/31 18:02:24.189, 243.32, 250.00, 95, 1410, 1215, 77, P0
2026/07/31 18:02:24.389, 239.08, 250.00, 95, 1410, 1215, 77, P0
2026/07/31 18:02:24.590, 253.84, 250.00, 96, 1410, 1215, 77, P0
2026/07/31 18:02:24.790, 239.75, 250.00, 95, 1410, 1215, 77, P0
2026/07/31 18:02:24.991, 227.65, 250.00, 95, 1410, 1215, 77, P0
2026/07/31 18:02:25.191, 239.56, 250.00, 95, 1410, 1215, 77, P0
2026/07/31 18:02:25.392, 240.52, 250.00, 94, 1410, 1215, 77, P0
2026/07/31 18:02:25.592, 244.90, 250.00, 95, 1410, 1215, 77, P0
2026/07/31 18:02:25.793, 239.17, 250.00, 95, 1410, 1215, 77, P0
2026/07/31 18:02:25.993, 255.62, 250.00, 95, 1410, 1215, 77, P0
2026/07/31 18:02:26.194, 240.20, 250.00, 94, 1410, 1215, 77, P0
2026/07/31 18:02:26.394, 239.45, 250.00, 95, 1395, 1215, 78, P0
2026/07/31 18:02:26.595, 241.08, 250.00, 94, 1410, 1215, 77, P0
2026/07/31 18:02:26.795, 239.54, 250.00, 95, 1410, 1215, 78, P0
2026/07/31 18:02:26.996, 252.38, 250.00, 94, 1410, 1215, 78, P0
2026/07/31 18:02:27.196, 238.46, 250.00, 94, 1410, 1215, 78, P0
2026/07/31 18:02:27.397, 254.70, 250.00, 95, 1410, 1215, 78, P0
2026/07/31 18:02:27.597, 240.05, 250.00, 94, 1410, 1215, 78, P0
2026/07/31 18:02:27.798, 244.27, 250.00, 96, 1410, 1215, 78, P0
2026/07/31 18:02:27.998, 246.29, 250.00, 95, 1410, 1215, 78, P0
2026/07/31 18:02:28.199, 239.69, 250.00, 95, 1410, 1215, 78, P0
2026/07/31 18:02:28.399, 247.71, 250.00, 95, 1410, 1215, 78, P0
2026/07/31 18:02:28.600, 240.05, 250.00, 94, 1410, 1215, 78, P0
2026/07/31 18:02:28.800, 240.24, 250.00, 95, 1410, 1215, 78, P0
2026/07/31 18:02:29.001, 250.97, 250.00, 94, 1410, 1215, 78, P0
2026/07/31 18:02:29.201, 239.59, 250.00, 95, 1410, 1215, 78, P0
2026/07/31 18:02:29.402, 253.36, 250.00, 95, 1395, 1215, 78, P0
2026/07/31 18:02:29.602, 237.71, 250.00, 95, 1410, 1215, 78, P0
2026/07/31 18:02:29.803, 240.71, 250.00, 95, 1410, 1215, 78, P0
2026/07/31 18:02:30.003, 240.70, 250.00, 94, 1410, 1215, 78, P0
2026/07/31 18:02:30.203, 240.48, 250.00, 95, 1410, 1215, 78, P0
2026/07/31 18:02:30.404, 251.23, 250.00, 94, 1410, 1215, 78, P0
2026/07/31 18:02:30.604, 240.79, 250.00, 95, 1410, 1215, 78, P0
2026/07/31 18:02:30.805, 253.37, 250.00, 95, 1410, 1215, 78, P0
2026/07/31 18:02:31.005, 238.73, 250.00, 95, 1410, 1215, 78, P0
2026/07/31 18:02:31.206, 250.44, 250.00, 94, 1410, 1215, 78, P0
2026/07/31 18:02:31.406, 240.43, 250.00, 94, 1410, 1215, 78, P0
2026/07/31 18:02:31.607, 240.12, 250.00, 95, 1410, 1215, 78, P0
2026/07/31 18:02:31.807, 240.08, 250.00, 94, 1410, 1215, 78, P0
2026/07/31 18:02:32.008, 235.66, 250.00, 94, 1410, 1215, 78, P0
2026/07/31 18:02:32.208, 242.97, 250.00, 93, 1410, 1215, 78, P0
2026/07/31 18:02:32.409, 240.25, 250.00, 95, 1410, 1215, 78, P0
2026/07/31 18:02:32.609, 246.84, 250.00, 94, 1410, 1215, 78, P0
2026/07/31 18:02:32.810, 240.63, 250.00, 95, 1410, 1215, 78, P0
2026/07/31 18:02:33.010, 248.11, 250.00, 95, 1410, 1215, 78, P0
2026/07/31 18:02:33.211, 234.23, 250.00, 95, 1410, 1215, 78, P0
2026/07/31 18:02:33.411, 233.93, 250.00, 96, 1410, 1215, 78, P0
2026/07/31 18:02:33.612, 248.41, 250.00, 94, 1410, 1215, 78, P0
2026/07/31 18:02:33.812, 240.79, 250.00, 96, 1410, 1215, 78, P0
2026/07/31 18:02:34.013, 251.47, 250.00, 95, 1410, 1215, 78, P0
2026/07/31 18:02:34.213, 240.16, 250.00, 95, 1410, 1215, 78, P0
2026/07/31 18:02:34.414, 258.15, 250.00, 94, 1410, 1215, 78, P0
2026/07/31 18:02:34.614, 241.29, 250.00, 95, 1410, 1215, 78, P0
2026/07/31 18:02:34.815, 237.96, 250.00, 95, 1410, 1215, 78, P0
2026/07/31 18:02:35.015, 233.43, 250.00, 93, 1410, 1215, 78, P0
2026/07/31 18:02:35.216, 232.69, 250.00, 95, 1410, 1215, 78, P0
2026/07/31 18:02:35.416, 247.49, 250.00, 94, 1410, 1215, 78, P0
2026/07/31 18:02:35.617, 241.10, 250.00, 96, 1410, 1215, 78, P0
2026/07/31 18:02:35.817, 244.43, 250.00, 95, 1410, 1215, 78, P0
2026/07/31 18:02:36.018, 238.79, 250.00, 94, 1410, 1215, 78, P0
2026/07/31 18:02:36.218, 251.22, 250.00, 93, 1410, 1215, 78, P0
2026/07/31 18:02:36.419, 238.59, 250.00, 94, 1410, 1215, 78, P0
2026/07/31 18:02:36.619, 249.01, 250.00, 93, 1410, 1215, 78, P0
2026/07/31 18:02:36.820, 237.64, 250.00, 94, 1410, 1215, 78, P0
2026/07/31 18:02:37.020, 245.58, 250.00, 93, 1410, 1215, 78, P0
2026/07/31 18:02:37.221, 240.33, 250.00, 95, 1410, 1215, 78, P0
2026/07/31 18:02:37.421, 248.73, 250.00, 93, 1410, 1215, 79, P0
2026/07/31 18:02:37.622, 241.27, 250.00, 95, 1410, 1215, 79, P0
2026/07/31 18:02:37.822, 258.17, 250.00, 95, 1410, 1215, 79, P0
2026/07/31 18:02:38.023, 241.88, 250.00, 94, 1410, 1215, 79, P0
2026/07/31 18:02:38.223, 243.82, 250.00, 94, 1410, 1215, 79, P0
2026/07/31 18:02:38.424, 241.10, 250.00, 94, 1410, 1215, 79, P0
2026/07/31 18:02:38.624, 234.11, 250.00, 95, 1410, 1215, 78, P0
2026/07/31 18:02:38.825, 249.32, 250.00, 95, 1410, 1215, 79, P0
2026/07/31 18:02:39.025, 241.12, 250.00, 96, 1410, 1215, 79, P0
2026/07/31 18:02:39.226, 247.78, 250.00, 95, 1410, 1215, 79, P0
2026/07/31 18:02:39.426, 241.69, 250.00, 95, 1410, 1215, 79, P0
2026/07/31 18:02:39.627, 251.60, 250.00, 94, 1410, 1215, 79, P0
2026/07/31 18:02:39.827, 242.44, 250.00, 95, 1410, 1215, 79, P0
2026/07/31 18:02:40.028, 241.98, 250.00, 95, 1410, 1215, 79, P0
2026/07/31 18:02:40.228, 241.71, 250.00, 94, 1410, 1215, 79, P0
2026/07/31 18:02:40.429, 240.78, 250.00, 95, 1410, 1215, 79, P0
2026/07/31 18:02:40.629, 255.29, 250.00, 95, 1410, 1215, 79, P0
2026/07/31 18:02:40.830, 240.14, 250.00, 95, 1410, 1215, 79, P0
2026/07/31 18:02:41.030, 254.62, 250.00, 94, 1410, 1215, 79, P0
2026/07/31 18:02:41.231, 238.89, 250.00, 95, 1395, 1215, 79, P0
2026/07/31 18:02:41.431, 256.93, 250.00, 95, 1410, 1215, 79, P0
2026/07/31 18:02:41.632, 242.27, 250.00, 95, 1410, 1215, 79, P0
2026/07/31 18:02:41.832, 240.32, 250.00, 95, 1410, 1215, 79, P0
2026/07/31 18:02:42.033, 241.96, 250.00, 94, 1410, 1215, 79, P0
2026/07/31 18:02:42.233, 241.49, 250.00, 95, 1410, 1215, 79, P0
2026/07/31 18:02:42.434, 253.49, 250.00, 94, 1410, 1215, 79, P0
2026/07/31 18:02:42.634, 242.92, 250.00, 96, 1410, 1215, 79, P0
2026/07/31 18:02:42.834, 254.43, 250.00, 94, 1395, 1215, 79, P0
2026/07/31 18:02:43.035, 232.46, 250.00, 95, 1395, 1215, 79, P0
2026/07/31 18:02:43.236, 247.42, 250.00, 94, 1410, 1215, 79, P0
2026/07/31 18:02:43.436, 242.66, 250.00, 94, 1410, 1215, 79, P0
2026/07/31 18:02:43.636, 234.40, 250.00, 95, 1410, 1215, 79, P0
2026/07/31 18:02:43.837, 249.81, 250.00, 95, 1410, 1215, 79, P0
2026/07/31 18:02:44.038, 241.61, 250.00, 95, 1410, 1215, 79, P0
2026/07/31 18:02:44.238, 242.52, 250.00, 95, 1410, 1215, 79, P0
2026/07/31 18:02:44.438, 242.19, 250.00, 95, 1410, 1215, 79, P0
2026/07/31 18:02:44.639, 262.36, 250.00, 95, 1410, 1215, 79, P0
2026/07/31 18:02:44.839, 242.47, 250.00, 95, 1410, 1215, 79, P0
2026/07/31 18:02:45.040, 241.82, 250.00, 95, 1410, 1215, 79, P0
2026/07/31 18:02:45.240, 241.49, 250.00, 95, 1410, 1215, 79, P0
2026/07/31 18:02:45.441, 242.25, 250.00, 95, 1410, 1215, 79, P0
2026/07/31 18:02:45.641, 252.67, 250.00, 94, 1410, 1215, 79, P0
2026/07/31 18:02:45.842, 242.27, 250.00, 96, 1410, 1215, 79, P0
2026/07/31 18:02:46.042, 259.03, 250.00, 95, 1410, 1215, 79, P0
2026/07/31 18:02:46.243, 242.05, 250.00, 95, 1410, 1215, 79, P0
2026/07/31 18:02:46.444, 249.87, 250.00, 93, 1410, 1215, 79, P0
2026/07/31 18:02:46.644, 252.52, 250.00, 95, 1410, 1215, 79, P0
2026/07/31 18:02:46.845, 241.89, 250.00, 94, 1410, 1215, 79, P0
2026/07/31 18:02:47.045, 250.44, 250.00, 94, 1395, 1215, 79, P0
2026/07/31 18:02:47.246, 244.31, 250.00, 94, 1395, 1215, 79, P0
2026/07/31 18:02:47.447, 252.89, 250.00, 94, 1410, 1215, 79, P0
2026/07/31 18:02:47.647, 241.28, 250.00, 95, 1410, 1215, 79, P0
2026/07/31 18:02:47.848, 257.61, 250.00, 94, 1410, 1215, 79, P0
2026/07/31 18:02:48.048, 237.40, 250.00, 95, 1410, 1215, 79, P0
2026/07/31 18:02:48.249, 235.10, 250.00, 94, 1410, 1215, 79, P0
2026/07/31 18:02:48.449, 232.75, 250.00, 95, 1410, 1215, 79, P0
2026/07/31 18:02:48.650, 242.25, 250.00, 94, 1410, 1215, 79, P0
2026/07/31 18:02:48.850, 243.33, 250.00, 95, 1410, 1215, 80, P0
2026/07/31 18:02:49.051, 242.09, 250.00, 94, 1410, 1215, 80, P0
2026/07/31 18:02:49.251, 240.36, 250.00, 94, 1410, 1215, 79, P0
2026/07/31 18:02:49.451, 241.84, 250.00, 93, 1410, 1215, 80, P0
2026/07/31 18:02:49.652, 251.12, 250.00, 95, 1410, 1215, 80, P0
2026/07/31 18:02:49.852, 241.71, 250.00, 95, 1410, 1215, 80, P0
2026/07/31 18:02:50.053, 255.21, 250.00, 94, 1395, 1215, 80, P0
2026/07/31 18:02:50.254, 245.95, 250.00, 94, 1395, 1215, 80, P0
2026/07/31 18:02:50.454, 255.02, 250.00, 94, 1395, 1215, 79, P0
2026/07/31 18:02:50.655, 237.90, 250.00, 95, 1410, 1215, 79, P0
2026/07/31 18:02:50.855, 246.47, 250.00, 95, 1410, 1215, 80, P0
2026/07/31 18:02:51.055, 242.55, 250.00, 95, 1410, 1215, 80, P0
2026/07/31 18:02:51.256, 234.60, 250.00, 94, 1410, 1215, 80, P0
2026/07/31 18:02:51.456, 239.55, 250.00, 95, 1410, 1215, 80, P0
2026/07/31 18:02:51.657, 244.08, 250.00, 94, 1410, 1215, 80, P0
2026/07/31 18:02:51.857, 246.25, 250.00, 95, 1410, 1215, 80, P0
2026/07/31 18:02:52.058, 243.61, 250.00, 95, 1410, 1215, 80, P0
2026/07/31 18:02:52.258, 248.88, 250.00, 94, 1395, 1215, 80, P0
2026/07/31 18:02:52.459, 243.24, 250.00, 95, 1395, 1215, 80, P0
2026/07/31 18:02:52.659, 251.47, 250.00, 94, 1410, 1215, 80, P0
2026/07/31 18:02:52.860, 237.49, 250.00, 95, 1395, 1215, 80, P0
2026/07/31 18:02:53.060, 258.38, 250.00, 94, 1410, 1215, 80, P0
2026/07/31 18:02:53.261, 234.43, 250.00, 95, 1410, 1215, 80, P0
2026/07/31 18:02:53.461, 243.72, 250.00, 95, 1410, 1215, 80, P0
2026/07/31 18:02:53.662, 243.73, 250.00, 95, 1410, 1215, 80, P0
2026/07/31 18:02:53.862, 244.55, 250.00, 95, 1410, 1215, 80, P0
2026/07/31 18:02:54.063, 252.78, 250.00, 95, 1410, 1215, 80, P0
2026/07/31 18:02:54.265, 238.67, 250.00, 95, 1410, 1215, 80, P0
2026/07/31 18:02:54.466, 252.10, 250.00, 95, 1395, 1215, 80, P0
2026/07/31 18:02:54.667, 234.62, 250.00, 96, 1410, 1215, 80, P0
2026/07/31 18:02:54.871, 256.45, 250.00, 95, 1410, 1215, 80, P0
2026/07/31 18:02:55.072, 234.41, 250.00, 95, 1410, 1215, 80, P0
2026/07/31 18:02:55.274, 245.44, 250.00, 95, 1410, 1215, 80, P0
2026/07/31 18:02:55.474, 240.43, 250.00, 95, 1410, 1215, 80, P0
2026/07/31 18:02:55.675, 245.58, 250.00, 94, 1410, 1215, 80, P0
2026/07/31 18:02:55.875, 250.95, 250.00, 95, 1410, 1215, 80, P0
2026/07/31 18:02:56.076, 243.66, 250.00, 94, 1395, 1215, 80, P0
2026/07/31 18:02:56.277, 251.26, 250.00, 95, 1395, 1215, 80, P0
2026/07/31 18:02:56.477, 238.69, 250.00, 95, 1395, 1215, 80, P0
2026/07/31 18:02:56.678, 262.38, 250.00, 95, 1410, 1215, 80, P0
2026/07/31 18:02:56.878, 244.50, 250.00, 95, 1410, 1215, 80, P0
2026/07/31 18:02:57.079, 246.63, 250.00, 95, 1410, 1215, 80, P0
2026/07/31 18:02:57.279, 248.92, 250.00, 95, 1410, 1215, 80, P0
2026/07/31 18:02:57.480, 241.31, 250.00, 95, 1410, 1215, 80, P0
2026/07/31 18:02:57.680, 255.27, 250.00, 95, 1395, 1215, 80, P0
2026/07/31 18:02:57.881, 237.30, 250.00, 95, 1395, 1215, 80, P0
2026/07/31 18:02:58.081, 261.49, 250.00, 95, 1410, 1215, 80, P0
2026/07/31 18:02:58.281, 235.60, 250.00, 95, 1395, 1215, 80, P0
2026/07/31 18:02:58.482, 246.12, 250.00, 95, 1410, 1215, 80, P0
2026/07/31 18:02:58.682, 242.82, 250.00, 95, 1410, 1215, 80, P0
2026/07/31 18:02:58.883, 241.16, 250.00, 95, 1410, 1215, 80, P0
2026/07/31 18:02:59.084, 243.06, 250.00, 93, 1410, 1215, 80, P0
2026/07/31 18:02:59.284, 244.40, 250.00, 95, 1410, 1215, 80, P0
2026/07/31 18:02:59.485, 250.87, 250.00, 95, 1410, 1215, 80, P0
2026/07/31 18:02:59.685, 244.56, 250.00, 95, 1410, 1215, 80, P0
2026/07/31 18:02:59.886, 249.64, 250.00, 95, 1410, 1215, 80, P0
2026/07/31 18:03:00.086, 238.40, 250.00, 95, 1395, 1215, 80, P0
2026/07/31 18:03:00.287, 248.55, 250.00, 94, 1395, 1215, 80, P0
2026/07/31 18:03:00.487, 235.21, 250.00, 95, 1395, 1215, 80, P0
2026/07/31 18:03:00.688, 244.97, 250.00, 95, 1410, 1215, 80, P0
2026/07/31 18:03:00.889, 245.05, 250.00, 95, 1410, 1215, 80, P0
2026/07/31 18:03:01.089, 240.41, 250.00, 95, 1410, 1215, 80, P0
2026/07/31 18:03:01.290, 243.34, 250.00, 94, 1410, 1215, 80, P0
2026/07/31 18:03:01.490, 244.60, 250.00, 95, 1410, 1215, 80, P0
2026/07/31 18:03:01.691, 246.66, 250.00, 95, 1410, 1215, 80, P0
2026/07/31 18:03:01.891, 233.82, 250.00, 95, 1410, 1215, 80, P0
2026/07/31 18:03:02.092, 239.96, 250.00, 94, 1410, 1215, 80, P0
2026/07/31 18:03:02.292, 239.57, 250.00, 95, 1395, 1215, 80, P0
2026/07/31 18:03:02.493, 246.05, 250.00, 94, 1395, 1215, 80, P0
2026/07/31 18:03:02.693, 244.66, 250.00, 95, 1395, 1215, 80, P0
2026/07/31 18:03:02.894, 243.46, 250.00, 94, 1410, 1215, 80, P0
2026/07/31 18:03:03.094, 245.02, 250.00, 95, 1395, 1215, 80, P0
2026/07/31 18:03:03.295, 232.49, 250.00, 95, 1410, 1215, 80, P0
2026/07/31 18:03:03.495, 242.36, 250.00, 95, 1410, 1215, 80, P0
2026/07/31 18:03:03.696, 241.86, 250.00, 95, 1410, 1215, 80, P0
2026/07/31 18:03:03.896, 256.29, 250.00, 94, 1410, 1215, 81, P0
2026/07/31 18:03:04.097, 235.81, 250.00, 95, 1410, 1215, 80, P0
2026/07/31 18:03:04.297, 257.23, 250.00, 93, 1410, 1215, 81, P0
2026/07/31 18:03:04.498, 244.99, 250.00, 95, 1410, 1215, 81, P0
2026/07/31 18:03:04.698, 236.74, 250.00, 95, 1410, 1215, 81, P0
2026/07/31 18:03:04.899, 239.13, 250.00, 95, 1410, 1215, 81, P0
2026/07/31 18:03:05.099, 236.60, 250.00, 93, 1410, 1215, 80, P0
2026/07/31 18:03:05.300, 245.73, 250.00, 95, 1410, 1215, 81, P0
2026/07/31 18:03:05.501, 245.01, 250.00, 94, 1410, 1215, 81, P0
2026/07/31 18:03:05.701, 241.20, 250.00, 95, 1395, 1215, 80, P0
2026/07/31 18:03:05.901, 242.80, 250.00, 94, 1410, 1215, 81, P0
2026/07/31 18:03:06.102, 244.98, 250.00, 95, 1395, 1215, 81, P0
2026/07/31 18:03:06.302, 244.77, 250.00, 94, 1395, 1215, 81, P0
2026/07/31 18:03:06.503, 252.03, 250.00, 95, 1395, 1215, 81, P0
2026/07/31 18:03:06.703, 237.79, 250.00, 95, 1395, 1215, 80, P0
2026/07/31 18:03:06.904, 243.93, 250.00, 95, 1410, 1215, 81, P0
2026/07/31 18:03:07.104, 235.36, 250.00, 94, 1410, 1215, 81, P0
2026/07/31 18:03:07.305, 242.56, 250.00, 94, 1395, 1215, 80, P0
2026/07/31 18:03:07.505, 236.87, 250.00, 94, 1410, 1215, 81, P0
2026/07/31 18:03:07.706, 250.09, 250.00, 95, 1410, 1215, 81, P0
2026/07/31 18:03:07.906, 244.80, 250.00, 95, 1410, 1215, 81, P0
2026/07/31 18:03:08.107, 250.02, 250.00, 94, 1410, 1215, 81, P0
2026/07/31 18:03:08.307, 240.30, 250.00, 95, 1410, 1215, 81, P0
2026/07/31 18:03:08.508, 245.41, 250.00, 95, 1410, 1215, 81, P0
2026/07/31 18:03:08.708, 244.96, 250.00, 95, 1410, 1215, 81, P0
2026/07/31 18:03:08.909, 245.82, 250.00, 95, 1410, 1215, 81, P0
2026/07/31 18:03:09.109, 252.40, 250.00, 95, 1395, 1215, 81, P0
2026/07/31 18:03:09.310, 78.53, 250.00, 85, 1410, 1215, 78, P0
2026/07/31 18:03:09.510, 76.09, 250.00, 0, 1410, 1215, 76, P0
2026/07/31 18:03:09.710, 76.48, 250.00, 0, 1410, 1215, 75, P0
2026/07/31 18:03:09.911, 74.40, 250.00, 0, 1410, 1215, 74, P0
2026/07/31 18:03:10.111, 74.02, 250.00, 0, 1410, 1215, 74, P0
2026/07/31 18:03:10.312, 74.43, 250.00, 0, 1410, 1215, 73, P0
2026/07/31 18:03:10.512, 72.29, 250.00, 0, 1410, 1215, 73, P0
2026/07/31 18:03:10.712, 72.29, 250.00, 0, 1410, 1215, 73, P0
2026/07/31 18:03:10.913, 71.94, 250.00, 0, 1410, 1215, 73, P0
2026/07/31 18:03:11.113, 51.36, 250.00, 0, 1140, 1215, 72, P0
2026/07/31 18:03:11.313, 50.79, 250.00, 0, 1140, 1215, 71, P0
2026/07/31 18:03:11.514, 50.89, 250.00, 0, 1140, 1215, 71, P0
2026/07/31 18:03:11.714, 50.49, 250.00, 0, 1140, 1215, 71, P0
2026/07/31 18:03:11.914, 50.29, 250.00, 0, 1140, 1215, 71, P0
2026/07/31 18:03:12.115, 50.26, 250.00, 0, 1140, 1215, 70, P0
2026/07/31 18:03:12.315, 50.10, 250.00, 0, 1140, 1215, 70, P0
2026/07/31 18:03:12.515, 50.00, 250.00, 0, 1140, 1215, 70, P0
2026/07/31 18:03:12.716, 49.81, 250.00, 0, 1140, 1215, 70, P0
2026/07/31 18:03:12.916, 49.71, 250.00, 0, 1140, 1215, 70, P0
2026/07/31 18:03:13.117, 49.61, 250.00, 0, 1140, 1215, 69, P0
2026/07/31 18:03:13.317, 49.50, 250.00, 0, 1140, 1215, 69, P0
2026/07/31 18:03:13.517, 49.42, 250.00, 0, 1140, 1215, 69, P0
2026/07/31 18:03:13.718, 49.42, 250.00, 0, 1140, 1215, 69, P0
2026/07/31 18:03:13.918, 49.29, 250.00, 0, 1140, 1215, 69, P0
2026/07/31 18:03:14.118, 49.08, 250.00, 0, 1140, 1215, 69, P0
2026/07/31 18:03:14.319, 49.02, 250.00, 0, 1140, 1215, 69, P0
2026/07/31 18:03:14.519, 49.50, 250.00, 0, 1140, 1215, 68, P0
2026/07/31 18:03:14.720, 49.79, 250.00, 0, 1140, 1215, 68, P0
2026/07/31 18:03:14.920, 49.71, 250.00, 0, 1140, 1215, 68, P0
2026/07/31 18:03:15.120, 49.61, 250.00, 0, 1140, 1215, 68, P0
2026/07/31 18:03:15.321, 49.52, 250.00, 0, 1140, 1215, 68, P0
2026/07/31 18:03:15.521, 49.52, 250.00, 0, 1140, 1215, 68, P0
2026/07/31 18:03:15.721, 49.32, 250.00, 0, 1140, 1215, 68, P0
2026/07/31 18:03:15.922, 49.32, 250.00, 0, 1140, 1215, 68, P0
2026/07/31 18:03:16.122, 49.12, 250.00, 0, 1140, 1215, 68, P0
2026/07/31 18:03:16.323, 49.12, 250.00, 0, 1140, 1215, 67, P0
2026/07/31 18:03:16.523, 49.12, 250.00, 0, 1140, 1215, 67, P0
2026/07/31 18:03:16.723, 48.91, 250.00, 0, 1140, 1215, 67, P0
2026/07/31 18:03:16.924, 48.79, 250.00, 0, 1140, 1215, 67, P0
2026/07/31 18:03:17.124, 48.70, 250.00, 0, 1140, 1215, 67, P0
2026/07/31 18:03:17.324, 48.68, 250.00, 0, 1140, 1215, 67, P0
2026/07/31 18:03:17.525, 48.62, 250.00, 0, 1140, 1215, 67, P0
2026/07/31 18:03:17.725, 48.52, 250.00, 0, 1140, 1215, 67, P0
2026/07/31 18:03:17.925, 48.52, 250.00, 0, 1140, 1215, 67, P0
2026/07/31 18:03:18.126, 48.32, 250.00, 0, 1140, 1215, 67, P0
2026/07/31 18:03:18.326, 48.29, 250.00, 0, 1140, 1215, 66, P0
2026/07/31 18:03:18.527, 48.34, 250.00, 0, 1140, 1215, 66, P0
2026/07/31 18:03:18.727, 48.24, 250.00, 0, 1140, 1215, 66, P0
2026/07/31 18:03:18.927, 48.10, 250.00, 0, 1140, 1215, 66, P0
2026/07/31 18:03:19.128, 48.13, 250.00, 0, 1140, 1215, 66, P0
2026/07/31 18:03:19.328, 47.99, 250.00, 0, 1140, 1215, 66, P0
2026/07/31 18:03:19.528, 48.03, 250.00, 0, 1140, 1215, 66, P0
2026/07/31 18:03:19.729, 47.94, 250.00, 0, 1140, 1215, 66, P0
2026/07/31 18:03:19.929, 47.81, 250.00, 0, 1140, 1215, 66, P0
2026/07/31 18:03:20.130, 47.83, 250.00, 0, 1140, 1215, 66, P0
2026/07/31 18:03:20.330, 47.74, 250.00, 0, 1140, 1215, 66, P0
2026/07/31 18:03:20.531, 47.74, 250.00, 0, 1140, 1215, 65, P0
2026/07/31 18:03:20.731, 47.63, 250.00, 0, 1140, 1215, 65, P0
2026/07/31 18:03:20.931, 47.53, 250.00, 0, 1140, 1215, 65, P0
2026/07/31 18:03:21.132, 47.46, 250.00, 0, 1140, 1215, 65, P0
2026/07/31 18:03:21.332, 47.46, 250.00, 0, 1140, 1215, 65, P0
2026/07/31 18:03:21.532, 47.45, 250.00, 0, 1140, 1215, 65, P0
2026/07/31 18:03:21.733, 47.35, 250.00, 0, 1140, 1215, 65, P0
2026/07/31 18:03:21.933, 47.34, 250.00, 0, 1140, 1215, 65, P0
2026/07/31 18:03:22.133, 47.24, 250.00, 0, 1140, 1215, 65, P0
2026/07/31 18:03:22.334, 47.14, 250.00, 0, 1140, 1215, 65, P0
2026/07/31 18:03:22.534, 47.16, 250.00, 0, 1140, 1215, 65, P0
2026/07/31 18:03:22.735, 47.08, 250.00, 0, 1140, 1215, 65, P0
2026/07/31 18:03:22.935, 46.95, 250.00, 0, 1140, 1215, 64, P0
2026/07/31 18:03:23.136, 47.04, 250.00, 0, 1140, 1215, 64, P0
2026/07/31 18:03:23.336, 46.97, 250.00, 0, 1140, 1215, 64, P0
2026/07/31 18:03:23.536, 46.87, 250.00, 0, 1140, 1215, 64, P0
2026/07/31 18:03:23.737, 46.98, 250.00, 0, 1140, 1215, 64, P0
2026/07/31 18:03:23.937, 46.88, 250.00, 0, 1140, 1215, 64, P0
2026/07/31 18:03:24.137, 46.78, 250.00, 0, 1140, 1215, 64, P0
2026/07/31 18:03:24.338, 46.76, 250.00, 0, 1140, 1215, 64, P0
2026/07/31 18:03:24.538, 46.65, 250.00, 0, 1140, 1215, 64, P0
2026/07/31 18:03:24.738, 46.55, 250.00, 0, 1140, 1215, 64, P0
2026/07/31 18:03:24.939, 46.55, 250.00, 0, 1140, 1215, 64, P0
2026/07/31 18:03:25.139, 46.44, 250.00, 0, 1140, 1215, 64, P0
2026/07/31 18:03:25.340, 46.52, 250.00, 0, 1140, 1215, 63, P0
2026/07/31 18:03:25.540, 46.54, 250.00, 0, 1140, 1215, 63, P0
2026/07/31 18:03:25.740, 46.36, 250.00, 0, 1140, 1215, 63, P0
2026/07/31 18:03:25.941, 46.34, 250.00, 0, 1140, 1215, 63, P0
2026/07/31 18:03:26.141, 46.25, 250.00, 0, 1140, 1215, 63, P0
2026/07/31 18:03:26.342, 46.26, 250.00, 0, 1140, 1215, 63, P0
2026/07/31 18:03:26.542, 46.24, 250.00, 0, 1140, 1215, 63, P0
2026/07/31 18:03:26.742, 46.08, 250.00, 0, 1140, 1215, 63, P0
2026/07/31 18:03:26.943, 46.15, 250.00, 0, 1140, 1215, 63, P0
2026/07/31 18:03:27.143, 45.98, 250.00, 0, 1140, 1215, 63, P0
2026/07/31 18:03:27.343, 45.98, 250.00, 0, 1140, 1215, 63, P0
2026/07/31 18:03:27.544, 45.95, 250.00, 0, 1140, 1215, 63, P0
2026/07/31 18:03:27.744, 45.79, 250.00, 0, 1140, 1215, 63, P0
2026/07/31 18:03:27.944, 45.88, 250.00, 0, 1140, 1215, 63, P0
2026/07/31 18:03:28.145, 45.74, 250.00, 0, 1140, 1215, 62, P0
2026/07/31 18:03:28.345, 45.76, 250.00, 0, 1140, 1215, 62, P0
2026/07/31 18:03:28.546, 45.86, 250.00, 0, 1140, 1215, 62, P0
2026/07/31 18:03:28.746, 45.69, 250.00, 0, 1140, 1215, 62, P0
2026/07/31 18:03:28.946, 45.66, 250.00, 0, 1140, 1215, 62, P0
2026/07/31 18:03:29.147, 45.59, 250.00, 0, 1140, 1215, 62, P0
2026/07/31 18:03:29.347, 45.58, 250.00, 0, 1140, 1215, 62, P0
2026/07/31 18:03:29.548, 45.50, 250.00, 0, 1140, 1215, 62, P0
2026/07/31 18:03:29.748, 45.50, 250.00, 0, 1140, 1215, 62, P0
2026/07/31 18:03:29.948, 45.50, 250.00, 0, 1140, 1215, 62, P0
2026/07/31 18:03:30.149, 45.40, 250.00, 0, 1140, 1215, 62, P0
2026/07/31 18:03:30.349, 45.40, 250.00, 0, 1140, 1215, 62, P0
2026/07/31 18:03:30.550, 45.29, 250.00, 0, 1140, 1215, 62, P0
2026/07/31 18:03:30.750, 45.30, 250.00, 0, 1140, 1215, 62, P0
2026/07/31 18:03:30.950, 45.30, 250.00, 0, 1140, 1215, 61, P0
2026/07/31 18:03:31.151, 45.20, 250.00, 0, 1140, 1215, 61, P0
2026/07/31 18:03:31.351, 45.20, 250.00, 0, 1140, 1215, 61, P0
2026/07/31 18:03:31.551, 45.10, 250.00, 0, 1140, 1215, 61, P0
2026/07/31 18:03:31.752, 45.08, 250.00, 0, 1140, 1215, 61, P0
2026/07/31 18:03:31.952, 45.09, 250.00, 0, 1140, 1215, 61, P0
2026/07/31 18:03:32.153, 45.10, 250.00, 0, 1140, 1215, 61, P0
2026/07/31 18:03:32.353, 44.92, 250.00, 0, 1140, 1215, 61, P0
2026/07/31 18:03:32.554, 44.91, 250.00, 5, 1140, 1215, 61, P0
2026/07/31 18:03:32.754, 44.90, 250.00, 0, 1140, 1215, 61, P0
2026/07/31 18:03:32.954, 44.80, 250.00, 0, 1140, 1215, 61, P0
2026/07/31 18:03:33.155, 44.80, 250.00, 0, 1140, 1215, 61, P0
2026/07/31 18:03:33.355, 184.85, 250.00, 0, 1140, 1215, 63, P0
2026/07/31 18:03:33.555, 192.19, 250.00, 45, 1290, 1215, 67, P0
2026/07/31 18:03:33.756, 220.23, 250.00, 97, 1410, 1215, 66, P0
2026/07/31 18:03:33.956, 232.07, 250.00, 95, 1410, 1215, 67, P0
2026/07/31 18:03:34.157, 224.64, 250.00, 95, 1410, 1215, 67, P0
2026/07/31 18:03:34.358, 235.27, 250.00, 94, 1410, 1215, 68, P0
2026/07/31 18:03:34.558, 225.87, 250.00, 95, 1410, 1215, 68, P0
2026/07/31 18:03:34.759, 240.09, 250.00, 95, 1410, 1215, 68, P0
2026/07/31 18:03:34.959, 225.12, 250.00, 95, 1410, 1215, 68, P0
2026/07/31 18:03:35.160, 225.05, 250.00, 94, 1410, 1215, 69, P0
2026/07/31 18:03:35.360, 241.24, 250.00, 94, 1410, 1215, 69, P0
2026/07/31 18:03:35.561, 225.04, 250.00, 94, 1410, 1215, 69, P0
2026/07/31 18:03:35.761, 228.30, 250.00, 95, 1410, 1215, 69, P0
2026/07/31 18:03:35.962, 226.64, 250.00, 95, 1410, 1215, 69, P0
2026/07/31 18:03:36.162, 227.91, 250.00, 95, 1410, 1215, 69, P0
2026/07/31 18:03:36.363, 232.99, 250.00, 95, 1410, 1215, 69, P0
2026/07/31 18:03:36.563, 226.29, 250.00, 94, 1410, 1215, 70, P0
2026/07/31 18:03:36.764, 232.44, 250.00, 95, 1410, 1215, 70, P0
2026/07/31 18:03:36.964, 226.86, 250.00, 94, 1410, 1215, 70, P0
2026/07/31 18:03:37.165, 236.83, 250.00, 95, 1410, 1215, 70, P0
2026/07/31 18:03:37.365, 223.44, 250.00, 94, 1410, 1215, 70, P0
2026/07/31 18:03:37.566, 228.19, 250.00, 93, 1410, 1215, 70, P0
2026/07/31 18:03:37.766, 227.35, 250.00, 95, 1410, 1215, 70, P0
2026/07/31 18:03:37.967, 224.68, 250.00, 94, 1410, 1215, 70, P0
2026/07/31 18:03:38.167, 228.04, 250.00, 94, 1410, 1215, 70, P0
2026/07/31 18:03:38.368, 226.18, 250.00, 94, 1410, 1215, 70, P0
2026/07/31 18:03:38.568, 238.36, 250.00, 95, 1410, 1215, 70, P0
2026/07/31 18:03:38.769, 228.13, 250.00, 95, 1410, 1215, 70, P0
2026/07/31 18:03:38.969, 245.29, 250.00, 95, 1410, 1215, 71, P0
2026/07/31 18:03:39.170, 227.95, 250.00, 94, 1410, 1215, 71, P0
2026/07/31 18:03:39.370, 227.31, 250.00, 95, 1410, 1215, 71, P0
2026/07/31 18:03:39.571, 229.18, 250.00, 96, 1410, 1215, 71, P0
2026/07/31 18:03:39.771, 228.87, 250.00, 95, 1410, 1215, 71, P0
2026/07/31 18:03:39.971, 234.18, 250.00, 95, 1410, 1215, 71, P0
2026/07/31 18:03:40.172, 227.87, 250.00, 94, 1410, 1215, 71, P0
2026/07/31 18:03:40.372, 239.52, 250.00, 94, 1410, 1215, 71, P0
2026/07/31 18:03:40.575, 228.87, 250.00, 94, 1410, 1215, 71, P0
2026/07/31 18:03:40.778, 234.13, 250.00, 95, 1410, 1215, 71, P0
2026/07/31 18:03:40.979, 226.98, 250.00, 95, 1410, 1215, 71, P0
2026/07/31 18:03:41.180, 237.21, 250.00, 93, 1410, 1215, 71, P0
2026/07/31 18:03:41.381, 228.05, 250.00, 95, 1410, 1215, 71, P0
2026/07/31 18:03:41.581, 239.34, 250.00, 94, 1410, 1215, 71, P0
2026/07/31 18:03:41.782, 229.26, 250.00, 95, 1410, 1215, 71, P0
2026/07/31 18:03:41.982, 229.65, 250.00, 94, 1410, 1215, 71, P0
2026/07/31 18:03:42.183, 235.18, 250.00, 95, 1410, 1215, 71, P0
2026/07/31 18:03:42.383, 229.68, 250.00, 95, 1410, 1215, 71, P0
2026/07/31 18:03:42.584, 236.96, 250.00, 95, 1410, 1215, 72, P0
2026/07/31 18:03:42.784, 229.29, 250.00, 95, 1410, 1215, 71, P0
2026/07/31 18:03:42.985, 237.87, 250.00, 94, 1410, 1215, 72, P0
2026/07/31 18:03:43.185, 228.66, 250.00, 95, 1410, 1215, 72, P0
2026/07/31 18:03:43.386, 228.68, 250.00, 94, 1410, 1215, 72, P0
2026/07/31 18:03:43.586, 229.02, 250.00, 94, 1410, 1215, 72, P0
2026/07/31 18:03:43.787, 229.09, 250.00, 94, 1410, 1215, 72, P0
2026/07/31 18:03:43.987, 235.27, 250.00, 95, 1410, 1215, 72, P0
2026/07/31 18:03:44.188, 229.39, 250.00, 93, 1410, 1215, 72, P0
2026/07/31 18:03:44.389, 237.39, 250.00, 95, 1410, 1215, 72, P0
2026/07/31 18:03:44.589, 229.57, 250.00, 95, 1410, 1215, 72, P0
2026/07/31 18:03:44.789, 246.50, 250.00, 94, 1410, 1215, 72, P0
2026/07/31 18:03:44.990, 227.80, 250.00, 95, 1410, 1215, 72, P0
2026/07/31 18:03:45.190, 230.15, 250.00, 94, 1410, 1215, 72, P0
2026/07/31 18:03:45.391, 230.60, 250.00, 95, 1410, 1215, 72, P0
2026/07/31 18:03:45.591, 229.97, 250.00, 95, 1410, 1215, 72, P0
2026/07/31 18:03:45.823, 236.63, 250.00, 95, 1410, 1215, 72, P0
2026/07/31 18:03:46.024, 230.29, 250.00, 95, 1410, 1215, 72, P0
2026/07/31 18:03:46.224, 246.88, 250.00, 94, 1410, 1215, 72, P0
2026/07/31 18:03:46.425, 230.05, 250.00, 95, 1410, 1215, 72, P0
2026/07/31 18:03:46.625, 230.19, 250.00, 93, 1410, 1215, 72, P0
2026/07/31 18:03:46.826, 230.43, 250.00, 95, 1410, 1215, 72, P0
2026/07/31 18:03:47.026, 229.68, 250.00, 94, 1410, 1215, 72, P0
2026/07/31 18:03:47.227, 230.28, 250.00, 95, 1410, 1215, 72, P0
2026/07/31 18:03:47.427, 230.45, 250.00, 94, 1410, 1215, 72, P0
2026/07/31 18:03:47.628, 241.54, 250.00, 95, 1410, 1215, 73, P0
2026/07/31 18:03:47.828, 230.36, 250.00, 95, 1410, 1215, 73, P0
2026/07/31 18:03:48.029, 247.24, 250.00, 95, 1410, 1215, 73, P0
2026/07/31 18:03:48.229, 230.55, 250.00, 96, 1410, 1215, 73, P0
2026/07/31 18:03:48.430, 226.79, 250.00, 94, 1410, 1215, 73, P0
2026/07/31 18:03:48.630, 230.76, 250.00, 95, 1410, 1215, 73, P0
2026/07/31 18:03:48.831, 231.69, 250.00, 94, 1410, 1215, 73, P0
2026/07/31 18:03:49.031, 236.58, 250.00, 95, 1410, 1215, 73, P0
2026/07/31 18:03:49.232, 230.39, 250.00, 95, 1410, 1215, 73, P0
2026/07/31 18:03:49.432, 238.97, 250.00, 94, 1410, 1215, 73, P0
2026/07/31 18:03:49.633, 230.96, 250.00, 95, 1410, 1215, 73, P0
2026/07/31 18:03:49.833, 230.56, 250.00, 95, 1410, 1215, 73, P0
2026/07/31 18:03:50.034, 230.57, 250.00, 95, 1410, 1215, 73, P0
2026/07/31 18:03:50.234, 225.40, 250.00, 93, 1410, 1215, 73, P0
2026/07/31 18:03:50.435, 231.23, 250.00, 95, 1410, 1215, 73, P0
2026/07/31 18:03:50.635, 232.93, 250.00, 95, 1410, 1215, 73, P0
2026/07/31 18:03:50.835, 241.01, 250.00, 95, 1410, 1215, 73, P0
2026/07/31 18:03:51.036, 231.74, 250.00, 95, 1410, 1215, 73, P0
2026/07/31 18:03:51.237, 243.92, 250.00, 95, 1410, 1215, 73, P0
2026/07/31 18:03:51.437, 231.71, 250.00, 95, 1410, 1215, 73, P0
2026/07/31 18:03:51.637, 231.00, 250.00, 95, 1410, 1215, 73, P0
2026/07/31 18:03:51.838, 232.07, 250.00, 96, 1410, 1215, 73, P0
2026/07/31 18:03:52.038, 233.04, 250.00, 95, 1410, 1215, 73, P0
2026/07/31 18:03:52.239, 242.32, 250.00, 95, 1410, 1215, 73, P0
2026/07/31 18:03:52.439, 231.21, 250.00, 95, 1410, 1215, 73, P0
2026/07/31 18:03:52.640, 240.52, 250.00, 94, 1410, 1215, 74, P0
2026/07/31 18:03:52.840, 231.82, 250.00, 95, 1410, 1215, 74, P0
2026/07/31 18:03:53.041, 245.43, 250.00, 95, 1410, 1215, 73, P0
2026/07/31 18:03:53.241, 231.66, 250.00, 94, 1410, 1215, 73, P0
2026/07/31 18:03:53.442, 233.31, 250.00, 94, 1410, 1215, 74, P0
2026/07/31 18:03:53.643, 241.50, 250.00, 95, 1410, 1215, 74, P0
2026/07/31 18:03:53.843, 232.46, 250.00, 94, 1410, 1215, 74, P0
2026/07/31 18:03:54.043, 237.98, 250.00, 95, 1410, 1215, 74, P0
2026/07/31 18:03:54.244, 232.73, 250.00, 95, 1410, 1215, 74, P0
2026/07/31 18:03:54.444, 232.39, 250.00, 95, 1410, 1215, 74, P0
2026/07/31 18:03:54.645, 243.21, 250.00, 96, 1410, 1215, 74, P0
2026/07/31 18:03:54.845, 232.01, 250.00, 95, 1410, 1215, 74, P0
2026/07/31 18:03:55.046, 246.13, 250.00, 95, 1410, 1215, 74, P0
2026/07/31 18:03:55.246, 232.25, 250.00, 95, 1410, 1215, 74, P0
2026/07/31 18:03:55.447, 231.08, 250.00, 95, 1410, 1215, 74, P0
2026/07/31 18:03:55.647, 232.67, 250.00, 93, 1410, 1215, 74, P0
2026/07/31 18:03:55.848, 233.91, 250.00, 95, 1410, 1215, 74, P0
2026/07/31 18:03:56.048, 239.44, 250.00, 96, 1410, 1215, 74, P0
2026/07/31 18:03:56.249, 230.02, 250.00, 93, 1410, 1215, 74, P0
2026/07/31 18:03:56.449, 237.94, 250.00, 95, 1410, 1215, 74, P0
2026/07/31 18:03:56.650, 232.85, 250.00, 94, 1410, 1215, 74, P0
2026/07/31 18:03:56.850, 244.38, 250.00, 96, 1410, 1215, 74, P0
2026/07/31 18:03:57.051, 232.60, 250.00, 95, 1410, 1215, 74, P0
2026/07/31 18:03:57.251, 233.58, 250.00, 95, 1410, 1215, 74, P0
2026/07/31 18:03:57.452, 233.25, 250.00, 95, 1410, 1215, 74, P0
2026/07/31 18:03:57.652, 233.35, 250.00, 94, 1410, 1215, 74, P0
2026/07/31 18:03:57.853, 240.71, 250.00, 96, 1410, 1215, 74, P0
2026/07/31 18:03:58.053, 233.55, 250.00, 95, 1410, 1215, 74, P0
2026/07/31 18:03:58.254, 234.32, 250.00, 96, 1410, 1215, 74, P0
2026/07/31 18:03:58.454, 231.78, 250.00, 94, 1410, 1215, 74, P0
2026/07/31 18:03:58.655, 245.28, 250.00, 95, 1410, 1215, 74, P0
2026/07/31 18:03:58.855, 233.89, 250.00, 94, 1410, 1215, 74, P0
2026/07/31 18:03:59.056, 227.20, 250.00, 95, 1410, 1215, 74, P0
2026/07/31 18:03:59.256, 233.09, 250.00, 94, 1410, 1215, 74, P0
2026/07/31 18:03:59.457, 233.70, 250.00, 94, 1410, 1215, 75, P0
2026/07/31 18:03:59.657, 234.55, 250.00, 95, 1410, 1215, 75, P0
2026/07/31 18:03:59.858, 233.34, 250.00, 94, 1410, 1215, 75, P0
2026/07/31 18:04:00.058, 242.68, 250.00, 95, 1410, 1215, 75, P0
2026/07/31 18:04:00.259, 233.27, 250.00, 94, 1410, 1215, 75, P0
2026/07/31 18:04:00.459, 242.34, 250.00, 95, 1410, 1215, 75, P0
2026/07/31 18:04:00.660, 233.56, 250.00, 94, 1410, 1215, 75, P0
2026/07/31 18:04:00.860, 239.05, 250.00, 95, 1410, 1215, 75, P0
2026/07/31 18:04:01.061, 232.67, 250.00, 95, 1410, 1215, 75, P0
2026/07/31 18:04:01.262, 230.54, 250.00, 95, 1410, 1215, 75, P0
2026/07/31 18:04:01.462, 232.23, 250.00, 95, 1410, 1215, 75, P0
2026/07/31 18:04:01.662, 203.20, 250.00, 94, 1410, 1215, 74, P0
2026/07/31 18:04:01.863, 210.78, 250.00, 80, 1410, 1215, 74, P0
2026/07/31 18:04:02.063, 187.12, 250.00, 76, 1410, 1215, 74, P0
2026/07/31 18:04:02.264, 231.19, 250.00, 85, 1410, 1215, 74, P0
2026/07/31 18:04:02.464, 241.30, 250.00, 95, 1410, 1215, 75, P0
2026/07/31 18:04:02.665, 232.80, 250.00, 94, 1410, 1215, 75, P0
2026/07/31 18:04:02.865, 241.76, 250.00, 95, 1410, 1215, 75, P0
2026/07/31 18:04:03.066, 233.85, 250.00, 95, 1410, 1215, 75, P0
2026/07/31 18:04:03.266, 247.28, 250.00, 95, 1410, 1215, 75, P0
2026/07/31 18:04:03.466, 233.85, 250.00, 95, 1410, 1215, 75, P0
2026/07/31 18:04:03.667, 230.89, 250.00, 95, 1410, 1215, 75, P0
2026/07/31 18:04:03.867, 234.42, 250.00, 94, 1410, 1215, 75, P0
2026/07/31 18:04:04.068, 234.04, 250.00, 94, 1410, 1215, 75, P0
2026/07/31 18:04:04.269, 238.15, 250.00, 95, 1410, 1215, 75, P0
2026/07/31 18:04:04.469, 230.93, 250.00, 94, 1410, 1215, 75, P0
2026/07/31 18:04:04.670, 241.59, 250.00, 94, 1410, 1215, 75, P0
2026/07/31 18:04:04.870, 235.08, 250.00, 94, 1410, 1215, 75, P0
2026/07/31 18:04:05.070, 244.01, 250.00, 95, 1410, 1215, 75, P0
2026/07/31 18:04:05.271, 232.39, 250.00, 94, 1410, 1215, 75, P0
2026/07/31 18:04:05.471, 241.67, 250.00, 95, 1410, 1215, 75, P0
2026/07/31 18:04:05.672, 235.19, 250.00, 95, 1410, 1215, 75, P0
2026/07/31 18:04:05.872, 251.83, 250.00, 95, 1410, 1215, 75, P0
2026/07/31 18:04:06.073, 235.37, 250.00, 94, 1410, 1215, 75, P0
2026/07/31 18:04:06.273, 235.59, 250.00, 95, 1410, 1215, 75, P0
2026/07/31 18:04:06.474, 234.90, 250.00, 95, 1410, 1215, 76, P0
2026/07/31 18:04:06.674, 235.09, 250.00, 95, 1410, 1215, 75, P0
2026/07/31 18:04:06.874, 242.83, 250.00, 95, 1410, 1215, 76, P0
2026/07/31 18:04:07.075, 234.43, 250.00, 94, 1410, 1215, 76, P0
2026/07/31 18:04:07.275, 235.29, 250.00, 95, 1410, 1215, 76, P0
2026/07/31 18:04:07.476, 232.36, 250.00, 93, 1410, 1215, 76, P0
2026/07/31 18:04:07.676, 244.97, 250.00, 95, 1410, 1215, 76, P0
2026/07/31 18:04:07.879, 234.05, 250.00, 94, 1410, 1215, 76, P0
2026/07/31 18:04:08.082, 234.76, 250.00, 94, 1410, 1215, 76, P0
2026/07/31 18:04:08.284, 233.85, 250.00, 95, 1410, 1215, 76, P0
2026/07/31 18:04:08.485, 239.25, 250.00, 95, 1410, 1215, 76, P0
2026/07/31 18:04:08.686, 235.89, 250.00, 95, 1410, 1215, 76, P0
2026/07/31 18:04:08.886, 246.03, 250.00, 95, 1410, 1215, 76, P0
2026/07/31 18:04:09.086, 235.86, 250.00, 94, 1410, 1215, 76, P0
2026/07/31 18:04:09.287, 247.12, 250.00, 95, 1410, 1215, 76, P0
2026/07/31 18:04:09.487, 235.39, 250.00, 95, 1410, 1215, 76, P0
2026/07/31 18:04:09.688, 242.04, 250.00, 94, 1410, 1215, 76, P0
2026/07/31 18:04:09.888, 236.05, 250.00, 96, 1410, 1215, 76, P0
2026/07/31 18:04:10.089, 236.24, 250.00, 94, 1410, 1215, 76, P0
2026/07/31 18:04:10.289, 235.34, 250.00, 96, 1410, 1215, 76, P0
2026/07/31 18:04:10.490, 235.32, 250.00, 94, 1410, 1215, 76, P0
2026/07/31 18:04:10.690, 236.27, 250.00, 95, 1410, 1215, 76, P0
2026/07/31 18:04:10.891, 235.99, 250.00, 94, 1410, 1215, 76, P0
2026/07/31 18:04:11.091, 235.32, 250.00, 95, 1410, 1215, 76, P0
2026/07/31 18:04:11.292, 234.39, 250.00, 93, 1410, 1215, 76, P0
2026/07/31 18:04:11.492, 242.48, 250.00, 95, 1410, 1215, 76, P0
2026/07/31 18:04:11.693, 235.49, 250.00, 95, 1410, 1215, 76, P0
2026/07/31 18:04:11.893, 247.75, 250.00, 95, 1410, 1215, 76, P0
2026/07/31 18:04:12.094, 236.44, 250.00, 94, 1410, 1215, 76, P0
2026/07/31 18:04:12.294, 248.83, 250.00, 95, 1410, 1215, 76, P0
2026/07/31 18:04:12.495, 236.64, 250.00, 95, 1410, 1215, 76, P0
2026/07/31 18:04:12.695, 235.88, 250.00, 95, 1410, 1215, 76, P0
2026/07/31 18:04:12.895, 246.58, 250.00, 96, 1410, 1215, 76, P0
2026/07/31 18:04:13.096, 235.98, 250.00, 94, 1410, 1215, 76, P0
2026/07/31 18:04:13.297, 245.16, 250.00, 95, 1410, 1215, 76, P0
2026/07/31 18:04:13.497, 235.89, 250.00, 94, 1410, 1215, 76, P0
2026/07/31 18:04:13.697, 251.54, 250.00, 95, 1410, 1215, 76, P0
2026/07/31 18:04:13.898, 235.60, 250.00, 95, 1410, 1215, 76, P0
2026/07/31 18:04:14.098, 236.02, 250.00, 95, 1410, 1215, 76, P0
2026/07/31 18:04:14.299, 235.91, 250.00, 94, 1410, 1215, 76, P0
2026/07/31 18:04:14.500, 236.74, 250.00, 95, 1410, 1215, 77, P0
2026/07/31 18:04:14.700, 236.67, 250.00, 95, 1410, 1215, 77, P0
2026/07/31 18:04:14.900, 236.55, 250.00, 95, 1410, 1215, 77, P0
2026/07/31 18:04:15.101, 243.35, 250.00, 95, 1410, 1215, 77, P0
2026/07/31 18:04:15.301, 236.83, 250.00, 95, 1410, 1215, 77, P0
2026/07/31 18:04:15.502, 249.88, 250.00, 96, 1410, 1215, 77, P0
2026/07/31 18:04:15.703, 236.36, 250.00, 95, 1410, 1215, 77, P0
2026/07/31 18:04:15.903, 248.72, 250.00, 95, 1410, 1215, 77, P0
2026/07/31 18:04:16.104, 236.46, 250.00, 95, 1410, 1215, 77, P0
2026/07/31 18:04:16.304, 251.94, 250.00, 95, 1410, 1215, 77, P0
2026/07/31 18:04:16.505, 236.17, 250.00, 94, 1410, 1215, 77, P0
2026/07/31 18:04:16.705, 237.30, 250.00, 95, 1410, 1215, 77, P0
2026/07/31 18:04:16.906, 236.82, 250.00, 94, 1410, 1215, 77, P0
2026/07/31 18:04:17.106, 245.75, 250.00, 95, 1410, 1215, 77, P0
2026/07/31 18:04:17.307, 236.17, 250.00, 93, 1410, 1215, 77, P0
2026/07/31 18:04:17.507, 254.63, 250.00, 95, 1410, 1215, 77, P0
2026/07/31 18:04:17.708, 237.49, 250.00, 95, 1410, 1215, 77, P0
2026/07/31 18:04:17.908, 237.11, 250.00, 95, 1410, 1215, 77, P0
2026/07/31 18:04:18.109, 237.18, 250.00, 95, 1410, 1215, 77, P0
2026/07/31 18:04:18.309, 238.08, 250.00, 95, 1410, 1215, 77, P0
2026/07/31 18:04:18.510, 243.91, 250.00, 95, 1410, 1215, 77, P0
2026/07/31 18:04:18.710, 237.70, 250.00, 95, 1410, 1215, 77, P0
2026/07/31 18:04:18.911, 250.72, 250.00, 96, 1410, 1215, 77, P0
2026/07/31 18:04:19.111, 236.70, 250.00, 95, 1410, 1215, 77, P0
2026/07/31 18:04:19.312, 243.99, 250.00, 95, 1410, 1215, 77, P0
2026/07/31 18:04:19.512, 237.10, 250.00, 94, 1410, 1215, 77, P0
2026/07/31 18:04:19.713, 246.93, 250.00, 95, 1410, 1215, 77, P0
2026/07/31 18:04:19.913, 237.52, 250.00, 95, 1410, 1215, 77, P0
2026/07/31 18:04:20.113, 249.81, 250.00, 95, 1410, 1215, 77, P0
2026/07/31 18:04:20.314, 236.39, 250.00, 93, 1410, 1215, 77, P0
2026/07/31 18:04:20.515, 248.95, 250.00, 95, 1410, 1215, 77, P0
2026/07/31 18:04:20.715, 237.11, 250.00, 94, 1410, 1215, 77, P0
2026/07/31 18:04:20.915, 242.11, 250.00, 95, 1410, 1215, 77, P0
2026/07/31 18:04:21.116, 236.10, 250.00, 91, 1410, 1215, 77, P0
2026/07/31 18:04:21.316, 244.24, 250.00, 95, 1410, 1215, 77, P0
2026/07/31 18:04:21.517, 236.47, 250.00, 94, 1410, 1215, 77, P0
2026/07/31 18:04:21.717, 245.33, 250.00, 95, 1410, 1215, 77, P0
2026/07/31 18:04:21.918, 237.62, 250.00, 94, 1410, 1215, 77, P0
2026/07/31 18:04:22.118, 250.08, 250.00, 95, 1410, 1215, 77, P0
2026/07/31 18:04:22.319, 237.07, 250.00, 94, 1410, 1215, 77, P0
2026/07/31 18:04:22.519, 243.16, 250.00, 95, 1410, 1215, 77, P0
2026/07/31 18:04:22.720, 236.94, 250.00, 94, 1410, 1215, 77, P0
2026/07/31 18:04:22.920, 245.25, 250.00, 95, 1410, 1215, 77, P0
2026/07/31 18:04:23.121, 232.32, 250.00, 94, 1410, 1215, 77, P0
2026/07/31 18:04:23.321, 237.38, 250.00, 94, 1410, 1215, 77, P0
2026/07/31 18:04:23.522, 237.25, 250.00, 95, 1410, 1215, 78, P0
2026/07/31 18:04:23.722, 242.20, 250.00, 95, 1410, 1215, 78, P0
2026/07/31 18:04:23.923, 234.59, 250.00, 95, 1410, 1215, 78, P0
2026/07/31 18:04:24.123, 244.88, 250.00, 95, 1410, 1215, 78, P0
2026/07/31 18:04:24.324, 237.90, 250.00, 94, 1410, 1215, 78, P0
2026/07/31 18:04:24.524, 246.03, 250.00, 95, 1410, 1215, 78, P0
2026/07/31 18:04:24.725, 238.29, 250.00, 95, 1410, 1215, 78, P0
2026/07/31 18:04:24.925, 249.17, 250.00, 95, 1410, 1215, 78, P0
2026/07/31 18:04:25.126, 237.46, 250.00, 95, 1410, 1215, 78, P0
2026/07/31 18:04:25.326, 242.00, 250.00, 95, 1410, 1215, 78, P0
2026/07/31 18:04:25.527, 238.02, 250.00, 94, 1410, 1215, 78, P0
2026/07/31 18:04:25.727, 244.48, 250.00, 96, 1410, 1215, 78, P0
2026/07/31 18:04:25.928, 237.31, 250.00, 95, 1410, 1215, 78, P0
2026/07/31 18:04:26.128, 245.88, 250.00, 95, 1410, 1215, 78, P0
2026/07/31 18:04:26.329, 236.25, 250.00, 94, 1410, 1215, 78, P0
2026/07/31 18:04:26.529, 244.23, 250.00, 94, 1410, 1215, 78, P0
2026/07/31 18:04:26.730, 238.30, 250.00, 94, 1410, 1215, 78, P0
2026/07/31 18:04:26.930, 250.08, 250.00, 96, 1410, 1215, 78, P0
2026/07/31 18:04:27.131, 237.94, 250.00, 95, 1410, 1215, 78, P0
2026/07/31 18:04:27.331, 257.10, 250.00, 96, 1410, 1215, 78, P0
2026/07/31 18:04:27.532, 238.88, 250.00, 95, 1410, 1215, 78, P0
2026/07/31 18:04:27.732, 239.52, 250.00, 95, 1410, 1215, 78, P0
2026/07/31 18:04:27.933, 238.77, 250.00, 94, 1410, 1215, 78, P0
2026/07/31 18:04:28.133, 236.81, 250.00, 95, 1410, 1215, 78, P0
2026/07/31 18:04:28.334, 238.61, 250.00, 95, 1410, 1215, 78, P0
2026/07/31 18:04:28.534, 237.81, 250.00, 94, 1410, 1215, 78, P0
2026/07/31 18:04:28.735, 238.51, 250.00, 95, 1410, 1215, 78, P0
2026/07/31 18:04:28.935, 229.67, 250.00, 95, 1410, 1215, 78, P0
2026/07/31 18:04:29.136, 237.49, 250.00, 93, 1410, 1215, 78, P0
2026/07/31 18:04:29.336, 253.73, 250.00, 95, 1410, 1215, 78, P0
2026/07/31 18:04:29.537, 238.01, 250.00, 94, 1410, 1215, 78, P0
2026/07/31 18:04:29.737, 251.60, 250.00, 95, 1410, 1215, 78, P0
2026/07/31 18:04:29.938, 238.22, 250.00, 94, 1410, 1215, 78, P0
2026/07/31 18:04:30.138, 245.74, 250.00, 95, 1410, 1215, 78, P0
2026/07/31 18:04:30.339, 238.78, 250.00, 94, 1410, 1215, 78, P0
2026/07/31 18:04:30.539, 238.90, 250.00, 95, 1410, 1215, 78, P0
2026/07/31 18:04:30.740, 238.41, 250.00, 94, 1410, 1215, 78, P0
2026/07/31 18:04:30.940, 238.39, 250.00, 95, 1410, 1215, 78, P0
2026/07/31 18:04:31.141, 239.55, 250.00, 94, 1410, 1215, 78, P0
2026/07/31 18:04:31.341, 238.61, 250.00, 95, 1410, 1215, 78, P0
2026/07/31 18:04:31.542, 239.55, 250.00, 94, 1410, 1215, 78, P0
2026/07/31 18:04:31.742, 239.18, 250.00, 95, 1410, 1215, 78, P0
2026/07/31 18:04:31.943, 246.81, 250.00, 95, 1410, 1215, 78, P0
2026/07/31 18:04:32.143, 238.79, 250.00, 95, 1410, 1215, 78, P0
2026/07/31 18:04:32.344, 252.39, 250.00, 94, 1410, 1215, 78, P0
2026/07/31 18:04:32.544, 238.42, 250.00, 95, 1410, 1215, 78, P0
2026/07/31 18:04:32.745, 250.48, 250.00, 94, 1410, 1215, 78, P0
2026/07/31 18:04:32.945, 239.65, 250.00, 95, 1410, 1215, 79, P0
2026/07/31 18:04:33.146, 246.44, 250.00, 95, 1410, 1215, 79, P0
2026/07/31 18:04:33.346, 239.67, 250.00, 95, 1410, 1215, 79, P0
2026/07/31 18:04:33.547, 251.14, 250.00, 95, 1410, 1215, 79, P0
2026/07/31 18:04:33.747, 240.02, 250.00, 95, 1410, 1215, 79, P0
2026/07/31 18:04:33.948, 251.71, 250.00, 95, 1410, 1215, 79, P0
2026/07/31 18:04:34.148, 239.47, 250.00, 95, 1410, 1215, 79, P0
2026/07/31 18:04:34.349, 256.15, 250.00, 95, 1410, 1215, 79, P0
2026/07/31 18:04:34.549, 239.59, 250.00, 95, 1410, 1215, 79, P0
2026/07/31 18:04:34.750, 244.76, 250.00, 95, 1410, 1215, 79, P0
2026/07/31 18:04:34.950, 239.84, 250.00, 94, 1410, 1215, 79, P0
2026/07/31 18:04:35.151, 250.00, 250.00, 95, 1410, 1215, 79, P0
2026/07/31 18:04:35.351, 239.10, 250.00, 95, 1410, 1215, 79, P0
2026/07/31 18:04:35.552, 253.53, 250.00, 95, 1410, 1215, 79, P0
2026/07/31 18:04:35.752, 243.04, 250.00, 95, 1395, 1215, 79, P0
2026/07/31 18:04:35.952, 242.81, 250.00, 95, 1410, 1215, 79, P0
2026/07/31 18:04:36.153, 235.91, 250.00, 95, 1410, 1215, 79, P0
2026/07/31 18:04:36.353, 240.37, 250.00, 95, 1410, 1215, 79, P0
2026/07/31 18:04:36.554, 243.14, 250.00, 95, 1410, 1215, 79, P0
2026/07/31 18:04:36.754, 243.98, 250.00, 95, 1410, 1215, 79, P0
2026/07/31 18:04:36.955, 235.61, 250.00, 95, 1410, 1215, 79, P0
2026/07/31 18:04:37.155, 240.42, 250.00, 96, 1410, 1215, 79, P0
2026/07/31 18:04:37.355, 242.46, 250.00, 94, 1410, 1215, 79, P0
2026/07/31 18:04:37.556, 239.60, 250.00, 94, 1395, 1215, 79, P0
2026/07/31 18:04:37.756, 236.16, 250.00, 94, 1410, 1215, 79, P0
2026/07/31 18:04:37.957, 239.38, 250.00, 96, 1410, 1215, 79, P0
2026/07/31 18:04:38.157, 241.91, 250.00, 94, 1410, 1215, 79, P0
2026/07/31 18:04:38.358, 241.24, 250.00, 95, 1410, 1215, 79, P0
2026/07/31 18:04:38.559, 243.25, 250.00, 94, 1410, 1215, 79, P0
2026/07/31 18:04:38.759, 240.99, 250.00, 95, 1410, 1215, 79, P0
2026/07/31 18:04:38.960, 243.54, 250.00, 94, 1395, 1215, 79, P0
2026/07/31 18:04:39.160, 243.11, 250.00, 95, 1410, 1215, 79, P0
2026/07/31 18:04:39.360, 242.96, 250.00, 95, 1410, 1215, 79, P0
2026/07/31 18:04:39.561, 244.07, 250.00, 96, 1395, 1215, 79, P0
2026/07/31 18:04:39.761, 243.08, 250.00, 94, 1410, 1215, 79, P0
2026/07/31 18:04:39.962, 243.40, 250.00, 95, 1395, 1215, 79, P0
2026/07/31 18:04:40.162, 236.93, 250.00, 95, 1395, 1215, 79, P0
2026/07/31 18:04:40.363, 243.33, 250.00, 96, 1410, 1215, 79, P0
2026/07/31 18:04:40.563, 244.07, 250.00, 94, 1410, 1215, 79, P0
2026/07/31 18:04:40.763, 234.33, 250.00, 96, 1410, 1215, 79, P0
2026/07/31 18:04:40.964, 241.71, 250.00, 94, 1410, 1215, 79, P0
2026/07/31 18:04:41.164, 239.91, 250.00, 94, 1410, 1215, 79, P0
2026/07/31 18:04:41.365, 237.24, 250.00, 95, 1395, 1215, 79, P0
2026/07/31 18:04:41.565, 234.80, 250.00, 96, 1395, 1215, 79, P0
2026/07/31 18:04:41.766, 243.79, 250.00, 95, 1410, 1215, 79, P0
2026/07/31 18:04:41.966, 235.35, 250.00, 95, 1395, 1215, 79, P0
2026/07/31 18:04:42.167, 243.74, 250.00, 95, 1410, 1215, 79, P0
2026/07/31 18:04:42.367, 233.96, 250.00, 95, 1395, 1215, 79, P0
2026/07/31 18:04:42.568, 244.09, 250.00, 95, 1410, 1215, 79, P0
2026/07/31 18:04:42.768, 244.29, 250.00, 96, 1410, 1215, 80, P0
2026/07/31 18:04:42.969, 237.63, 250.00, 94, 1410, 1215, 79, P0
2026/07/31 18:04:43.169, 244.20, 250.00, 96, 1410, 1215, 80, P0
2026/07/31 18:04:43.369, 242.29, 250.00, 95, 1410, 1215, 79, P0
2026/07/31 18:04:43.570, 243.88, 250.00, 95, 1410, 1215, 80, P0
2026/07/31 18:04:43.770, 241.79, 250.00, 95, 1410, 1215, 79, P0
2026/07/31 18:04:43.971, 243.43, 250.00, 95, 1410, 1215, 80, P0
2026/07/31 18:04:44.171, 241.35, 250.00, 93, 1410, 1215, 80, P0
2026/07/31 18:04:44.372, 242.56, 250.00, 95, 1410, 1215, 80, P0
2026/07/31 18:04:44.572, 236.85, 250.00, 94, 1395, 1215, 80, P0
2026/07/31 18:04:44.773, 239.51, 250.00, 95, 1395, 1215, 80, P0
2026/07/31 18:04:44.974, 237.33, 250.00, 95, 1395, 1215, 80, P0
2026/07/31 18:04:45.174, 243.32, 250.00, 95, 1410, 1215, 80, P0
2026/07/31 18:04:45.374, 237.88, 250.00, 96, 1395, 1215, 80, P0
2026/07/31 18:04:45.575, 233.81, 250.00, 95, 1395, 1215, 80, P0
2026/07/31 18:04:45.775, 245.04, 250.00, 96, 1410, 1215, 80, P0
2026/07/31 18:04:45.976, 244.85, 250.00, 94, 1410, 1215, 80, P0
2026/07/31 18:04:46.176, 237.15, 250.00, 95, 1395, 1215, 80, P0
2026/07/31 18:04:46.377, 240.09, 250.00, 94, 1410, 1215, 80, P0
2026/07/31 18:04:46.577, 237.05, 250.00, 96, 1395, 1215, 80, P0
2026/07/31 18:04:46.778, 235.29, 250.00, 94, 1410, 1215, 80, P0
2026/07/31 18:04:46.978, 235.39, 250.00, 96, 1395, 1215, 80, P0
2026/07/31 18:04:47.179, 255.20, 250.00, 94, 1410, 1215, 80, P0
2026/07/31 18:04:47.379, 241.24, 250.00, 93, 1410, 1215, 80, P0
2026/07/31 18:04:47.580, 239.49, 250.00, 93, 1410, 1215, 80, P0
2026/07/31 18:04:47.780, 243.21, 250.00, 93, 1410, 1215, 80, P0
2026/07/31 18:04:47.981, 255.10, 250.00, 94, 1410, 1215, 80, P0
2026/07/31 18:04:48.181, 242.08, 250.00, 93, 1410, 1215, 80, P0
2026/07/31 18:04:48.382, 252.02, 250.00, 94, 1410, 1215, 80, P0
2026/07/31 18:04:48.582, 240.04, 250.00, 94, 1410, 1215, 80, P0
2026/07/31 18:04:48.783, 243.91, 250.00, 93, 1410, 1215, 80, P0
2026/07/31 18:04:48.985, 241.81, 250.00, 94, 1410, 1215, 80, P0
2026/07/31 18:04:49.188, 241.05, 250.00, 93, 1410, 1215, 80, P0
2026/07/31 18:04:49.389, 243.91, 250.00, 94, 1410, 1215, 80, P0
2026/07/31 18:04:49.590, 238.88, 250.00, 93, 1410, 1215, 80, P0
2026/07/31 18:04:49.791, 243.98, 250.00, 94, 1410, 1215, 80, P0
2026/07/31 18:04:49.991, 256.75, 250.00, 94, 1395, 1215, 80, P0
2026/07/31 18:04:50.192, 236.66, 250.00, 93, 1410, 1215, 80, P0
2026/07/31 18:04:50.392, 235.98, 250.00, 93, 1410, 1215, 80, P0
2026/07/31 18:04:50.593, 239.49, 250.00, 93, 1410, 1215, 80, P0
2026/07/31 18:04:50.793, 243.41, 250.00, 94, 1395, 1215, 80, P0
2026/07/31 18:04:50.994, 256.43, 250.00, 94, 1410, 1215, 80, P0
2026/07/31 18:04:51.194, 242.73, 250.00, 93, 1395, 1215, 80, P0
2026/07/31 18:04:51.395, 255.46, 250.00, 94, 1410, 1215, 80, P0
2026/07/31 18:04:51.595, 232.95, 250.00, 93, 1410, 1215, 80, P0
2026/07/31 18:04:51.796, 237.92, 250.00, 94, 1410, 1215, 80, P0
2026/07/31 18:04:51.996, 237.05, 250.00, 93, 1410, 1215, 80, P0
2026/07/31 18:04:52.197, 243.42, 250.00, 94, 1395, 1215, 80, P0
2026/07/31 18:04:52.397, 254.90, 250.00, 93, 1410, 1215, 80, P0
2026/07/31 18:04:52.598, 242.17, 250.00, 94, 1395, 1215, 80, P0
2026/07/31 18:04:52.798, 247.59, 250.00, 94, 1410, 1215, 80, P0
2026/07/31 18:04:52.999, 231.37, 250.00, 93, 1410, 1215, 80, P0
2026/07/31 18:04:53.199, 240.55, 250.00, 94, 1410, 1215, 80, P0
2026/07/31 18:04:53.400, 249.31, 250.00, 91, 1410, 1215, 80, P0
2026/07/31 18:04:53.600, 241.11, 250.00, 93, 1410, 1215, 80, P0
2026/07/31 18:04:53.801, 246.88, 250.00, 94, 1410, 1215, 80, P0
2026/07/31 18:04:54.001, 240.44, 250.00, 93, 1410, 1215, 80, P0
2026/07/31 18:04:54.202, 238.18, 250.00, 94, 1395, 1215, 80, P0
2026/07/31 18:04:54.402, 265.26, 250.00, 94, 1410, 1215, 80, P0
2026/07/31 18:04:54.603, 226.87, 250.00, 93, 1260, 1215, 83, P0
2026/07/31 18:04:54.803, 245.12, 250.00, 88, 1260, 1215, 83, P0
2026/07/31 18:04:55.015, 215.39, 250.00, 99, 1410, 1215, 80, P0
2026/07/31 18:04:55.219, 242.44, 250.00, 93, 1410, 1215, 81, P0
2026/07/31 18:04:55.419, 249.20, 250.00, 94, 1410, 1215, 80, P0
2026/07/31 18:04:55.620, 241.40, 250.00, 93, 1410, 1215, 80, P0
2026/07/31 18:04:55.820, 248.63, 250.00, 93, 1410, 1215, 80, P0
2026/07/31 18:04:56.021, 242.56, 250.00, 93, 1410, 1215, 80, P0
2026/07/31 18:04:56.221, 247.71, 250.00, 94, 1410, 1215, 80, P0
2026/07/31 18:04:56.422, 240.35, 250.00, 91, 1410, 1215, 80, P0
2026/07/31 18:04:56.622, 248.93, 250.00, 94, 1410, 1215, 81, P0
2026/07/31 18:04:56.823, 239.27, 250.00, 93, 1410, 1215, 80, P0
2026/07/31 18:04:57.023, 251.00, 250.00, 94, 1410, 1215, 81, P0
2026/07/31 18:04:57.224, 238.62, 250.00, 93, 1410, 1215, 80, P0
2026/07/31 18:04:57.424, 251.89, 250.00, 94, 1395, 1215, 81, P0
2026/07/31 18:04:57.625, 241.01, 250.00, 93, 1410, 1215, 81, P0
2026/07/31 18:04:57.825, 252.78, 250.00, 94, 1410, 1215, 80, P0
2026/07/31 18:04:58.026, 240.95, 250.00, 93, 1410, 1215, 80, P0
2026/07/31 18:04:58.226, 248.45, 250.00, 94, 1410, 1215, 81, P0
2026/07/31 18:04:58.427, 242.34, 250.00, 93, 1410, 1215, 81, P0
2026/07/31 18:04:58.627, 248.06, 250.00, 94, 1410, 1215, 81, P0
2026/07/31 18:04:58.828, 237.80, 250.00, 93, 1410, 1215, 80, P0
2026/07/31 18:04:59.028, 257.12, 250.00, 94, 1395, 1215, 81, P0
2026/07/31 18:04:59.229, 240.69, 250.00, 94, 1410, 1215, 80, P0
2026/07/31 18:04:59.429, 250.87, 250.00, 93, 1410, 1215, 81, P0
2026/07/31 18:04:59.630, 241.78, 250.00, 92, 1410, 1215, 81, P0
2026/07/31 18:04:59.830, 249.31, 250.00, 94, 1410, 1215, 81, P0
2026/07/31 18:05:00.031, 242.53, 250.00, 93, 1410, 1215, 81, P0
2026/07/31 18:05:00.231, 255.65, 250.00, 94, 1410, 1215, 81, P0
2026/07/31 18:05:00.432, 241.72, 250.00, 93, 1410, 1215, 81, P0
2026/07/31 18:05:00.633, 254.90, 250.00, 94, 1395, 1215, 81, P0
2026/07/31 18:05:00.833, 242.91, 250.00, 93, 1410, 1215, 81, P0
2026/07/31 18:05:01.034, 255.41, 250.00, 94, 1410, 1215, 81, P0
2026/07/31 18:05:01.234, 242.72, 250.00, 93, 1410, 1215, 81, P0
2026/07/31 18:05:01.434, 256.04, 250.00, 94, 1410, 1215, 81, P0
2026/07/31 18:05:01.635, 236.87, 250.00, 93, 1395, 1215, 81, P0
2026/07/31 18:05:01.835, 263.16, 250.00, 94, 1410, 1215, 81, P0
2026/07/31 18:05:02.036, 250.21, 250.00, 93, 1410, 1215, 81, P0
2026/07/31 18:05:02.236, 236.26, 250.00, 95, 1410, 1215, 81, P0
2026/07/31 18:05:02.437, 250.90, 250.00, 93, 1395, 1215, 81, P0
2026/07/31 18:05:02.637, 241.99, 250.00, 94, 1395, 1215, 81, P0
2026/07/31 18:05:02.838, 250.35, 250.00, 95, 1410, 1215, 81, P0
2026/07/31 18:05:03.039, 243.25, 250.00, 94, 1395, 1215, 81, P0
2026/07/31 18:05:03.239, 261.90, 250.00, 94, 1410, 1215, 81, P0
2026/07/31 18:05:03.439, 244.73, 250.00, 95, 1410, 1215, 81, P0
2026/07/31 18:05:03.640, 235.39, 250.00, 95, 1410, 1215, 81, P0
2026/07/31 18:05:03.840, 241.51, 250.00, 95, 1410, 1215, 81, P0
2026/07/31 18:05:04.041, 243.52, 250.00, 95, 1410, 1215, 81, P0
2026/07/31 18:05:04.241, 254.89, 250.00, 94, 1410, 1215, 81, P0
2026/07/31 18:05:04.442, 245.01, 250.00, 95, 1410, 1215, 81, P0
2026/07/31 18:05:04.642, 255.56, 250.00, 95, 1410, 1215, 81, P0
2026/07/31 18:05:04.843, 236.06, 250.00, 95, 1410, 1215, 81, P0
2026/07/31 18:05:05.043, 235.52, 250.00, 96, 1410, 1215, 81, P0
2026/07/31 18:05:05.244, 246.29, 250.00, 95, 1410, 1215, 81, P0
2026/07/31 18:05:05.444, 243.15, 250.00, 94, 1395, 1215, 81, P0
2026/07/31 18:05:05.645, 250.20, 250.00, 94, 1395, 1215, 81, P0
2026/07/31 18:05:05.845, 245.81, 250.00, 95, 1395, 1215, 81, P0
2026/07/31 18:05:06.046, 261.23, 250.00, 95, 1410, 1215, 81, P0
2026/07/31 18:05:06.246, 233.16, 250.00, 95, 1410, 1215, 81, P0
2026/07/31 18:05:06.447, 236.92, 250.00, 96, 1410, 1215, 81, P0
2026/07/31 18:05:06.647, 238.31, 250.00, 94, 1410, 1215, 81, P0
2026/07/31 18:05:06.848, 244.20, 250.00, 95, 1410, 1215, 81, P0
2026/07/31 18:05:07.048, 248.25, 250.00, 95, 1395, 1215, 81, P0
2026/07/31 18:05:07.249, 239.76, 250.00, 95, 1395, 1215, 81, P0
2026/07/31 18:05:07.449, 259.38, 250.00, 95, 1410, 1215, 81, P0
2026/07/31 18:05:07.650, 241.51, 250.00, 95, 1410, 1215, 81, P0
2026/07/31 18:05:07.850, 244.82, 250.00, 95, 1410, 1215, 81, P0
2026/07/31 18:05:08.051, 251.33, 250.00, 94, 1395, 1215, 81, P0
2026/07/31 18:05:08.251, 242.06, 250.00, 95, 1410, 1215, 81, P0
2026/07/31 18:05:08.452, 250.49, 250.00, 93, 1395, 1215, 81, P0
2026/07/31 18:05:08.652, 244.10, 250.00, 94, 1395, 1215, 81, P0
2026/07/31 18:05:08.853, 251.72, 250.00, 94, 1395, 1215, 81, P0
2026/07/31 18:05:09.053, 245.73, 250.00, 95, 1410, 1215, 81, P0
2026/07/31 18:05:09.254, 256.77, 250.00, 95, 1410, 1215, 81, P0
2026/07/31 18:05:09.454, 242.25, 250.00, 94, 1410, 1215, 81, P0
2026/07/31 18:05:09.655, 245.86, 250.00, 96, 1410, 1215, 81, P0
2026/07/31 18:05:09.856, 250.78, 250.00, 94, 1410, 1215, 81, P0
2026/07/31 18:05:10.056, 240.81, 250.00, 95, 1395, 1215, 81, P0
2026/07/31 18:05:10.256, 245.35, 250.00, 95, 1395, 1215, 81, P0
2026/07/31 18:05:10.457, 236.38, 250.00, 94, 1410, 1215, 81, P0
2026/07/31 18:05:10.657, 228.98, 250.00, 96, 1410, 1215, 81, P0
2026/07/31 18:05:10.858, 241.48, 250.00, 94, 1410, 1215, 81, P0
2026/07/31 18:05:11.058, 245.06, 250.00, 96, 1410, 1215, 81, P0
2026/07/31 18:05:11.259, 243.14, 250.00, 94, 1395, 1215, 81, P0
2026/07/31 18:05:11.459, 240.47, 250.00, 94, 1410, 1215, 81, P0
2026/07/31 18:05:11.660, 249.32, 250.00, 94, 1395, 1215, 81, P0
2026/07/31 18:05:11.860, 236.01, 250.00, 95, 1395, 1215, 81, P0
2026/07/31 18:05:12.061, 255.78, 250.00, 95, 1395, 1215, 81, P0
2026/07/31 18:05:12.261, 246.20, 250.00, 95, 1410, 1215, 81, P0
2026/07/31 18:05:12.462, 248.52, 250.00, 96, 1410, 1215, 81, P0
2026/07/31 18:05:12.662, 246.72, 250.00, 94, 1410, 1215, 81, P0
2026/07/31 18:05:12.863, 246.41, 250.00, 95, 1410, 1215, 81, P0
2026/07/31 18:05:13.063, 263.44, 250.00, 95, 1395, 1215, 82, P0
2026/07/31 18:05:13.264, 246.04, 250.00, 95, 1410, 1215, 82, P0
2026/07/31 18:05:13.464, 253.04, 250.00, 95, 1410, 1215, 81, P0
2026/07/31 18:05:13.665, 238.70, 250.00, 95, 1410, 1215, 81, P0
2026/07/31 18:05:13.865, 244.61, 250.00, 95, 1410, 1215, 81, P0
2026/07/31 18:05:14.066, 248.93, 250.00, 94, 1410, 1215, 81, P0
2026/07/31 18:05:14.266, 246.91, 250.00, 95, 1410, 1215, 82, P0
2026/07/31 18:05:14.467, 252.87, 250.00, 94, 1410, 1215, 82, P0
2026/07/31 18:05:14.667, 237.40, 250.00, 94, 1395, 1215, 82, P0
2026/07/31 18:05:14.868, 247.96, 250.00, 95, 1395, 1215, 81, P0
2026/07/31 18:05:15.068, 241.12, 250.00, 95, 1410, 1215, 81, P0
2026/07/31 18:05:15.269, 240.93, 250.00, 95, 1410, 1215, 81, P0
2026/07/31 18:05:15.469, 263.94, 250.00, 95, 1410, 1215, 82, P0
2026/07/31 18:05:15.670, 242.35, 250.00, 94, 1395, 1215, 82, P0
2026/07/31 18:05:15.870, 243.14, 250.00, 95, 1395, 1215, 82, P0
2026/07/31 18:05:16.070, 243.81, 250.00, 95, 1395, 1215, 82, P0
2026/07/31 18:05:16.271, 245.85, 250.00, 95, 1395, 1215, 82, P0
2026/07/31 18:05:16.471, 244.01, 250.00, 96, 1410, 1215, 82, P0
2026/07/31 18:05:16.672, 237.70, 250.00, 94, 1410, 1215, 82, P0
2026/07/31 18:05:16.872, 243.62, 250.00, 96, 1410, 1215, 82, P0
2026/07/31 18:05:17.073, 240.81, 250.00, 95, 1395, 1215, 82, P0
2026/07/31 18:05:17.273, 247.63, 250.00, 95, 1395, 1215, 82, P0
2026/07/31 18:05:17.474, 246.95, 250.00, 95, 1395, 1215, 82, P0
2026/07/31 18:05:17.674, 246.14, 250.00, 93, 1395, 1215, 82, P0
2026/07/31 18:05:17.875, 246.51, 250.00, 95, 1410, 1215, 82, P0
2026/07/31 18:05:18.075, 237.13, 250.00, 95, 1410, 1215, 82, P0
2026/07/31 18:05:18.276, 247.47, 250.00, 95, 1410, 1215, 82, P0
2026/07/31 18:05:18.476, 241.59, 250.00, 95, 1395, 1215, 82, P0
2026/07/31 18:05:18.677, 247.90, 250.00, 95, 1395, 1215, 82, P0
2026/07/31 18:05:18.877, 262.16, 250.00, 95, 1410, 1215, 82, P0
2026/07/31 18:05:19.078, 233.77, 250.00, 95, 1410, 1215, 82, P0
2026/07/31 18:05:19.278, 248.54, 250.00, 95, 1410, 1215, 82, P0
2026/07/31 18:05:19.478, 238.50, 250.00, 95, 1395, 1215, 82, P0
2026/07/31 18:05:19.679, 250.01, 250.00, 95, 1395, 1215, 82, P0
2026/07/31 18:05:19.879, 256.45, 250.00, 95, 1395, 1215, 82, P0
2026/07/31 18:05:20.080, 246.42, 250.00, 95, 1410, 1215, 82, P0
2026/07/31 18:05:20.280, 250.51, 250.00, 95, 1410, 1215, 82, P0
2026/07/31 18:05:20.481, 237.91, 250.00, 93, 1410, 1215, 82, P0
2026/07/31 18:05:20.681, 259.76, 250.00, 95, 1410, 1215, 82, P0
2026/07/31 18:05:20.882, 242.15, 250.00, 94, 1410, 1215, 82, P0
2026/07/31 18:05:21.082, 246.70, 250.00, 95, 1410, 1215, 82, P0
2026/07/31 18:05:21.283, 246.02, 250.00, 94, 1410, 1215, 82, P0
2026/07/31 18:05:21.483, 246.40, 250.00, 94, 1395, 1215, 82, P0
2026/07/31 18:05:21.684, 248.63, 250.00, 95, 1395, 1215, 82, P0
2026/07/31 18:05:21.884, 237.80, 250.00, 94, 1410, 1215, 82, P0
2026/07/31 18:05:22.085, 245.10, 250.00, 95, 1410, 1215, 82, P0
2026/07/31 18:05:22.285, 240.82, 250.00, 94, 1410, 1215, 82, P0
2026/07/31 18:05:22.486, 244.41, 250.00, 95, 1410, 1215, 82, P0
2026/07/31 18:05:22.686, 246.43, 250.00, 94, 1410, 1215, 82, P0
2026/07/31 18:05:22.887, 245.07, 250.00, 94, 1410, 1215, 82, P0
2026/07/31 18:05:23.087, 245.75, 250.00, 93, 1410, 1215, 82, P0
2026/07/31 18:05:23.288, 237.37, 250.00, 95, 1395, 1215, 82, P0
2026/07/31 18:05:23.490, 246.16, 250.00, 92, 1395, 1215, 82, P0
2026/07/31 18:05:23.693, 255.28, 250.00, 94, 1410, 1215, 82, P0
2026/07/31 18:05:23.894, 241.48, 250.00, 95, 1410, 1215, 82, P0
2026/07/31 18:05:24.095, 240.54, 250.00, 95, 1395, 1215, 82, P0
2026/07/31 18:05:24.296, 252.96, 250.00, 95, 1410, 1215, 82, P0
2026/07/31 18:05:24.497, 234.45, 250.00, 95, 1395, 1215, 82, P0
2026/07/31 18:05:24.698, 252.39, 250.00, 94, 1395, 1215, 82, P0
2026/07/31 18:05:24.898, 244.03, 250.00, 95, 1410, 1215, 82, P0
2026/07/31 18:05:25.099, 255.10, 250.00, 95, 1395, 1215, 82, P0
2026/07/31 18:05:25.300, 242.05, 250.00, 94, 1410, 1215, 82, P0
2026/07/31 18:05:25.500, 237.62, 250.00, 95, 1410, 1215, 82, P0
2026/07/31 18:05:25.700, 250.54, 250.00, 95, 1410, 1215, 82, P0
2026/07/31 18:05:25.901, 241.31, 250.00, 95, 1395, 1215, 82, P0
2026/07/31 18:05:26.102, 241.15, 250.00, 94, 1395, 1215, 82, P0
2026/07/31 18:05:26.302, 244.70, 250.00, 94, 1395, 1215, 82, P0
2026/07/31 18:05:26.503, 246.23, 250.00, 94, 1395, 1215, 82, P0
2026/07/31 18:05:26.703, 246.16, 250.00, 95, 1410, 1215, 82, P0
2026/07/31 18:05:26.903, 239.16, 250.00, 95, 1410, 1215, 82, P0
2026/07/31 18:05:27.104, 248.12, 250.00, 95, 1410, 1215, 82, P0
2026/07/31 18:05:27.304, 244.01, 250.00, 95, 1410, 1215, 82, P0
2026/07/31 18:05:27.505, 262.02, 250.00, 94, 1410, 1215, 82, P0
2026/07/31 18:05:27.705, 239.93, 250.00, 94, 1410, 1215, 82, P0
2026/07/31 18:05:27.906, 261.83, 250.00, 93, 1410, 1215, 82, P0
2026/07/31 18:05:28.106, 240.20, 250.00, 94, 1410, 1215, 82, P0
2026/07/31 18:05:28.307, 259.63, 250.00, 93, 1410, 1215, 82, P0
2026/07/31 18:05:28.507, 238.42, 250.00, 94, 1410, 1215, 82, P0
2026/07/31 18:05:28.708, 259.06, 250.00, 93, 1410, 1215, 82, P0
2026/07/31 18:05:28.908, 239.93, 250.00, 94, 1410, 1215, 82, P0
2026/07/31 18:05:29.109, 262.37, 250.00, 93, 1395, 1215, 82, P0
2026/07/31 18:05:29.309, 236.52, 250.00, 93, 1395, 1215, 82, P0
2026/07/31 18:05:29.510, 244.57, 250.00, 92, 1410, 1215, 82, P0
2026/07/31 18:05:29.710, 235.96, 250.00, 93, 1410, 1215, 82, P0
2026/07/31 18:05:29.911, 245.05, 250.00, 93, 1410, 1215, 82, P0
2026/07/31 18:05:30.111, 241.61, 250.00, 94, 1395, 1215, 82, P0
2026/07/31 18:05:30.312, 246.20, 250.00, 93, 1395, 1215, 82, P0
2026/07/31 18:05:30.512, 242.44, 250.00, 94, 1395, 1215, 82, P0
2026/07/31 18:05:30.713, 243.24, 250.00, 94, 1410, 1215, 82, P0
2026/07/31 18:05:30.913, 241.60, 250.00, 94, 1395, 1215, 82, P0
2026/07/31 18:05:31.114, 252.58, 250.00, 94, 1410, 1215, 82, P0
2026/07/31 18:05:31.314, 242.62, 250.00, 93, 1395, 1215, 82, P0
2026/07/31 18:05:31.515, 239.43, 250.00, 94, 1410, 1215, 82, P0
2026/07/31 18:05:31.715, 240.96, 250.00, 93, 1395, 1215, 82, P0
2026/07/31 18:05:31.916, 247.56, 250.00, 94, 1395, 1215, 82, P0
2026/07/31 18:05:32.116, 243.67, 250.00, 93, 1395, 1215, 82, P0
2026/07/31 18:05:32.317, 248.88, 250.00, 93, 1395, 1215, 82, P0
2026/07/31 18:05:32.517, 239.11, 250.00, 93, 1395, 1215, 82, P0
2026/07/31 18:05:32.718, 240.32, 250.00, 95, 1395, 1215, 82, P0
2026/07/31 18:05:32.918, 235.13, 250.00, 95, 1395, 1215, 82, P0
2026/07/31 18:05:33.119, 249.32, 250.00, 95, 1395, 1215, 82, P0
2026/07/31 18:05:33.319, 236.09, 250.00, 94, 1395, 1215, 82, P0
2026/07/31 18:05:33.520, 250.39, 250.00, 95, 1410, 1215, 82, P0
2026/07/31 18:05:33.720, 240.84, 250.00, 95, 1410, 1215, 82, P0
2026/07/31 18:05:33.921, 265.38, 250.00, 95, 1410, 1215, 82, P0
2026/07/31 18:05:34.122, 246.92, 250.00, 95, 1410, 1215, 82, P0
2026/07/31 18:05:34.322, 240.25, 250.00, 94, 1395, 1215, 82, P0
2026/07/31 18:05:34.522, 247.30, 250.00, 95, 1410, 1215, 82, P0
2026/07/31 18:05:34.723, 242.98, 250.00, 94, 1410, 1215, 82, P0
2026/07/31 18:05:34.924, 237.14, 250.00, 94, 1395, 1215, 82, P0
2026/07/31 18:05:35.124, 240.83, 250.00, 95, 1395, 1215, 82, P0
2026/07/31 18:05:35.325, 246.08, 250.00, 94, 1410, 1215, 82, P0
2026/07/31 18:05:35.525, 237.72, 250.00, 94, 1395, 1215, 82, P0
2026/07/31 18:05:35.726, 238.52, 250.00, 95, 1395, 1215, 82, P0
2026/07/31 18:05:35.926, 246.97, 250.00, 95, 1395, 1215, 82, P0
2026/07/31 18:05:36.127, 246.73, 250.00, 95, 1395, 1215, 83, P0
2026/07/31 18:05:36.327, 239.06, 250.00, 95, 1395, 1215, 82, P0
2026/07/31 18:05:36.528, 244.99, 250.00, 95, 1395, 1215, 82, P0
2026/07/31 18:05:36.728, 239.98, 250.00, 94, 1410, 1215, 82, P0
2026/07/31 18:05:36.929, 264.86, 250.00, 95, 1410, 1215, 83, P0
2026/07/31 18:05:37.130, 248.59, 250.00, 94, 1410, 1215, 83, P0
2026/07/31 18:05:37.331, 238.68, 250.00, 95, 1410, 1215, 82, P0
2026/07/31 18:05:37.531, 247.27, 250.00, 95, 1410, 1215, 83, P0
2026/07/31 18:05:37.732, 240.81, 250.00, 95, 1410, 1215, 83, P0
2026/07/31 18:05:37.932, 257.96, 250.00, 95, 1395, 1215, 83, P0
2026/07/31 18:05:38.133, 247.41, 250.00, 95, 1395, 1215, 82, P0
2026/07/31 18:05:38.333, 256.77, 250.00, 94, 1395, 1215, 82, P0
2026/07/31 18:05:38.534, 246.74, 250.00, 94, 1395, 1215, 83, P0
2026/07/31 18:05:38.734, 249.21, 250.00, 95, 1395, 1215, 82, P0
2026/07/31 18:05:38.935, 245.45, 250.00, 95, 1395, 1215, 83, P0
2026/07/31 18:05:39.135, 247.76, 250.00, 96, 1410, 1215, 83, P0
2026/07/31 18:05:39.336, 236.19, 250.00, 95, 1410, 1215, 83, P0
2026/07/31 18:05:39.536, 237.47, 250.00, 95, 1410, 1215, 83, P0
2026/07/31 18:05:39.737, 246.05, 250.00, 94, 1395, 1215, 83, P0
2026/07/31 18:05:39.937, 239.00, 250.00, 96, 1410, 1215, 83, P0
2026/07/31 18:05:40.138, 245.37, 250.00, 94, 1410, 1215, 83, P0
2026/07/31 18:05:40.338, 248.26, 250.00, 95, 1395, 1215, 83, P0
2026/07/31 18:05:40.539, 260.70, 250.00, 95, 1410, 1215, 83, P0
2026/07/31 18:05:40.739, 248.72, 250.00, 95, 1395, 1215, 83, P0
2026/07/31 18:05:40.940, 249.41, 250.00, 94, 1395, 1215, 83, P0
2026/07/31 18:05:41.140, 241.11, 250.00, 95, 1395, 1215, 83, P0
2026/07/31 18:05:41.341, 244.74, 250.00, 95, 1395, 1215, 83, P0
2026/07/31 18:05:41.542, 240.74, 250.00, 93, 1395, 1215, 83, P0
2026/07/31 18:05:41.742, 235.82, 250.00, 95, 1395, 1215, 83, P0
2026/07/31 18:05:41.943, 248.07, 250.00, 93, 1395, 1215, 83, P0
2026/07/31 18:05:42.514, 246.54, 250.00, 95, 1410, 1215, 83, P0
2026/07/31 18:05:42.716, 259.20, 250.00, 94, 1410, 1215, 83, P0
2026/07/31 18:05:42.921, 240.74, 250.00, 96, 1410, 1215, 83, P0
2026/07/31 18:05:43.122, 253.88, 250.00, 95, 1395, 1215, 83, P0
2026/07/31 18:05:43.322, 248.07, 250.00, 95, 1395, 1215, 83, P0
2026/07/31 18:05:43.523, 254.90, 250.00, 95, 1395, 1215, 83, P0
2026/07/31 18:05:43.723, 241.96, 250.00, 95, 1395, 1215, 83, P0
2026/07/31 18:05:43.924, 238.36, 250.00, 95, 1395, 1215, 83, P0
2026/07/31 18:05:44.125, 239.96, 250.00, 95, 1410, 1215, 83, P0
2026/07/31 18:05:44.325, 244.54, 250.00, 95, 1395, 1215, 83, P0
2026/07/31 18:05:44.525, 241.59, 250.00, 93, 1395, 1215, 83, P0
2026/07/31 18:05:44.726, 243.08, 250.00, 95, 1395, 1215, 83, P0
2026/07/31 18:05:44.927, 239.47, 250.00, 94, 1395, 1215, 83, P0
2026/07/31 18:05:45.127, 238.61, 250.00, 95, 1410, 1215, 83, P0
2026/07/31 18:05:45.328, 241.40, 250.00, 95, 1395, 1215, 83, P0
2026/07/31 18:05:45.528, 237.30, 250.00, 95, 1410, 1215, 83, P0
2026/07/31 18:05:45.729, 249.90, 250.00, 95, 1410, 1215, 83, P0
2026/07/31 18:05:45.929, 240.60, 250.00, 95, 1410, 1215, 83, P0
2026/07/31 18:05:46.132, 258.82, 250.00, 95, 1395, 1215, 83, P0
2026/07/31 18:05:46.332, 248.36, 250.00, 95, 1410, 1215, 83, P0
2026/07/31 18:05:46.532, 253.88, 250.00, 95, 1410, 1215, 83, P0
2026/07/31 18:05:46.733, 247.59, 250.00, 95, 1395, 1215, 83, P0
2026/07/31 18:05:46.933, 265.27, 250.00, 95, 1395, 1215, 83, P0
2026/07/31 18:05:47.134, 242.18, 250.00, 95, 1395, 1215, 83, P0
2026/07/31 18:05:47.334, 261.48, 250.00, 94, 1395, 1215, 83, P0
2026/07/31 18:05:47.535, 247.51, 250.00, 93, 1395, 1215, 83, P0
2026/07/31 18:05:47.735, 257.80, 250.00, 94, 1410, 1215, 83, P0
2026/07/31 18:05:47.936, 248.36, 250.00, 94, 1410, 1215, 83, P0
2026/07/31 18:05:48.136, 257.80, 250.00, 95, 1395, 1215, 83, P0
2026/07/31 18:05:48.337, 241.88, 250.00, 95, 1395, 1215, 83, P0
2026/07/31 18:05:48.537, 240.29, 250.00, 95, 1395, 1215, 83, P0
2026/07/31 18:05:48.738, 239.00, 250.00, 95, 1395, 1215, 83, P0
2026/07/31 18:05:48.938, 241.29, 250.00, 95, 1395, 1215, 83, P0
2026/07/31 18:05:49.139, 243.02, 250.00, 95, 1395, 1215, 83, P0
2026/07/31 18:05:49.340, 237.60, 250.00, 95, 1395, 1215, 83, P0
2026/07/31 18:05:49.540, 243.63, 250.00, 95, 1395, 1215, 83, P0
2026/07/31 18:05:49.740, 237.85, 250.00, 95, 1410, 1215, 83, P0
2026/07/31 18:05:49.941, 261.79, 250.00, 94, 1410, 1215, 83, P0
2026/07/31 18:05:50.142, 246.26, 250.00, 95, 1410, 1215, 83, P0
2026/07/31 18:05:50.342, 253.02, 250.00, 93, 1410, 1215, 83, P0
2026/07/31 18:05:50.543, 247.98, 250.00, 95, 1410, 1215, 83, P0
2026/07/31 18:05:50.743, 249.16, 250.00, 94, 1410, 1215, 83, P0
2026/07/31 18:05:50.944, 249.49, 250.00, 95, 1410, 1215, 83, P0
2026/07/31 18:05:51.144, 258.85, 250.00, 94, 1410, 1215, 83, P0
2026/07/31 18:05:51.345, 248.55, 250.00, 95, 1410, 1215, 83, P0
2026/07/31 18:05:51.545, 257.01, 250.00, 95, 1395, 1215, 83, P0
2026/07/31 18:05:51.746, 242.09, 250.00, 95, 1395, 1215, 83, P0
2026/07/31 18:05:51.946, 239.47, 250.00, 95, 1395, 1215, 83, P0
2026/07/31 18:05:52.147, 255.02, 250.00, 95, 1395, 1215, 83, P0
2026/07/31 18:05:52.347, 249.40, 250.00, 95, 1395, 1215, 83, P0
2026/07/31 18:05:52.548, 266.53, 250.00, 95, 1395, 1215, 83, P0
2026/07/31 18:05:52.749, 242.94, 250.00, 95, 1395, 1215, 83, P0
2026/07/31 18:05:52.949, 246.55, 250.00, 95, 1395, 1215, 83, P0
2026/07/31 18:05:53.150, 249.14, 250.00, 94, 1395, 1215, 83, P0
2026/07/31 18:05:53.350, 229.62, 250.00, 95, 1410, 1215, 83, P0
2026/07/31 18:05:53.551, 250.17, 250.00, 94, 1395, 1215, 83, P0
2026/07/31 18:05:53.751, 248.09, 250.00, 95, 1410, 1215, 83, P0
2026/07/31 18:05:53.952, 239.04, 250.00, 94, 1410, 1215, 83, P0
2026/07/31 18:05:54.152, 248.01, 250.00, 95, 1395, 1215, 83, P0
2026/07/31 18:05:54.353, 239.55, 250.00, 94, 1395, 1215, 83, P0
2026/07/31 18:05:54.553, 240.26, 250.00, 96, 1410, 1215, 83, P0
2026/07/31 18:05:54.754, 247.96, 250.00, 95, 1410, 1215, 83, P0
2026/07/31 18:05:54.954, 237.85, 250.00, 95, 1395, 1215, 83, P0
2026/07/31 18:05:55.155, 250.14, 250.00, 95, 1410, 1215, 83, P0
2026/07/31 18:05:55.355, 240.32, 250.00, 94, 1410, 1215, 83, P0
2026/07/31 18:05:55.556, 256.30, 250.00, 95, 1395, 1215, 83, P0
2026/07/31 18:05:55.756, 248.66, 250.00, 95, 1395, 1215, 83, P0
2026/07/31 18:05:55.957, 259.52, 250.00, 95, 1395, 1215, 83, P0
2026/07/31 18:05:56.157, 249.11, 250.00, 94, 1395, 1215, 83, P0
2026/07/31 18:05:56.358, 263.09, 250.00, 95, 1395, 1215, 83, P0
2026/07/31 18:05:56.558, 248.17, 250.00, 94, 1410, 1215, 83, P0
2026/07/31 18:05:56.759, 257.31, 250.00, 94, 1395, 1215, 83, P0
2026/07/31 18:05:56.959, 249.50, 250.00, 95, 1395, 1215, 83, P0
2026/07/31 18:05:57.160, 260.26, 250.00, 95, 1395, 1215, 83, P0
2026/07/31 18:05:57.360, 247.55, 250.00, 95, 1410, 1215, 83, P0
2026/07/31 18:05:57.561, 250.11, 250.00, 95, 1410, 1215, 83, P0
2026/07/31 18:05:57.761, 249.10, 250.00, 94, 1395, 1215, 83, P0
2026/07/31 18:05:57.962, 266.01, 250.00, 95, 1395, 1215, 83, P0
2026/07/31 18:05:58.162, 241.92, 250.00, 95, 1395, 1215, 83, P0
2026/07/31 18:05:58.363, 262.32, 250.00, 95, 1395, 1215, 83, P0
2026/07/31 18:05:58.563, 240.70, 250.00, 95, 1395, 1215, 83, P0
2026/07/31 18:05:58.764, 240.34, 250.00, 96, 1395, 1215, 83, P0
2026/07/31 18:05:58.965, 249.99, 250.00, 94, 1395, 1215, 83, P0
2026/07/31 18:05:59.165, 239.68, 250.00, 95, 1395, 1215, 83, P0
2026/07/31 18:05:59.366, 241.69, 250.00, 94, 1395, 1215, 83, P0
2026/07/31 18:05:59.566, 266.99, 250.00, 93, 1395, 1215, 83, P0
2026/07/31 18:05:59.767, 242.33, 250.00, 94, 1395, 1215, 83, P0
2026/07/31 18:05:59.967, 261.21, 250.00, 95, 1395, 1215, 83, P0
2026/07/31 18:06:00.168, 248.83, 250.00, 95, 1395, 1215, 83, P0
2026/07/31 18:06:00.368, 264.79, 250.00, 94, 1395, 1215, 83, P0
2026/07/31 18:06:00.569, 243.33, 250.00, 95, 1395, 1215, 83, P0
2026/07/31 18:06:00.769, 263.27, 250.00, 95, 1410, 1215, 83, P0
2026/07/31 18:06:00.970, 237.53, 250.00, 95, 1395, 1215, 83, P0
2026/07/31 18:06:01.170, 245.20, 250.00, 96, 1395, 1215, 83, P0
2026/07/31 18:06:01.371, 243.23, 250.00, 94, 1395, 1215, 83, P0
2026/07/31 18:06:01.571, 248.86, 250.00, 95, 1395, 1215, 84, P0
2026/07/31 18:06:01.772, 240.26, 250.00, 95, 1395, 1215, 83, P0
2026/07/31 18:06:01.972, 239.23, 250.00, 96, 1395, 1215, 83, P0
2026/07/31 18:06:02.173, 243.23, 250.00, 95, 1395, 1215, 83, P0
2026/07/31 18:06:02.373, 236.44, 250.00, 95, 1395, 1215, 83, P0
2026/07/31 18:06:02.574, 242.57, 250.00, 93, 1395, 1215, 83, P0
2026/07/31 18:06:02.774, 253.67, 250.00, 95, 1380, 1215, 83, P0
2026/07/31 18:06:02.975, 240.88, 250.00, 94, 1395, 1215, 83, P0
2026/07/31 18:06:03.175, 268.35, 250.00, 95, 1410, 1215, 83, P0
2026/07/31 18:06:03.376, 238.29, 250.00, 94, 1395, 1215, 83, P0
2026/07/31 18:06:03.576, 260.68, 250.00, 95, 1395, 1215, 84, P0
2026/07/31 18:06:03.777, 256.74, 250.00, 94, 1395, 1215, 83, P0
2026/07/31 18:06:03.977, 248.91, 250.00, 95, 1395, 1215, 83, P0
2026/07/31 18:06:04.178, 240.45, 250.00, 94, 1410, 1215, 83, P0
2026/07/31 18:06:04.379, 239.29, 250.00, 95, 1395, 1215, 83, P0
2026/07/31 18:06:04.579, 247.56, 250.00, 94, 1395, 1215, 83, P0
2026/07/31 18:06:04.779, 238.34, 250.00, 95, 1395, 1215, 84, P0
2026/07/31 18:06:04.980, 250.38, 250.00, 94, 1410, 1215, 84, P0
2026/07/31 18:06:05.180, 240.73, 250.00, 95, 1395, 1215, 84, P0
2026/07/31 18:06:05.381, 248.46, 250.00, 94, 1395, 1215, 84, P0
2026/07/31 18:06:05.581, 239.88, 250.00, 94, 1395, 1215, 83, P0
2026/07/31 18:06:05.782, 244.02, 250.00, 95, 1410, 1215, 84, P0
2026/07/31 18:06:05.982, 239.80, 250.00, 95, 1395, 1215, 84, P0
2026/07/31 18:06:06.183, 240.84, 250.00, 95, 1410, 1215, 84, P0
2026/07/31 18:06:06.383, 241.39, 250.00, 95, 1395, 1215, 84, P0
2026/07/31 18:06:06.584, 249.80, 250.00, 94, 1395, 1215, 84, P0
2026/07/31 18:06:06.784, 240.71, 250.00, 96, 1395, 1215, 84, P0
2026/07/31 18:06:06.985, 243.80, 250.00, 95, 1395, 1215, 83, P0
2026/07/31 18:06:07.185, 250.18, 250.00, 96, 1395, 1215, 84, P0
2026/07/31 18:06:07.386, 251.34, 250.00, 95, 1395, 1215, 83, P0
2026/07/31 18:06:07.586, 248.72, 250.00, 95, 1395, 1215, 84, P0
2026/07/31 18:06:07.787, 249.50, 250.00, 94, 1395, 1215, 83, P0
2026/07/31 18:06:07.987, 249.03, 250.00, 95, 1395, 1215, 83, P0
2026/07/31 18:06:08.188, 246.34, 250.00, 94, 1395, 1215, 84, P0
2026/07/31 18:06:08.388, 234.35, 250.00, 95, 1410, 1215, 83, P0
2026/07/31 18:06:08.589, 240.75, 250.00, 94, 1410, 1215, 84, P0
2026/07/31 18:06:08.789, 239.11, 250.00, 94, 1410, 1215, 84, P0
2026/07/31 18:06:08.990, 238.19, 250.00, 95, 1410, 1215, 83, P0
2026/07/31 18:06:09.190, 239.21, 250.00, 95, 1410, 1215, 84, P0
2026/07/31 18:06:09.391, 243.15, 250.00, 95, 1395, 1215, 84, P0
2026/07/31 18:06:09.591, 242.04, 250.00, 95, 1410, 1215, 84, P0
2026/07/31 18:06:09.791, 250.11, 250.00, 95, 1395, 1215, 84, P0
2026/07/31 18:06:09.992, 236.90, 250.00, 95, 1410, 1215, 84, P0
2026/07/31 18:06:10.192, 247.36, 250.00, 95, 1395, 1215, 84, P0
2026/07/31 18:06:10.393, 246.15, 250.00, 95, 1410, 1215, 84, P0
2026/07/31 18:06:10.593, 247.74, 250.00, 94, 1410, 1215, 84, P0
2026/07/31 18:06:10.794, 252.38, 250.00, 95, 1395, 1215, 84, P0
2026/07/31 18:06:10.994, 247.21, 250.00, 94, 1410, 1215, 84, P0
2026/07/31 18:06:11.195, 242.11, 250.00, 95, 1410, 1215, 84, P0
2026/07/31 18:06:11.395, 244.95, 250.00, 95, 1410, 1215, 84, P0
2026/07/31 18:06:11.596, 241.71, 250.00, 93, 1410, 1215, 84, P0
2026/07/31 18:06:11.796, 240.63, 250.00, 95, 1395, 1215, 84, P0
2026/07/31 18:06:11.997, 244.16, 250.00, 95, 1410, 1215, 84, P0
2026/07/31 18:06:12.197, 238.00, 250.00, 95, 1410, 1215, 84, P0
2026/07/31 18:06:12.398, 239.19, 250.00, 94, 1410, 1215, 84, P0
2026/07/31 18:06:12.598, 240.60, 250.00, 95, 1395, 1215, 84, P0
2026/07/31 18:06:12.799, 241.23, 250.00, 95, 1410, 1215, 84, P0
2026/07/31 18:06:12.999, 243.35, 250.00, 95, 1395, 1215, 84, P0
2026/07/31 18:06:13.200, 251.04, 250.00, 95, 1410, 1215, 84, P0
2026/07/31 18:06:13.400, 248.65, 250.00, 95, 1410, 1215, 84, P0
2026/07/31 18:06:13.601, 251.02, 250.00, 95, 1410, 1215, 84, P0
2026/07/31 18:06:13.802, 240.43, 250.00, 95, 1365, 1215, 84, P0
2026/07/31 18:06:14.002, 218.37, 250.00, 95, 1320, 1215, 83, P0
2026/07/31 18:06:14.203, 214.06, 250.00, 95, 1350, 1215, 82, P0
2026/07/31 18:06:14.403, 222.76, 250.00, 95, 1320, 1215, 82, P0
2026/07/31 18:06:14.603, 217.93, 250.00, 94, 1335, 1215, 82, P0
2026/07/31 18:06:14.804, 218.18, 250.00, 94, 1320, 1215, 82, P0
2026/07/31 18:06:15.004, 216.05, 250.00, 95, 1335, 1215, 82, P0
2026/07/31 18:06:15.205, 219.86, 250.00, 95, 1320, 1215, 82, P0
2026/07/31 18:06:15.406, 210.05, 250.00, 95, 1335, 1215, 82, P0
2026/07/31 18:06:15.606, 234.98, 250.00, 96, 1335, 1215, 82, P0
2026/07/31 18:06:15.807, 221.92, 250.00, 94, 1350, 1215, 82, P0
2026/07/31 18:06:16.007, 233.14, 250.00, 95, 1365, 1215, 82, P0
2026/07/31 18:06:16.208, 221.40, 250.00, 95, 1335, 1215, 82, P0
2026/07/31 18:06:16.408, 232.57, 250.00, 96, 1365, 1215, 82, P0
2026/07/31 18:06:16.609, 222.51, 250.00, 95, 1335, 1215, 82, P0
2026/07/31 18:06:16.809, 228.17, 250.00, 96, 1365, 1215, 82, P0
2026/07/31 18:06:17.009, 217.67, 250.00, 95, 1350, 1215, 82, P0
2026/07/31 18:06:17.210, 230.86, 250.00, 95, 1365, 1215, 82, P0
2026/07/31 18:06:17.411, 221.76, 250.00, 95, 1335, 1215, 82, P0
2026/07/31 18:06:17.611, 228.28, 250.00, 95, 1335, 1215, 82, P0
2026/07/31 18:06:17.812, 221.08, 250.00, 94, 1335, 1215, 82, P0
2026/07/31 18:06:18.012, 219.71, 250.00, 94, 1350, 1215, 82, P0
2026/07/31 18:06:18.213, 221.80, 250.00, 95, 1335, 1215, 82, P0
2026/07/31 18:06:18.413, 218.83, 250.00, 94, 1350, 1215, 82, P0
2026/07/31 18:06:18.614, 238.32, 250.00, 95, 1350, 1215, 82, P0
2026/07/31 18:06:18.814, 225.56, 250.00, 95, 1365, 1215, 82, P0
2026/07/31 18:06:19.015, 229.52, 250.00, 95, 1335, 1215, 82, P0
2026/07/31 18:06:19.215, 221.38, 250.00, 95, 1365, 1215, 82, P0
2026/07/31 18:06:19.416, 229.11, 250.00, 95, 1335, 1215, 82, P0
2026/07/31 18:06:19.616, 221.41, 250.00, 95, 1350, 1215, 82, P0
2026/07/31 18:06:19.817, 226.15, 250.00, 95, 1335, 1215, 82, P0
2026/07/31 18:06:20.017, 224.40, 250.00, 95, 1350, 1215, 82, P0
2026/07/31 18:06:20.218, 218.58, 250.00, 95, 1335, 1215, 82, P0
2026/07/31 18:06:20.418, 218.37, 250.00, 95, 1365, 1215, 82, P0
2026/07/31 18:06:20.619, 224.20, 250.00, 94, 1350, 1215, 82, P0
2026/07/31 18:06:20.819, 234.56, 250.00, 94, 1365, 1215, 82, P0
2026/07/31 18:06:21.020, 226.84, 250.00, 93, 1350, 1215, 82, P0
2026/07/31 18:06:21.220, 239.19, 250.00, 95, 1365, 1215, 82, P0
2026/07/31 18:06:21.421, 229.99, 250.00, 95, 1365, 1215, 83, P0
2026/07/31 18:06:21.621, 234.20, 250.00, 95, 1260, 1215, 84, P0
2026/07/31 18:06:21.823, 228.88, 250.00, 93, 1410, 1215, 83, P0
2026/07/31 18:06:22.026, 248.37, 250.00, 94, 1410, 1215, 83, P0
2026/07/31 18:06:22.227, 252.00, 250.00, 95, 1410, 1215, 83, P0
2026/07/31 18:06:22.428, 238.88, 250.00, 95, 1395, 1215, 83, P0
2026/07/31 18:06:22.629, 255.38, 250.00, 95, 1395, 1215, 83, P0
2026/07/31 18:06:22.830, 238.52, 250.00, 95, 1395, 1215, 83, P0
2026/07/31 18:06:23.031, 246.42, 250.00, 94, 1395, 1215, 83, P0
2026/07/31 18:06:23.231, 245.19, 250.00, 94, 1410, 1215, 83, P0
2026/07/31 18:06:23.432, 241.27, 250.00, 94, 1410, 1215, 83, P0
2026/07/31 18:06:23.632, 247.60, 250.00, 93, 1410, 1215, 83, P0
2026/07/31 18:06:23.833, 247.75, 250.00, 94, 1410, 1215, 83, P0
2026/07/31 18:06:24.033, 252.32, 250.00, 95, 1410, 1215, 83, P0
2026/07/31 18:06:24.234, 245.54, 250.00, 95, 1395, 1215, 83, P0
2026/07/31 18:06:24.434, 246.52, 250.00, 94, 1395, 1215, 83, P0
2026/07/31 18:06:24.635, 251.24, 250.00, 95, 1395, 1215, 83, P0
2026/07/31 18:06:24.836, 242.55, 250.00, 95, 1410, 1215, 84, P0
2026/07/31 18:06:25.036, 252.61, 250.00, 95, 1410, 1215, 84, P0
2026/07/31 18:06:25.237, 243.04, 250.00, 95, 1395, 1215, 83, P0
2026/07/31 18:06:25.437, 248.06, 250.00, 95, 1380, 1215, 84, P0
2026/07/31 18:06:25.638, 247.69, 250.00, 95, 1395, 1215, 84, P0
2026/07/31 18:06:25.838, 245.63, 250.00, 94, 1410, 1215, 83, P0
2026/07/31 18:06:26.039, 247.32, 250.00, 95, 1410, 1215, 84, P0
2026/07/31 18:06:26.239, 241.70, 250.00, 95, 1410, 1215, 84, P0
2026/07/31 18:06:26.440, 235.84, 250.00, 94, 1410, 1215, 84, P0
2026/07/31 18:06:26.640, 237.21, 250.00, 93, 1395, 1215, 83, P0
2026/07/31 18:06:26.841, 242.14, 250.00, 94, 1395, 1215, 83, P0
2026/07/31 18:06:27.041, 249.50, 250.00, 95, 1380, 1215, 84, P0
2026/07/31 18:06:27.242, 245.48, 250.00, 95, 1395, 1215, 83, P0
2026/07/31 18:06:27.442, 237.60, 250.00, 95, 1395, 1215, 83, P0
2026/07/31 18:06:27.643, 234.70, 250.00, 95, 1395, 1215, 83, P0
2026/07/31 18:06:27.843, 242.09, 250.00, 95, 1395, 1215, 83, P0
2026/07/31 18:06:28.044, 230.17, 250.00, 95, 1365, 1215, 83, P0
2026/07/31 18:06:28.244, 239.36, 250.00, 95, 1365, 1215, 83, P0
2026/07/31 18:06:28.445, 235.86, 250.00, 95, 1395, 1215, 83, P0
2026/07/31 18:06:28.645, 230.02, 250.00, 95, 1395, 1215, 83, P0
2026/07/31 18:06:28.846, 239.72, 250.00, 95, 1380, 1215, 83, P0
2026/07/31 18:06:29.046, 239.46, 250.00, 96, 1365, 1215, 83, P0
2026/07/31 18:06:29.247, 231.78, 250.00, 94, 1380, 1215, 83, P0
2026/07/31 18:06:29.447, 238.67, 250.00, 95, 1380, 1215, 83, P0
2026/07/31 18:06:29.648, 233.90, 250.00, 95, 1395, 1215, 83, P0
2026/07/31 18:06:29.848, 237.49, 250.00, 95, 1395, 1215, 83, P0
2026/07/31 18:06:30.049, 237.20, 250.00, 95, 1380, 1215, 83, P0
2026/07/31 18:06:30.249, 235.36, 250.00, 95, 1350, 1215, 83, P0
2026/07/31 18:06:30.450, 239.07, 250.00, 95, 1380, 1215, 83, P0
2026/07/31 18:06:30.651, 231.16, 250.00, 95, 1380, 1215, 83, P0
2026/07/31 18:06:30.851, 241.04, 250.00, 95, 1395, 1215, 83, P0
2026/07/31 18:06:31.052, 242.63, 250.00, 95, 1395, 1215, 83, P0
2026/07/31 18:06:31.252, 231.99, 250.00, 95, 1365, 1215, 83, P0
2026/07/31 18:06:31.453, 254.05, 250.00, 95, 1395, 1215, 83, P0
2026/07/31 18:06:31.653, 241.04, 250.00, 95, 1395, 1215, 83, P0
2026/07/31 18:06:31.854, 241.56, 250.00, 95, 1380, 1215, 83, P0
2026/07/31 18:06:32.054, 253.26, 250.00, 95, 1365, 1215, 83, P0
2026/07/31 18:06:32.255, 236.89, 250.00, 95, 1365, 1215, 83, P0
2026/07/31 18:06:32.455, 229.04, 250.00, 94, 1365, 1215, 83, P0
2026/07/31 18:06:32.656, 241.90, 250.00, 94, 1350, 1215, 83, P0
2026/07/31 18:06:32.857, 232.62, 250.00, 95, 1380, 1215, 83, P0
2026/07/31 18:06:33.057, 241.02, 250.00, 95, 1395, 1215, 83, P0
2026/07/31 18:06:33.258, 228.63, 250.00, 95, 1365, 1215, 83, P0
2026/07/31 18:06:33.458, 249.48, 250.00, 95, 1365, 1215, 83, P0
2026/07/31 18:06:33.658, 241.99, 250.00, 96, 1350, 1215, 83, P0
2026/07/31 18:06:33.859, 232.21, 250.00, 95, 1380, 1215, 83, P0
2026/07/31 18:06:34.060, 236.97, 250.00, 95, 1395, 1215, 83, P0
2026/07/31 18:06:34.260, 226.28, 250.00, 95, 1395, 1215, 83, P0
2026/07/31 18:06:34.461, 250.38, 250.00, 95, 1395, 1215, 83, P0
2026/07/31 18:06:34.661, 241.01, 250.00, 96, 1380, 1215, 83, P0
2026/07/31 18:06:34.862, 238.80, 250.00, 95, 1365, 1215, 83, P0
2026/07/31 18:06:35.062, 241.15, 250.00, 95, 1395, 1215, 83, P0
2026/07/31 18:06:35.263, 232.33, 250.00, 95, 1395, 1215, 83, P0
2026/07/31 18:06:35.463, 239.06, 250.00, 94, 1395, 1215, 83, P0
2026/07/31 18:06:35.664, 232.11, 250.00, 94, 1395, 1215, 83, P0
2026/07/31 18:06:35.864, 248.26, 250.00, 94, 1395, 1215, 83, P0
2026/07/31 18:06:36.065, 242.57, 250.00, 95, 1380, 1215, 83, P0
2026/07/31 18:06:36.265, 243.33, 250.00, 95, 1395, 1215, 83, P0
2026/07/31 18:06:36.466, 237.09, 250.00, 95, 1395, 1215, 83, P0
2026/07/31 18:06:36.666, 242.05, 250.00, 95, 1395, 1215, 83, P0
2026/07/31 18:06:36.867, 259.62, 250.00, 95, 1395, 1215, 83, P0
2026/07/31 18:06:37.067, 242.37, 250.00, 96, 1365, 1215, 83, P0
2026/07/31 18:06:37.268, 231.41, 250.00, 95, 1380, 1215, 83, P0
2026/07/31 18:06:37.468, 240.04, 250.00, 95, 1380, 1215, 83, P0
2026/07/31 18:06:37.669, 231.92, 250.00, 95, 1395, 1215, 83, P0
2026/07/31 18:06:37.869, 249.04, 250.00, 95, 1395, 1215, 83, P0
2026/07/31 18:06:38.070, 240.01, 250.00, 96, 1395, 1215, 83, P0
2026/07/31 18:06:38.270, 231.59, 250.00, 95, 1365, 1215, 83, P0
2026/07/31 18:06:38.471, 237.98, 250.00, 95, 1395, 1215, 83, P0
2026/07/31 18:06:38.671, 237.47, 250.00, 93, 1380, 1215, 83, P0
2026/07/31 18:06:38.872, 253.85, 250.00, 95, 1410, 1215, 84, P0
2026/07/31 18:06:39.073, 238.51, 250.00, 95, 1395, 1215, 83, P0
2026/07/31 18:06:39.273, 250.46, 250.00, 95, 1395, 1215, 84, P0
2026/07/31 18:06:39.474, 242.64, 250.00, 95, 1395, 1215, 83, P0
2026/07/31 18:06:39.674, 245.34, 250.00, 95, 1395, 1215, 84, P0
2026/07/31 18:06:39.875, 243.51, 250.00, 96, 1395, 1215, 84, P0
2026/07/31 18:06:40.075, 248.10, 250.00, 95, 1380, 1215, 84, P0
2026/07/31 18:06:40.276, 245.50, 250.00, 95, 1380, 1215, 84, P0
2026/07/31 18:06:40.476, 246.02, 250.00, 95, 1410, 1215, 84, P0
2026/07/31 18:06:40.676, 260.27, 250.00, 95, 1395, 1215, 84, P0
2026/07/31 18:06:40.877, 243.14, 250.00, 96, 1395, 1215, 84, P0
2026/07/31 18:06:41.077, 245.03, 250.00, 94, 1395, 1215, 84, P0
2026/07/31 18:06:41.278, 244.71, 250.00, 95, 1395, 1215, 84, P0
2026/07/31 18:06:41.478, 242.06, 250.00, 95, 1395, 1215, 84, P0
2026/07/31 18:06:41.679, 252.11, 250.00, 95, 1380, 1215, 84, P0
2026/07/31 18:06:41.880, 238.51, 250.00, 95, 1395, 1215, 84, P0
2026/07/31 18:06:42.080, 244.00, 250.00, 95, 1395, 1215, 84, P0
2026/07/31 18:06:42.281, 245.57, 250.00, 96, 1380, 1215, 83, P0
2026/07/31 18:06:42.481, 226.93, 250.00, 95, 1380, 1215, 83, P0
2026/07/31 18:06:42.682, 239.59, 250.00, 95, 1365, 1215, 83, P0
2026/07/31 18:06:42.882, 235.59, 250.00, 95, 1350, 1215, 83, P0
2026/07/31 18:06:43.083, 238.66, 250.00, 95, 1365, 1215, 83, P0
2026/07/31 18:06:43.283, 228.60, 250.00, 96, 1365, 1215, 83, P0
2026/07/31 18:06:43.484, 208.49, 250.00, 95, 1290, 1215, 82, P0
2026/07/31 18:06:43.684, 205.04, 250.00, 96, 1320, 1215, 82, P0
2026/07/31 18:06:43.885, 203.79, 250.00, 95, 1290, 1215, 82, P0
2026/07/31 18:06:44.086, 213.04, 250.00, 96, 1305, 1215, 82, P0
2026/07/31 18:06:44.286, 214.03, 250.00, 95, 1365, 1215, 82, P0
2026/07/31 18:06:44.487, 220.40, 250.00, 95, 1320, 1215, 82, P0
2026/07/31 18:06:44.687, 210.63, 250.00, 94, 1350, 1215, 82, P0
2026/07/31 18:06:44.888, 224.93, 250.00, 95, 1335, 1215, 82, P0
2026/07/31 18:06:45.088, 217.59, 250.00, 95, 1350, 1215, 82, P0
2026/07/31 18:06:45.289, 230.85, 250.00, 96, 1380, 1215, 82, P0
2026/07/31 18:06:45.489, 223.17, 250.00, 95, 1350, 1215, 82, P0
2026/07/31 18:06:45.690, 247.46, 250.00, 95, 1350, 1215, 82, P0
2026/07/31 18:06:45.890, 221.21, 250.00, 95, 1335, 1215, 82, P0
2026/07/31 18:06:46.091, 216.01, 250.00, 95, 1335, 1215, 82, P0
2026/07/31 18:06:46.292, 217.52, 250.00, 96, 1320, 1215, 82, P0
2026/07/31 18:06:46.492, 218.10, 250.00, 95, 1335, 1215, 82, P0
2026/07/31 18:06:46.693, 216.65, 250.00, 96, 1365, 1215, 82, P0
2026/07/31 18:06:46.893, 219.43, 250.00, 95, 1380, 1215, 82, P0
2026/07/31 18:06:47.094, 230.10, 250.00, 96, 1350, 1215, 82, P0
2026/07/31 18:06:47.294, 226.96, 250.00, 95, 1380, 1215, 82, P0
2026/07/31 18:06:47.495, 228.95, 250.00, 95, 1350, 1215, 82, P0
2026/07/31 18:06:47.695, 225.54, 250.00, 94, 1365, 1215, 82, P0
2026/07/31 18:06:47.896, 239.32, 250.00, 94, 1350, 1215, 82, P0
2026/07/31 18:06:48.096, 232.67, 250.00, 95, 1380, 1215, 82, P0
2026/07/31 18:06:48.297, 228.99, 250.00, 95, 1350, 1215, 82, P0
2026/07/31 18:06:48.497, 227.69, 250.00, 94, 1365, 1215, 82, P0
2026/07/31 18:06:48.698, 221.38, 250.00, 95, 1350, 1215, 82, P0
2026/07/31 18:06:48.898, 229.55, 250.00, 95, 1350, 1215, 82, P0
2026/07/31 18:06:49.099, 224.12, 250.00, 95, 1350, 1215, 82, P0
2026/07/31 18:06:49.299, 238.13, 250.00, 95, 1350, 1215, 82, P0
2026/07/31 18:06:49.500, 227.41, 250.00, 95, 1380, 1215, 82, P0
2026/07/31 18:06:49.700, 245.05, 250.00, 95, 1395, 1215, 82, P0
2026/07/31 18:06:49.901, 227.97, 250.00, 94, 1350, 1215, 82, P0
2026/07/31 18:06:50.101, 255.48, 250.00, 95, 1395, 1215, 83, P0
2026/07/31 18:06:50.302, 239.74, 250.00, 95, 1365, 1215, 83, P0
2026/07/31 18:06:50.502, 221.09, 250.00, 95, 1365, 1215, 82, P0
2026/07/31 18:06:50.703, 229.06, 250.00, 94, 1350, 1215, 82, P0
2026/07/31 18:06:50.903, 237.18, 250.00, 94, 1350, 1215, 83, P0
2026/07/31 18:06:51.104, 237.49, 250.00, 95, 1365, 1215, 82, P0
2026/07/31 18:06:51.305, 241.81, 250.00, 95, 1350, 1215, 83, P0
2026/07/31 18:06:51.505, 249.60, 250.00, 95, 1350, 1215, 83, P0
2026/07/31 18:06:51.706, 239.86, 250.00, 96, 1395, 1215, 83, P0
2026/07/31 18:06:51.906, 228.36, 250.00, 94, 1395, 1215, 83, P0
2026/07/31 18:06:52.107, 234.93, 250.00, 95, 1395, 1215, 83, P0
2026/07/31 18:06:52.307, 224.71, 250.00, 95, 1350, 1215, 83, P0
2026/07/31 18:06:52.508, 242.85, 250.00, 95, 1365, 1215, 83, P0
2026/07/31 18:06:52.708, 234.41, 250.00, 95, 1365, 1215, 83, P0
2026/07/31 18:06:52.909, 260.26, 250.00, 95, 1350, 1215, 83, P0
2026/07/31 18:06:53.109, 242.44, 250.00, 96, 1365, 1215, 83, P0
2026/07/31 18:06:53.310, 240.93, 250.00, 95, 1395, 1215, 83, P0
2026/07/31 18:06:53.510, 223.14, 250.00, 95, 1350, 1215, 83, P0
2026/07/31 18:06:53.711, 228.40, 250.00, 94, 1380, 1215, 83, P0
2026/07/31 18:06:53.912, 228.24, 250.00, 94, 1380, 1215, 82, P0
2026/07/31 18:06:54.112, 225.77, 250.00, 94, 1395, 1215, 83, P0
2026/07/31 18:06:54.313, 241.88, 250.00, 95, 1395, 1215, 83, P0
2026/07/31 18:06:54.513, 234.26, 250.00, 95, 1350, 1215, 83, P0
2026/07/31 18:06:54.714, 249.42, 250.00, 95, 1380, 1215, 83, P0
2026/07/31 18:06:54.914, 234.30, 250.00, 94, 1350, 1215, 83, P0
2026/07/31 18:06:55.115, 253.02, 250.00, 94, 1350, 1215, 83, P0
2026/07/31 18:06:55.315, 239.76, 250.00, 96, 1350, 1215, 83, P0
2026/07/31 18:06:55.516, 239.14, 250.00, 95, 1380, 1215, 83, P0
2026/07/31 18:06:55.716, 236.24, 250.00, 95, 1395, 1215, 83, P0
2026/07/31 18:06:55.917, 225.03, 250.00, 94, 1395, 1215, 83, P0
2026/07/31 18:06:56.118, 241.13, 250.00, 95, 1395, 1215, 83, P0
2026/07/31 18:06:56.318, 241.96, 250.00, 95, 1365, 1215, 83, P0
2026/07/31 18:06:56.519, 238.72, 250.00, 95, 1350, 1215, 83, P0
2026/07/31 18:06:56.720, 237.63, 250.00, 95, 1365, 1215, 83, P0
2026/07/31 18:06:56.920, 224.52, 250.00, 94, 1380, 1215, 83, P0
2026/07/31 18:06:57.121, 230.26, 250.00, 95, 1380, 1215, 83, P0
2026/07/31 18:06:57.321, 234.24, 250.00, 94, 1350, 1215, 83, P0
2026/07/31 18:06:57.522, 231.23, 250.00, 96, 1350, 1215, 83, P0
2026/07/31 18:06:57.722, 241.99, 250.00, 95, 1395, 1215, 83, P0
2026/07/31 18:06:57.923, 248.33, 250.00, 95, 1395, 1215, 83, P0
2026/07/31 18:06:58.123, 239.63, 250.00, 95, 1395, 1215, 83, P0
2026/07/31 18:06:58.324, 235.62, 250.00, 95, 1365, 1215, 83, P0
2026/07/31 18:06:58.524, 234.92, 250.00, 95, 1350, 1215, 83, P0
2026/07/31 18:06:58.725, 239.06, 250.00, 95, 1380, 1215, 83, P0
2026/07/31 18:06:58.925, 246.48, 250.00, 96, 1365, 1215, 83, P0
2026/07/31 18:06:59.125, 241.10, 250.00, 95, 1395, 1215, 83, P0
2026/07/31 18:06:59.326, 253.65, 250.00, 95, 1395, 1215, 83, P0
2026/07/31 18:06:59.526, 228.21, 250.00, 95, 1395, 1215, 83, P0
2026/07/31 18:06:59.727, 236.12, 250.00, 94, 1395, 1215, 83, P0
2026/07/31 18:06:59.928, 249.02, 250.00, 95, 1395, 1215, 83, P0
2026/07/31 18:07:00.129, 240.89, 250.00, 94, 1395, 1215, 83, P0
2026/07/31 18:07:00.330, 248.10, 250.00, 96, 1395, 1215, 83, P0
2026/07/31 18:07:00.533, 239.15, 250.00, 95, 1395, 1215, 83, P0
2026/07/31 18:07:00.733, 254.94, 250.00, 95, 1380, 1215, 83, P0
2026/07/31 18:07:00.934, 236.27, 250.00, 95, 1365, 1215, 83, P0
2026/07/31 18:07:01.136, 231.42, 250.00, 95, 1365, 1215, 83, P0
2026/07/31 18:07:01.337, 245.23, 250.00, 96, 1395, 1215, 83, P0
2026/07/31 18:07:01.538, 232.77, 250.00, 95, 1395, 1215, 83, P0
2026/07/31 18:07:01.738, 243.36, 250.00, 96, 1380, 1215, 83, P0
2026/07/31 18:07:01.939, 240.28, 250.00, 95, 1395, 1215, 83, P0
2026/07/31 18:07:02.139, 249.11, 250.00, 95, 1380, 1215, 83, P0
2026/07/31 18:07:02.340, 242.58, 250.00, 95, 1380, 1215, 83, P0
2026/07/31 18:07:02.540, 241.52, 250.00, 95, 1380, 1215, 83, P0
2026/07/31 18:07:02.741, 241.04, 250.00, 95, 1395, 1215, 83, P0
2026/07/31 18:07:02.941, 235.25, 250.00, 94, 1380, 1215, 83, P0
2026/07/31 18:07:03.142, 240.24, 250.00, 95, 1395, 1215, 83, P0
2026/07/31 18:07:03.342, 241.19, 250.00, 95, 1410, 1215, 83, P0
2026/07/31 18:07:03.543, 254.33, 250.00, 95, 1395, 1215, 83, P0
2026/07/31 18:07:03.743, 242.02, 250.00, 95, 1380, 1215, 83, P0
2026/07/31 18:07:03.944, 257.51, 250.00, 95, 1380, 1215, 83, P0
2026/07/31 18:07:04.144, 242.15, 250.00, 95, 1365, 1215, 83, P0
2026/07/31 18:07:04.345, 237.07, 250.00, 95, 1380, 1215, 83, P0
2026/07/31 18:07:04.545, 240.63, 250.00, 95, 1395, 1215, 83, P0
2026/07/31 18:07:04.746, 239.27, 250.00, 94, 1395, 1215, 83, P0
2026/07/31 18:07:04.946, 254.79, 250.00, 95, 1395, 1215, 83, P0
2026/07/31 18:07:05.147, 243.05, 250.00, 95, 1395, 1215, 83, P0
2026/07/31 18:07:05.347, 261.63, 250.00, 95, 1395, 1215, 83, P0
2026/07/31 18:07:05.548, 235.59, 250.00, 94, 1395, 1215, 83, P0
2026/07/31 18:07:05.748, 244.32, 250.00, 94, 1395, 1215, 83, P0
2026/07/31 18:07:05.949, 244.32, 250.00, 95, 1380, 1215, 83, P0
2026/07/31 18:07:06.149, 238.20, 250.00, 94, 1365, 1215, 83, P0
2026/07/31 18:07:06.350, 238.65, 250.00, 95, 1380, 1215, 83, P0
2026/07/31 18:07:06.550, 233.54, 250.00, 95, 1380, 1215, 83, P0
2026/07/31 18:07:06.751, 245.95, 250.00, 96, 1395, 1215, 83, P0
2026/07/31 18:07:06.952, 242.55, 250.00, 94, 1395, 1215, 83, P0
2026/07/31 18:07:07.389, 249.44, 250.00, 95, 1395, 1215, 84, P0
2026/07/31 18:07:07.589, 240.76, 250.00, 95, 1365, 1215, 83, P0
2026/07/31 18:07:07.790, 256.42, 250.00, 95, 1380, 1215, 83, P0
2026/07/31 18:07:07.990, 245.54, 250.00, 95, 1365, 1215, 83, P0
2026/07/31 18:07:08.190, 247.13, 250.00, 95, 1395, 1215, 83, P0
2026/07/31 18:07:08.391, 240.48, 250.00, 94, 1380, 1215, 83, P0
2026/07/31 18:07:08.592, 247.03, 250.00, 95, 1365, 1215, 83, P0
2026/07/31 18:07:08.793, 242.68, 250.00, 93, 1380, 1215, 83, P0
2026/07/31 18:07:08.994, 246.74, 250.00, 95, 1380, 1215, 83, P0
2026/07/31 18:07:09.194, 236.13, 250.00, 94, 1395, 1215, 83, P0
2026/07/31 18:07:09.395, 230.14, 250.00, 95, 1380, 1215, 83, P0
2026/07/31 18:07:09.595, 234.13, 250.00, 94, 1395, 1215, 83, P0
2026/07/31 18:07:09.795, 247.84, 250.00, 95, 1395, 1215, 84, P0
2026/07/31 18:07:09.996, 248.14, 250.00, 95, 1395, 1215, 83, P0
2026/07/31 18:07:10.196, 234.56, 250.00, 95, 1380, 1215, 83, P0
2026/07/31 18:07:10.397, 234.72, 250.00, 95, 1395, 1215, 83, P0
2026/07/31 18:07:10.597, 240.07, 250.00, 95, 1380, 1215, 83, P0
2026/07/31 18:07:10.798, 249.99, 250.00, 95, 1395, 1215, 84, P0
2026/07/31 18:07:10.998, 244.28, 250.00, 95, 1380, 1215, 84, P0
2026/07/31 18:07:11.199, 249.48, 250.00, 95, 1395, 1215, 83, P0
2026/07/31 18:07:11.399, 245.74, 250.00, 94, 1365, 1215, 83, P0
2026/07/31 18:07:11.600, 249.42, 250.00, 96, 1380, 1215, 83, P0
2026/07/31 18:07:11.800, 234.85, 250.00, 93, 1380, 1215, 83, P0
2026/07/31 18:07:12.001, 244.33, 250.00, 95, 1380, 1215, 83, P0
2026/07/31 18:07:12.201, 244.57, 250.00, 94, 1380, 1215, 84, P0
2026/07/31 18:07:12.402, 259.62, 250.00, 96, 1380, 1215, 84, P0
2026/07/31 18:07:12.602, 242.72, 250.00, 95, 1380, 1215, 84, P0
2026/07/31 18:07:12.803, 235.39, 250.00, 95, 1395, 1215, 84, P0
2026/07/31 18:07:13.003, 228.80, 250.00, 95, 1380, 1215, 83, P0
2026/07/31 18:07:13.204, 243.22, 250.00, 95, 1395, 1215, 83, P0
2026/07/31 18:07:13.404, 243.32, 250.00, 95, 1395, 1215, 84, P0
2026/07/31 18:07:13.605, 242.77, 250.00, 95, 1395, 1215, 83, P0
2026/07/31 18:07:13.805, 252.30, 250.00, 96, 1380, 1215, 84, P0
2026/07/31 18:07:14.006, 246.23, 250.00, 95, 1395, 1215, 84, P0
2026/07/31 18:07:14.206, 241.33, 250.00, 95, 1380, 1215, 83, P0
2026/07/31 18:07:14.407, 241.29, 250.00, 94, 1395, 1215, 83, P0
2026/07/31 18:07:14.607, 252.32, 250.00, 96, 1380, 1215, 84, P0
2026/07/31 18:07:14.808, 241.29, 250.00, 93, 1395, 1215, 83, P0
2026/07/31 18:07:15.008, 257.11, 250.00, 95, 1380, 1215, 84, P0
2026/07/31 18:07:15.208, 244.01, 250.00, 95, 1380, 1215, 84, P0
2026/07/31 18:07:15.409, 234.05, 250.00, 95, 1395, 1215, 84, P0
2026/07/31 18:07:15.611, 235.77, 250.00, 95, 1380, 1215, 84, P0
2026/07/31 18:07:15.814, 243.73, 250.00, 95, 1380, 1215, 84, P0
2026/07/31 18:07:16.015, 242.46, 250.00, 95, 1380, 1215, 84, P0
2026/07/31 18:07:16.219, 243.96, 250.00, 95, 1365, 1215, 84, P0
2026/07/31 18:07:16.421, 218.76, 250.00, 95, 1305, 1215, 83, P0
2026/07/31 18:07:16.621, 211.09, 250.00, 95, 1290, 1215, 82, P0
2026/07/31 18:07:16.822, 209.16, 250.00, 95, 1305, 1215, 82, P0
2026/07/31 18:07:17.022, 209.54, 250.00, 95, 1290, 1215, 82, P0
2026/07/31 18:07:17.223, 206.42, 250.00, 96, 1305, 1215, 82, P0
2026/07/31 18:07:17.423, 207.86, 250.00, 95, 1305, 1215, 82, P0
2026/07/31 18:07:17.624, 203.87, 250.00, 95, 1290, 1215, 82, P0
2026/07/31 18:07:17.824, 208.22, 250.00, 95, 1320, 1215, 82, P0
2026/07/31 18:07:18.025, 206.72, 250.00, 94, 1290, 1215, 82, P0
2026/07/31 18:07:18.225, 222.18, 250.00, 94, 1320, 1215, 82, P0
2026/07/31 18:07:18.426, 208.65, 250.00, 96, 1305, 1215, 82, P0
2026/07/31 18:07:18.626, 216.82, 250.00, 95, 1320, 1215, 81, P0
2026/07/31 18:07:18.827, 207.00, 250.00, 96, 1290, 1215, 82, P0
2026/07/31 18:07:19.027, 217.06, 250.00, 95, 1320, 1215, 81, P0
2026/07/31 18:07:19.228, 208.41, 250.00, 96, 1320, 1215, 81, P0
2026/07/31 18:07:19.428, 221.79, 250.00, 95, 1320, 1215, 82, P0
2026/07/31 18:07:19.629, 214.80, 250.00, 96, 1320, 1215, 82, P0
2026/07/31 18:07:19.829, 221.73, 250.00, 94, 1350, 1215, 82, P0
2026/07/31 18:07:20.030, 219.67, 250.00, 95, 1320, 1215, 82, P0
2026/07/31 18:07:20.230, 234.99, 250.00, 94, 1350, 1215, 82, P0
2026/07/31 18:07:20.431, 228.12, 250.00, 95, 1350, 1215, 82, P0
2026/07/31 18:07:20.631, 229.61, 250.00, 94, 1395, 1215, 82, P0
2026/07/31 18:07:20.832, 237.93, 250.00, 94, 1365, 1215, 83, P0
2026/07/31 18:07:21.033, 237.82, 250.00, 93, 1365, 1215, 83, P0
2026/07/31 18:07:21.233, 235.69, 250.00, 95, 1395, 1215, 83, P0
2026/07/31 18:07:21.433, 239.50, 250.00, 94, 1365, 1215, 83, P0
2026/07/31 18:07:21.634, 239.25, 250.00, 95, 1395, 1215, 83, P0
2026/07/31 18:07:21.834, 245.46, 250.00, 94, 1380, 1215, 83, P0
2026/07/31 18:07:22.035, 236.35, 250.00, 95, 1380, 1215, 83, P0
2026/07/31 18:07:22.236, 246.77, 250.00, 95, 1365, 1215, 83, P0
2026/07/31 18:07:22.436, 236.82, 250.00, 95, 1395, 1215, 83, P0
2026/07/31 18:07:22.636, 245.59, 250.00, 95, 1380, 1215, 83, P0
2026/07/31 18:07:22.837, 237.22, 250.00, 95, 1380, 1215, 83, P0
2026/07/31 18:07:23.037, 244.11, 250.00, 94, 1365, 1215, 83, P0
2026/07/31 18:07:23.238, 234.04, 250.00, 95, 1365, 1215, 83, P0
2026/07/31 18:07:23.438, 251.35, 250.00, 94, 1380, 1215, 83, P0
2026/07/31 18:07:23.639, 226.88, 250.00, 95, 1380, 1215, 83, P0
2026/07/31 18:07:23.839, 240.83, 250.00, 92, 1380, 1215, 83, P0
2026/07/31 18:07:24.040, 235.30, 250.00, 94, 1380, 1215, 83, P0
2026/07/31 18:07:24.240, 241.62, 250.00, 94, 1380, 1215, 83, P0
2026/07/31 18:07:24.441, 242.17, 250.00, 95, 1395, 1215, 83, P0
2026/07/31 18:07:24.641, 246.70, 250.00, 95, 1365, 1215, 83, P0
2026/07/31 18:07:24.842, 231.53, 250.00, 95, 1365, 1215, 83, P0
2026/07/31 18:07:25.042, 233.22, 250.00, 95, 1380, 1215, 83, P0
2026/07/31 18:07:25.243, 241.01, 250.00, 95, 1380, 1215, 83, P0
2026/07/31 18:07:25.444, 237.71, 250.00, 94, 1395, 1215, 83, P0
2026/07/31 18:07:25.644, 241.87, 250.00, 95, 1380, 1215, 83, P0
2026/07/31 18:07:25.845, 240.15, 250.00, 95, 1395, 1215, 83, P0
2026/07/31 18:07:26.045, 260.31, 250.00, 95, 1380, 1215, 83, P0
2026/07/31 18:07:26.245, 243.52, 250.00, 95, 1380, 1215, 83, P0
2026/07/31 18:07:26.446, 240.36, 250.00, 95, 1395, 1215, 83, P0
2026/07/31 18:07:26.646, 243.62, 250.00, 95, 1395, 1215, 83, P0
2026/07/31 18:07:26.847, 248.47, 250.00, 93, 1380, 1215, 84, P0
2026/07/31 18:07:27.048, 244.01, 250.00, 95, 1380, 1215, 83, P0
2026/07/31 18:07:27.248, 241.88, 250.00, 94, 1395, 1215, 83, P0
2026/07/31 18:07:27.449, 243.07, 250.00, 95, 1380, 1215, 84, P0
2026/07/31 18:07:27.649, 241.10, 250.00, 95, 1395, 1215, 83, P0
2026/07/31 18:07:27.849, 249.99, 250.00, 95, 1380, 1215, 84, P0
2026/07/31 18:07:28.050, 238.71, 250.00, 95, 1395, 1215, 84, P0
2026/07/31 18:07:28.251, 249.58, 250.00, 95, 1380, 1215, 84, P0
2026/07/31 18:07:28.451, 240.35, 250.00, 95, 1380, 1215, 83, P0
2026/07/31 18:07:28.652, 255.37, 250.00, 95, 1395, 1215, 84, P0
2026/07/31 18:07:28.852, 238.11, 250.00, 95, 1395, 1215, 83, P0
2026/07/31 18:07:29.053, 248.26, 250.00, 95, 1395, 1215, 83, P0
2026/07/31 18:07:29.253, 238.28, 250.00, 95, 1395, 1215, 84, P0
2026/07/31 18:07:29.454, 259.74, 250.00, 95, 1410, 1215, 84, P0
2026/07/31 18:07:29.654, 234.52, 250.00, 95, 1395, 1215, 83, P0
2026/07/31 18:07:29.855, 249.99, 250.00, 93, 1395, 1215, 83, P0
2026/07/31 18:07:30.055, 240.65, 250.00, 94, 1395, 1215, 84, P0
2026/07/31 18:07:30.256, 260.45, 250.00, 95, 1395, 1215, 84, P0
2026/07/31 18:07:30.456, 244.09, 250.00, 95, 1410, 1215, 84, P0
2026/07/31 18:07:30.657, 243.91, 250.00, 95, 1395, 1215, 84, P0
2026/07/31 18:07:30.857, 241.01, 250.00, 96, 1350, 1215, 84, P0
2026/07/31 18:07:31.058, 221.86, 250.00, 95, 1365, 1215, 83, P0
2026/07/31 18:07:31.258, 227.76, 250.00, 96, 1350, 1215, 83, P0
2026/07/31 18:07:31.459, 221.44, 250.00, 94, 1350, 1215, 83, P0
2026/07/31 18:07:31.659, 227.78, 250.00, 96, 1350, 1215, 83, P0
2026/07/31 18:07:31.860, 222.98, 250.00, 95, 1335, 1215, 83, P0
2026/07/31 18:07:32.060, 237.28, 250.00, 95, 1350, 1215, 83, P0
2026/07/31 18:07:32.261, 228.18, 250.00, 95, 1335, 1215, 83, P0
2026/07/31 18:07:32.461, 230.67, 250.00, 95, 1365, 1215, 83, P0
2026/07/31 18:07:32.662, 223.70, 250.00, 94, 1335, 1215, 83, P0
2026/07/31 18:07:32.862, 233.28, 250.00, 94, 1365, 1215, 83, P0
2026/07/31 18:07:33.063, 227.73, 250.00, 94, 1365, 1215, 83, P0
2026/07/31 18:07:33.264, 233.45, 250.00, 95, 1350, 1215, 83, P0
2026/07/31 18:07:33.465, 225.17, 250.00, 95, 1350, 1215, 83, P0
2026/07/31 18:07:33.665, 241.90, 250.00, 95, 1350, 1215, 83, P0
2026/07/31 18:07:33.866, 225.21, 250.00, 95, 1350, 1215, 83, P0
2026/07/31 18:07:34.066, 231.60, 250.00, 95, 1380, 1215, 83, P0
2026/07/31 18:07:34.267, 235.95, 250.00, 95, 1365, 1215, 83, P0
2026/07/31 18:07:34.467, 231.58, 250.00, 95, 1380, 1215, 83, P0
2026/07/31 18:07:34.668, 244.20, 250.00, 96, 1380, 1215, 83, P0
2026/07/31 18:07:34.868, 235.78, 250.00, 94, 1380, 1215, 83, P0
2026/07/31 18:07:35.069, 242.09, 250.00, 94, 1395, 1215, 83, P0
2026/07/31 18:07:35.269, 237.24, 250.00, 95, 1395, 1215, 83, P0
2026/07/31 18:07:35.470, 253.05, 250.00, 95, 1395, 1215, 83, P0
2026/07/31 18:07:35.670, 236.95, 250.00, 96, 1380, 1215, 83, P0
2026/07/31 18:07:35.871, 250.57, 250.00, 95, 1380, 1215, 83, P0
2026/07/31 18:07:36.071, 232.59, 250.00, 94, 1395, 1215, 83, P0
2026/07/31 18:07:36.272, 253.37, 250.00, 93, 1395, 1215, 83, P0
2026/07/31 18:07:36.472, 238.47, 250.00, 95, 1395, 1215, 83, P0
2026/07/31 18:07:36.672, 246.03, 250.00, 95, 1380, 1215, 83, P0
2026/07/31 18:07:36.873, 246.89, 250.00, 96, 1395, 1215, 84, P0
2026/07/31 18:07:37.073, 241.28, 250.00, 95, 1395, 1215, 84, P0
2026/07/31 18:07:37.392, 241.76, 250.00, 95, 1380, 1215, 84, P0
2026/07/31 18:07:37.593, 243.39, 250.00, 95, 1395, 1215, 83, P0
2026/07/31 18:07:37.796, 239.86, 250.00, 95, 1395, 1215, 84, P0
2026/07/31 18:07:37.997, 248.71, 250.00, 95, 1380, 1215, 83, P0
2026/07/31 18:07:38.198, 240.05, 250.00, 96, 1395, 1215, 84, P0
2026/07/31 18:07:38.399, 250.67, 250.00, 95, 1395, 1215, 84, P0
2026/07/31 18:07:38.599, 242.92, 250.00, 96, 1395, 1215, 84, P0
2026/07/31 18:07:38.800, 253.35, 250.00, 94, 1395, 1215, 84, P0
2026/07/31 18:07:39.001, 242.75, 250.00, 94, 1395, 1215, 84, P0
2026/07/31 18:07:39.202, 240.81, 250.00, 94, 1395, 1215, 84, P0
2026/07/31 18:07:39.402, 244.19, 250.00, 95, 1395, 1215, 84, P0
2026/07/31 18:07:39.603, 242.07, 250.00, 95, 1395, 1215, 84, P0
2026/07/31 18:07:39.803, 238.14, 250.00, 95, 1380, 1215, 84, P0
2026/07/31 18:07:40.004, 240.62, 250.00, 95, 1395, 1215, 84, P0
2026/07/31 18:07:40.204, 257.13, 250.00, 95, 1395, 1215, 84, P0
2026/07/31 18:07:40.405, 210.73, 250.00, 95, 1320, 1215, 83, P0
2026/07/31 18:07:40.605, 225.38, 250.00, 95, 1335, 1215, 83, P0
2026/07/31 18:07:40.807, 216.07, 250.00, 95, 1320, 1215, 82, P0
2026/07/31 18:07:41.008, 228.36, 250.00, 95, 1335, 1215, 82, P0
2026/07/31 18:07:41.209, 216.04, 250.00, 95, 1320, 1215, 82, P0
2026/07/31 18:07:41.409, 231.68, 250.00, 95, 1335, 1215, 82, P0
2026/07/31 18:07:41.609, 218.23, 250.00, 95, 1320, 1215, 82, P0
2026/07/31 18:07:41.810, 214.51, 250.00, 95, 1350, 1215, 82, P0
2026/07/31 18:07:42.011, 213.26, 250.00, 94, 1335, 1215, 82, P0
2026/07/31 18:07:42.211, 228.58, 250.00, 95, 1320, 1215, 82, P0
2026/07/31 18:07:42.412, 217.72, 250.00, 94, 1365, 1215, 82, P0
2026/07/31 18:07:42.612, 231.32, 250.00, 95, 1335, 1215, 82, P0
2026/07/31 18:07:42.813, 219.16, 250.00, 94, 1365, 1215, 82, P0
2026/07/31 18:07:43.013, 234.93, 250.00, 96, 1350, 1215, 83, P0
2026/07/31 18:07:43.214, 225.09, 250.00, 95, 1365, 1215, 82, P0
2026/07/31 18:07:43.414, 230.35, 250.00, 95, 1350, 1215, 82, P0
2026/07/31 18:07:43.615, 224.43, 250.00, 94, 1350, 1215, 82, P0
2026/07/31 18:07:43.815, 233.47, 250.00, 96, 1350, 1215, 83, P0
2026/07/31 18:07:44.016, 227.12, 250.00, 95, 1350, 1215, 83, P0
2026/07/31 18:07:44.216, 230.60, 250.00, 96, 1365, 1215, 82, P0
2026/07/31 18:07:44.417, 226.18, 250.00, 95, 1350, 1215, 83, P0
2026/07/31 18:07:44.617, 229.34, 250.00, 96, 1380, 1215, 83, P0
2026/07/31 18:07:44.818, 232.49, 250.00, 94, 1350, 1215, 83, P0
2026/07/31 18:07:45.019, 231.16, 250.00, 95, 1365, 1215, 83, P0
2026/07/31 18:07:45.219, 229.49, 250.00, 94, 1365, 1215, 83, P0
2026/07/31 18:07:45.419, 233.08, 250.00, 95, 1380, 1215, 83, P0
2026/07/31 18:07:45.620, 231.88, 250.00, 95, 1365, 1215, 83, P0
2026/07/31 18:07:45.820, 242.17, 250.00, 95, 1380, 1215, 83, P0
2026/07/31 18:07:46.021, 234.24, 250.00, 93, 1380, 1215, 83, P0
2026/07/31 18:07:46.221, 239.88, 250.00, 95, 1380, 1215, 83, P0
2026/07/31 18:07:46.422, 236.66, 250.00, 94, 1380, 1215, 83, P0
2026/07/31 18:07:46.622, 242.82, 250.00, 95, 1380, 1215, 83, P0
2026/07/31 18:07:46.823, 234.95, 250.00, 93, 1395, 1215, 83, P0
2026/07/31 18:07:47.023, 247.21, 250.00, 94, 1395, 1215, 83, P0
2026/07/31 18:07:47.224, 255.78, 250.00, 94, 1410, 1215, 83, P0
2026/07/31 18:07:47.424, 241.40, 250.00, 93, 1395, 1215, 84, P0
2026/07/31 18:07:47.625, 248.07, 250.00, 94, 1395, 1215, 84, P0
2026/07/31 18:07:47.825, 244.41, 250.00, 92, 1395, 1215, 84, P0
2026/07/31 18:07:48.026, 249.24, 250.00, 94, 1410, 1215, 84, P0
2026/07/31 18:07:48.226, 241.93, 250.00, 93, 1395, 1215, 84, P0
2026/07/31 18:07:48.427, 248.25, 250.00, 94, 1410, 1215, 84, P0
2026/07/31 18:07:48.627, 257.88, 250.00, 94, 1410, 1215, 84, P0
2026/07/31 18:07:48.828, 243.62, 250.00, 94, 1410, 1215, 84, P0
2026/07/31 18:07:49.028, 252.09, 250.00, 94, 1395, 1215, 84, P0
2026/07/31 18:07:49.229, 240.13, 250.00, 93, 1380, 1215, 84, P0
2026/07/31 18:07:49.429, 257.30, 250.00, 94, 1395, 1215, 84, P0
2026/07/31 18:07:49.630, 239.16, 250.00, 93, 1395, 1215, 84, P0
2026/07/31 18:07:49.830, 253.25, 250.00, 94, 1395, 1215, 84, P0
2026/07/31 18:07:50.031, 238.64, 250.00, 94, 1410, 1215, 84, P0
2026/07/31 18:07:50.231, 243.32, 250.00, 94, 1410, 1215, 84, P0
2026/07/31 18:07:50.432, 239.29, 250.00, 94, 1410, 1215, 84, P0
2026/07/31 18:07:50.632, 246.18, 250.00, 93, 1395, 1215, 84, P0
2026/07/31 18:07:50.833, 246.02, 250.00, 92, 1395, 1215, 84, P0
2026/07/31 18:07:51.033, 239.01, 250.00, 92, 1410, 1215, 84, P0
2026/07/31 18:07:51.234, 237.82, 250.00, 93, 1395, 1215, 84, P0
2026/07/31 18:07:51.435, 245.19, 250.00, 92, 1395, 1215, 84, P0
2026/07/31 18:07:51.635, 249.30, 250.00, 94, 1395, 1215, 84, P0
2026/07/31 18:07:51.836, 255.49, 250.00, 93, 1410, 1215, 84, P0
2026/07/31 18:07:52.036, 242.16, 250.00, 94, 1410, 1215, 84, P0
2026/07/31 18:07:52.237, 246.44, 250.00, 93, 1410, 1215, 84, P0
2026/07/31 18:07:52.437, 240.75, 250.00, 94, 1395, 1215, 84, P0
2026/07/31 18:07:52.637, 217.32, 250.00, 94, 1320, 1215, 83, P0
2026/07/31 18:07:52.838, 228.05, 250.00, 93, 1320, 1215, 83, P0
2026/07/31 18:07:53.038, 221.59, 250.00, 94, 1335, 1215, 83, P0
2026/07/31 18:07:53.239, 223.38, 250.00, 93, 1335, 1215, 82, P0
2026/07/31 18:07:53.439, 209.29, 250.00, 94, 1350, 1215, 82, P0
2026/07/31 18:07:53.640, 221.99, 250.00, 94, 1350, 1215, 82, P0
2026/07/31 18:07:53.840, 232.93, 250.00, 93, 1335, 1215, 82, P0
2026/07/31 18:07:54.041, 216.43, 250.00, 94, 1350, 1215, 82, P0
2026/07/31 18:07:54.241, 222.46, 250.00, 93, 1335, 1215, 82, P0
2026/07/31 18:07:54.442, 215.35, 250.00, 93, 1350, 1215, 83, P0
2026/07/31 18:07:54.642, 226.66, 250.00, 94, 1335, 1215, 82, P0
2026/07/31 18:07:54.843, 226.65, 250.00, 93, 1365, 1215, 82, P0
2026/07/31 18:07:55.043, 216.49, 250.00, 94, 1350, 1215, 82, P0
2026/07/31 18:07:55.244, 222.40, 250.00, 94, 1365, 1215, 82, P0
2026/07/31 18:07:55.444, 210.77, 250.00, 94, 1350, 1215, 82, P0
2026/07/31 18:07:55.645, 225.96, 250.00, 94, 1350, 1215, 82, P0
2026/07/31 18:07:55.845, 221.54, 250.00, 92, 1365, 1215, 82, P0
2026/07/31 18:07:56.046, 226.49, 250.00, 94, 1365, 1215, 83, P0
2026/07/31 18:07:56.246, 230.89, 250.00, 94, 1350, 1215, 82, P0
2026/07/31 18:07:56.446, 228.72, 250.00, 94, 1350, 1215, 83, P0
2026/07/31 18:07:56.647, 234.31, 250.00, 94, 1365, 1215, 83, P0
2026/07/31 18:07:56.848, 242.60, 250.00, 93, 1365, 1215, 83, P0
2026/07/31 18:07:57.048, 233.96, 250.00, 94, 1380, 1215, 83, P0
2026/07/31 18:07:57.249, 237.59, 250.00, 93, 1395, 1215, 83, P0
2026/07/31 18:07:57.449, 241.20, 250.00, 95, 1395, 1215, 83, P0
2026/07/31 18:07:57.650, 236.33, 250.00, 95, 1380, 1215, 83, P0
2026/07/31 18:07:57.850, 240.74, 250.00, 95, 1395, 1215, 83, P0
2026/07/31 18:07:58.051, 239.25, 250.00, 95, 1350, 1215, 83, P0
2026/07/31 18:07:58.251, 230.22, 250.00, 94, 1350, 1215, 83, P0
2026/07/31 18:07:58.452, 243.52, 250.00, 95, 1350, 1215, 83, P0
2026/07/31 18:07:58.652, 225.11, 250.00, 95, 1350, 1215, 83, P0
2026/07/31 18:07:58.853, 234.46, 250.00, 95, 1350, 1215, 83, P0
2026/07/31 18:07:59.053, 229.04, 250.00, 95, 1365, 1215, 83, P0
2026/07/31 18:07:59.254, 232.99, 250.00, 95, 1350, 1215, 83, P0
2026/07/31 18:07:59.454, 229.68, 250.00, 94, 1365, 1215, 83, P0
2026/07/31 18:07:59.655, 227.68, 250.00, 95, 1365, 1215, 83, P0
2026/07/31 18:07:59.855, 235.10, 250.00, 94, 1365, 1215, 83, P0
2026/07/31 18:08:00.056, 238.61, 250.00, 93, 1380, 1215, 83, P0
2026/07/31 18:08:00.257, 225.49, 250.00, 94, 1350, 1215, 83, P0
2026/07/31 18:08:00.457, 225.60, 250.00, 95, 1380, 1215, 83, P0
2026/07/31 18:08:00.658, 230.52, 250.00, 94, 1395, 1215, 83, P0
2026/07/31 18:08:00.858, 227.89, 250.00, 95, 1380, 1215, 83, P0
2026/07/31 18:08:01.058, 231.67, 250.00, 95, 1380, 1215, 83, P0
2026/07/31 18:08:01.259, 231.89, 250.00, 96, 1395, 1215, 83, P0
2026/07/31 18:08:01.459, 233.63, 250.00, 95, 1395, 1215, 83, P0
2026/07/31 18:08:01.660, 241.38, 250.00, 96, 1395, 1215, 83, P0
2026/07/31 18:08:01.860, 234.26, 250.00, 94, 1395, 1215, 83, P0
2026/07/31 18:08:02.061, 238.04, 250.00, 96, 1380, 1215, 83, P0
2026/07/31 18:08:02.262, 233.03, 250.00, 94, 1380, 1215, 83, P0
2026/07/31 18:08:02.462, 242.93, 250.00, 95, 1395, 1215, 83, P0
2026/07/31 18:08:02.662, 232.03, 250.00, 95, 1380, 1215, 83, P0
2026/07/31 18:08:02.863, 238.69, 250.00, 95, 1365, 1215, 83, P0
2026/07/31 18:08:03.064, 241.43, 250.00, 94, 1380, 1215, 83, P0
2026/07/31 18:08:03.264, 237.12, 250.00, 94, 1365, 1215, 83, P0
2026/07/31 18:08:03.465, 235.16, 250.00, 94, 1380, 1215, 83, P0
2026/07/31 18:08:03.665, 236.08, 250.00, 95, 1365, 1215, 83, P0
2026/07/31 18:08:03.866, 233.23, 250.00, 95, 1380, 1215, 83, P0
2026/07/31 18:08:04.066, 236.64, 250.00, 95, 1365, 1215, 83, P0
2026/07/31 18:08:04.267, 231.67, 250.00, 95, 1365, 1215, 83, P0
2026/07/31 18:08:04.467, 236.94, 250.00, 95, 1380, 1215, 83, P0
2026/07/31 18:08:04.667, 230.42, 250.00, 95, 1365, 1215, 83, P0
2026/07/31 18:08:04.868, 232.35, 250.00, 95, 1380, 1215, 83, P0
2026/07/31 18:08:05.068, 235.03, 250.00, 95, 1365, 1215, 83, P0
2026/07/31 18:08:05.269, 235.99, 250.00, 95, 1365, 1215, 83, P0
2026/07/31 18:08:05.470, 235.00, 250.00, 95, 1365, 1215, 83, P0
2026/07/31 18:08:05.670, 80.51, 250.00, 85, 1410, 1215, 80, P0
2026/07/31 18:08:05.870, 79.35, 250.00, 0, 1410, 1215, 79, P0
2026/07/31 18:08:06.071, 78.49, 250.00, 0, 1410, 1215, 78, P0
2026/07/31 18:08:06.271, 77.71, 250.00, 0, 1410, 1215, 77, P0
2026/07/31 18:08:06.471, 77.34, 250.00, 0, 1410, 1215, 77, P0
2026/07/31 18:08:06.672, 77.17, 250.00, 0, 1410, 1215, 76, P0
2026/07/31 18:08:06.872, 76.57, 250.00, 0, 1410, 1215, 76, P0
2026/07/31 18:08:07.072, 76.28, 250.00, 0, 1410, 1215, 76, P0
2026/07/31 18:08:07.273, 76.09, 250.00, 0, 1410, 1215, 76, P0
2026/07/31 18:08:07.473, 54.04, 250.00, 0, 1140, 1215, 75, P0
2026/07/31 18:08:07.673, 53.10, 250.00, 0, 1140, 1215, 74, P0
2026/07/31 18:08:07.874, 52.83, 250.00, 0, 1140, 1215, 74, P0
2026/07/31 18:08:08.074, 52.76, 250.00, 0, 1140, 1215, 74, P0
2026/07/31 18:08:08.274, 52.57, 250.00, 0, 1140, 1215, 73, P0
2026/07/31 18:08:08.475, 52.28, 250.00, 0, 1140, 1215, 73, P0
2026/07/31 18:08:08.675, 52.21, 250.00, 0, 1140, 1215, 73, P0
2026/07/31 18:08:08.875, 52.10, 250.00, 0, 1140, 1215, 73, P0
2026/07/31 18:08:09.076, 52.24, 250.00, 0, 1140, 1215, 73, P0
2026/07/31 18:08:09.276, 52.18, 250.00, 0, 1140, 1215, 72, P0
2026/07/31 18:08:09.476, 51.92, 250.00, 0, 1140, 1215, 72, P0
2026/07/31 18:08:09.677, 52.04, 250.00, 0, 1140, 1215, 72, P0
2026/07/31 18:08:09.877, 51.75, 250.00, 0, 1140, 1215, 72, P0
2026/07/31 18:08:10.078, 51.58, 250.00, 0, 1140, 1215, 72, P0
2026/07/31 18:08:10.278, 51.55, 250.00, 0, 1140, 1215, 72, P0
2026/07/31 18:08:10.478, 51.39, 250.00, 0, 1140, 1215, 72, P0
2026/07/31 18:08:10.679, 51.29, 250.00, 0, 1140, 1215, 71, P0
2026/07/31 18:08:10.879, 51.08, 250.00, 0, 1140, 1215, 71, P0
2026/07/31 18:08:11.080, 50.99, 250.00, 0, 1140, 1215, 71, P0
2026/07/31 18:08:11.280, 50.99, 250.00, 0, 1140, 1215, 71, P0
2026/07/31 18:08:11.480, 50.78, 250.00, 0, 1140, 1215, 71, P0
2026/07/31 18:08:11.681, 50.89, 250.00, 0, 1140, 1215, 71, P0
2026/07/31 18:08:11.881, 50.73, 250.00, 0, 1140, 1215, 71, P0
2026/07/31 18:08:12.081, 50.59, 250.00, 0, 1140, 1215, 70, P0
2026/07/31 18:08:12.282, 50.49, 250.00, 0, 1140, 1215, 70, P0
2026/07/31 18:08:12.482, 50.36, 250.00, 0, 1140, 1215, 70, P0
2026/07/31 18:08:12.683, 50.36, 250.00, 0, 1140, 1215, 70, P0
2026/07/31 18:08:12.883, 50.29, 250.00, 0, 1140, 1215, 70, P0
2026/07/31 18:08:13.083, 50.17, 250.00, 0, 1140, 1215, 70, P0
2026/07/31 18:08:13.284, 50.00, 250.00, 0, 1140, 1215, 70, P0
2026/07/31 18:08:13.484, 50.00, 250.00, 0, 1140, 1215, 70, P0
2026/07/31 18:08:13.685, 49.90, 250.00, 0, 1140, 1215, 70, P0
2026/07/31 18:08:13.885, 49.81, 250.00, 0, 1140, 1215, 69, P0
2026/07/31 18:08:14.085, 49.78, 250.00, 0, 1140, 1215, 69, P0
2026/07/31 18:08:14.286, 49.71, 250.00, 0, 1140, 1215, 69, P0
2026/07/31 18:08:14.486, 49.71, 250.00, 0, 1140, 1215, 69, P0
2026/07/31 18:08:14.686, 49.61, 250.00, 0, 1140, 1215, 69, P0
2026/07/31 18:08:14.887, 49.49, 250.00, 0, 1140, 1215, 69, P0
2026/07/31 18:08:15.087, 49.39, 250.00, 0, 1140, 1215, 69, P0
2026/07/31 18:08:15.288, 49.32, 250.00, 0, 1140, 1215, 69, P0
2026/07/31 18:08:15.488, 49.28, 250.00, 0, 1140, 1215, 69, P0
2026/07/31 18:08:15.688, 49.32, 250.00, 0, 1140, 1215, 69, P0
2026/07/31 18:08:15.889, 49.12, 250.00, 0, 1140, 1215, 68, P0
2026/07/31 18:08:16.089, 49.05, 250.00, 0, 1140, 1215, 68, P0
2026/07/31 18:08:16.290, 49.02, 250.00, 0, 1140, 1215, 68, P0
2026/07/31 18:08:16.490, 49.01, 250.00, 0, 1140, 1215, 68, P0
2026/07/31 18:08:16.690, 48.83, 250.00, 0, 1140, 1215, 68, P0
2026/07/31 18:08:16.891, 49.32, 250.00, 0, 1140, 1215, 68, P0
2026/07/31 18:08:17.091, 49.32, 250.00, 0, 1140, 1215, 68, P0
2026/07/31 18:08:17.291, 49.12, 250.00, 0, 1140, 1215, 68, P0
2026/07/31 18:08:17.492, 49.12, 250.00, 0, 1140, 1215, 68, P0
2026/07/31 18:08:17.692, 49.02, 250.00, 0, 1140, 1215, 68, P0
2026/07/31 18:08:17.893, 48.81, 250.00, 0, 1140, 1215, 68, P0
2026/07/31 18:08:18.093, 48.90, 250.00, 0, 1140, 1215, 67, P0
2026/07/31 18:08:18.293, 48.68, 250.00, 0, 1140, 1215, 67, P0
2026/07/31 18:08:18.494, 48.71, 250.00, 0, 1140, 1215, 67, P0
2026/07/31 18:08:18.694, 48.71, 250.00, 0, 1140, 1215, 67, P0
2026/07/31 18:08:18.895, 48.52, 250.00, 0, 1140, 1215, 67, P0
2026/07/31 18:08:19.095, 48.52, 250.00, 0, 1140, 1215, 67, P0
2026/07/31 18:08:19.295, 48.44, 250.00, 0, 1140, 1215, 67, P0
2026/07/31 18:08:19.496, 48.44, 250.00, 0, 1140, 1215, 67, P0
2026/07/31 18:08:19.696, 48.34, 250.00, 0, 1140, 1215, 67, P0
2026/07/31 18:08:19.896, 48.23, 250.00, 0, 1140, 1215, 67, P0
2026/07/31 18:08:20.097, 48.23, 250.00, 0, 1140, 1215, 67, P0
2026/07/31 18:08:20.297, 48.14, 250.00, 0, 1140, 1215, 66, P0
2026/07/31 18:08:20.498, 48.14, 250.00, 0, 1140, 1215, 66, P0
2026/07/31 18:08:20.698, 48.05, 250.00, 0, 1140, 1215, 66, P0
2026/07/31 18:08:20.898, 48.06, 250.00, 0, 1140, 1215, 66, P0
2026/07/31 18:08:21.100, 47.99, 250.00, 0, 1140, 1215, 66, P0
2026/07/31 18:08:21.302, 47.94, 250.00, 0, 1140, 1215, 66, P0
2026/07/31 18:08:21.503, 47.84, 250.00, 0, 1140, 1215, 66, P0
2026/07/31 18:08:21.704, 47.85, 250.00, 0, 1140, 1215, 66, P0
2026/07/31 18:08:21.905, 47.76, 250.00, 0, 1140, 1215, 66, P0
2026/07/31 18:08:22.105, 47.56, 250.00, 0, 1140, 1215, 66, P0
2026/07/31 18:08:22.306, 47.63, 250.00, 0, 1140, 1215, 66, P0
2026/07/31 18:08:22.506, 47.56, 250.00, 0, 1140, 1215, 66, P0
2026/07/31 18:08:22.706, 47.56, 250.00, 0, 1140, 1215, 65, P0
2026/07/31 18:08:22.907, 47.55, 250.00, 0, 1140, 1215, 65, P0
2026/07/31 18:08:23.108, 47.45, 250.00, 0, 1140, 1215, 65, P0
2026/07/31 18:08:23.308, 47.35, 250.00, 0, 1140, 1215, 65, P0
2026/07/31 18:08:23.508, 47.24, 250.00, 0, 1140, 1215, 65, P0
2026/07/31 18:08:23.709, 47.31, 250.00, 0, 1140, 1215, 65, P0
2026/07/31 18:08:23.909, 47.32, 250.00, 0, 1140, 1215, 65, P0
2026/07/31 18:08:24.110, 47.15, 250.00, 0, 1140, 1215, 65, P0
2026/07/31 18:08:24.310, 47.14, 250.00, 0, 1140, 1215, 65, P0
2026/07/31 18:08:24.510, 47.06, 250.00, 0, 1140, 1215, 65, P0
2026/07/31 18:08:24.711, 47.15, 250.00, 0, 1140, 1215, 65, P0
2026/07/31 18:08:24.911, 47.08, 250.00, 0, 1140, 1215, 65, P0
2026/07/31 18:08:25.112, 46.95, 250.00, 0, 1140, 1215, 65, P0
2026/07/31 18:08:25.312, 46.85, 250.00, 0, 1140, 1215, 64, P0
2026/07/31 18:08:25.512, 46.88, 250.00, 0, 1140, 1215, 64, P0
2026/07/31 18:08:25.713, 46.78, 250.00, 0, 1140, 1215, 64, P0
2026/07/31 18:08:25.913, 46.76, 250.00, 0, 1140, 1215, 64, P0
2026/07/31 18:08:26.113, 46.77, 250.00, 0, 1140, 1215, 64, P0
2026/07/31 18:08:26.314, 46.78, 250.00, 0, 1140, 1215, 64, P0
2026/07/31 18:08:26.514, 46.66, 250.00, 0, 1140, 1215, 64, P0
2026/07/31 18:08:26.714, 46.63, 250.00, 0, 1140, 1215, 64, P0
2026/07/31 18:08:26.915, 46.57, 250.00, 0, 1140, 1215, 64, P0
2026/07/31 18:08:27.115, 46.78, 250.00, 0, 1140, 1215, 64, P0
2026/07/31 18:08:27.316, 46.82, 250.00, 0, 1140, 1215, 64, P0
2026/07/31 18:08:27.516, 46.75, 250.00, 0, 1140, 1215, 64, P0
2026/07/31 18:08:27.717, 46.67, 250.00, 5, 1140, 1215, 64, P0
2026/07/31 18:08:27.917, 46.68, 250.00, 0, 1140, 1215, 63, P0
2026/07/31 18:08:28.118, 46.57, 250.00, 0, 1140, 1215, 63, P0
2026/07/31 18:08:28.318, 46.45, 250.00, 0, 1140, 1215, 63, P0
2026/07/31 18:08:28.518, 46.44, 250.00, 0, 1140, 1215, 64, P0
2026/07/31 18:08:28.719, 216.62, 250.00, 55, 1275, 1215, 71, P0
2026/07/31 18:08:28.919, 252.55, 250.00, 100, 1275, 1215, 73, P0
2026/07/31 18:08:29.119, 253.45, 250.00, 96, 1275, 1215, 74, P0
2026/07/31 18:08:29.320, 250.18, 250.00, 100, 1275, 1215, 75, P0
2026/07/31 18:08:29.520, 202.32, 250.00, 99, 1395, 1215, 73, P0
2026/07/31 18:08:29.721, 238.06, 250.00, 95, 1410, 1215, 72, P0
2026/07/31 18:08:29.921, 229.17, 250.00, 95, 1410, 1215, 72, P0
2026/07/31 18:08:30.122, 245.27, 250.00, 95, 1410, 1215, 72, P0
2026/07/31 18:08:30.322, 229.91, 250.00, 94, 1410, 1215, 72, P0
2026/07/31 18:08:30.523, 236.38, 250.00, 95, 1410, 1215, 72, P0
2026/07/31 18:08:30.723, 229.42, 250.00, 94, 1410, 1215, 72, P0
2026/07/31 18:08:30.924, 229.89, 250.00, 95, 1410, 1215, 72, P0
2026/07/31 18:08:31.124, 231.05, 250.00, 95, 1410, 1215, 72, P0
2026/07/31 18:08:31.325, 230.77, 250.00, 96, 1410, 1215, 72, P0
2026/07/31 18:08:31.525, 241.49, 250.00, 95, 1410, 1215, 73, P0
2026/07/31 18:08:31.726, 231.05, 250.00, 95, 1410, 1215, 73, P0
2026/07/31 18:08:31.926, 244.41, 250.00, 95, 1410, 1215, 73, P0
2026/07/31 18:08:32.127, 231.63, 250.00, 95, 1410, 1215, 73, P0
2026/07/31 18:08:32.327, 233.92, 250.00, 95, 1410, 1215, 73, P0
2026/07/31 18:08:32.528, 232.16, 250.00, 95, 1410, 1215, 73, P0
2026/07/31 18:08:32.728, 232.76, 250.00, 96, 1410, 1215, 73, P0
2026/07/31 18:08:32.928, 237.25, 250.00, 95, 1410, 1215, 73, P0
2026/07/31 18:08:33.129, 232.57, 250.00, 96, 1410, 1215, 73, P0
2026/07/31 18:08:33.329, 241.18, 250.00, 94, 1410, 1215, 73, P0
2026/07/31 18:08:33.530, 231.53, 250.00, 94, 1410, 1215, 73, P0
2026/07/31 18:08:33.730, 237.65, 250.00, 94, 1410, 1215, 73, P0
2026/07/31 18:08:33.931, 233.21, 250.00, 95, 1410, 1215, 73, P0
2026/07/31 18:08:34.131, 247.95, 250.00, 95, 1410, 1215, 73, P0
2026/07/31 18:08:34.332, 232.11, 250.00, 95, 1410, 1215, 74, P0
2026/07/31 18:08:34.532, 235.01, 250.00, 95, 1410, 1215, 74, P0
2026/07/31 18:08:34.733, 232.79, 250.00, 95, 1410, 1215, 74, P0
2026/07/31 18:08:34.933, 233.07, 250.00, 96, 1410, 1215, 74, P0
2026/07/31 18:08:35.134, 232.68, 250.00, 95, 1410, 1215, 74, P0
2026/07/31 18:08:35.334, 233.72, 250.00, 96, 1410, 1215, 74, P0
2026/07/31 18:08:35.535, 241.28, 250.00, 95, 1410, 1215, 74, P0
2026/07/31 18:08:35.735, 232.20, 250.00, 95, 1410, 1215, 74, P0
2026/07/31 18:08:35.936, 244.03, 250.00, 94, 1410, 1215, 74, P0
2026/07/31 18:08:36.136, 233.64, 250.00, 95, 1410, 1215, 74, P0
2026/07/31 18:08:36.337, 245.85, 250.00, 95, 1410, 1215, 74, P0
2026/07/31 18:08:36.537, 232.17, 250.00, 95, 1410, 1215, 74, P0
2026/07/31 18:08:36.738, 246.16, 250.00, 94, 1410, 1215, 74, P0
2026/07/31 18:08:36.938, 232.59, 250.00, 94, 1410, 1215, 74, P0
2026/07/31 18:08:37.139, 249.98, 250.00, 94, 1410, 1215, 74, P0
2026/07/31 18:08:37.339, 233.55, 250.00, 95, 1410, 1215, 74, P0
2026/07/31 18:08:37.539, 233.93, 250.00, 95, 1410, 1215, 74, P0
2026/07/31 18:08:37.740, 233.40, 250.00, 94, 1410, 1215, 74, P0
2026/07/31 18:08:37.940, 233.64, 250.00, 95, 1410, 1215, 74, P0
2026/07/31 18:08:38.141, 233.94, 250.00, 94, 1410, 1215, 74, P0
2026/07/31 18:08:38.341, 234.88, 250.00, 95, 1410, 1215, 75, P0
2026/07/31 18:08:38.542, 234.60, 250.00, 95, 1410, 1215, 75, P0
2026/07/31 18:08:38.742, 234.43, 250.00, 96, 1410, 1215, 75, P0
2026/07/31 18:08:38.943, 240.81, 250.00, 94, 1410, 1215, 75, P0
2026/07/31 18:08:39.143, 234.70, 250.00, 96, 1410, 1215, 75, P0
2026/07/31 18:08:39.344, 242.59, 250.00, 94, 1410, 1215, 75, P0
2026/07/31 18:08:39.544, 231.19, 250.00, 94, 1410, 1215, 75, P0
2026/07/31 18:08:39.745, 239.85, 250.00, 94, 1410, 1215, 75, P0
2026/07/31 18:08:39.945, 234.51, 250.00, 95, 1410, 1215, 75, P0
2026/07/31 18:08:40.146, 240.51, 250.00, 94, 1410, 1215, 75, P0
2026/07/31 18:08:40.346, 234.60, 250.00, 95, 1410, 1215, 75, P0
2026/07/31 18:08:40.547, 247.37, 250.00, 94, 1410, 1215, 75, P0
2026/07/31 18:08:40.747, 233.56, 250.00, 95, 1410, 1215, 75, P0
2026/07/31 18:08:40.948, 241.21, 250.00, 95, 1410, 1215, 75, P0
2026/07/31 18:08:41.148, 235.16, 250.00, 95, 1410, 1215, 75, P0
2026/07/31 18:08:41.349, 251.05, 250.00, 95, 1410, 1215, 75, P0
2026/07/31 18:08:41.549, 234.90, 250.00, 95, 1410, 1215, 75, P0
2026/07/31 18:08:41.750, 232.04, 250.00, 95, 1410, 1215, 75, P0
2026/07/31 18:08:41.950, 275.72, 250.00, 91, 1260, 1215, 78, P0
2026/07/31 18:08:42.151, 255.79, 250.00, 100, 1275, 1215, 79, P0
2026/07/31 18:08:42.351, 207.37, 250.00, 98, 1305, 1215, 78, P0
2026/07/31 18:08:42.552, 247.66, 250.00, 97, 1275, 1215, 80, P0
2026/07/31 18:08:42.752, 232.99, 250.00, 100, 1245, 1215, 79, P0
2026/07/31 18:08:42.953, 244.89, 250.00, 95, 1395, 1215, 76, P0
2026/07/31 18:08:43.153, 247.86, 250.00, 95, 1410, 1215, 76, P0
2026/07/31 18:08:43.354, 238.01, 250.00, 95, 1410, 1215, 76, P0
2026/07/31 18:08:43.555, 248.54, 250.00, 95, 1410, 1215, 76, P0
2026/07/31 18:08:43.755, 237.81, 250.00, 95, 1410, 1215, 76, P0
2026/07/31 18:08:43.955, 255.29, 250.00, 94, 1410, 1215, 76, P0
2026/07/31 18:08:44.156, 237.84, 250.00, 95, 1410, 1215, 76, P0
2026/07/31 18:08:44.356, 234.02, 250.00, 94, 1410, 1215, 76, P0
2026/07/31 18:08:44.557, 238.78, 250.00, 95, 1410, 1215, 76, P0
2026/07/31 18:08:44.757, 239.80, 250.00, 95, 1410, 1215, 76, P0
2026/07/31 18:08:44.958, 245.21, 250.00, 94, 1410, 1215, 76, P0
2026/07/31 18:08:45.158, 239.25, 250.00, 95, 1410, 1215, 76, P0
2026/07/31 18:08:45.359, 245.67, 250.00, 94, 1410, 1215, 76, P0
2026/07/31 18:08:45.559, 235.43, 250.00, 94, 1410, 1215, 76, P0
2026/07/31 18:08:45.760, 248.64, 250.00, 94, 1410, 1215, 76, P0
2026/07/31 18:08:45.960, 238.56, 250.00, 95, 1410, 1215, 76, P0
2026/07/31 18:08:46.161, 253.74, 250.00, 94, 1410, 1215, 76, P0
2026/07/31 18:08:46.361, 239.24, 250.00, 96, 1410, 1215, 76, P0
2026/07/31 18:08:46.562, 239.17, 250.00, 94, 1410, 1215, 76, P0
2026/07/31 18:08:46.762, 238.80, 250.00, 95, 1410, 1215, 76, P0
2026/07/31 18:08:46.963, 238.62, 250.00, 95, 1410, 1215, 76, P0
2026/07/31 18:08:47.163, 241.57, 250.00, 95, 1410, 1215, 76, P0
2026/07/31 18:08:47.364, 239.36, 250.00, 95, 1410, 1215, 76, P0
2026/07/31 18:08:47.564, 252.36, 250.00, 95, 1410, 1215, 76, P0
2026/07/31 18:08:47.765, 238.31, 250.00, 94, 1410, 1215, 76, P0
2026/07/31 18:08:47.965, 243.49, 250.00, 95, 1410, 1215, 76, P0
2026/07/31 18:08:48.165, 239.25, 250.00, 94, 1410, 1215, 76, P0
2026/07/31 18:08:48.366, 250.10, 250.00, 95, 1410, 1215, 76, P0
2026/07/31 18:08:48.566, 235.88, 250.00, 94, 1410, 1215, 77, P0
2026/07/31 18:08:48.767, 250.87, 250.00, 95, 1410, 1215, 77, P0
2026/07/31 18:08:48.967, 238.97, 250.00, 94, 1410, 1215, 77, P0
2026/07/31 18:08:49.168, 255.76, 250.00, 95, 1410, 1215, 77, P0
2026/07/31 18:08:49.368, 239.46, 250.00, 94, 1410, 1215, 77, P0
2026/07/31 18:08:49.569, 240.11, 250.00, 96, 1410, 1215, 77, P0
2026/07/31 18:08:49.769, 239.19, 250.00, 95, 1410, 1215, 77, P0
2026/07/31 18:08:49.970, 239.56, 250.00, 95, 1410, 1215, 77, P0
2026/07/31 18:08:50.170, 239.58, 250.00, 95, 1410, 1215, 77, P0
2026/07/31 18:08:50.371, 239.96, 250.00, 95, 1410, 1215, 77, P0
2026/07/31 18:08:50.571, 248.64, 250.00, 95, 1410, 1215, 77, P0
2026/07/31 18:08:50.772, 239.55, 250.00, 95, 1410, 1215, 77, P0
2026/07/31 18:08:50.972, 248.21, 250.00, 95, 1410, 1215, 77, P0
2026/07/31 18:08:51.173, 238.56, 250.00, 95, 1410, 1215, 77, P0
2026/07/31 18:08:51.373, 246.56, 250.00, 95, 1410, 1215, 77, P0
2026/07/31 18:08:51.574, 234.04, 250.00, 94, 1410, 1215, 77, P0
2026/07/31 18:08:51.775, 248.95, 250.00, 93, 1410, 1215, 77, P0
2026/07/31 18:08:51.975, 239.05, 250.00, 94, 1410, 1215, 77, P0
2026/07/31 18:08:52.175, 247.64, 250.00, 95, 1410, 1215, 77, P0
2026/07/31 18:08:52.376, 240.32, 250.00, 94, 1410, 1215, 77, P0
2026/07/31 18:08:52.576, 251.44, 250.00, 95, 1410, 1215, 77, P0
2026/07/31 18:08:52.777, 239.04, 250.00, 94, 1410, 1215, 77, P0
2026/07/31 18:08:52.977, 247.16, 250.00, 94, 1410, 1215, 77, P0
2026/07/31 18:08:53.178, 240.29, 250.00, 94, 1410, 1215, 77, P0
2026/07/31 18:08:53.378, 250.78, 250.00, 95, 1410, 1215, 77, P0
2026/07/31 18:08:53.578, 239.47, 250.00, 94, 1410, 1215, 77, P0
2026/07/31 18:08:53.779, 254.88, 250.00, 95, 1410, 1215, 77, P0
2026/07/31 18:08:53.979, 238.84, 250.00, 94, 1410, 1215, 77, P0
2026/07/31 18:08:54.180, 253.46, 250.00, 95, 1410, 1215, 77, P0
2026/07/31 18:08:54.380, 239.48, 250.00, 94, 1410, 1215, 77, P0
2026/07/31 18:08:54.581, 251.42, 250.00, 95, 1410, 1215, 77, P0
2026/07/31 18:08:54.781, 239.18, 250.00, 93, 1410, 1215, 77, P0
2026/07/31 18:08:54.982, 252.79, 250.00, 95, 1410, 1215, 77, P0
2026/07/31 18:08:55.182, 239.00, 250.00, 94, 1410, 1215, 77, P0
2026/07/31 18:08:55.383, 253.65, 250.00, 95, 1410, 1215, 78, P0
2026/07/31 18:08:55.583, 240.79, 250.00, 94, 1410, 1215, 78, P0
2026/07/31 18:08:55.784, 314.78, 250.00, 95, 1260, 1215, 80, P0
2026/07/31 18:08:55.984, 258.72, 250.00, 94, 1260, 1215, 81, P0
2026/07/31 18:08:56.184, 222.85, 250.00, 100, 1320, 1215, 80, P0
2026/07/31 18:08:56.385, 243.43, 250.00, 95, 1245, 1215, 81, P0
2026/07/31 18:08:56.585, 241.80, 250.00, 100, 1245, 1215, 81, P0
2026/07/31 18:08:56.786, 201.19, 250.00, 97, 1410, 1215, 78, P0
2026/07/31 18:08:56.986, 214.18, 250.00, 72, 1410, 1215, 77, P0
2026/07/31 18:08:57.187, 253.93, 250.00, 78, 1410, 1215, 78, P0
2026/07/31 18:08:57.387, 239.90, 250.00, 93, 1410, 1215, 78, P0
2026/07/31 18:08:57.588, 254.40, 250.00, 95, 1410, 1215, 78, P0
2026/07/31 18:08:57.788, 239.81, 250.00, 93, 1410, 1215, 78, P0
2026/07/31 18:08:57.988, 246.90, 250.00, 95, 1410, 1215, 78, P0
2026/07/31 18:08:58.189, 239.46, 250.00, 95, 1410, 1215, 78, P0
2026/07/31 18:08:58.389, 232.42, 250.00, 95, 1410, 1215, 78, P0
2026/07/31 18:08:58.590, 240.65, 250.00, 94, 1410, 1215, 78, P0
2026/07/31 18:08:58.790, 241.79, 250.00, 95, 1410, 1215, 78, P0
2026/07/31 18:08:58.991, 248.18, 250.00, 95, 1410, 1215, 78, P0
2026/07/31 18:08:59.191, 240.82, 250.00, 95, 1410, 1215, 78, P0
2026/07/31 18:08:59.392, 250.00, 250.00, 95, 1410, 1215, 78, P0
2026/07/31 18:08:59.592, 241.28, 250.00, 94, 1410, 1215, 78, P0
2026/07/31 18:08:59.793, 253.65, 250.00, 96, 1410, 1215, 78, P0
2026/07/31 18:08:59.993, 240.98, 250.00, 95, 1410, 1215, 78, P0
2026/07/31 18:09:00.194, 242.23, 250.00, 95, 1410, 1215, 78, P0
2026/07/31 18:09:00.394, 240.92, 250.00, 95, 1410, 1215, 78, P0
2026/07/31 18:09:00.595, 237.59, 250.00, 95, 1410, 1215, 78, P0
2026/07/31 18:09:00.795, 242.27, 250.00, 94, 1410, 1215, 78, P0
2026/07/31 18:09:00.996, 232.02, 250.00, 95, 1395, 1215, 78, P0
2026/07/31 18:09:01.196, 237.87, 250.00, 95, 1395, 1215, 78, P0
2026/07/31 18:09:01.397, 234.32, 250.00, 94, 1410, 1215, 78, P0
2026/07/31 18:09:01.597, 238.90, 250.00, 95, 1410, 1215, 78, P0
2026/07/31 18:09:01.798, 239.38, 250.00, 94, 1410, 1215, 78, P0
2026/07/31 18:09:01.998, 242.16, 250.00, 96, 1410, 1215, 78, P0
2026/07/31 18:09:02.198, 247.60, 250.00, 95, 1410, 1215, 78, P0
2026/07/31 18:09:02.399, 240.46, 250.00, 95, 1410, 1215, 78, P0
2026/07/31 18:09:02.599, 256.83, 250.00, 95, 1395, 1215, 78, P0
2026/07/31 18:09:02.800, 241.75, 250.00, 95, 1410, 1215, 78, P0
2026/07/31 18:09:03.000, 243.60, 250.00, 95, 1395, 1215, 78, P0
2026/07/31 18:09:03.201, 241.50, 250.00, 95, 1410, 1215, 78, P0
2026/07/31 18:09:03.401, 241.59, 250.00, 95, 1410, 1215, 78, P0
2026/07/31 18:09:03.602, 241.59, 250.00, 94, 1410, 1215, 78, P0
2026/07/31 18:09:03.802, 240.74, 250.00, 93, 1410, 1215, 78, P0
2026/07/31 18:09:04.003, 242.34, 250.00, 95, 1410, 1215, 78, P0
2026/07/31 18:09:04.203, 240.85, 250.00, 95, 1410, 1215, 79, P0
2026/07/31 18:09:04.404, 242.09, 250.00, 95, 1410, 1215, 79, P0
2026/07/31 18:09:04.604, 242.61, 250.00, 96, 1410, 1215, 79, P0
2026/07/31 18:09:04.805, 249.33, 250.00, 94, 1410, 1215, 79, P0
2026/07/31 18:09:05.005, 242.36, 250.00, 95, 1410, 1215, 79, P0
2026/07/31 18:09:05.206, 255.46, 250.00, 94, 1410, 1215, 79, P0
2026/07/31 18:09:05.408, 242.00, 250.00, 96, 1395, 1215, 79, P0
2026/07/31 18:09:05.617, 246.05, 250.00, 95, 1410, 1215, 79, P0
2026/07/31 18:09:05.818, 243.40, 250.00, 95, 1410, 1215, 79, P0
2026/07/31 18:09:06.018, 245.38, 250.00, 95, 1410, 1215, 79, P0
2026/07/31 18:09:06.219, 234.32, 250.00, 95, 1410, 1215, 79, P0
2026/07/31 18:09:06.419, 248.02, 250.00, 95, 1410, 1215, 79, P0
2026/07/31 18:09:06.620, 239.66, 250.00, 94, 1410, 1215, 79, P0
2026/07/31 18:09:06.820, 248.84, 250.00, 94, 1410, 1215, 79, P0
2026/07/31 18:09:07.021, 242.26, 250.00, 94, 1410, 1215, 79, P0
2026/07/31 18:09:07.221, 254.83, 250.00, 95, 1410, 1215, 79, P0
2026/07/31 18:09:07.422, 241.59, 250.00, 94, 1395, 1215, 79, P0
2026/07/31 18:09:07.622, 261.51, 250.00, 95, 1410, 1215, 79, P0
2026/07/31 18:09:07.823, 242.74, 250.00, 94, 1410, 1215, 79, P0
2026/07/31 18:09:08.023, 243.88, 250.00, 95, 1410, 1215, 79, P0
2026/07/31 18:09:08.224, 243.12, 250.00, 94, 1410, 1215, 79, P0
2026/07/31 18:09:08.424, 242.65, 250.00, 95, 1395, 1215, 79, P0
2026/07/31 18:09:08.625, 242.38, 250.00, 94, 1410, 1215, 79, P0
2026/07/31 18:09:08.825, 242.75, 250.00, 95, 1410, 1215, 79, P0
2026/07/31 18:09:09.026, 242.43, 250.00, 94, 1410, 1215, 79, P0
2026/07/31 18:09:09.226, 242.94, 250.00, 95, 1410, 1215, 79, P0
2026/07/31 18:09:09.427, 247.99, 250.00, 95, 1410, 1215, 79, P0
2026/07/31 18:09:09.627, 239.13, 250.00, 95, 1410, 1215, 79, P0
2026/07/31 18:09:09.828, 242.39, 250.00, 93, 1410, 1215, 79, P0
2026/07/31 18:09:10.028, 81.34, 250.00, 95, 1410, 1215, 76, P0
2026/07/31 18:09:10.229, 74.65, 250.00, 34, 1410, 1215, 74, P0
2026/07/31 18:09:10.429, 73.37, 250.00, 0, 1410, 1215, 73, P0
2026/07/31 18:09:10.629, 71.89, 250.00, 0, 1410, 1215, 73, P0
2026/07/31 18:09:10.830, 71.60, 250.00, 0, 1410, 1215, 72, P0
2026/07/31 18:09:11.030, 71.21, 250.00, 0, 1410, 1215, 72, P0
2026/07/31 18:09:11.230, 70.93, 250.00, 0, 1410, 1215, 71, P0
2026/07/31 18:09:11.431, 70.62, 250.00, 0, 1410, 1215, 71, P0
2026/07/31 18:09:11.631, 70.33, 250.00, 0, 1410, 1215, 71, P0
2026/07/31 18:09:11.832, 50.68, 250.00, 0, 1140, 1215, 70, P0
2026/07/31 18:09:12.032, 49.87, 250.00, 0, 1140, 1215, 70, P0
2026/07/31 18:09:12.232, 49.71, 250.00, 0, 1140, 1215, 69, P0
2026/07/31 18:09:12.434, 49.42, 250.00, 0, 1140, 1215, 69, P0
2026/07/31 18:09:12.635, 49.35, 250.00, 0, 1140, 1215, 69, P0
2026/07/31 18:09:12.835, 49.81, 250.00, 0, 1140, 1215, 69, P0
2026/07/31 18:09:13.036, 49.61, 250.00, 0, 1140, 1215, 69, P0
2026/07/31 18:09:13.236, 49.52, 250.00, 0, 1140, 1215, 68, P0
2026/07/31 18:09:13.436, 49.52, 250.00, 0, 1140, 1215, 68, P0
2026/07/31 18:09:13.637, 49.32, 250.00, 0, 1140, 1215, 68, P0
2026/07/31 18:09:13.837, 49.22, 250.00, 0, 1140, 1215, 68, P0
2026/07/31 18:09:14.038, 49.12, 250.00, 0, 1140, 1215, 68, P0
2026/07/31 18:09:14.238, 49.12, 250.00, 0, 1140, 1215, 68, P0
2026/07/31 18:09:14.438, 49.02, 250.00, 0, 1140, 1215, 68, P0
2026/07/31 18:09:14.639, 48.89, 250.00, 0, 1140, 1215, 67, P0
2026/07/31 18:09:14.839, 48.78, 250.00, 0, 1140, 1215, 67, P0
2026/07/31 18:09:15.040, 48.68, 250.00, 0, 1140, 1215, 67, P0
2026/07/31 18:09:15.240, 48.62, 250.00, 0, 1140, 1215, 67, P0
2026/07/31 18:09:15.440, 48.62, 250.00, 0, 1140, 1215, 67, P0
2026/07/31 18:09:15.641, 48.49, 250.00, 0, 1140, 1215, 67, P0
2026/07/31 18:09:15.841, 48.38, 250.00, 0, 1140, 1215, 67, P0
2026/07/31 18:09:16.041, 48.44, 250.00, 0, 1140, 1215, 67, P0
2026/07/31 18:09:16.242, 48.34, 250.00, 0, 1140, 1215, 66, P0
2026/07/31 18:09:16.442, 48.34, 250.00, 0, 1140, 1215, 66, P0
2026/07/31 18:09:16.643, 48.26, 250.00, 0, 1140, 1215, 66, P0
2026/07/31 18:09:16.843, 48.14, 250.00, 0, 1140, 1215, 66, P0
2026/07/31 18:09:17.043, 48.03, 250.00, 0, 1140, 1215, 66, P0
2026/07/31 18:09:17.244, 48.05, 250.00, 0, 1140, 1215, 66, P0
2026/07/31 18:09:17.444, 48.03, 250.00, 0, 1140, 1215, 66, P0
2026/07/31 18:09:17.644, 48.14, 250.00, 0, 1140, 1215, 66, P0
2026/07/31 18:09:17.845, 48.14, 250.00, 0, 1140, 1215, 66, P0
2026/07/31 18:09:18.045, 48.13, 250.00, 0, 1140, 1215, 66, P0
2026/07/31 18:09:18.245, 48.13, 250.00, 0, 1140, 1215, 66, P0
2026/07/31 18:09:18.446, 47.94, 250.00, 0, 1140, 1215, 65, P0
2026/07/31 18:09:18.646, 47.84, 250.00, 0, 1140, 1215, 65, P0
2026/07/31 18:09:18.847, 47.72, 250.00, 0, 1140, 1215, 65, P0
2026/07/31 18:09:19.047, 47.89, 250.00, 0, 1140, 1215, 65, P0
2026/07/31 18:09:19.247, 47.74, 250.00, 0, 1140, 1215, 65, P0
2026/07/31 18:09:19.448, 47.67, 250.00, 0, 1140, 1215, 65, P0
2026/07/31 18:09:19.648, 47.55, 250.00, 0, 1140, 1215, 65, P0
2026/07/31 18:09:19.849, 47.53, 250.00, 0, 1140, 1215, 65, P0
2026/07/31 18:09:20.049, 47.52, 250.00, 0, 1140, 1215, 65, P0
2026/07/31 18:09:20.249, 47.35, 250.00, 0, 1140, 1215, 65, P0
2026/07/31 18:09:20.450, 47.27, 250.00, 0, 1140, 1215, 65, P0
2026/07/31 18:09:20.650, 47.15, 250.00, 0, 1140, 1215, 64, P0
2026/07/31 18:09:20.851, 47.26, 250.00, 0, 1140, 1215, 64, P0
2026/07/31 18:09:21.051, 47.26, 250.00, 0, 1140, 1215, 64, P0
2026/07/31 18:09:21.252, 47.08, 250.00, 0, 1140, 1215, 64, P0
2026/07/31 18:09:21.452, 47.08, 250.00, 0, 1140, 1215, 64, P0
2026/07/31 18:09:21.653, 46.89, 250.00, 0, 1140, 1215, 64, P0
2026/07/31 18:09:21.853, 46.95, 250.00, 0, 1140, 1215, 64, P0
2026/07/31 18:09:22.053, 46.94, 250.00, 0, 1140, 1215, 64, P0
2026/07/31 18:09:22.254, 46.98, 250.00, 0, 1140, 1215, 64, P0
2026/07/31 18:09:22.454, 46.78, 250.00, 0, 1140, 1215, 64, P0
2026/07/31 18:09:22.654, 46.67, 250.00, 0, 1140, 1215, 64, P0
2026/07/31 18:09:22.855, 46.68, 250.00, 0, 1140, 1215, 64, P0
2026/07/31 18:09:23.055, 48.23, 250.00, 0, 1140, 1215, 64, P0
2026/07/31 18:09:23.255, 46.53, 250.00, 0, 1140, 1215, 63, P0
2026/07/31 18:09:23.456, 46.47, 250.00, 0, 1140, 1215, 63, P0
2026/07/31 18:09:23.656, 46.37, 250.00, 0, 1140, 1215, 63, P0
2026/07/31 18:09:23.856, 46.28, 250.00, 0, 1140, 1215, 63, P0
2026/07/31 18:09:24.057, 46.27, 250.00, 0, 1140, 1215, 63, P0
2026/07/31 18:09:24.257, 46.15, 250.00, 0, 1140, 1215, 63, P0
2026/07/31 18:09:24.458, 46.13, 250.00, 0, 1140, 1215, 63, P0
2026/07/31 18:09:24.658, 45.91, 250.00, 0, 1140, 1215, 63, P0
2026/07/31 18:09:24.858, 45.97, 250.00, 0, 1140, 1215, 63, P0
2026/07/31 18:09:25.059, 45.88, 250.00, 0, 1140, 1215, 63, P0
2026/07/31 18:09:25.259, 45.76, 250.00, 0, 1140, 1215, 63, P0
2026/07/31 18:09:25.460, 45.79, 250.00, 0, 1140, 1215, 63, P0
2026/07/31 18:09:25.660, 45.77, 250.00, 0, 1140, 1215, 63, P0
2026/07/31 18:09:25.860, 45.69, 250.00, 0, 1140, 1215, 62, P0
2026/07/31 18:09:26.061, 45.69, 250.00, 0, 1140, 1215, 62, P0
2026/07/31 18:09:26.261, 45.59, 250.00, 0, 1140, 1215, 62, P0
2026/07/31 18:09:26.462, 45.50, 250.00, 0, 1140, 1215, 62, P0
2026/07/31 18:09:26.662, 45.59, 250.00, 0, 1140, 1215, 62, P0
2026/07/31 18:09:26.862, 45.48, 250.00, 0, 1140, 1215, 62, P0
2026/07/31 18:09:27.063, 45.49, 250.00, 0, 1140, 1215, 62, P0
2026/07/31 18:09:27.263, 45.30, 250.00, 0, 1140, 1215, 62, P0
2026/07/31 18:09:27.464, 45.37, 250.00, 0, 1140, 1215, 62, P0
2026/07/31 18:09:27.664, 45.24, 250.00, 0, 1140, 1215, 62, P0
2026/07/31 18:09:27.864, 45.27, 250.00, 0, 1140, 1215, 62, P0
2026/07/31 18:09:28.065, 45.27, 250.00, 0, 1140, 1215, 62, P0
2026/07/31 18:09:28.265, 45.20, 250.00, 0, 1140, 1215, 62, P0
2026/07/31 18:09:28.465, 45.19, 250.00, 0, 1140, 1215, 62, P0
2026/07/31 18:09:28.666, 45.10, 250.00, 0, 1140, 1215, 62, P0
2026/07/31 18:09:28.866, 45.09, 250.00, 0, 1140, 1215, 61, P0
2026/07/31 18:09:29.067, 45.09, 250.00, 0, 1140, 1215, 61, P0
2026/07/31 18:09:29.267, 44.97, 250.00, 0, 1140, 1215, 61, P0
2026/07/31 18:09:29.467, 44.90, 250.00, 0, 1140, 1215, 61, P0
2026/07/31 18:09:29.668, 45.00, 250.00, 0, 1140, 1215, 61, P0
2026/07/31 18:09:29.868, 44.90, 250.00, 0, 1140, 1215, 61, P0
2026/07/31 18:09:30.069, 44.90, 250.00, 0, 1140, 1215, 61, P0
2026/07/31 18:09:30.269, 44.80, 250.00, 0, 1140, 1215, 61, P0
2026/07/31 18:09:30.469, 44.77, 250.00, 0, 1140, 1215, 61, P0
2026/07/31 18:09:30.670, 44.83, 250.00, 0, 1140, 1215, 61, P0
2026/07/31 18:09:30.870, 44.77, 250.00, 0, 1140, 1215, 61, P0
2026/07/31 18:09:31.071, 44.80, 250.00, 0, 1140, 1215, 61, P0
2026/07/31 18:09:31.271, 44.71, 250.00, 0, 1140, 1215, 61, P0
2026/07/31 18:09:31.472, 44.61, 250.00, 0, 1140, 1215, 61, P0
2026/07/31 18:09:31.672, 44.51, 250.00, 10, 1140, 1215, 61, P0
2026/07/31 18:09:31.872, 44.62, 250.00, 0, 1140, 1215, 61, P0
2026/07/31 18:09:32.073, 44.53, 250.00, 0, 1140, 1215, 60, P0
2026/07/31 18:09:32.273, 44.43, 250.00, 0, 1140, 1215, 60, P0
2026/07/31 18:09:32.473, 192.08, 250.00, 0, 1140, 1215, 64, P0
2026/07/31 18:09:32.674, 193.23, 250.00, 27, 1140, 1215, 67, P0
2026/07/31 18:09:32.874, 211.74, 250.00, 100, 1275, 1215, 69, P0
2026/07/31 18:09:33.075, 249.49, 250.00, 99, 1275, 1215, 71, P0
2026/07/31 18:09:33.275, 249.11, 250.00, 96, 1275, 1215, 72, P0
2026/07/31 18:09:33.476, 227.38, 250.00, 100, 1410, 1215, 69, P0
2026/07/31 18:09:33.676, 223.45, 250.00, 95, 1410, 1215, 68, P0
2026/07/31 18:09:33.877, 225.21, 250.00, 95, 1410, 1215, 68, P0
2026/07/31 18:09:34.077, 225.55, 250.00, 93, 1410, 1215, 68, P0
2026/07/31 18:09:34.278, 226.87, 250.00, 95, 1410, 1215, 69, P0
2026/07/31 18:09:34.478, 227.16, 250.00, 94, 1410, 1215, 69, P0
2026/07/31 18:09:34.679, 226.86, 250.00, 95, 1410, 1215, 69, P0
2026/07/31 18:09:34.879, 233.07, 250.00, 95, 1410, 1215, 69, P0
2026/07/31 18:09:35.079, 226.95, 250.00, 94, 1410, 1215, 69, P0
2026/07/31 18:09:35.280, 226.79, 250.00, 96, 1410, 1215, 69, P0
2026/07/31 18:09:35.480, 227.61, 250.00, 94, 1410, 1215, 69, P0
2026/07/31 18:09:35.681, 227.93, 250.00, 95, 1410, 1215, 69, P0
2026/07/31 18:09:35.881, 234.51, 250.00, 94, 1410, 1215, 69, P0
2026/07/31 18:09:36.082, 227.91, 250.00, 96, 1410, 1215, 70, P0
2026/07/31 18:09:36.282, 234.77, 250.00, 95, 1410, 1215, 70, P0
2026/07/31 18:09:36.483, 227.66, 250.00, 95, 1410, 1215, 70, P0
2026/07/31 18:09:36.683, 240.82, 250.00, 95, 1410, 1215, 70, P0
2026/07/31 18:09:36.884, 223.35, 250.00, 94, 1410, 1215, 70, P0
2026/07/31 18:09:37.084, 239.74, 250.00, 93, 1410, 1215, 70, P0
2026/07/31 18:09:37.285, 228.41, 250.00, 95, 1410, 1215, 70, P0
2026/07/31 18:09:37.485, 234.59, 250.00, 95, 1410, 1215, 70, P0
2026/07/31 18:09:37.686, 228.38, 250.00, 95, 1410, 1215, 70, P0
2026/07/31 18:09:37.886, 226.46, 250.00, 95, 1410, 1215, 70, P0
2026/07/31 18:09:38.087, 228.81, 250.00, 94, 1410, 1215, 70, P0
2026/07/31 18:09:38.287, 227.35, 250.00, 96, 1410, 1215, 70, P0
2026/07/31 18:09:38.488, 228.59, 250.00, 95, 1410, 1215, 70, P0
2026/07/31 18:09:38.688, 229.27, 250.00, 95, 1410, 1215, 70, P0
2026/07/31 18:09:38.889, 231.73, 250.00, 94, 1410, 1215, 71, P0
2026/07/31 18:09:39.089, 228.45, 250.00, 95, 1410, 1215, 71, P0
2026/07/31 18:09:39.290, 238.07, 250.00, 94, 1410, 1215, 71, P0
2026/07/31 18:09:39.490, 229.11, 250.00, 95, 1410, 1215, 71, P0
2026/07/31 18:09:39.691, 235.03, 250.00, 95, 1410, 1215, 71, P0
2026/07/31 18:09:39.891, 227.88, 250.00, 95, 1410, 1215, 71, P0
2026/07/31 18:09:40.092, 240.35, 250.00, 94, 1410, 1215, 71, P0
2026/07/31 18:09:40.292, 227.76, 250.00, 95, 1410, 1215, 71, P0
2026/07/31 18:09:40.492, 242.07, 250.00, 94, 1410, 1215, 71, P0
2026/07/31 18:09:40.693, 229.48, 250.00, 95, 1410, 1215, 71, P0
2026/07/31 18:09:40.893, 231.53, 250.00, 95, 1410, 1215, 71, P0
2026/07/31 18:09:41.094, 230.13, 250.00, 95, 1410, 1215, 71, P0
2026/07/31 18:09:41.294, 228.69, 250.00, 95, 1410, 1215, 71, P0
2026/07/31 18:09:41.495, 229.70, 250.00, 94, 1410, 1215, 71, P0
2026/07/31 18:09:41.695, 229.98, 250.00, 95, 1410, 1215, 71, P0
2026/07/31 18:09:41.896, 233.75, 250.00, 95, 1410, 1215, 71, P0
2026/07/31 18:09:42.096, 230.43, 250.00, 95, 1410, 1215, 71, P0
2026/07/31 18:09:42.297, 240.87, 250.00, 95, 1410, 1215, 71, P0
2026/07/31 18:09:42.497, 229.78, 250.00, 95, 1410, 1215, 72, P0
2026/07/31 18:09:42.698, 240.34, 250.00, 94, 1410, 1215, 72, P0
2026/07/31 18:09:42.898, 228.43, 250.00, 95, 1410, 1215, 72, P0
2026/07/31 18:09:43.099, 237.13, 250.00, 93, 1410, 1215, 72, P0
2026/07/31 18:09:43.299, 229.95, 250.00, 95, 1410, 1215, 72, P0
2026/07/31 18:09:43.500, 236.38, 250.00, 95, 1410, 1215, 72, P0
2026/07/31 18:09:43.700, 230.90, 250.00, 95, 1410, 1215, 72, P0
2026/07/31 18:09:43.901, 239.02, 250.00, 94, 1410, 1215, 72, P0
2026/07/31 18:09:44.102, 230.47, 250.00, 95, 1410, 1215, 72, P0
2026/07/31 18:09:44.302, 235.42, 250.00, 95, 1410, 1215, 72, P0
2026/07/31 18:09:44.503, 231.03, 250.00, 95, 1410, 1215, 72, P0
2026/07/31 18:09:44.703, 242.27, 250.00, 94, 1410, 1215, 72, P0
2026/07/31 18:09:44.904, 229.19, 250.00, 95, 1410, 1215, 72, P0
2026/07/31 18:09:45.104, 246.04, 250.00, 95, 1410, 1215, 72, P0
2026/07/31 18:09:45.305, 230.88, 250.00, 95, 1410, 1215, 72, P0
2026/07/31 18:09:45.505, 237.72, 250.00, 95, 1410, 1215, 72, P0
2026/07/31 18:09:45.706, 230.29, 250.00, 95, 1410, 1215, 72, P0
2026/07/31 18:09:45.906, 221.60, 250.00, 95, 1410, 1215, 72, P0
2026/07/31 18:09:46.107, 231.03, 250.00, 93, 1410, 1215, 72, P0
2026/07/31 18:09:46.307, 233.45, 250.00, 94, 1410, 1215, 72, P0
2026/07/31 18:09:46.508, 230.48, 250.00, 94, 1410, 1215, 72, P0
2026/07/31 18:09:46.708, 229.94, 250.00, 95, 1410, 1215, 72, P0
2026/07/31 18:09:46.909, 231.43, 250.00, 95, 1410, 1215, 72, P0
2026/07/31 18:09:47.109, 230.86, 250.00, 96, 1410, 1215, 73, P0
2026/07/31 18:09:47.310, 234.34, 250.00, 95, 1410, 1215, 72, P0
2026/07/31 18:09:47.510, 231.42, 250.00, 96, 1410, 1215, 73, P0
2026/07/31 18:09:47.711, 240.80, 250.00, 95, 1410, 1215, 73, P0
2026/07/31 18:09:47.911, 231.62, 250.00, 96, 1410, 1215, 73, P0
2026/07/31 18:09:48.113, 237.70, 250.00, 95, 1410, 1215, 73, P0
2026/07/31 18:09:48.317, 232.39, 250.00, 95, 1410, 1215, 73, P0
2026/07/31 18:09:48.518, 231.10, 250.00, 95, 1410, 1215, 73, P0
2026/07/31 18:09:48.719, 227.35, 250.00, 94, 1410, 1215, 73, P0
2026/07/31 18:09:48.921, 230.56, 250.00, 95, 1410, 1215, 73, P0
2026/07/31 18:09:49.122, 231.74, 250.00, 94, 1410, 1215, 73, P0
2026/07/31 18:09:49.323, 232.57, 250.00, 95, 1410, 1215, 73, P0
2026/07/31 18:09:49.524, 232.67, 250.00, 95, 1410, 1215, 73, P0
2026/07/31 18:09:49.724, 238.81, 250.00, 95, 1410, 1215, 73, P0
2026/07/31 18:09:49.925, 230.88, 250.00, 95, 1410, 1215, 73, P0
2026/07/31 18:09:50.125, 240.20, 250.00, 95, 1410, 1215, 73, P0
2026/07/31 18:09:50.326, 231.82, 250.00, 95, 1410, 1215, 73, P0
2026/07/31 18:09:50.532, 246.91, 250.00, 95, 1410, 1215, 73, P0
2026/07/31 18:09:50.732, 231.80, 250.00, 95, 1410, 1215, 73, P0
2026/07/31 18:09:50.933, 232.05, 250.00, 94, 1410, 1215, 73, P0
2026/07/31 18:09:51.133, 231.67, 250.00, 95, 1410, 1215, 73, P0
2026/07/31 18:09:51.334, 234.21, 250.00, 95, 1410, 1215, 73, P0
2026/07/31 18:09:51.535, 229.51, 250.00, 96, 1410, 1215, 73, P0
2026/07/31 18:09:51.735, 230.10, 250.00, 93, 1410, 1215, 73, P0
2026/07/31 18:09:51.936, 232.69, 250.00, 95, 1410, 1215, 73, P0
2026/07/31 18:09:52.136, 230.49, 250.00, 94, 1410, 1215, 74, P0
2026/07/31 18:09:52.337, 232.93, 250.00, 95, 1410, 1215, 73, P0
2026/07/31 18:09:52.537, 233.43, 250.00, 95, 1410, 1215, 74, P0
2026/07/31 18:09:52.738, 232.60, 250.00, 95, 1410, 1215, 74, P0
2026/07/31 18:09:52.938, 232.39, 250.00, 95, 1410, 1215, 74, P0
2026/07/31 18:09:53.139, 238.37, 250.00, 95, 1410, 1215, 74, P0
2026/07/31 18:09:53.339, 232.89, 250.00, 95, 1410, 1215, 74, P0
2026/07/31 18:09:53.540, 239.94, 250.00, 95, 1410, 1215, 74, P0
2026/07/31 18:09:53.740, 232.71, 250.00, 95, 1410, 1215, 74, P0
2026/07/31 18:09:53.940, 238.57, 250.00, 95, 1410, 1215, 74, P0
2026/07/31 18:09:54.141, 232.53, 250.00, 95, 1410, 1215, 74, P0
2026/07/31 18:09:54.341, 223.41, 250.00, 94, 1410, 1215, 74, P0
2026/07/31 18:09:54.542, 232.81, 250.00, 96, 1410, 1215, 74, P0
2026/07/31 18:09:54.742, 230.24, 250.00, 94, 1410, 1215, 74, P0
2026/07/31 18:09:54.943, 232.61, 250.00, 94, 1410, 1215, 74, P0
2026/07/31 18:09:55.143, 230.54, 250.00, 94, 1410, 1215, 74, P0
2026/07/31 18:09:55.344, 233.55, 250.00, 96, 1410, 1215, 74, P0
2026/07/31 18:09:55.544, 233.00, 250.00, 95, 1410, 1215, 74, P0
2026/07/31 18:09:55.745, 234.23, 250.00, 96, 1410, 1215, 74, P0
2026/07/31 18:09:55.945, 232.40, 250.00, 94, 1410, 1215, 74, P0
2026/07/31 18:09:56.146, 240.70, 250.00, 95, 1410, 1215, 74, P0
2026/07/31 18:09:56.346, 234.12, 250.00, 95, 1410, 1215, 74, P0
2026/07/31 18:09:56.546, 244.42, 250.00, 96, 1410, 1215, 74, P0
2026/07/31 18:09:56.747, 234.40, 250.00, 95, 1410, 1215, 74, P0
2026/07/31 18:09:56.947, 234.60, 250.00, 95, 1410, 1215, 74, P0
2026/07/31 18:09:57.170, 233.55, 250.00, 95, 1410, 1215, 74, P0
2026/07/31 18:09:57.371, 252.67, 250.00, 95, 1410, 1215, 74, P0
2026/07/31 18:09:57.571, 234.21, 250.00, 95, 1410, 1215, 74, P0
2026/07/31 18:09:57.772, 227.96, 250.00, 95, 1410, 1215, 74, P0
2026/07/31 18:09:57.973, 233.58, 250.00, 94, 1410, 1215, 74, P0
2026/07/31 18:09:58.173, 236.84, 250.00, 95, 1410, 1215, 74, P0
2026/07/31 18:09:58.374, 231.51, 250.00, 94, 1410, 1215, 74, P0
2026/07/31 18:09:58.574, 235.09, 250.00, 95, 1410, 1215, 75, P0
2026/07/31 18:09:58.775, 234.13, 250.00, 95, 1410, 1215, 75, P0
2026/07/31 18:09:58.975, 234.16, 250.00, 95, 1410, 1215, 75, P0
2026/07/31 18:09:59.176, 234.52, 250.00, 96, 1410, 1215, 75, P0
2026/07/31 18:09:59.376, 233.38, 250.00, 96, 1410, 1215, 75, P0
2026/07/31 18:09:59.577, 240.24, 250.00, 95, 1410, 1215, 75, P0
2026/07/31 18:09:59.777, 233.50, 250.00, 95, 1410, 1215, 75, P0
2026/07/31 18:09:59.978, 238.29, 250.00, 94, 1410, 1215, 75, P0
2026/07/31 18:10:00.179, 215.22, 250.00, 92, 1410, 1215, 74, P0
2026/07/31 18:10:00.379, 207.87, 250.00, 78, 1410, 1215, 74, P0
2026/07/31 18:10:00.580, 238.99, 250.00, 78, 1410, 1215, 74, P0
2026/07/31 18:10:00.780, 231.43, 250.00, 89, 1410, 1215, 75, P0
2026/07/31 18:10:00.981, 232.89, 250.00, 93, 1410, 1215, 75, P0
2026/07/31 18:10:01.181, 230.75, 250.00, 94, 1410, 1215, 75, P0
2026/07/31 18:10:01.382, 232.89, 250.00, 94, 1410, 1215, 75, P0
2026/07/31 18:10:01.582, 233.00, 250.00, 95, 1410, 1215, 75, P0
2026/07/31 18:10:01.783, 234.32, 250.00, 94, 1410, 1215, 75, P0
2026/07/31 18:10:01.983, 232.32, 250.00, 95, 1410, 1215, 75, P0
2026/07/31 18:10:02.184, 234.71, 250.00, 94, 1410, 1215, 75, P0
2026/07/31 18:10:02.384, 229.41, 250.00, 95, 1410, 1215, 75, P0
2026/07/31 18:10:02.585, 234.60, 250.00, 94, 1410, 1215, 75, P0
2026/07/31 18:10:02.785, 232.98, 250.00, 95, 1410, 1215, 75, P0
2026/07/31 18:10:02.986, 233.96, 250.00, 95, 1410, 1215, 75, P0
2026/07/31 18:10:03.186, 230.43, 250.00, 95, 1410, 1215, 75, P0
2026/07/31 18:10:03.387, 232.88, 250.00, 94, 1410, 1215, 75, P0
2026/07/31 18:10:03.588, 247.10, 250.00, 93, 1410, 1215, 75, P0
2026/07/31 18:10:03.788, 230.62, 250.00, 95, 1410, 1215, 75, P0
2026/07/31 18:10:03.989, 247.68, 250.00, 92, 1410, 1215, 75, P0
2026/07/31 18:10:04.189, 233.56, 250.00, 95, 1410, 1215, 75, P0
2026/07/31 18:10:04.390, 240.84, 250.00, 94, 1410, 1215, 75, P0
2026/07/31 18:10:04.590, 234.31, 250.00, 94, 1410, 1215, 75, P0
2026/07/31 18:10:04.791, 238.78, 250.00, 94, 1410, 1215, 75, P0
2026/07/31 18:10:04.991, 233.57, 250.00, 95, 1410, 1215, 75, P0
2026/07/31 18:10:05.192, 234.87, 250.00, 94, 1410, 1215, 75, P0
2026/07/31 18:10:05.392, 233.06, 250.00, 95, 1410, 1215, 75, P0
2026/07/31 18:10:05.593, 234.62, 250.00, 94, 1410, 1215, 75, P0
2026/07/31 18:10:05.793, 233.36, 250.00, 95, 1410, 1215, 76, P0
2026/07/31 18:10:05.994, 235.45, 250.00, 95, 1410, 1215, 76, P0
2026/07/31 18:10:06.194, 230.92, 250.00, 95, 1410, 1215, 76, P0
2026/07/31 18:10:06.395, 234.87, 250.00, 95, 1410, 1215, 76, P0
2026/07/31 18:10:06.595, 244.40, 250.00, 94, 1410, 1215, 76, P0
2026/07/31 18:10:06.796, 230.19, 250.00, 94, 1410, 1215, 76, P0
2026/07/31 18:10:06.996, 238.76, 250.00, 93, 1410, 1215, 76, P0
2026/07/31 18:10:07.197, 233.90, 250.00, 95, 1410, 1215, 76, P0
2026/07/31 18:10:07.397, 241.06, 250.00, 94, 1410, 1215, 76, P0
2026/07/31 18:10:07.598, 235.50, 250.00, 95, 1410, 1215, 76, P0
2026/07/31 18:10:07.798, 242.24, 250.00, 94, 1410, 1215, 76, P0
2026/07/31 18:10:07.999, 235.61, 250.00, 96, 1410, 1215, 76, P0
2026/07/31 18:10:08.199, 244.57, 250.00, 95, 1410, 1215, 76, P0
2026/07/31 18:10:08.400, 235.97, 250.00, 95, 1410, 1215, 76, P0
2026/07/31 18:10:08.600, 247.57, 250.00, 95, 1410, 1215, 76, P0
2026/07/31 18:10:08.800, 233.57, 250.00, 95, 1410, 1215, 76, P0
2026/07/31 18:10:09.001, 247.78, 250.00, 94, 1410, 1215, 76, P0
2026/07/31 18:10:09.202, 236.91, 250.00, 96, 1410, 1215, 76, P0
2026/07/31 18:10:09.402, 247.34, 250.00, 95, 1410, 1215, 76, P0
2026/07/31 18:10:09.603, 235.10, 250.00, 95, 1410, 1215, 76, P0
2026/07/31 18:10:09.803, 242.66, 250.00, 94, 1410, 1215, 76, P0
2026/07/31 18:10:10.004, 234.84, 250.00, 94, 1410, 1215, 76, P0
2026/07/31 18:10:10.204, 248.27, 250.00, 94, 1410, 1215, 76, P0
2026/07/31 18:10:10.405, 236.45, 250.00, 95, 1410, 1215, 76, P0
2026/07/31 18:10:10.605, 249.81, 250.00, 95, 1410, 1215, 76, P0
2026/07/31 18:10:10.806, 237.04, 250.00, 95, 1410, 1215, 76, P0
2026/07/31 18:10:11.006, 245.93, 250.00, 95, 1410, 1215, 76, P0
2026/07/31 18:10:11.207, 236.64, 250.00, 96, 1410, 1215, 76, P0
2026/07/31 18:10:11.407, 246.60, 250.00, 95, 1410, 1215, 76, P0
2026/07/31 18:10:11.608, 236.19, 250.00, 96, 1410, 1215, 76, P0
2026/07/31 18:10:11.808, 247.98, 250.00, 94, 1410, 1215, 76, P0
2026/07/31 18:10:12.009, 236.75, 250.00, 95, 1410, 1215, 76, P0
2026/07/31 18:10:12.209, 250.89, 250.00, 95, 1410, 1215, 76, P0
2026/07/31 18:10:12.410, 236.96, 250.00, 95, 1410, 1215, 76, P0
2026/07/31 18:10:12.610, 255.18, 250.00, 95, 1410, 1215, 76, P0
2026/07/31 18:10:12.811, 235.49, 250.00, 95, 1410, 1215, 77, P0
2026/07/31 18:10:13.011, 233.03, 250.00, 94, 1410, 1215, 77, P0
2026/07/31 18:10:13.212, 237.15, 250.00, 95, 1410, 1215, 77, P0
2026/07/31 18:10:13.413, 236.65, 250.00, 95, 1410, 1215, 77, P0
2026/07/31 18:10:13.613, 240.13, 250.00, 95, 1410, 1215, 77, P0
2026/07/31 18:10:13.814, 236.37, 250.00, 95, 1410, 1215, 77, P0
2026/07/31 18:10:14.014, 242.07, 250.00, 95, 1410, 1215, 77, P0
2026/07/31 18:10:14.215, 236.20, 250.00, 95, 1410, 1215, 77, P0
2026/07/31 18:10:14.416, 243.41, 250.00, 95, 1410, 1215, 77, P0
2026/07/31 18:10:14.618, 237.24, 250.00, 95, 1410, 1215, 77, P0
2026/07/31 18:10:14.821, 237.40, 250.00, 95, 1410, 1215, 77, P0
2026/07/31 18:10:15.021, 254.72, 250.00, 95, 1410, 1215, 77, P0
2026/07/31 18:10:15.223, 237.15, 250.00, 95, 1410, 1215, 77, P0
2026/07/31 18:10:15.424, 253.57, 250.00, 95, 1410, 1215, 77, P0
2026/07/31 18:10:15.624, 237.82, 250.00, 95, 1410, 1215, 77, P0
2026/07/31 18:10:15.825, 249.26, 250.00, 95, 1410, 1215, 77, P0
2026/07/31 18:10:16.025, 236.39, 250.00, 94, 1410, 1215, 77, P0
2026/07/31 18:10:16.226, 249.48, 250.00, 94, 1410, 1215, 77, P0
2026/07/31 18:10:16.426, 237.34, 250.00, 95, 1410, 1215, 77, P0
2026/07/31 18:10:16.627, 249.15, 250.00, 95, 1410, 1215, 77, P0
2026/07/31 18:10:16.827, 236.98, 250.00, 95, 1410, 1215, 77, P0
2026/07/31 18:10:17.028, 250.26, 250.00, 95, 1410, 1215, 77, P0
2026/07/31 18:10:17.228, 237.88, 250.00, 96, 1260, 1215, 80, P0
2026/07/31 18:10:17.488, 246.88, 250.00, 95, 1260, 1215, 80, P0
2026/07/31 18:10:17.688, 268.35, 250.00, 100, 1260, 1215, 81, P0
2026/07/31 18:10:17.889, 239.09, 250.00, 96, 1245, 1215, 81, P0
2026/07/31 18:10:18.089, 237.17, 250.00, 100, 1350, 1215, 79, P0
2026/07/31 18:10:18.290, 245.29, 250.00, 98, 1410, 1215, 78, P0
2026/07/31 18:10:18.490, 236.86, 250.00, 96, 1410, 1215, 78, P0
2026/07/31 18:10:18.691, 241.12, 250.00, 94, 1410, 1215, 78, P0
2026/07/31 18:10:18.903, 238.73, 250.00, 95, 1410, 1215, 78, P0
2026/07/31 18:10:19.104, 252.90, 250.00, 93, 1410, 1215, 78, P0
2026/07/31 18:10:19.304, 239.58, 250.00, 95, 1410, 1215, 78, P0
2026/07/31 18:10:19.505, 252.57, 250.00, 94, 1410, 1215, 78, P0
2026/07/31 18:10:19.705, 240.34, 250.00, 95, 1410, 1215, 78, P0
2026/07/31 18:10:19.906, 238.26, 250.00, 95, 1410, 1215, 78, P0
2026/07/31 18:10:20.106, 240.45, 250.00, 95, 1410, 1215, 78, P0
2026/07/31 18:10:20.307, 237.93, 250.00, 95, 1410, 1215, 78, P0
2026/07/31 18:10:20.507, 247.40, 250.00, 94, 1410, 1215, 78, P0
2026/07/31 18:10:20.708, 241.45, 250.00, 95, 1410, 1215, 78, P0
2026/07/31 18:10:20.908, 248.55, 250.00, 95, 1410, 1215, 78, P0
2026/07/31 18:10:21.109, 240.43, 250.00, 96, 1410, 1215, 78, P0
2026/07/31 18:10:21.309, 255.54, 250.00, 95, 1410, 1215, 78, P0
2026/07/31 18:10:21.510, 240.75, 250.00, 95, 1410, 1215, 78, P0
2026/07/31 18:10:21.710, 234.04, 250.00, 94, 1410, 1215, 78, P0
2026/07/31 18:10:21.911, 240.39, 250.00, 95, 1410, 1215, 78, P0
2026/07/31 18:10:22.112, 239.56, 250.00, 94, 1410, 1215, 78, P0
2026/07/31 18:10:22.312, 240.63, 250.00, 94, 1410, 1215, 78, P0
2026/07/31 18:10:22.513, 242.14, 250.00, 95, 1410, 1215, 78, P0
2026/07/31 18:10:22.713, 241.32, 250.00, 95, 1410, 1215, 78, P0
2026/07/31 18:10:22.914, 240.72, 250.00, 95, 1410, 1215, 78, P0
2026/07/31 18:10:23.114, 247.89, 250.00, 94, 1410, 1215, 78, P0
2026/07/31 18:10:23.315, 241.38, 250.00, 96, 1410, 1215, 78, P0
2026/07/31 18:10:23.515, 250.67, 250.00, 95, 1410, 1215, 78, P0
2026/07/31 18:10:23.716, 238.62, 250.00, 96, 1410, 1215, 78, P0
2026/07/31 18:10:23.916, 253.84, 250.00, 94, 1410, 1215, 78, P0
2026/07/31 18:10:24.117, 240.05, 250.00, 95, 1410, 1215, 78, P0
2026/07/31 18:10:24.317, 257.88, 250.00, 94, 1410, 1215, 78, P0
2026/07/31 18:10:24.519, 241.87, 250.00, 96, 1410, 1215, 78, P0
2026/07/31 18:10:24.722, 245.17, 250.00, 94, 1410, 1215, 78, P0
2026/07/31 18:10:24.922, 238.45, 250.00, 92, 1410, 1215, 78, P0
2026/07/31 18:10:25.123, 240.74, 250.00, 94, 1410, 1215, 78, P0
2026/07/31 18:10:25.325, 243.13, 250.00, 94, 1410, 1215, 78, P0
2026/07/31 18:10:25.526, 241.31, 250.00, 96, 1410, 1215, 78, P0
2026/07/31 18:10:25.727, 242.33, 250.00, 95, 1410, 1215, 78, P0
2026/07/31 18:10:25.927, 248.73, 250.00, 96, 1410, 1215, 78, P0
2026/07/31 18:10:26.128, 241.42, 250.00, 95, 1410, 1215, 78, P0
2026/07/31 18:10:26.328, 255.27, 250.00, 95, 1410, 1215, 78, P0
2026/07/31 18:10:26.529, 242.17, 250.00, 94, 1410, 1215, 78, P0
2026/07/31 18:10:26.729, 253.76, 250.00, 95, 1410, 1215, 78, P0
2026/07/31 18:10:26.930, 241.85, 250.00, 95, 1410, 1215, 78, P0
2026/07/31 18:10:27.130, 244.28, 250.00, 95, 1410, 1215, 78, P0
2026/07/31 18:10:27.331, 241.40, 250.00, 95, 1410, 1215, 78, P0
2026/07/31 18:10:27.531, 236.18, 250.00, 93, 1410, 1215, 78, P0
2026/07/31 18:10:27.732, 241.07, 250.00, 94, 1410, 1215, 78, P0
2026/07/31 18:10:27.932, 254.83, 250.00, 93, 1410, 1215, 78, P0
2026/07/31 18:10:28.133, 243.06, 250.00, 94, 1410, 1215, 78, P0
2026/07/31 18:10:28.333, 261.42, 250.00, 94, 1410, 1215, 79, P0
2026/07/31 18:10:28.534, 242.17, 250.00, 95, 1410, 1215, 79, P0
2026/07/31 18:10:28.734, 237.57, 250.00, 94, 1395, 1215, 79, P0
2026/07/31 18:10:28.935, 236.96, 250.00, 95, 1395, 1215, 78, P0
2026/07/31 18:10:29.135, 235.20, 250.00, 94, 1395, 1215, 78, P0
2026/07/31 18:10:29.336, 241.90, 250.00, 95, 1410, 1215, 79, P0
2026/07/31 18:10:29.536, 242.05, 250.00, 95, 1410, 1215, 79, P0
2026/07/31 18:10:29.737, 250.08, 250.00, 95, 1410, 1215, 79, P0
2026/07/31 18:10:29.937, 242.25, 250.00, 94, 1410, 1215, 79, P0
2026/07/31 18:10:30.138, 240.65, 250.00, 95, 1410, 1215, 79, P0
2026/07/31 18:10:30.339, 241.98, 250.00, 94, 1410, 1215, 79, P0
2026/07/31 18:10:30.539, 241.90, 250.00, 95, 1410, 1215, 79, P0
2026/07/31 18:10:30.740, 242.94, 250.00, 95, 1410, 1215, 79, P0
2026/07/31 18:10:30.940, 238.72, 250.00, 94, 1410, 1215, 79, P0
2026/07/31 18:10:31.141, 242.01, 250.00, 94, 1410, 1215, 79, P0
2026/07/31 18:10:31.341, 240.66, 250.00, 94, 1410, 1215, 79, P0
2026/07/31 18:10:31.542, 242.46, 250.00, 95, 1410, 1215, 79, P0
2026/07/31 18:10:31.742, 241.15, 250.00, 95, 1410, 1215, 79, P0
2026/07/31 18:10:31.943, 242.66, 250.00, 95, 1410, 1215, 79, P0
2026/07/31 18:10:32.143, 241.42, 250.00, 95, 1410, 1215, 79, P0
2026/07/31 18:10:32.344, 250.34, 250.00, 95, 1410, 1215, 79, P0
2026/07/31 18:10:32.544, 241.12, 250.00, 94, 1410, 1215, 79, P0
2026/07/31 18:10:32.745, 249.24, 250.00, 95, 1410, 1215, 79, P0
2026/07/31 18:10:32.945, 242.86, 250.00, 95, 1410, 1215, 79, P0
2026/07/31 18:10:33.146, 248.30, 250.00, 96, 1410, 1215, 79, P0
2026/07/31 18:10:33.346, 241.81, 250.00, 94, 1410, 1215, 79, P0
2026/07/31 18:10:33.546, 256.47, 250.00, 95, 1395, 1215, 79, P0
2026/07/31 18:10:33.747, 240.38, 250.00, 94, 1410, 1215, 79, P0
2026/07/31 18:10:33.948, 255.78, 250.00, 95, 1410, 1215, 79, P0
2026/07/31 18:10:34.148, 241.72, 250.00, 94, 1410, 1215, 79, P0
2026/07/31 18:10:34.349, 256.96, 250.00, 95, 1395, 1215, 79, P0
2026/07/31 18:10:34.549, 238.61, 250.00, 94, 1410, 1215, 79, P0
2026/07/31 18:10:34.750, 234.71, 250.00, 95, 1410, 1215, 79, P0
2026/07/31 18:10:34.950, 242.11, 250.00, 94, 1410, 1215, 79, P0
2026/07/31 18:10:35.151, 242.47, 250.00, 95, 1410, 1215, 79, P0
2026/07/31 18:10:35.351, 243.51, 250.00, 95, 1410, 1215, 79, P0
2026/07/31 18:10:35.552, 242.58, 250.00, 95, 1410, 1215, 79, P0
2026/07/31 18:10:35.752, 242.97, 250.00, 94, 1410, 1215, 79, P0
2026/07/31 18:10:35.953, 238.90, 250.00, 94, 1410, 1215, 79, P0
2026/07/31 18:10:36.153, 250.93, 250.00, 95, 1410, 1215, 79, P0
2026/07/31 18:10:36.354, 241.86, 250.00, 94, 1410, 1215, 79, P0
2026/07/31 18:10:36.554, 254.60, 250.00, 94, 1410, 1215, 79, P0
2026/07/31 18:10:36.755, 242.09, 250.00, 95, 1410, 1215, 79, P0
2026/07/31 18:10:36.955, 250.81, 250.00, 94, 1410, 1215, 79, P0
2026/07/31 18:10:37.156, 241.02, 250.00, 94, 1410, 1215, 79, P0
2026/07/31 18:10:37.356, 244.88, 250.00, 94, 1410, 1215, 79, P0
2026/07/31 18:10:37.557, 241.70, 250.00, 94, 1410, 1215, 79, P0
2026/07/31 18:10:37.757, 253.06, 250.00, 94, 1410, 1215, 79, P0
2026/07/31 18:10:37.958, 242.30, 250.00, 95, 1410, 1215, 79, P0
2026/07/31 18:10:38.158, 257.02, 250.00, 95, 1395, 1215, 80, P0
2026/07/31 18:10:38.359, 243.03, 250.00, 95, 1395, 1215, 79, P0
2026/07/31 18:10:38.559, 248.04, 250.00, 95, 1410, 1215, 79, P0
2026/07/31 18:10:38.760, 243.03, 250.00, 94, 1395, 1215, 79, P0
2026/07/31 18:10:38.960, 252.50, 250.00, 94, 1395, 1215, 79, P0
2026/07/31 18:10:39.161, 244.26, 250.00, 95, 1410, 1215, 80, P0
2026/07/31 18:10:39.361, 256.62, 250.00, 94, 1395, 1215, 80, P0
2026/07/31 18:10:39.562, 241.73, 250.00, 95, 1395, 1215, 80, P0
2026/07/31 18:10:39.763, 254.83, 250.00, 94, 1410, 1215, 80, P0
2026/07/31 18:10:39.963, 242.48, 250.00, 94, 1395, 1215, 80, P0
2026/07/31 18:10:40.164, 245.22, 250.00, 93, 1410, 1215, 79, P0
2026/07/31 18:10:40.364, 243.71, 250.00, 95, 1410, 1215, 80, P0
2026/07/31 18:10:40.565, 255.58, 250.00, 94, 1395, 1215, 80, P0
2026/07/31 18:10:40.765, 239.18, 250.00, 95, 1395, 1215, 80, P0
2026/07/31 18:10:40.966, 249.51, 250.00, 95, 1395, 1215, 80, P0
2026/07/31 18:10:41.166, 244.01, 250.00, 95, 1410, 1215, 80, P0
2026/07/31 18:10:41.367, 244.38, 250.00, 94, 1410, 1215, 80, P0
2026/07/31 18:10:41.567, 234.90, 250.00, 95, 1410, 1215, 80, P0
2026/07/31 18:10:41.768, 237.82, 250.00, 94, 1410, 1215, 80, P0
2026/07/31 18:10:41.968, 243.73, 250.00, 95, 1410, 1215, 80, P0
2026/07/31 18:10:42.168, 242.01, 250.00, 95, 1410, 1215, 80, P0
2026/07/31 18:10:42.369, 244.77, 250.00, 95, 1410, 1215, 80, P0
2026/07/31 18:10:42.570, 238.65, 250.00, 95, 1410, 1215, 80, P0
2026/07/31 18:10:42.770, 247.97, 250.00, 95, 1410, 1215, 80, P0
2026/07/31 18:10:42.971, 240.58, 250.00, 95, 1410, 1215, 80, P0
2026/07/31 18:10:43.171, 244.32, 250.00, 94, 1410, 1215, 80, P0
2026/07/31 18:10:43.372, 239.30, 250.00, 94, 1410, 1215, 80, P0
2026/07/31 18:10:43.572, 244.51, 250.00, 95, 1410, 1215, 80, P0
2026/07/31 18:10:43.773, 239.77, 250.00, 94, 1410, 1215, 80, P0
2026/07/31 18:10:43.973, 249.50, 250.00, 95, 1410, 1215, 80, P0
2026/07/31 18:10:44.174, 243.30, 250.00, 95, 1395, 1215, 80, P0
2026/07/31 18:10:44.374, 248.14, 250.00, 94, 1410, 1215, 80, P0
2026/07/31 18:10:44.575, 246.62, 250.00, 95, 1410, 1215, 80, P0
2026/07/31 18:10:44.775, 254.23, 250.00, 94, 1410, 1215, 80, P0
2026/07/31 18:10:44.976, 243.54, 250.00, 95, 1410, 1215, 80, P0
2026/07/31 18:10:45.176, 247.74, 250.00, 95, 1410, 1215, 80, P0
2026/07/31 18:10:45.377, 240.16, 250.00, 95, 1395, 1215, 80, P0
2026/07/31 18:10:45.577, 250.01, 250.00, 95, 1395, 1215, 80, P0
2026/07/31 18:10:45.778, 244.32, 250.00, 95, 1395, 1215, 80, P0
2026/07/31 18:10:45.979, 238.38, 250.00, 94, 1410, 1215, 80, P0
2026/07/31 18:10:46.179, 241.15, 250.00, 94, 1395, 1215, 80, P0
2026/07/31 18:10:46.380, 240.96, 250.00, 94, 1410, 1215, 80, P0
2026/07/31 18:10:46.580, 244.86, 250.00, 95, 1395, 1215, 80, P0
2026/07/31 18:10:46.781, 241.72, 250.00, 94, 1395, 1215, 80, P0
2026/07/31 18:10:46.981, 247.37, 250.00, 95, 1410, 1215, 80, P0
2026/07/31 18:10:47.182, 243.55, 250.00, 94, 1395, 1215, 80, P0
2026/07/31 18:10:47.383, 248.47, 250.00, 95, 1395, 1215, 80, P0
2026/07/31 18:10:47.583, 244.87, 250.00, 94, 1395, 1215, 80, P0
2026/07/31 18:10:47.784, 246.77, 250.00, 95, 1410, 1215, 80, P0
2026/07/31 18:10:47.984, 244.77, 250.00, 94, 1395, 1215, 80, P0
2026/07/31 18:10:48.185, 252.58, 250.00, 95, 1395, 1215, 80, P0
2026/07/31 18:10:48.385, 241.23, 250.00, 94, 1410, 1215, 80, P0
2026/07/31 18:10:48.586, 244.59, 250.00, 95, 1410, 1215, 80, P0
2026/07/31 18:10:48.786, 241.32, 250.00, 94, 1410, 1215, 80, P0
2026/07/31 18:10:48.987, 243.51, 250.00, 94, 1395, 1215, 80, P0
2026/07/31 18:10:49.187, 246.24, 250.00, 93, 1395, 1215, 80, P0
2026/07/31 18:10:49.388, 252.01, 250.00, 95, 1410, 1215, 80, P0
2026/07/31 18:10:49.588, 244.02, 250.00, 94, 1395, 1215, 80, P0
2026/07/31 18:10:49.789, 243.92, 250.00, 95, 1395, 1215, 80, P0
2026/07/31 18:10:49.989, 245.81, 250.00, 95, 1395, 1215, 80, P0
2026/07/31 18:10:50.190, 253.06, 250.00, 95, 1395, 1215, 80, P0
2026/07/31 18:10:50.390, 238.66, 250.00, 95, 1395, 1215, 80, P0
2026/07/31 18:10:50.591, 251.06, 250.00, 95, 1410, 1215, 81, P0
2026/07/31 18:10:50.791, 241.13, 250.00, 94, 1395, 1215, 80, P0
2026/07/31 18:10:50.992, 251.47, 250.00, 95, 1410, 1215, 81, P0
2026/07/31 18:10:51.193, 241.77, 250.00, 95, 1395, 1215, 80, P0
2026/07/31 18:10:51.393, 249.88, 250.00, 95, 1410, 1215, 80, P0
2026/07/31 18:10:51.594, 244.77, 250.00, 95, 1410, 1215, 81, P0
2026/07/31 18:10:51.794, 249.35, 250.00, 95, 1395, 1215, 81, P0
2026/07/31 18:10:51.995, 238.29, 250.00, 94, 1395, 1215, 80, P0
2026/07/31 18:10:52.195, 250.85, 250.00, 94, 1410, 1215, 81, P0
2026/07/31 18:10:52.396, 244.51, 250.00, 93, 1395, 1215, 81, P0
2026/07/31 18:10:52.596, 245.36, 250.00, 95, 1395, 1215, 81, P0
2026/07/31 18:10:52.797, 245.81, 250.00, 95, 1410, 1215, 81, P0
2026/07/31 18:10:52.997, 256.35, 250.00, 95, 1395, 1215, 81, P0
2026/07/31 18:10:53.198, 246.93, 250.00, 94, 1410, 1215, 81, P0
2026/07/31 18:10:53.398, 259.42, 250.00, 95, 1410, 1215, 81, P0
2026/07/31 18:10:53.599, 241.80, 250.00, 95, 1395, 1215, 81, P0
2026/07/31 18:10:53.799, 248.36, 250.00, 95, 1395, 1215, 81, P0
2026/07/31 18:10:54.000, 236.55, 250.00, 94, 1410, 1215, 81, P0
2026/07/31 18:10:54.200, 247.67, 250.00, 95, 1395, 1215, 81, P0
2026/07/31 18:10:54.401, 235.72, 250.00, 95, 1410, 1215, 81, P0
2026/07/31 18:10:54.601, 257.32, 250.00, 94, 1410, 1215, 81, P0
2026/07/31 18:10:54.802, 239.64, 250.00, 95, 1395, 1215, 81, P0
2026/07/31 18:10:55.002, 243.12, 250.00, 94, 1410, 1215, 81, P0
2026/07/31 18:10:55.203, 238.60, 250.00, 93, 1395, 1215, 81, P0
2026/07/31 18:10:55.403, 257.69, 250.00, 95, 1410, 1215, 81, P0
2026/07/31 18:10:55.604, 238.93, 250.00, 95, 1395, 1215, 81, P0
2026/07/31 18:10:55.804, 252.78, 250.00, 95, 1410, 1215, 81, P0
2026/07/31 18:10:56.005, 237.46, 250.00, 95, 1395, 1215, 81, P0
2026/07/31 18:10:56.205, 257.23, 250.00, 95, 1410, 1215, 81, P0
2026/07/31 18:10:56.406, 245.64, 250.00, 95, 1410, 1215, 81, P0
2026/07/31 18:10:56.606, 245.75, 250.00, 95, 1410, 1215, 81, P0
2026/07/31 18:10:56.807, 245.96, 250.00, 94, 1410, 1215, 81, P0
2026/07/31 18:10:57.007, 241.19, 250.00, 95, 1410, 1215, 81, P0
2026/07/31 18:10:57.208, 245.95, 250.00, 95, 1410, 1215, 81, P0
2026/07/31 18:10:57.408, 246.59, 250.00, 95, 1410, 1215, 81, P0
2026/07/31 18:10:57.609, 246.69, 250.00, 95, 1410, 1215, 81, P0
2026/07/31 18:10:57.809, 244.56, 250.00, 94, 1410, 1215, 81, P0
2026/07/31 18:10:58.010, 246.30, 250.00, 95, 1410, 1215, 81, P0
2026/07/31 18:10:58.211, 256.85, 250.00, 93, 1410, 1215, 81, P0
2026/07/31 18:10:58.411, 251.07, 250.00, 94, 1410, 1215, 81, P0
2026/07/31 18:10:58.611, 243.60, 250.00, 95, 1410, 1215, 81, P0
2026/07/31 18:10:58.812, 253.17, 250.00, 95, 1410, 1215, 81, P0
2026/07/31 18:10:59.013, 246.59, 250.00, 95, 1410, 1215, 81, P0
2026/07/31 18:10:59.213, 254.37, 250.00, 95, 1410, 1215, 81, P0
2026/07/31 18:10:59.414, 240.02, 250.00, 94, 1410, 1215, 81, P0
2026/07/31 18:10:59.614, 244.03, 250.00, 95, 1410, 1215, 81, P0
2026/07/31 18:10:59.815, 240.41, 250.00, 95, 1410, 1215, 81, P0
2026/07/31 18:11:00.015, 249.66, 250.00, 95, 1410, 1215, 81, P0
2026/07/31 18:11:00.216, 245.73, 250.00, 94, 1410, 1215, 81, P0
2026/07/31 18:11:00.416, 248.53, 250.00, 95, 1395, 1215, 81, P0
2026/07/31 18:11:00.617, 248.24, 250.00, 94, 1395, 1215, 81, P0
2026/07/31 18:11:00.818, 252.80, 250.00, 95, 1395, 1215, 81, P0
2026/07/31 18:11:01.018, 240.31, 250.00, 94, 1410, 1215, 81, P0
2026/07/31 18:11:01.219, 256.83, 250.00, 94, 1410, 1215, 81, P0
2026/07/31 18:11:01.419, 239.38, 250.00, 95, 1410, 1215, 81, P0
2026/07/31 18:11:01.620, 253.53, 250.00, 95, 1410, 1215, 81, P0
2026/07/31 18:11:01.820, 239.76, 250.00, 95, 1395, 1215, 81, P0
2026/07/31 18:11:02.021, 255.07, 250.00, 95, 1410, 1215, 81, P0
2026/07/31 18:11:02.221, 241.24, 250.00, 95, 1410, 1215, 81, P0
2026/07/31 18:11:02.422, 249.12, 250.00, 95, 1395, 1215, 81, P0
2026/07/31 18:11:02.622, 250.07, 250.00, 95, 1410, 1215, 81, P0
2026/07/31 18:11:02.823, 242.48, 250.00, 95, 1395, 1215, 81, P0
2026/07/31 18:11:03.026, 240.04, 250.00, 95, 1395, 1215, 81, P0
2026/07/31 18:11:03.228, 246.60, 250.00, 94, 1215, 1215, 81, P0
2026/07/31 18:11:03.429, 239.04, 250.00, 96, 1245, 1215, 84, P0
2026/07/31 18:11:03.635, 249.20, 250.00, 96, 1275, 1215, 84, P0
2026/07/31 18:11:03.836, 243.31, 250.00, 100, 1245, 1215, 84, P0
2026/07/31 18:11:04.036, 256.48, 250.00, 96, 1245, 1215, 85, P0
2026/07/31 18:11:04.237, 238.74, 250.00, 100, 1395, 1215, 82, P0
2026/07/31 18:11:04.437, 241.29, 250.00, 97, 1395, 1215, 82, P0
2026/07/31 18:11:04.638, 251.73, 250.00, 94, 1395, 1215, 82, P0
2026/07/31 18:11:04.838, 240.60, 250.00, 95, 1410, 1215, 82, P0
2026/07/31 18:11:05.038, 252.21, 250.00, 94, 1395, 1215, 81, P0
2026/07/31 18:11:05.239, 240.17, 250.00, 95, 1410, 1215, 82, P0
2026/07/31 18:11:05.439, 256.82, 250.00, 94, 1410, 1215, 82, P0
2026/07/31 18:11:05.640, 240.90, 250.00, 94, 1395, 1215, 81, P0
2026/07/31 18:11:05.840, 240.02, 250.00, 95, 1410, 1215, 81, P0
2026/07/31 18:11:06.041, 246.93, 250.00, 95, 1395, 1215, 82, P0
2026/07/31 18:11:06.242, 236.77, 250.00, 95, 1395, 1215, 81, P0
2026/07/31 18:11:06.442, 244.81, 250.00, 95, 1410, 1215, 81, P0
2026/07/31 18:11:06.643, 243.43, 250.00, 95, 1410, 1215, 82, P0
2026/07/31 18:11:06.843, 268.25, 250.00, 94, 1410, 1215, 82, P0
2026/07/31 18:11:07.044, 241.60, 250.00, 95, 1410, 1215, 81, P0
2026/07/31 18:11:07.244, 265.58, 250.00, 94, 1410, 1215, 82, P0
2026/07/31 18:11:07.445, 249.30, 250.00, 95, 1410, 1215, 82, P0
2026/07/31 18:11:07.645, 245.39, 250.00, 95, 1410, 1215, 82, P0
2026/07/31 18:11:07.846, 249.24, 250.00, 95, 1410, 1215, 82, P0
2026/07/31 18:11:08.046, 246.36, 250.00, 95, 1395, 1215, 82, P0
2026/07/31 18:11:08.247, 248.06, 250.00, 94, 1395, 1215, 82, P0
2026/07/31 18:11:08.447, 240.81, 250.00, 96, 1395, 1215, 82, P0
2026/07/31 18:11:08.648, 252.22, 250.00, 94, 1395, 1215, 82, P0
2026/07/31 18:11:08.848, 242.77, 250.00, 96, 1410, 1215, 82, P0
2026/07/31 18:11:09.049, 240.05, 250.00, 94, 1410, 1215, 82, P0
2026/07/31 18:11:09.249, 247.89, 250.00, 95, 1410, 1215, 82, P0
2026/07/31 18:11:09.450, 237.69, 250.00, 95, 1395, 1215, 82, P0
2026/07/31 18:11:09.650, 248.17, 250.00, 95, 1395, 1215, 82, P0
2026/07/31 18:11:09.851, 242.20, 250.00, 95, 1395, 1215, 82, P0
2026/07/31 18:11:10.051, 249.09, 250.00, 95, 1395, 1215, 82, P0
2026/07/31 18:11:10.252, 238.40, 250.00, 94, 1410, 1215, 82, P0
2026/07/31 18:11:10.452, 262.89, 250.00, 94, 1395, 1215, 82, P0
2026/07/31 18:11:10.653, 249.98, 250.00, 95, 1395, 1215, 82, P0
2026/07/31 18:11:10.853, 249.49, 250.00, 95, 1395, 1215, 82, P0
2026/07/31 18:11:11.054, 242.54, 250.00, 96, 1395, 1215, 82, P0
2026/07/31 18:11:11.254, 245.27, 250.00, 95, 1410, 1215, 82, P0
2026/07/31 18:11:11.455, 239.90, 250.00, 95, 1410, 1215, 82, P0
2026/07/31 18:11:11.655, 240.99, 250.00, 94, 1410, 1215, 82, P0
2026/07/31 18:11:11.856, 253.06, 250.00, 95, 1410, 1215, 82, P0
2026/07/31 18:11:12.056, 243.49, 250.00, 95, 1410, 1215, 82, P0
2026/07/31 18:11:12.256, 267.13, 250.00, 95, 1395, 1215, 82, P0
2026/07/31 18:11:12.457, 249.92, 250.00, 96, 1395, 1215, 82, P0
2026/07/31 18:11:12.657, 248.93, 250.00, 94, 1395, 1215, 82, P0
2026/07/31 18:11:12.858, 242.56, 250.00, 95, 1395, 1215, 82, P0
2026/07/31 18:11:13.059, 245.77, 250.00, 94, 1395, 1215, 82, P0
2026/07/31 18:11:13.259, 250.11, 250.00, 95, 1395, 1215, 82, P0
2026/07/31 18:11:13.460, 249.68, 250.00, 94, 1395, 1215, 82, P0
2026/07/31 18:11:13.660, 244.87, 250.00, 95, 1410, 1215, 82, P0
2026/07/31 18:11:13.861, 239.30, 250.00, 95, 1410, 1215, 82, P0
2026/07/31 18:11:14.061, 254.91, 250.00, 95, 1410, 1215, 82, P0
2026/07/31 18:11:14.262, 243.22, 250.00, 95, 1410, 1215, 82, P0
2026/07/31 18:11:14.462, 262.50, 250.00, 95, 1395, 1215, 82, P0
2026/07/31 18:11:14.663, 249.33, 250.00, 95, 1395, 1215, 82, P0
2026/07/31 18:11:14.863, 260.80, 250.00, 94, 1395, 1215, 82, P0
2026/07/31 18:11:15.064, 239.17, 250.00, 95, 1395, 1215, 82, P0
2026/07/31 18:11:15.264, 244.59, 250.00, 94, 1380, 1215, 82, P0
2026/07/31 18:11:15.465, 250.38, 250.00, 95, 1395, 1215, 82, P0
2026/07/31 18:11:15.665, 248.90, 250.00, 95, 1395, 1215, 82, P0
2026/07/31 18:11:15.866, 244.24, 250.00, 95, 1395, 1215, 82, P0
2026/07/31 18:11:16.066, 237.61, 250.00, 94, 1410, 1215, 82, P0
2026/07/31 18:11:16.267, 243.54, 250.00, 95, 1395, 1215, 82, P0
2026/07/31 18:11:16.467, 239.99, 250.00, 94, 1395, 1215, 82, P0
2026/07/31 18:11:16.668, 246.62, 250.00, 95, 1410, 1215, 82, P0
2026/07/31 18:11:16.868, 242.36, 250.00, 94, 1410, 1215, 82, P0
2026/07/31 18:11:17.069, 254.42, 250.00, 95, 1410, 1215, 82, P0
2026/07/31 18:11:17.269, 241.62, 250.00, 95, 1410, 1215, 82, P0
2026/07/31 18:11:17.470, 262.61, 250.00, 94, 1395, 1215, 82, P0
2026/07/31 18:11:17.670, 242.26, 250.00, 95, 1395, 1215, 82, P0
2026/07/31 18:11:17.871, 252.31, 250.00, 94, 1410, 1215, 82, P0
2026/07/31 18:11:18.071, 238.48, 250.00, 95, 1395, 1215, 82, P0
2026/07/31 18:11:18.272, 235.22, 250.00, 95, 1395, 1215, 82, P0
2026/07/31 18:11:18.472, 241.40, 250.00, 95, 1395, 1215, 82, P0
2026/07/31 18:11:18.673, 237.79, 250.00, 94, 1395, 1215, 82, P0
2026/07/31 18:11:18.874, 245.65, 250.00, 95, 1395, 1215, 82, P0
2026/07/31 18:11:19.074, 235.37, 250.00, 94, 1395, 1215, 82, P0
2026/07/31 18:11:19.275, 241.02, 250.00, 93, 1395, 1215, 82, P0
2026/07/31 18:11:19.475, 249.03, 250.00, 94, 1395, 1215, 82, P0
2026/07/31 18:11:19.676, 243.04, 250.00, 95, 1395, 1215, 82, P0
2026/07/31 18:11:19.876, 237.18, 250.00, 94, 1395, 1215, 82, P0
2026/07/31 18:11:20.077, 241.09, 250.00, 94, 1395, 1215, 82, P0
2026/07/31 18:11:20.277, 247.78, 250.00, 94, 1380, 1215, 82, P0
2026/07/31 18:11:20.478, 244.75, 250.00, 95, 1395, 1215, 82, P0
2026/07/31 18:11:20.678, 236.13, 250.00, 95, 1395, 1215, 82, P0
2026/07/31 18:11:20.879, 247.56, 250.00, 95, 1395, 1215, 82, P0
2026/07/31 18:11:21.079, 241.02, 250.00, 95, 1395, 1215, 82, P0
2026/07/31 18:11:21.280, 240.48, 250.00, 95, 1410, 1215, 82, P0
2026/07/31 18:11:21.480, 238.40, 250.00, 95, 1410, 1215, 82, P0
2026/07/31 18:11:21.681, 241.31, 250.00, 95, 1410, 1215, 82, P0
2026/07/31 18:11:21.881, 241.82, 250.00, 95, 1395, 1215, 82, P0
2026/07/31 18:11:22.082, 235.87, 250.00, 94, 1410, 1215, 82, P0
2026/07/31 18:11:22.282, 238.91, 250.00, 94, 1410, 1215, 82, P0
2026/07/31 18:11:22.483, 239.90, 250.00, 93, 1395, 1215, 82, P0
2026/07/31 18:11:22.683, 237.86, 250.00, 95, 1395, 1215, 82, P0
2026/07/31 18:11:22.884, 240.37, 250.00, 95, 1410, 1215, 82, P0
2026/07/31 18:11:23.084, 247.48, 250.00, 95, 1395, 1215, 82, P0
2026/07/31 18:11:23.285, 241.20, 250.00, 95, 1395, 1215, 82, P0
2026/07/31 18:11:23.485, 244.74, 250.00, 96, 1410, 1215, 82, P0
2026/07/31 18:11:23.686, 249.82, 250.00, 94, 1395, 1215, 82, P0
2026/07/31 18:11:23.886, 270.65, 250.00, 95, 1395, 1215, 82, P0
2026/07/31 18:11:24.087, 244.21, 250.00, 95, 1395, 1215, 82, P0
2026/07/31 18:11:24.287, 252.83, 250.00, 95, 1395, 1215, 82, P0
2026/07/31 18:11:24.488, 238.62, 250.00, 95, 1395, 1215, 82, P0
2026/07/31 18:11:24.688, 242.62, 250.00, 95, 1395, 1215, 82, P0
2026/07/31 18:11:24.889, 240.09, 250.00, 94, 1410, 1215, 82, P0
2026/07/31 18:11:25.089, 238.96, 250.00, 95, 1395, 1215, 82, P0
2026/07/31 18:11:25.290, 240.93, 250.00, 94, 1410, 1215, 82, P0
2026/07/31 18:11:25.490, 236.41, 250.00, 94, 1395, 1215, 82, P0
2026/07/31 18:11:25.691, 242.27, 250.00, 95, 1395, 1215, 82, P0
2026/07/31 18:11:25.891, 236.83, 250.00, 95, 1410, 1215, 82, P0
2026/07/31 18:11:26.092, 241.71, 250.00, 95, 1410, 1215, 82, P0
2026/07/31 18:11:26.292, 238.30, 250.00, 94, 1410, 1215, 83, P0
2026/07/31 18:11:26.493, 248.56, 250.00, 95, 1395, 1215, 83, P0
2026/07/31 18:11:26.693, 238.59, 250.00, 96, 1395, 1215, 82, P0
2026/07/31 18:11:26.894, 253.93, 250.00, 95, 1395, 1215, 82, P0
2026/07/31 18:11:27.094, 244.88, 250.00, 95, 1395, 1215, 83, P0
2026/07/31 18:11:27.295, 254.42, 250.00, 95, 1395, 1215, 82, P0
2026/07/31 18:11:27.496, 244.18, 250.00, 95, 1395, 1215, 83, P0
2026/07/31 18:11:27.696, 251.83, 250.00, 95, 1395, 1215, 83, P0
2026/07/31 18:11:27.897, 241.53, 250.00, 95, 1395, 1215, 83, P0
2026/07/31 18:11:28.097, 239.66, 250.00, 95, 1395, 1215, 83, P0
2026/07/31 18:11:28.298, 238.50, 250.00, 95, 1395, 1215, 82, P0
2026/07/31 18:11:28.498, 240.36, 250.00, 94, 1395, 1215, 83, P0
2026/07/31 18:11:28.699, 242.18, 250.00, 94, 1395, 1215, 83, P0
2026/07/31 18:11:28.899, 243.10, 250.00, 94, 1395, 1215, 83, P0
2026/07/31 18:11:29.100, 244.68, 250.00, 95, 1395, 1215, 83, P0
2026/07/31 18:11:29.300, 242.25, 250.00, 95, 1395, 1215, 83, P0
2026/07/31 18:11:29.501, 244.97, 250.00, 95, 1395, 1215, 83, P0
2026/07/31 18:11:29.701, 241.69, 250.00, 95, 1410, 1215, 83, P0
2026/07/31 18:11:29.902, 249.12, 250.00, 94, 1395, 1215, 83, P0
2026/07/31 18:11:30.102, 240.84, 250.00, 95, 1410, 1215, 83, P0
2026/07/31 18:11:30.303, 257.32, 250.00, 94, 1410, 1215, 83, P0
2026/07/31 18:11:30.503, 251.63, 250.00, 95, 1410, 1215, 83, P0
2026/07/31 18:11:30.704, 264.53, 250.00, 95, 1395, 1215, 83, P0
2026/07/31 18:11:30.904, 240.93, 250.00, 95, 1395, 1215, 83, P0
2026/07/31 18:11:31.105, 263.47, 250.00, 94, 1395, 1215, 83, P0
2026/07/31 18:11:31.305, 250.67, 250.00, 95, 1410, 1215, 83, P0
2026/07/31 18:11:31.506, 266.42, 250.00, 93, 1395, 1215, 83, P0
2026/07/31 18:11:31.707, 251.62, 250.00, 95, 1410, 1215, 83, P0
2026/07/31 18:11:31.907, 257.87, 250.00, 94, 1395, 1215, 83, P0
2026/07/31 18:11:32.108, 241.10, 250.00, 96, 1395, 1215, 83, P0
2026/07/31 18:11:32.308, 249.80, 250.00, 94, 1395, 1215, 83, P0
2026/07/31 18:11:32.509, 259.18, 250.00, 95, 1395, 1215, 83, P0
2026/07/31 18:11:32.709, 242.35, 250.00, 95, 1395, 1215, 83, P0
2026/07/31 18:11:32.910, 254.14, 250.00, 96, 1380, 1215, 83, P0
2026/07/31 18:11:33.110, 241.86, 250.00, 95, 1395, 1215, 83, P0
2026/07/31 18:11:33.311, 268.25, 250.00, 95, 1395, 1215, 83, P0
2026/07/31 18:11:33.511, 245.05, 250.00, 95, 1395, 1215, 83, P0
2026/07/31 18:11:33.712, 251.21, 250.00, 95, 1395, 1215, 83, P0
2026/07/31 18:11:33.912, 244.98, 250.00, 95, 1395, 1215, 83, P0
2026/07/31 18:11:34.113, 237.70, 250.00, 95, 1395, 1215, 83, P0
2026/07/31 18:11:34.313, 242.75, 250.00, 95, 1395, 1215, 83, P0
2026/07/31 18:11:34.514, 240.77, 250.00, 94, 1395, 1215, 83, P0
2026/07/31 18:11:34.714, 241.49, 250.00, 95, 1395, 1215, 83, P0
2026/07/31 18:11:34.915, 241.68, 250.00, 95, 1395, 1215, 83, P0
2026/07/31 18:11:35.115, 244.81, 250.00, 95, 1410, 1215, 83, P0
2026/07/31 18:11:35.316, 242.67, 250.00, 95, 1410, 1215, 83, P0
2026/07/31 18:11:35.516, 245.66, 250.00, 95, 1395, 1215, 83, P0
2026/07/31 18:11:35.717, 245.36, 250.00, 95, 1395, 1215, 83, P0
2026/07/31 18:11:35.917, 259.36, 250.00, 95, 1395, 1215, 83, P0
2026/07/31 18:11:36.118, 250.88, 250.00, 95, 1395, 1215, 83, P0
2026/07/31 18:11:36.318, 261.92, 250.00, 96, 1395, 1215, 83, P0
2026/07/31 18:11:36.519, 244.68, 250.00, 94, 1395, 1215, 83, P0
2026/07/31 18:11:36.719, 259.52, 250.00, 95, 1395, 1215, 83, P0
2026/07/31 18:11:36.920, 245.16, 250.00, 95, 1395, 1215, 83, P0
2026/07/31 18:11:37.120, 251.95, 250.00, 95, 1395, 1215, 83, P0
2026/07/31 18:11:37.321, 241.43, 250.00, 94, 1395, 1215, 83, P0
2026/07/31 18:11:37.522, 257.45, 250.00, 95, 1395, 1215, 83, P0
2026/07/31 18:11:37.722, 245.72, 250.00, 94, 1395, 1215, 83, P0
2026/07/31 18:11:37.923, 249.90, 250.00, 95, 1395, 1215, 83, P0
2026/07/31 18:11:38.123, 243.22, 250.00, 95, 1395, 1215, 83, P0
2026/07/31 18:11:38.324, 239.20, 250.00, 95, 1395, 1215, 83, P0
2026/07/31 18:11:38.524, 243.51, 250.00, 95, 1395, 1215, 83, P0
2026/07/31 18:11:38.725, 244.07, 250.00, 95, 1395, 1215, 83, P0
2026/07/31 18:11:38.925, 239.96, 250.00, 95, 1395, 1215, 83, P0
2026/07/31 18:11:39.126, 241.61, 250.00, 95, 1395, 1215, 83, P0
2026/07/31 18:11:39.326, 242.67, 250.00, 96, 1395, 1215, 83, P0
2026/07/31 18:11:39.527, 243.41, 250.00, 94, 1410, 1215, 83, P0
2026/07/31 18:11:39.727, 242.55, 250.00, 95, 1410, 1215, 83, P0
2026/07/31 18:11:39.928, 237.40, 250.00, 94, 1410, 1215, 83, P0
2026/07/31 18:11:40.128, 242.54, 250.00, 95, 1395, 1215, 83, P0
2026/07/31 18:11:40.329, 239.07, 250.00, 93, 1395, 1215, 83, P0
2026/07/31 18:11:40.529, 242.61, 250.00, 94, 1395, 1215, 83, P0
2026/07/31 18:11:40.733, 244.66, 250.00, 94, 1395, 1215, 83, P0
2026/07/31 18:11:40.935, 246.70, 250.00, 95, 1395, 1215, 83, P0
2026/07/31 18:11:41.136, 243.60, 250.00, 95, 1395, 1215, 83, P0
2026/07/31 18:11:41.337, 242.36, 250.00, 95, 1395, 1215, 83, P0
2026/07/31 18:11:41.539, 254.26, 250.00, 95, 1380, 1215, 83, P0
2026/07/31 18:11:41.740, 243.12, 250.00, 94, 1395, 1215, 83, P0
2026/07/31 18:11:41.940, 253.36, 250.00, 95, 1380, 1215, 83, P0
2026/07/31 18:11:42.141, 242.58, 250.00, 95, 1395, 1215, 83, P0
2026/07/31 18:11:42.341, 258.65, 250.00, 96, 1395, 1215, 83, P0
2026/07/31 18:11:42.542, 239.25, 250.00, 95, 1395, 1215, 83, P0
2026/07/31 18:11:42.742, 253.49, 250.00, 96, 1395, 1215, 83, P0
2026/07/31 18:11:42.943, 237.93, 250.00, 94, 1395, 1215, 83, P0
2026/07/31 18:11:43.143, 237.93, 250.00, 94, 1395, 1215, 83, P0
2026/07/31 18:11:43.444, 240.62, 250.00, 94, 1395, 1215, 83, P0
2026/07/31 18:11:43.645, 259.70, 250.00, 94, 1395, 1215, 83, P0
2026/07/31 18:11:43.845, 236.55, 250.00, 95, 1395, 1215, 83, P0
2026/07/31 18:11:44.046, 241.25, 250.00, 95, 1395, 1215, 83, P0
2026/07/31 18:11:44.246, 240.43, 250.00, 96, 1410, 1215, 83, P0
2026/07/31 18:11:44.447, 239.84, 250.00, 94, 1395, 1215, 83, P0
2026/07/31 18:11:44.647, 243.12, 250.00, 95, 1410, 1215, 83, P0
2026/07/31 18:11:44.848, 244.59, 250.00, 94, 1395, 1215, 83, P0
2026/07/31 18:11:45.048, 242.58, 250.00, 95, 1410, 1215, 83, P0
2026/07/31 18:11:45.249, 253.09, 250.00, 94, 1395, 1215, 83, P0
2026/07/31 18:11:45.449, 238.76, 250.00, 95, 1395, 1215, 83, P0
2026/07/31 18:11:45.650, 258.55, 250.00, 93, 1395, 1215, 83, P0
2026/07/31 18:11:45.850, 236.72, 250.00, 95, 1380, 1215, 83, P0
2026/07/31 18:11:46.051, 257.41, 250.00, 94, 1395, 1215, 83, P0
2026/07/31 18:11:46.251, 241.52, 250.00, 95, 1395, 1215, 83, P0
2026/07/31 18:11:46.452, 249.24, 250.00, 93, 1395, 1215, 83, P0
2026/07/31 18:11:46.652, 242.17, 250.00, 95, 1395, 1215, 83, P0
2026/07/31 18:11:46.853, 255.48, 250.00, 94, 1395, 1215, 83, P0
2026/07/31 18:11:47.053, 239.25, 250.00, 95, 1380, 1215, 83, P0
2026/07/31 18:11:47.254, 258.45, 250.00, 94, 1395, 1215, 83, P0
2026/07/31 18:11:47.454, 242.93, 250.00, 95, 1395, 1215, 83, P0
2026/07/31 18:11:47.655, 254.71, 250.00, 94, 1395, 1215, 83, P0
2026/07/31 18:11:47.856, 245.21, 250.00, 95, 1395, 1215, 84, P0
2026/07/31 18:11:48.056, 248.10, 250.00, 94, 1395, 1215, 83, P0
2026/07/31 18:11:48.257, 246.98, 250.00, 95, 1395, 1215, 83, P0
2026/07/31 18:11:48.457, 254.41, 250.00, 95, 1395, 1215, 83, P0
2026/07/31 18:11:48.658, 243.41, 250.00, 95, 1395, 1215, 83, P0
2026/07/31 18:11:48.858, 259.45, 250.00, 95, 1410, 1215, 83, P0
2026/07/31 18:11:49.059, 244.43, 250.00, 94, 1395, 1215, 83, P0
2026/07/31 18:11:49.259, 253.68, 250.00, 94, 1410, 1215, 83, P0
2026/07/31 18:11:49.460, 243.03, 250.00, 93, 1410, 1215, 84, P0
2026/07/31 18:11:49.660, 246.99, 250.00, 95, 1395, 1215, 83, P0
2026/07/31 18:11:49.861, 243.13, 250.00, 94, 1395, 1215, 83, P0
2026/07/31 18:11:50.061, 252.08, 250.00, 95, 1395, 1215, 83, P0
2026/07/31 18:11:50.262, 242.58, 250.00, 95, 1410, 1215, 83, P0
2026/07/31 18:11:50.462, 255.48, 250.00, 95, 1395, 1215, 83, P0
2026/07/31 18:11:50.663, 239.86, 250.00, 93, 1395, 1215, 83, P0
2026/07/31 18:11:50.863, 250.47, 250.00, 95, 1395, 1215, 83, P0
2026/07/31 18:11:51.064, 244.34, 250.00, 94, 1395, 1215, 83, P0
2026/07/31 18:11:51.264, 252.49, 250.00, 95, 1395, 1215, 83, P0
2026/07/31 18:11:51.465, 243.35, 250.00, 94, 1395, 1215, 83, P0
2026/07/31 18:11:51.665, 251.87, 250.00, 95, 1395, 1215, 83, P0
2026/07/31 18:11:51.866, 244.26, 250.00, 94, 1395, 1215, 83, P0
2026/07/31 18:11:52.066, 257.12, 250.00, 95, 1395, 1215, 83, P0
2026/07/31 18:11:52.267, 240.15, 250.00, 94, 1380, 1215, 83, P0
2026/07/31 18:11:52.468, 248.01, 250.00, 94, 1395, 1215, 83, P0
2026/07/31 18:11:52.668, 241.90, 250.00, 94, 1395, 1215, 83, P0
2026/07/31 18:11:52.869, 252.90, 250.00, 94, 1395, 1215, 84, P0
2026/07/31 18:11:53.069, 243.79, 250.00, 94, 1395, 1215, 84, P0
2026/07/31 18:11:53.270, 253.17, 250.00, 95, 1395, 1215, 84, P0
2026/07/31 18:11:53.470, 247.49, 250.00, 95, 1395, 1215, 84, P0
2026/07/31 18:11:53.671, 244.97, 250.00, 95, 1395, 1215, 84, P0
2026/07/31 18:11:53.871, 247.29, 250.00, 95, 1395, 1215, 84, P0
2026/07/31 18:11:54.072, 253.47, 250.00, 95, 1395, 1215, 84, P0
2026/07/31 18:11:54.272, 243.90, 250.00, 94, 1395, 1215, 84, P0
2026/07/31 18:11:54.473, 249.69, 250.00, 95, 1395, 1215, 84, P0
2026/07/31 18:11:54.673, 246.30, 250.00, 95, 1410, 1215, 84, P0
2026/07/31 18:11:54.877, 247.00, 250.00, 96, 1410, 1215, 84, P0
2026/07/31 18:11:55.079, 236.34, 250.00, 94, 1395, 1215, 84, P0
2026/07/31 18:11:55.283, 236.44, 250.00, 93, 1395, 1215, 84, P0
2026/07/31 18:11:55.484, 251.47, 250.00, 94, 1395, 1215, 84, P0
2026/07/31 18:11:55.687, 241.28, 250.00, 95, 1380, 1215, 84, P0
2026/07/31 18:11:55.887, 258.17, 250.00, 95, 1395, 1215, 84, P0
2026/07/31 18:11:56.088, 244.16, 250.00, 95, 1395, 1215, 84, P0
2026/07/31 18:11:56.288, 251.74, 250.00, 95, 1395, 1215, 84, P0
2026/07/31 18:11:56.489, 241.39, 250.00, 95, 1380, 1215, 84, P0
2026/07/31 18:11:56.689, 255.85, 250.00, 95, 1395, 1215, 84, P0
2026/07/31 18:11:56.890, 244.85, 250.00, 95, 1380, 1215, 84, P0
2026/07/31 18:11:57.090, 252.40, 250.00, 95, 1395, 1215, 84, P0
2026/07/31 18:11:57.290, 244.87, 250.00, 95, 1395, 1215, 84, P0
2026/07/31 18:11:57.491, 253.83, 250.00, 95, 1380, 1215, 84, P0
2026/07/31 18:11:57.691, 244.98, 250.00, 95, 1395, 1215, 84, P0
2026/07/31 18:11:57.892, 243.27, 250.00, 94, 1380, 1215, 84, P0
2026/07/31 18:11:58.092, 242.55, 250.00, 95, 1395, 1215, 84, P0
2026/07/31 18:11:58.293, 253.83, 250.00, 93, 1395, 1215, 84, P0
2026/07/31 18:11:58.494, 245.59, 250.00, 95, 1395, 1215, 84, P0
2026/07/31 18:11:58.694, 248.35, 250.00, 94, 1395, 1215, 84, P0
2026/07/31 18:11:58.895, 85.71, 250.00, 95, 1410, 1215, 82, P0
2026/07/31 18:11:59.095, 80.95, 250.00, 0, 1410, 1215, 79, P0
2026/07/31 18:11:59.295, 78.61, 250.00, 0, 1410, 1215, 78, P0
2026/07/31 18:11:59.496, 77.76, 250.00, 0, 1410, 1215, 78, P0
2026/07/31 18:11:59.696, 77.26, 250.00, 0, 1410, 1215, 77, P0
2026/07/31 18:11:59.896, 76.91, 250.00, 0, 1410, 1215, 77, P0
2026/07/31 18:12:00.097, 76.57, 250.00, 0, 1410, 1215, 76, P0
2026/07/31 18:12:00.297, 76.09, 250.00, 0, 1410, 1215, 76, P0
2026/07/31 18:12:00.497, 75.88, 250.00, 0, 1410, 1215, 76, P0
2026/07/31 18:12:00.698, 54.33, 250.00, 0, 1140, 1215, 75, P0
2026/07/31 18:12:00.898, 53.10, 250.00, 0, 1140, 1215, 75, P0
2026/07/31 18:12:01.099, 52.84, 250.00, 0, 1140, 1215, 74, P0
2026/07/31 18:12:01.299, 52.63, 250.00, 0, 1140, 1215, 74, P0
2026/07/31 18:12:01.499, 52.41, 250.00, 0, 1140, 1215, 74, P0
2026/07/31 18:12:01.700, 52.26, 250.00, 0, 1140, 1215, 73, P0
2026/07/31 18:12:01.900, 52.13, 250.00, 0, 1140, 1215, 73, P0
2026/07/31 18:12:02.100, 51.88, 250.00, 0, 1140, 1215, 73, P0
2026/07/31 18:12:02.301, 51.86, 250.00, 0, 1140, 1215, 73, P0
2026/07/31 18:12:02.502, 51.65, 250.00, 0, 1140, 1215, 72, P0
2026/07/31 18:12:02.702, 51.49, 250.00, 0, 1140, 1215, 72, P0
2026/07/31 18:12:02.902, 51.39, 250.00, 0, 1140, 1215, 72, P0
2026/07/31 18:12:03.103, 51.39, 250.00, 0, 1140, 1215, 72, P0
2026/07/31 18:12:03.303, 51.39, 250.00, 0, 1140, 1215, 72, P0
2026/07/31 18:12:03.503, 51.49, 250.00, 0, 1140, 1215, 72, P0
2026/07/31 18:12:03.704, 51.27, 250.00, 0, 1140, 1215, 72, P0
2026/07/31 18:12:03.904, 51.18, 250.00, 0, 1140, 1215, 71, P0
2026/07/31 18:12:04.105, 51.15, 250.00, 0, 1140, 1215, 71, P0
2026/07/31 18:12:04.305, 50.96, 250.00, 0, 1140, 1215, 71, P0
2026/07/31 18:12:04.505, 50.86, 250.00, 0, 1140, 1215, 71, P0
2026/07/31 18:12:04.706, 50.78, 250.00, 0, 1140, 1215, 71, P0
2026/07/31 18:12:04.906, 50.70, 250.00, 0, 1140, 1215, 71, P0
2026/07/31 18:12:05.107, 50.55, 250.00, 0, 1140, 1215, 71, P0
2026/07/31 18:12:05.307, 50.49, 250.00, 0, 1140, 1215, 70, P0
2026/07/31 18:12:05.507, 50.46, 250.00, 0, 1140, 1215, 70, P0
2026/07/31 18:12:05.708, 50.29, 250.00, 0, 1140, 1215, 70, P0
2026/07/31 18:12:05.908, 50.20, 250.00, 0, 1140, 1215, 70, P0
2026/07/31 18:12:06.108, 50.17, 250.00, 0, 1140, 1215, 70, P0
2026/07/31 18:12:06.309, 50.00, 250.00, 0, 1140, 1215, 70, P0
2026/07/31 18:12:06.509, 50.00, 250.00, 0, 1140, 1215, 70, P0
2026/07/31 18:12:06.710, 49.90, 250.00, 0, 1140, 1215, 70, P0
2026/07/31 18:12:06.910, 49.90, 250.00, 0, 1140, 1215, 70, P0
2026/07/31 18:12:07.129, 50.26, 250.00, 0, 1140, 1215, 69, P0
2026/07/31 18:12:07.329, 50.26, 250.00, 0, 1140, 1215, 69, P0
2026/07/31 18:12:07.530, 50.10, 250.00, 0, 1140, 1215, 69, P0
2026/07/31 18:12:07.730, 50.10, 250.00, 0, 1140, 1215, 69, P0
2026/07/31 18:12:07.930, 50.00, 250.00, 0, 1140, 1215, 69, P0
2026/07/31 18:12:08.131, 50.00, 250.00, 0, 1140, 1215, 69, P0
2026/07/31 18:12:08.331, 49.81, 250.00, 0, 1140, 1215, 69, P0
2026/07/31 18:12:08.531, 49.81, 250.00, 0, 1140, 1215, 69, P0
2026/07/31 18:12:08.732, 49.71, 250.00, 0, 1140, 1215, 69, P0
2026/07/31 18:12:08.932, 49.61, 250.00, 0, 1140, 1215, 69, P0
2026/07/31 18:12:09.132, 49.55, 250.00, 0, 1140, 1215, 68, P0
2026/07/31 18:12:09.333, 49.52, 250.00, 0, 1140, 1215, 68, P0
2026/07/31 18:12:09.533, 49.42, 250.00, 0, 1140, 1215, 68, P0
2026/07/31 18:12:09.733, 49.42, 250.00, 0, 1140, 1215, 68, P0
2026/07/31 18:12:09.934, 49.32, 250.00, 0, 1140, 1215, 68, P0
2026/07/31 18:12:10.134, 49.18, 250.00, 0, 1140, 1215, 68, P0
2026/07/31 18:12:10.335, 49.18, 250.00, 0, 1140, 1215, 68, P0
2026/07/31 18:12:10.535, 49.12, 250.00, 0, 1140, 1215, 68, P0
2026/07/31 18:12:10.745, 49.12, 250.00, 0, 1140, 1215, 68, P0
2026/07/31 18:12:10.945, 49.01, 250.00, 0, 1140, 1215, 68, P0
2026/07/31 18:12:11.146, 48.92, 250.00, 0, 1140, 1215, 68, P0
2026/07/31 18:12:11.346, 48.83, 250.00, 0, 1140, 1215, 67, P0
2026/07/31 18:12:11.547, 48.73, 250.00, 0, 1140, 1215, 67, P0
2026/07/31 18:12:11.747, 48.73, 250.00, 0, 1140, 1215, 67, P0
2026/07/31 18:12:11.947, 48.64, 250.00, 0, 1140, 1215, 67, P0
2026/07/31 18:12:12.148, 48.62, 250.00, 0, 1140, 1215, 67, P0
2026/07/31 18:12:12.348, 48.62, 250.00, 0, 1140, 1215, 67, P0
2026/07/31 18:12:12.548, 48.44, 250.00, 0, 1140, 1215, 67, P0
2026/07/31 18:12:12.749, 48.53, 250.00, 0, 1140, 1215, 67, P0
2026/07/31 18:12:12.949, 48.42, 250.00, 0, 1140, 1215, 67, P0
2026/07/31 18:12:13.149, 48.32, 250.00, 0, 1140, 1215, 67, P0
2026/07/31 18:12:13.350, 48.26, 250.00, 0, 1140, 1215, 67, P0
2026/07/31 18:12:13.550, 48.23, 250.00, 0, 1140, 1215, 66, P0
2026/07/31 18:12:13.751, 48.14, 250.00, 0, 1140, 1215, 66, P0
2026/07/31 18:12:13.951, 48.16, 250.00, 0, 1140, 1215, 66, P0
2026/07/31 18:12:14.151, 48.03, 250.00, 0, 1140, 1215, 66, P0
2026/07/31 18:12:14.352, 47.99, 250.00, 0, 1140, 1215, 66, P0
2026/07/31 18:12:14.552, 47.92, 250.00, 0, 1140, 1215, 66, P0
2026/07/31 18:12:14.753, 47.95, 250.00, 0, 1140, 1215, 66, P0
2026/07/31 18:12:14.953, 47.94, 250.00, 0, 1140, 1215, 66, P0
2026/07/31 18:12:15.153, 47.85, 250.00, 0, 1140, 1215, 66, P0
2026/07/31 18:12:15.354, 47.74, 250.00, 0, 1140, 1215, 66, P0
2026/07/31 18:12:15.554, 47.76, 250.00, 0, 1140, 1215, 66, P0
2026/07/31 18:12:15.755, 47.73, 250.00, 0, 1140, 1215, 66, P0
2026/07/31 18:12:15.955, 47.63, 250.00, 0, 1140, 1215, 65, P0
2026/07/31 18:12:16.155, 47.63, 250.00, 0, 1140, 1215, 65, P0
2026/07/31 18:12:16.356, 47.53, 250.00, 0, 1140, 1215, 65, P0
2026/07/31 18:12:16.556, 47.44, 250.00, 0, 1140, 1215, 65, P0
2026/07/31 18:12:16.757, 47.37, 250.00, 0, 1140, 1215, 65, P0
2026/07/31 18:12:16.957, 47.44, 250.00, 0, 1140, 1215, 65, P0
2026/07/31 18:12:17.158, 47.35, 250.00, 0, 1140, 1215, 65, P0
2026/07/31 18:12:17.358, 47.37, 250.00, 0, 1140, 1215, 65, P0
2026/07/31 18:12:17.558, 47.16, 250.00, 0, 1140, 1215, 65, P0
2026/07/31 18:12:17.759, 47.17, 250.00, 0, 1140, 1215, 65, P0
2026/07/31 18:12:17.959, 47.17, 250.00, 0, 1140, 1215, 65, P0
2026/07/31 18:12:18.159, 47.15, 250.00, 0, 1140, 1215, 65, P0
2026/07/31 18:12:18.360, 47.06, 250.00, 0, 1140, 1215, 64, P0
2026/07/31 18:12:18.560, 47.05, 250.00, 0, 1140, 1215, 64, P0
2026/07/31 18:12:18.761, 46.98, 250.00, 0, 1140, 1215, 64, P0
2026/07/31 18:12:18.961, 46.98, 250.00, 0, 1140, 1215, 64, P0
2026/07/31 18:12:19.161, 46.82, 250.00, 0, 1140, 1215, 64, P0
2026/07/31 18:12:19.362, 46.84, 250.00, 0, 1140, 1215, 64, P0
2026/07/31 18:12:19.562, 46.75, 250.00, 0, 1140, 1215, 64, P0
2026/07/31 18:12:19.763, 46.76, 250.00, 0, 1140, 1215, 64, P0
2026/07/31 18:12:19.963, 46.58, 250.00, 0, 1140, 1215, 64, P0
2026/07/31 18:12:20.163, 46.56, 250.00, 0, 1140, 1215, 64, P0
2026/07/31 18:12:20.363, 46.55, 250.00, 0, 1140, 1215, 64, P0
2026/07/31 18:12:20.564, 46.45, 250.00, 0, 1140, 1215, 64, P0
2026/07/31 18:12:20.764, 46.45, 250.00, 0, 1140, 1215, 64, P0
2026/07/31 18:12:20.965, 46.34, 250.00, 0, 1140, 1215, 64, P0
2026/07/31 18:12:21.165, 46.28, 250.00, 0, 1140, 1215, 63, P0
2026/07/31 18:12:21.365, 46.28, 250.00, 10, 1140, 1215, 63, P0
2026/07/31 18:12:21.566, 46.25, 250.00, 0, 1140, 1215, 63, P0
2026/07/31 18:12:21.766, 46.28, 250.00, 0, 1140, 1215, 63, P0
2026/07/31 18:12:21.966, 46.16, 250.00, 0, 1140, 1215, 63, P0
2026/07/31 18:12:22.167, 192.26, 250.00, 0, 1140, 1215, 67, P0
2026/07/31 18:12:22.367, 246.83, 250.00, 71, 1275, 1215, 71, P0
2026/07/31 18:12:22.568, 283.86, 250.00, 100, 1320, 1215, 73, P0
2026/07/31 18:12:22.768, 252.31, 250.00, 95, 1290, 1215, 74, P0
2026/07/31 18:12:22.969, 253.02, 250.00, 100, 1290, 1215, 75, P0
2026/07/31 18:12:23.169, 236.66, 250.00, 98, 1410, 1215, 72, P0
2026/07/31 18:12:23.370, 230.62, 250.00, 93, 1410, 1215, 72, P0
2026/07/31 18:12:23.570, 229.17, 250.00, 96, 1410, 1215, 72, P0
2026/07/31 18:12:23.771, 229.87, 250.00, 94, 1410, 1215, 72, P0
2026/07/31 18:12:23.971, 230.12, 250.00, 95, 1410, 1215, 72, P0
2026/07/31 18:12:24.171, 233.55, 250.00, 95, 1410, 1215, 72, P0
2026/07/31 18:12:24.372, 230.91, 250.00, 95, 1410, 1215, 72, P0
2026/07/31 18:12:24.572, 242.26, 250.00, 94, 1410, 1215, 72, P0
2026/07/31 18:12:24.773, 230.73, 250.00, 95, 1410, 1215, 72, P0
2026/07/31 18:12:24.973, 241.10, 250.00, 95, 1410, 1215, 72, P0
2026/07/31 18:12:25.174, 231.20, 250.00, 95, 1410, 1215, 72, P0
2026/07/31 18:12:25.374, 246.55, 250.00, 95, 1410, 1215, 72, P0
2026/07/31 18:12:25.575, 229.75, 250.00, 94, 1410, 1215, 73, P0
2026/07/31 18:12:25.775, 239.21, 250.00, 95, 1410, 1215, 73, P0
2026/07/31 18:12:25.976, 230.23, 250.00, 93, 1410, 1215, 73, P0
2026/07/31 18:12:26.176, 245.84, 250.00, 95, 1410, 1215, 73, P0
2026/07/31 18:12:26.377, 231.71, 250.00, 94, 1410, 1215, 73, P0
2026/07/31 18:12:26.577, 232.87, 250.00, 95, 1410, 1215, 73, P0
2026/07/31 18:12:26.778, 231.94, 250.00, 95, 1410, 1215, 73, P0
2026/07/31 18:12:26.978, 232.57, 250.00, 95, 1410, 1215, 73, P0
2026/07/31 18:12:27.179, 233.68, 250.00, 95, 1410, 1215, 73, P0
2026/07/31 18:12:27.379, 232.35, 250.00, 96, 1410, 1215, 73, P0
2026/07/31 18:12:27.579, 243.62, 250.00, 95, 1410, 1215, 73, P0
2026/07/31 18:12:27.780, 231.67, 250.00, 95, 1410, 1215, 73, P0
2026/07/31 18:12:27.980, 240.17, 250.00, 95, 1410, 1215, 73, P0
2026/07/31 18:12:28.181, 232.03, 250.00, 95, 1410, 1215, 73, P0
2026/07/31 18:12:28.381, 241.46, 250.00, 94, 1410, 1215, 73, P0
2026/07/31 18:12:28.582, 231.74, 250.00, 94, 1410, 1215, 74, P0
2026/07/31 18:12:28.782, 244.21, 250.00, 94, 1410, 1215, 74, P0
2026/07/31 18:12:28.983, 232.50, 250.00, 94, 1410, 1215, 74, P0
2026/07/31 18:12:29.184, 244.04, 250.00, 95, 1410, 1215, 74, P0
2026/07/31 18:12:29.384, 232.97, 250.00, 94, 1410, 1215, 74, P0
2026/07/31 18:12:29.585, 233.83, 250.00, 95, 1410, 1215, 74, P0
2026/07/31 18:12:29.785, 233.26, 250.00, 95, 1410, 1215, 74, P0
2026/07/31 18:12:29.985, 234.11, 250.00, 95, 1410, 1215, 74, P0
2026/07/31 18:12:30.186, 233.17, 250.00, 95, 1410, 1215, 74, P0
2026/07/31 18:12:30.386, 232.95, 250.00, 96, 1410, 1215, 74, P0
2026/07/31 18:12:30.587, 238.69, 250.00, 94, 1410, 1215, 74, P0
2026/07/31 18:12:30.787, 233.91, 250.00, 95, 1410, 1215, 74, P0
2026/07/31 18:12:30.988, 239.11, 250.00, 94, 1410, 1215, 74, P0
2026/07/31 18:12:31.189, 233.55, 250.00, 95, 1410, 1215, 74, P0
2026/07/31 18:12:31.389, 243.66, 250.00, 94, 1410, 1215, 74, P0
2026/07/31 18:12:31.590, 232.51, 250.00, 94, 1410, 1215, 74, P0
2026/07/31 18:12:31.790, 246.90, 250.00, 94, 1410, 1215, 74, P0
2026/07/31 18:12:31.991, 231.84, 250.00, 95, 1410, 1215, 74, P0
2026/07/31 18:12:32.191, 240.60, 250.00, 95, 1410, 1215, 74, P0
2026/07/31 18:12:32.391, 233.74, 250.00, 95, 1410, 1215, 74, P0
2026/07/31 18:12:32.592, 248.85, 250.00, 95, 1410, 1215, 75, P0
2026/07/31 18:12:32.792, 233.58, 250.00, 95, 1410, 1215, 75, P0
2026/07/31 18:12:32.993, 243.22, 250.00, 95, 1410, 1215, 75, P0
2026/07/31 18:12:33.193, 234.21, 250.00, 94, 1410, 1215, 75, P0
2026/07/31 18:12:33.394, 233.72, 250.00, 95, 1410, 1215, 75, P0
2026/07/31 18:12:33.594, 233.85, 250.00, 94, 1410, 1215, 75, P0
2026/07/31 18:12:33.795, 234.68, 250.00, 95, 1410, 1215, 75, P0
2026/07/31 18:12:33.995, 233.76, 250.00, 94, 1410, 1215, 75, P0
2026/07/31 18:12:34.196, 233.83, 250.00, 95, 1410, 1215, 75, P0
2026/07/31 18:12:34.396, 233.06, 250.00, 94, 1410, 1215, 75, P0
2026/07/31 18:12:34.598, 231.15, 250.00, 94, 1410, 1215, 75, P0
2026/07/31 18:12:34.801, 234.88, 250.00, 94, 1410, 1215, 75, P0
2026/07/31 18:12:35.002, 246.05, 250.00, 95, 1410, 1215, 75, P0
2026/07/31 18:12:35.202, 233.96, 250.00, 94, 1410, 1215, 75, P0
2026/07/31 18:12:35.403, 248.09, 250.00, 95, 1410, 1215, 75, P0
2026/07/31 18:12:35.604, 234.90, 250.00, 94, 1410, 1215, 75, P0
2026/07/31 18:12:35.805, 243.96, 250.00, 95, 1410, 1215, 75, P0
2026/07/31 18:12:36.006, 234.82, 250.00, 95, 1410, 1215, 75, P0
2026/07/31 18:12:36.207, 233.04, 250.00, 95, 1410, 1215, 75, P0
2026/07/31 18:12:36.408, 234.23, 250.00, 95, 1410, 1215, 75, P0
2026/07/31 18:12:36.609, 233.12, 250.00, 95, 1410, 1215, 75, P0
2026/07/31 18:12:36.809, 235.09, 250.00, 95, 1410, 1215, 75, P0
2026/07/31 18:12:37.010, 234.15, 250.00, 95, 1410, 1215, 75, P0
2026/07/31 18:12:37.210, 240.22, 250.00, 95, 1410, 1215, 75, P0
2026/07/31 18:12:37.411, 233.21, 250.00, 94, 1410, 1215, 75, P0
2026/07/31 18:12:37.611, 235.65, 250.00, 94, 1410, 1215, 75, P0
2026/07/31 18:12:37.812, 229.12, 250.00, 94, 1410, 1215, 75, P0
2026/07/31 18:12:38.012, 235.64, 250.00, 94, 1410, 1215, 75, P0
2026/07/31 18:12:38.213, 235.39, 250.00, 95, 1410, 1215, 75, P0
2026/07/31 18:12:38.413, 243.16, 250.00, 95, 1410, 1215, 76, P0
2026/07/31 18:12:38.614, 235.31, 250.00, 95, 1410, 1215, 76, P0
2026/07/31 18:12:38.814, 240.36, 250.00, 95, 1410, 1215, 76, P0
2026/07/31 18:12:39.015, 233.31, 250.00, 94, 1410, 1215, 76, P0
2026/07/31 18:12:39.215, 247.39, 250.00, 95, 1410, 1215, 76, P0
2026/07/31 18:12:39.416, 235.20, 250.00, 95, 1410, 1215, 76, P0
2026/07/31 18:12:39.616, 236.70, 250.00, 96, 1410, 1215, 76, P0
2026/07/31 18:12:39.817, 235.19, 250.00, 95, 1410, 1215, 76, P0
2026/07/31 18:12:40.017, 234.46, 250.00, 95, 1410, 1215, 76, P0
2026/07/31 18:12:40.218, 235.71, 250.00, 94, 1410, 1215, 76, P0
2026/07/31 18:12:40.418, 223.01, 250.00, 95, 1410, 1215, 76, P0
2026/07/31 18:12:40.619, 235.36, 250.00, 93, 1410, 1215, 76, P0
2026/07/31 18:12:40.819, 226.66, 250.00, 95, 1410, 1215, 76, P0
2026/07/31 18:12:41.020, 234.45, 250.00, 94, 1410, 1215, 76, P0
2026/07/31 18:12:41.220, 247.87, 250.00, 95, 1410, 1215, 76, P0
2026/07/31 18:12:41.421, 235.37, 250.00, 93, 1410, 1215, 76, P0
2026/07/31 18:12:41.622, 243.96, 250.00, 95, 1410, 1215, 76, P0
2026/07/31 18:12:41.822, 235.26, 250.00, 94, 1410, 1215, 76, P0
2026/07/31 18:12:42.022, 234.81, 250.00, 95, 1410, 1215, 76, P0
2026/07/31 18:12:42.223, 235.69, 250.00, 95, 1410, 1215, 76, P0
2026/07/31 18:12:42.423, 235.10, 250.00, 95, 1410, 1215, 76, P0
2026/07/31 18:12:42.624, 235.61, 250.00, 94, 1410, 1215, 76, P0
2026/07/31 18:12:42.824, 235.59, 250.00, 95, 1410, 1215, 76, P0
2026/07/31 18:12:43.025, 245.25, 250.00, 95, 1410, 1215, 76, P0
2026/07/31 18:12:43.225, 235.19, 250.00, 95, 1410, 1215, 76, P0
2026/07/31 18:12:43.426, 247.15, 250.00, 94, 1410, 1215, 76, P0
2026/07/31 18:12:43.626, 234.96, 250.00, 94, 1410, 1215, 76, P0
2026/07/31 18:12:43.827, 248.09, 250.00, 94, 1410, 1215, 76, P0
2026/07/31 18:12:44.027, 234.45, 250.00, 94, 1410, 1215, 76, P0
2026/07/31 18:12:44.228, 247.79, 250.00, 94, 1410, 1215, 76, P0
2026/07/31 18:12:44.428, 235.88, 250.00, 95, 1410, 1215, 76, P0
2026/07/31 18:12:44.629, 250.50, 250.00, 95, 1410, 1215, 76, P0
2026/07/31 18:12:44.829, 236.07, 250.00, 95, 1410, 1215, 76, P0
2026/07/31 18:12:45.030, 248.55, 250.00, 95, 1410, 1215, 76, P0
2026/07/31 18:12:45.230, 236.38, 250.00, 95, 1410, 1215, 77, P0
2026/07/31 18:12:45.431, 237.16, 250.00, 95, 1410, 1215, 77, P0
2026/07/31 18:12:45.631, 236.55, 250.00, 95, 1410, 1215, 77, P0
2026/07/31 18:12:45.831, 234.86, 250.00, 95, 1410, 1215, 77, P0
2026/07/31 18:12:46.032, 236.93, 250.00, 95, 1410, 1215, 77, P0
2026/07/31 18:12:46.232, 235.60, 250.00, 95, 1410, 1215, 77, P0
2026/07/31 18:12:46.433, 234.28, 250.00, 93, 1410, 1215, 77, P0
2026/07/31 18:12:46.633, 247.69, 250.00, 94, 1410, 1215, 77, P0
2026/07/31 18:12:46.834, 236.45, 250.00, 95, 1410, 1215, 77, P0
2026/07/31 18:12:47.034, 243.34, 250.00, 94, 1410, 1215, 77, P0
2026/07/31 18:12:47.235, 236.85, 250.00, 95, 1410, 1215, 77, P0
2026/07/31 18:12:47.435, 255.48, 250.00, 95, 1410, 1215, 77, P0
2026/07/31 18:12:47.636, 239.96, 250.00, 95, 1410, 1215, 77, P0
2026/07/31 18:12:47.836, 246.79, 250.00, 95, 1410, 1215, 77, P0
2026/07/31 18:12:48.037, 239.55, 250.00, 95, 1410, 1215, 77, P0
2026/07/31 18:12:48.237, 240.63, 250.00, 95, 1410, 1215, 77, P0
2026/07/31 18:12:48.438, 240.32, 250.00, 94, 1410, 1215, 77, P0
2026/07/31 18:12:48.638, 238.35, 250.00, 95, 1410, 1215, 77, P0
2026/07/31 18:12:48.839, 240.62, 250.00, 94, 1410, 1215, 77, P0
2026/07/31 18:12:49.039, 239.75, 250.00, 95, 1410, 1215, 77, P0
2026/07/31 18:12:49.240, 239.96, 250.00, 94, 1410, 1215, 77, P0
2026/07/31 18:12:49.440, 234.07, 250.00, 94, 1410, 1215, 77, P0
2026/07/31 18:12:49.641, 240.04, 250.00, 94, 1410, 1215, 77, P0
2026/07/31 18:12:49.841, 258.07, 250.00, 94, 1410, 1215, 77, P0
2026/07/31 18:12:50.042, 204.47, 250.00, 92, 1410, 1215, 77, P0
2026/07/31 18:12:50.243, 230.65, 250.00, 77, 1410, 1215, 77, P0
2026/07/31 18:12:50.443, 203.98, 250.00, 80, 1410, 1215, 76, P0
2026/07/31 18:12:50.644, 239.66, 250.00, 84, 1410, 1215, 77, P0
2026/07/31 18:12:50.844, 248.92, 250.00, 95, 1410, 1215, 77, P0
2026/07/31 18:12:51.045, 240.33, 250.00, 95, 1410, 1215, 77, P0
2026/07/31 18:12:51.245, 252.09, 250.00, 94, 1410, 1215, 77, P0
2026/07/31 18:12:51.446, 239.49, 250.00, 95, 1410, 1215, 77, P0
2026/07/31 18:12:51.646, 255.64, 250.00, 95, 1410, 1215, 77, P0
2026/07/31 18:12:51.847, 234.98, 250.00, 95, 1395, 1215, 77, P0
2026/07/31 18:12:52.047, 253.92, 250.00, 95, 1410, 1215, 78, P0
2026/07/31 18:12:52.248, 240.55, 250.00, 95, 1410, 1215, 78, P0
2026/07/31 18:12:52.448, 250.59, 250.00, 94, 1410, 1215, 78, P0
2026/07/31 18:12:52.649, 241.29, 250.00, 95, 1410, 1215, 78, P0
2026/07/31 18:12:52.849, 249.32, 250.00, 95, 1410, 1215, 78, P0
2026/07/31 18:12:53.050, 240.60, 250.00, 94, 1410, 1215, 78, P0
2026/07/31 18:12:53.250, 260.35, 250.00, 95, 1410, 1215, 78, P0
2026/07/31 18:12:53.451, 240.63, 250.00, 95, 1410, 1215, 78, P0
2026/07/31 18:12:53.651, 257.77, 250.00, 94, 1410, 1215, 78, P0
2026/07/31 18:12:53.851, 241.40, 250.00, 95, 1410, 1215, 78, P0
2026/07/31 18:12:54.052, 233.26, 250.00, 95, 1395, 1215, 78, P0
2026/07/31 18:12:54.252, 232.10, 250.00, 95, 1410, 1215, 78, P0
2026/07/31 18:12:54.453, 241.57, 250.00, 95, 1410, 1215, 78, P0
2026/07/31 18:12:54.653, 232.85, 250.00, 95, 1410, 1215, 78, P0
2026/07/31 18:12:54.854, 241.45, 250.00, 94, 1410, 1215, 78, P0
2026/07/31 18:12:55.054, 240.76, 250.00, 95, 1410, 1215, 78, P0
2026/07/31 18:12:55.255, 242.17, 250.00, 95, 1410, 1215, 78, P0
2026/07/31 18:12:55.455, 240.72, 250.00, 95, 1410, 1215, 78, P0
2026/07/31 18:12:55.656, 239.63, 250.00, 94, 1410, 1215, 78, P0
2026/07/31 18:12:55.856, 240.93, 250.00, 95, 1410, 1215, 78, P0
2026/07/31 18:12:56.057, 249.19, 250.00, 94, 1410, 1215, 78, P0
2026/07/31 18:12:56.257, 239.80, 250.00, 95, 1410, 1215, 78, P0
2026/07/31 18:12:56.458, 251.99, 250.00, 94, 1410, 1215, 78, P0
2026/07/31 18:12:56.658, 241.50, 250.00, 94, 1410, 1215, 78, P0
2026/07/31 18:12:56.859, 244.36, 250.00, 95, 1410, 1215, 78, P0
2026/07/31 18:12:57.059, 232.88, 250.00, 95, 1395, 1215, 78, P0
2026/07/31 18:12:57.260, 240.86, 250.00, 95, 1410, 1215, 78, P0
2026/07/31 18:12:57.460, 242.72, 250.00, 95, 1410, 1215, 78, P0
2026/07/31 18:12:57.661, 242.44, 250.00, 95, 1410, 1215, 78, P0
2026/07/31 18:12:57.861, 242.08, 250.00, 95, 1410, 1215, 78, P0
2026/07/31 18:12:58.062, 239.52, 250.00, 95, 1410, 1215, 78, P0
2026/07/31 18:12:58.262, 242.00, 250.00, 95, 1410, 1215, 78, P0
2026/07/31 18:12:58.463, 236.91, 250.00, 94, 1410, 1215, 78, P0
2026/07/31 18:12:58.663, 241.22, 250.00, 95, 1410, 1215, 78, P0
2026/07/31 18:12:58.864, 252.10, 250.00, 94, 1410, 1215, 78, P0
2026/07/31 18:12:59.064, 241.81, 250.00, 94, 1410, 1215, 78, P0
2026/07/31 18:12:59.265, 248.14, 250.00, 94, 1395, 1215, 78, P0
2026/07/31 18:12:59.465, 234.30, 250.00, 95, 1395, 1215, 78, P0
2026/07/31 18:12:59.666, 248.59, 250.00, 95, 1410, 1215, 78, P0
2026/07/31 18:12:59.866, 242.53, 250.00, 95, 1410, 1215, 78, P0
2026/07/31 18:13:00.067, 242.00, 250.00, 95, 1410, 1215, 79, P0
2026/07/31 18:13:00.267, 242.85, 250.00, 95, 1410, 1215, 79, P0
2026/07/31 18:13:00.468, 235.53, 250.00, 95, 1395, 1215, 78, P0
2026/07/31 18:13:00.668, 242.49, 250.00, 95, 1410, 1215, 79, P0
2026/07/31 18:13:00.869, 233.48, 250.00, 95, 1395, 1215, 78, P0
2026/07/31 18:13:01.069, 252.89, 250.00, 95, 1410, 1215, 78, P0
2026/07/31 18:13:01.270, 242.28, 250.00, 95, 1410, 1215, 79, P0
2026/07/31 18:13:01.470, 250.60, 250.00, 95, 1410, 1215, 79, P0
2026/07/31 18:13:01.671, 241.80, 250.00, 94, 1410, 1215, 79, P0
2026/07/31 18:13:01.871, 252.03, 250.00, 95, 1410, 1215, 79, P0
2026/07/31 18:13:02.072, 240.89, 250.00, 94, 1410, 1215, 79, P0
2026/07/31 18:13:02.272, 255.67, 250.00, 95, 1410, 1215, 79, P0
2026/07/31 18:13:02.473, 243.04, 250.00, 95, 1410, 1215, 79, P0
2026/07/31 18:13:02.674, 250.57, 250.00, 95, 1410, 1215, 79, P0
2026/07/31 18:13:02.874, 238.29, 250.00, 95, 1410, 1215, 79, P0
2026/07/31 18:13:03.075, 254.97, 250.00, 95, 1410, 1215, 79, P0
2026/07/31 18:13:03.275, 242.20, 250.00, 95, 1410, 1215, 79, P0
2026/07/31 18:13:03.476, 257.02, 250.00, 96, 1410, 1215, 79, P0
2026/07/31 18:13:03.676, 233.87, 250.00, 95, 1410, 1215, 79, P0
2026/07/31 18:13:03.877, 259.91, 250.00, 96, 1410, 1215, 79, P0
2026/07/31 18:13:04.077, 243.14, 250.00, 95, 1410, 1215, 79, P0
2026/07/31 18:13:04.278, 241.74, 250.00, 96, 1410, 1215, 79, P0
2026/07/31 18:13:04.478, 243.00, 250.00, 95, 1410, 1215, 79, P0
2026/07/31 18:13:04.679, 258.56, 250.00, 95, 1410, 1215, 79, P0
2026/07/31 18:13:04.879, 232.56, 250.00, 94, 1410, 1215, 79, P0
2026/07/31 18:13:05.080, 253.01, 250.00, 95, 1410, 1215, 79, P0
2026/07/31 18:13:05.280, 238.94, 250.00, 94, 1410, 1215, 79, P0
2026/07/31 18:13:05.481, 245.95, 250.00, 95, 1410, 1215, 79, P0
2026/07/31 18:13:05.681, 242.73, 250.00, 95, 1410, 1215, 79, P0
2026/07/31 18:13:05.882, 249.21, 250.00, 95, 1410, 1215, 79, P0
2026/07/31 18:13:06.082, 234.68, 250.00, 94, 1410, 1215, 79, P0
2026/07/31 18:13:06.283, 258.37, 250.00, 95, 1410, 1215, 79, P0
2026/07/31 18:13:06.483, 241.50, 250.00, 95, 1410, 1215, 79, P0
2026/07/31 18:13:06.684, 247.36, 250.00, 95, 1410, 1215, 79, P0
2026/07/31 18:13:06.884, 243.62, 250.00, 95, 1410, 1215, 79, P0
2026/07/31 18:13:07.085, 251.92, 250.00, 95, 1410, 1215, 79, P0
2026/07/31 18:13:07.285, 243.11, 250.00, 94, 1410, 1215, 79, P0
2026/07/31 18:13:07.486, 242.19, 250.00, 95, 1410, 1215, 79, P0
2026/07/31 18:13:07.686, 238.50, 250.00, 94, 1410, 1215, 79, P0
2026/07/31 18:13:07.887, 251.18, 250.00, 94, 1395, 1215, 79, P0
2026/07/31 18:13:08.087, 241.08, 250.00, 95, 1395, 1215, 79, P0
2026/07/31 18:13:08.288, 251.92, 250.00, 94, 1410, 1215, 79, P0
2026/07/31 18:13:08.488, 236.37, 250.00, 95, 1410, 1215, 79, P0
2026/07/31 18:13:08.689, 247.58, 250.00, 94, 1410, 1215, 79, P0
2026/07/31 18:13:08.889, 240.72, 250.00, 95, 1395, 1215, 79, P0
2026/07/31 18:13:09.090, 249.31, 250.00, 95, 1395, 1215, 79, P0
2026/07/31 18:13:09.290, 240.93, 250.00, 95, 1410, 1215, 79, P0
2026/07/31 18:13:09.491, 250.33, 250.00, 95, 1395, 1215, 79, P0
2026/07/31 18:13:09.691, 239.74, 250.00, 95, 1410, 1215, 79, P0
2026/07/31 18:13:09.892, 243.59, 250.00, 94, 1410, 1215, 79, P0
2026/07/31 18:13:10.092, 238.59, 250.00, 94, 1410, 1215, 79, P0
2026/07/31 18:13:10.293, 242.83, 250.00, 93, 1410, 1215, 79, P0
2026/07/31 18:13:10.493, 239.53, 250.00, 94, 1410, 1215, 79, P0
2026/07/31 18:13:10.694, 239.39, 250.00, 92, 1410, 1215, 79, P0
2026/07/31 18:13:10.894, 241.32, 250.00, 93, 1410, 1215, 79, P0
2026/07/31 18:13:11.095, 250.76, 250.00, 93, 1410, 1215, 79, P0
2026/07/31 18:13:11.295, 241.79, 250.00, 92, 1410, 1215, 80, P0
2026/07/31 18:13:11.496, 239.11, 250.00, 94, 1395, 1215, 79, P0
2026/07/31 18:13:11.696, 236.85, 250.00, 94, 1395, 1215, 79, P0
2026/07/31 18:13:11.897, 248.74, 250.00, 93, 1410, 1215, 80, P0
2026/07/31 18:13:12.097, 238.32, 250.00, 93, 1410, 1215, 80, P0
2026/07/31 18:13:12.298, 240.12, 250.00, 93, 1410, 1215, 79, P0
2026/07/31 18:13:12.498, 236.68, 250.00, 94, 1410, 1215, 79, P0
2026/07/31 18:13:12.699, 237.42, 250.00, 93, 1410, 1215, 80, P0
2026/07/31 18:13:12.899, 246.61, 250.00, 94, 1410, 1215, 79, P0
2026/07/31 18:13:13.100, 240.17, 250.00, 93, 1410, 1215, 80, P0
2026/07/31 18:13:13.300, 251.04, 250.00, 94, 1395, 1215, 80, P0
2026/07/31 18:13:13.501, 233.29, 250.00, 94, 1410, 1215, 80, P0
2026/07/31 18:13:13.701, 243.69, 250.00, 93, 1410, 1215, 80, P0
2026/07/31 18:13:13.902, 245.66, 250.00, 94, 1410, 1215, 80, P0
2026/07/31 18:13:14.104, 244.24, 250.00, 94, 1410, 1215, 80, P0
2026/07/31 18:13:14.307, 247.18, 250.00, 94, 1410, 1215, 80, P0
2026/07/31 18:13:14.509, 243.18, 250.00, 96, 1410, 1215, 80, P0
2026/07/31 18:13:14.710, 252.75, 250.00, 95, 1410, 1215, 80, P0
2026/07/31 18:13:14.911, 239.16, 250.00, 96, 1395, 1215, 80, P0
2026/07/31 18:13:15.112, 247.38, 250.00, 95, 1395, 1215, 80, P0
2026/07/31 18:13:15.312, 243.83, 250.00, 96, 1395, 1215, 80, P0
2026/07/31 18:13:15.513, 246.32, 250.00, 94, 1410, 1215, 80, P0
2026/07/31 18:13:15.713, 245.34, 250.00, 96, 1410, 1215, 80, P0
2026/07/31 18:13:15.915, 242.01, 250.00, 95, 1395, 1215, 80, P0
2026/07/31 18:13:16.115, 244.28, 250.00, 95, 1395, 1215, 80, P0
2026/07/31 18:13:16.316, 243.26, 250.00, 95, 1395, 1215, 80, P0
2026/07/31 18:13:16.516, 238.26, 250.00, 94, 1410, 1215, 80, P0
2026/07/31 18:13:16.717, 255.88, 250.00, 94, 1410, 1215, 80, P0
2026/07/31 18:13:16.918, 237.73, 250.00, 94, 1410, 1215, 80, P0
2026/07/31 18:13:17.118, 250.38, 250.00, 94, 1410, 1215, 80, P0
2026/07/31 18:13:17.318, 236.35, 250.00, 95, 1410, 1215, 80, P0
2026/07/31 18:13:17.519, 256.51, 250.00, 95, 1410, 1215, 80, P0
2026/07/31 18:13:17.719, 243.73, 250.00, 94, 1410, 1215, 80, P0
2026/07/31 18:13:17.920, 251.36, 250.00, 94, 1395, 1215, 80, P0
2026/07/31 18:13:18.120, 239.97, 250.00, 94, 1410, 1215, 80, P0
2026/07/31 18:13:18.321, 245.15, 250.00, 95, 1410, 1215, 80, P0
2026/07/31 18:13:18.521, 246.19, 250.00, 95, 1395, 1215, 80, P0
2026/07/31 18:13:18.722, 244.01, 250.00, 95, 1410, 1215, 80, P0
2026/07/31 18:13:18.922, 244.49, 250.00, 95, 1395, 1215, 80, P0
2026/07/31 18:13:19.123, 244.41, 250.00, 95, 1395, 1215, 80, P0
2026/07/31 18:13:19.323, 242.54, 250.00, 94, 1410, 1215, 80, P0
2026/07/31 18:13:19.524, 245.38, 250.00, 95, 1395, 1215, 80, P0
2026/07/31 18:13:19.724, 242.78, 250.00, 94, 1410, 1215, 80, P0
2026/07/31 18:13:19.925, 244.66, 250.00, 95, 1395, 1215, 80, P0
2026/07/31 18:13:20.125, 249.78, 250.00, 94, 1410, 1215, 80, P0
2026/07/31 18:13:20.326, 244.68, 250.00, 95, 1410, 1215, 80, P0
2026/07/31 18:13:20.526, 260.26, 250.00, 95, 1395, 1215, 80, P0
2026/07/31 18:13:20.727, 244.96, 250.00, 95, 1410, 1215, 80, P0
2026/07/31 18:13:20.927, 261.62, 250.00, 95, 1410, 1215, 80, P0
2026/07/31 18:13:21.128, 245.17, 250.00, 96, 1410, 1215, 80, P0
2026/07/31 18:13:21.328, 261.36, 250.00, 95, 1410, 1215, 80, P0
2026/07/31 18:13:21.529, 238.81, 250.00, 96, 1410, 1215, 80, P0
2026/07/31 18:13:21.729, 261.55, 250.00, 95, 1410, 1215, 80, P0
2026/07/31 18:13:21.930, 245.50, 250.00, 96, 1410, 1215, 80, P0
2026/07/31 18:13:22.130, 265.07, 250.00, 95, 1395, 1215, 80, P0
2026/07/31 18:13:22.331, 241.73, 250.00, 95, 1410, 1215, 80, P0
2026/07/31 18:13:22.531, 258.69, 250.00, 94, 1410, 1215, 80, P0
2026/07/31 18:13:22.732, 237.58, 250.00, 95, 1410, 1215, 80, P0
2026/07/31 18:13:22.932, 238.89, 250.00, 95, 1410, 1215, 80, P0
2026/07/31 18:13:23.133, 245.34, 250.00, 95, 1410, 1215, 80, P0
2026/07/31 18:13:23.333, 237.87, 250.00, 95, 1410, 1215, 80, P0
2026/07/31 18:13:23.534, 237.11, 250.00, 95, 1395, 1215, 80, P0
2026/07/31 18:13:23.734, 247.07, 250.00, 95, 1410, 1215, 80, P0
2026/07/31 18:13:23.935, 235.22, 250.00, 95, 1395, 1215, 80, P0
2026/07/31 18:13:24.135, 249.77, 250.00, 94, 1410, 1215, 80, P0
2026/07/31 18:13:24.336, 236.79, 250.00, 95, 1395, 1215, 80, P0
2026/07/31 18:13:24.536, 243.82, 250.00, 95, 1395, 1215, 80, P0
2026/07/31 18:13:24.737, 237.50, 250.00, 95, 1395, 1215, 80, P0
2026/07/31 18:13:24.937, 244.29, 250.00, 95, 1395, 1215, 80, P0
2026/07/31 18:13:25.137, 243.26, 250.00, 95, 1395, 1215, 81, P0
2026/07/31 18:13:25.338, 245.93, 250.00, 95, 1410, 1215, 81, P0
2026/07/31 18:13:25.539, 234.50, 250.00, 95, 1395, 1215, 81, P0
2026/07/31 18:13:25.739, 237.66, 250.00, 94, 1395, 1215, 81, P0
2026/07/31 18:13:25.940, 242.66, 250.00, 95, 1410, 1215, 81, P0
2026/07/31 18:13:26.140, 245.57, 250.00, 95, 1410, 1215, 81, P0
2026/07/31 18:13:26.341, 255.69, 250.00, 95, 1410, 1215, 81, P0
2026/07/31 18:13:26.541, 242.64, 250.00, 95, 1410, 1215, 81, P0
2026/07/31 18:13:26.742, 259.05, 250.00, 95, 1410, 1215, 81, P0
2026/07/31 18:13:26.942, 242.64, 250.00, 95, 1410, 1215, 81, P0
2026/07/31 18:13:27.142, 257.01, 250.00, 96, 1410, 1215, 81, P0
2026/07/31 18:13:27.343, 245.72, 250.00, 95, 1410, 1215, 81, P0
2026/07/31 18:13:27.543, 252.05, 250.00, 96, 1410, 1215, 81, P0
2026/07/31 18:13:27.744, 238.12, 250.00, 95, 1410, 1215, 81, P0
2026/07/31 18:13:27.944, 252.60, 250.00, 95, 1410, 1215, 81, P0
2026/07/31 18:13:28.145, 239.19, 250.00, 95, 1410, 1215, 81, P0
2026/07/31 18:13:28.345, 242.84, 250.00, 95, 1395, 1215, 81, P0
2026/07/31 18:13:28.546, 238.63, 250.00, 95, 1410, 1215, 81, P0
2026/07/31 18:13:28.746, 260.20, 250.00, 94, 1395, 1215, 81, P0
2026/07/31 18:13:28.947, 241.32, 250.00, 94, 1410, 1215, 81, P0
2026/07/31 18:13:29.147, 249.81, 250.00, 94, 1410, 1215, 81, P0
2026/07/31 18:13:29.348, 238.22, 250.00, 95, 1410, 1215, 81, P0
2026/07/31 18:13:29.548, 249.85, 250.00, 95, 1410, 1215, 81, P0
2026/07/31 18:13:29.749, 246.61, 250.00, 95, 1410, 1215, 81, P0
2026/07/31 18:13:29.949, 242.96, 250.00, 95, 1410, 1215, 81, P0
2026/07/31 18:13:30.150, 236.08, 250.00, 95, 1410, 1215, 81, P0
2026/07/31 18:13:30.351, 240.70, 250.00, 94, 1410, 1215, 81, P0
2026/07/31 18:13:30.551, 237.52, 250.00, 96, 1410, 1215, 81, P0
2026/07/31 18:13:30.751, 246.12, 250.00, 95, 1395, 1215, 81, P0
2026/07/31 18:13:30.952, 241.59, 250.00, 94, 1410, 1215, 81, P0
2026/07/31 18:13:31.152, 244.69, 250.00, 94, 1395, 1215, 81, P0
2026/07/31 18:13:31.353, 248.18, 250.00, 93, 1410, 1215, 81, P0
2026/07/31 18:13:31.553, 234.44, 250.00, 94, 1410, 1215, 81, P0
2026/07/31 18:13:31.754, 232.91, 250.00, 92, 1395, 1215, 81, P0
2026/07/31 18:13:31.955, 258.17, 250.00, 93, 1410, 1215, 81, P0
2026/07/31 18:13:32.155, 236.58, 250.00, 93, 1410, 1215, 81, P0
2026/07/31 18:13:32.356, 252.48, 250.00, 92, 1410, 1215, 81, P0
2026/07/31 18:13:32.556, 232.71, 250.00, 94, 1395, 1215, 81, P0
2026/07/31 18:13:32.757, 245.15, 250.00, 94, 1395, 1215, 81, P0
2026/07/31 18:13:32.957, 253.04, 250.00, 93, 1395, 1215, 81, P0
2026/07/31 18:13:33.158, 235.42, 250.00, 94, 1410, 1215, 81, P0
2026/07/31 18:13:33.358, 240.91, 250.00, 93, 1410, 1215, 81, P0
2026/07/31 18:13:33.558, 240.55, 250.00, 94, 1395, 1215, 81, P0
2026/07/31 18:13:33.759, 244.29, 250.00, 94, 1395, 1215, 81, P0
2026/07/31 18:13:33.960, 250.04, 250.00, 93, 1410, 1215, 81, P0
2026/07/31 18:13:34.160, 236.26, 250.00, 94, 1410, 1215, 81, P0
2026/07/31 18:13:34.360, 241.48, 250.00, 93, 1410, 1215, 81, P0
2026/07/31 18:13:34.561, 236.80, 250.00, 94, 1395, 1215, 81, P0
2026/07/31 18:13:34.761, 244.80, 250.00, 93, 1395, 1215, 81, P0
2026/07/31 18:13:34.962, 254.63, 250.00, 94, 1395, 1215, 81, P0
2026/07/31 18:13:35.163, 236.08, 250.00, 94, 1410, 1215, 81, P0
2026/07/31 18:13:35.363, 241.57, 250.00, 94, 1410, 1215, 81, P0
2026/07/31 18:13:35.563, 235.80, 250.00, 95, 1410, 1215, 81, P0
2026/07/31 18:13:35.764, 244.29, 250.00, 95, 1410, 1215, 81, P0
2026/07/31 18:13:35.964, 237.32, 250.00, 94, 1410, 1215, 81, P0
2026/07/31 18:13:36.165, 239.75, 250.00, 95, 1395, 1215, 81, P0
2026/07/31 18:13:36.365, 260.68, 250.00, 94, 1410, 1215, 81, P0
2026/07/31 18:13:36.566, 245.85, 250.00, 95, 1395, 1215, 81, P0
2026/07/31 18:13:36.766, 258.85, 250.00, 94, 1410, 1215, 81, P0
2026/07/31 18:13:36.967, 237.83, 250.00, 93, 1395, 1215, 81, P0
2026/07/31 18:13:37.167, 236.27, 250.00, 95, 1410, 1215, 81, P0
2026/07/31 18:13:37.368, 237.35, 250.00, 95, 1395, 1215, 81, P0
2026/07/31 18:13:37.568, 240.16, 250.00, 95, 1395, 1215, 81, P0
2026/07/31 18:13:37.769, 241.51, 250.00, 94, 1395, 1215, 81, P0
2026/07/31 18:13:37.969, 246.63, 250.00, 95, 1395, 1215, 81, P0
2026/07/31 18:13:38.170, 268.16, 250.00, 94, 1410, 1215, 82, P0
2026/07/31 18:13:38.370, 240.21, 250.00, 95, 1395, 1215, 81, P0
2026/07/31 18:13:38.571, 263.43, 250.00, 94, 1395, 1215, 81, P0
2026/07/31 18:13:38.771, 245.75, 250.00, 95, 1395, 1215, 81, P0
2026/07/31 18:13:38.972, 250.28, 250.00, 94, 1410, 1215, 81, P0
2026/07/31 18:13:39.172, 245.95, 250.00, 96, 1410, 1215, 81, P0
2026/07/31 18:13:39.373, 253.94, 250.00, 95, 1410, 1215, 81, P0
2026/07/31 18:13:39.573, 238.22, 250.00, 96, 1410, 1215, 81, P0
2026/07/31 18:13:39.774, 256.04, 250.00, 95, 1410, 1215, 81, P0
2026/07/31 18:13:39.974, 237.26, 250.00, 95, 1410, 1215, 81, P0
2026/07/31 18:13:40.175, 238.31, 250.00, 95, 1395, 1215, 81, P0
2026/07/31 18:13:40.375, 239.05, 250.00, 95, 1395, 1215, 82, P0
2026/07/31 18:13:40.576, 240.16, 250.00, 95, 1395, 1215, 81, P0
2026/07/31 18:13:40.776, 245.91, 250.00, 94, 1395, 1215, 82, P0
2026/07/31 18:13:40.977, 245.79, 250.00, 95, 1410, 1215, 82, P0
2026/07/31 18:13:41.177, 264.78, 250.00, 93, 1395, 1215, 82, P0
2026/07/31 18:13:41.378, 246.90, 250.00, 95, 1410, 1215, 82, P0
2026/07/31 18:13:41.578, 239.88, 250.00, 95, 1410, 1215, 82, P0
2026/07/31 18:13:41.779, 240.70, 250.00, 96, 1410, 1215, 82, P0
2026/07/31 18:13:41.979, 245.46, 250.00, 94, 1410, 1215, 81, P0
2026/07/31 18:13:42.180, 247.02, 250.00, 95, 1395, 1215, 82, P0
2026/07/31 18:13:42.381, 260.94, 250.00, 95, 1395, 1215, 82, P0
2026/07/31 18:13:42.581, 247.94, 250.00, 95, 1395, 1215, 82, P0
2026/07/31 18:13:42.781, 252.19, 250.00, 95, 1395, 1215, 82, P0
2026/07/31 18:13:42.982, 246.62, 250.00, 95, 1395, 1215, 82, P0
2026/07/31 18:13:43.182, 254.25, 250.00, 95, 1395, 1215, 82, P0
2026/07/31 18:13:43.383, 237.27, 250.00, 94, 1395, 1215, 82, P0
2026/07/31 18:13:43.584, 242.95, 250.00, 94, 1410, 1215, 82, P0
2026/07/31 18:13:43.784, 233.39, 250.00, 93, 1410, 1215, 82, P0
2026/07/31 18:13:43.985, 247.79, 250.00, 95, 1395, 1215, 82, P0
2026/07/31 18:13:44.185, 260.68, 250.00, 95, 1395, 1215, 82, P0
2026/07/31 18:13:44.386, 248.15, 250.00, 95, 1410, 1215, 82, P0
2026/07/31 18:13:44.586, 257.22, 250.00, 95, 1395, 1215, 82, P0
2026/07/31 18:13:44.787, 246.62, 250.00, 91, 1275, 1215, 84, P0
2026/07/31 18:13:44.987, 241.67, 250.00, 100, 1230, 1215, 84, P0
2026/07/31 18:13:45.188, 252.45, 250.00, 100, 1245, 1215, 85, P0
2026/07/31 18:13:45.388, 246.39, 250.00, 95, 1245, 1215, 85, P0
2026/07/31 18:13:45.588, 249.70, 250.00, 100, 1230, 1215, 85, P0
2026/07/31 18:13:45.789, 216.58, 250.00, 97, 1395, 1215, 83, P0
2026/07/31 18:13:45.990, 256.25, 250.00, 95, 1410, 1215, 82, P0
2026/07/31 18:13:46.192, 244.29, 250.00, 94, 1410, 1215, 82, P0
2026/07/31 18:13:46.392, 259.24, 250.00, 95, 1395, 1215, 82, P0
2026/07/31 18:13:46.593, 248.19, 250.00, 94, 1410, 1215, 82, P0
2026/07/31 18:13:46.793, 259.91, 250.00, 94, 1395, 1215, 82, P0
2026/07/31 18:13:46.994, 243.46, 250.00, 94, 1395, 1215, 82, P0
2026/07/31 18:13:47.194, 259.93, 250.00, 94, 1395, 1215, 82, P0
2026/07/31 18:13:47.395, 250.56, 250.00, 95, 1410, 1215, 82, P0
2026/07/31 18:13:47.595, 238.27, 250.00, 95, 1410, 1215, 82, P0
2026/07/31 18:13:47.796, 247.06, 250.00, 96, 1410, 1215, 82, P0
2026/07/31 18:13:47.996, 241.01, 250.00, 95, 1410, 1215, 82, P0
2026/07/31 18:13:48.197, 250.81, 250.00, 95, 1410, 1215, 82, P0
2026/07/31 18:13:48.397, 247.68, 250.00, 95, 1395, 1215, 82, P0
2026/07/31 18:13:48.598, 243.43, 250.00, 95, 1395, 1215, 82, P0
2026/07/31 18:13:48.798, 241.01, 250.00, 95, 1395, 1215, 82, P0
2026/07/31 18:13:48.999, 242.14, 250.00, 95, 1395, 1215, 82, P0
2026/07/31 18:13:49.199, 249.75, 250.00, 95, 1410, 1215, 82, P0
2026/07/31 18:13:49.400, 237.66, 250.00, 95, 1410, 1215, 82, P0
2026/07/31 18:13:49.600, 262.21, 250.00, 95, 1395, 1215, 82, P0
2026/07/31 18:13:49.801, 250.20, 250.00, 95, 1395, 1215, 82, P0
2026/07/31 18:13:50.001, 247.39, 250.00, 95, 1395, 1215, 82, P0
2026/07/31 18:13:50.202, 250.46, 250.00, 95, 1410, 1215, 82, P0
2026/07/31 18:13:50.402, 249.21, 250.00, 94, 1410, 1215, 82, P0
2026/07/31 18:13:50.603, 244.30, 250.00, 95, 1395, 1215, 82, P0
2026/07/31 18:13:50.803, 240.26, 250.00, 96, 1410, 1215, 82, P0
2026/07/31 18:13:51.004, 252.33, 250.00, 95, 1410, 1215, 82, P0
2026/07/31 18:13:51.204, 247.58, 250.00, 96, 1410, 1215, 82, P0
2026/07/31 18:13:51.405, 264.76, 250.00, 95, 1395, 1215, 82, P0
2026/07/31 18:13:51.605, 245.56, 250.00, 95, 1395, 1215, 82, P0
2026/07/31 18:13:51.806, 244.71, 250.00, 95, 1395, 1215, 82, P0
2026/07/31 18:13:52.006, 237.50, 250.00, 95, 1395, 1215, 82, P0
2026/07/31 18:13:52.207, 241.50, 250.00, 95, 1395, 1215, 82, P0
2026/07/31 18:13:52.407, 246.17, 250.00, 95, 1395, 1215, 82, P0
2026/07/31 18:13:52.608, 240.46, 250.00, 96, 1395, 1215, 82, P0
2026/07/31 18:13:52.814, 245.83, 250.00, 94, 1395, 1215, 82, P0
2026/07/31 18:13:53.015, 244.49, 250.00, 95, 1395, 1215, 82, P0
2026/07/31 18:13:53.216, 260.51, 250.00, 95, 1395, 1215, 82, P0
2026/07/31 18:13:53.418, 244.45, 250.00, 95, 1395, 1215, 82, P0
2026/07/31 18:13:53.618, 257.10, 250.00, 95, 1410, 1215, 82, P0
2026/07/31 18:13:53.819, 240.82, 250.00, 95, 1410, 1215, 82, P0
2026/07/31 18:13:54.019, 241.17, 250.00, 95, 1410, 1215, 82, P0
2026/07/31 18:13:54.219, 238.37, 250.00, 95, 1410, 1215, 82, P0
2026/07/31 18:13:54.420, 242.17, 250.00, 96, 1410, 1215, 82, P0
2026/07/31 18:13:54.621, 256.61, 250.00, 94, 1380, 1215, 82, P0
2026/07/31 18:13:54.821, 246.69, 250.00, 96, 1395, 1215, 82, P0
2026/07/31 18:13:55.021, 254.04, 250.00, 95, 1395, 1215, 82, P0
2026/07/31 18:13:55.222, 247.58, 250.00, 96, 1395, 1215, 82, P0
2026/07/31 18:13:55.422, 263.44, 250.00, 95, 1395, 1215, 82, P0
2026/07/31 18:13:55.623, 240.20, 250.00, 95, 1395, 1215, 82, P0
2026/07/31 18:13:55.823, 245.07, 250.00, 95, 1410, 1215, 82, P0
2026/07/31 18:13:56.024, 240.85, 250.00, 94, 1410, 1215, 82, P0
2026/07/31 18:13:56.224, 242.52, 250.00, 95, 1410, 1215, 82, P0
2026/07/31 18:13:56.425, 241.86, 250.00, 94, 1410, 1215, 82, P0
2026/07/31 18:13:56.625, 242.35, 250.00, 95, 1410, 1215, 82, P0
2026/07/31 18:13:56.826, 249.54, 250.00, 95, 1410, 1215, 83, P0
2026/07/31 18:13:57.026, 244.38, 250.00, 95, 1395, 1215, 82, P0
2026/07/31 18:13:57.227, 258.84, 250.00, 94, 1410, 1215, 82, P0
2026/07/31 18:13:57.427, 245.36, 250.00, 95, 1395, 1215, 82, P0
2026/07/31 18:13:57.628, 262.39, 250.00, 94, 1395, 1215, 83, P0
2026/07/31 18:13:57.828, 243.82, 250.00, 95, 1395, 1215, 82, P0
2026/07/31 18:13:58.029, 252.67, 250.00, 94, 1395, 1215, 82, P0
2026/07/31 18:13:58.229, 240.54, 250.00, 95, 1395, 1215, 82, P0
2026/07/31 18:13:58.430, 256.38, 250.00, 94, 1395, 1215, 82, P0
2026/07/31 18:13:58.630, 239.49, 250.00, 95, 1395, 1215, 82, P0
2026/07/31 18:13:58.831, 250.95, 250.00, 95, 1395, 1215, 82, P0
2026/07/31 18:13:59.031, 241.88, 250.00, 95, 1410, 1215, 83, P0
2026/07/31 18:13:59.232, 250.54, 250.00, 95, 1410, 1215, 82, P0
2026/07/31 18:13:59.432, 241.90, 250.00, 94, 1410, 1215, 82, P0
2026/07/31 18:13:59.633, 241.31, 250.00, 94, 1410, 1215, 83, P0
2026/07/31 18:13:59.833, 245.46, 250.00, 95, 1395, 1215, 83, P0
2026/07/31 18:14:00.034, 248.14, 250.00, 96, 1395, 1215, 83, P0
2026/07/31 18:14:00.234, 256.78, 250.00, 95, 1395, 1215, 83, P0
2026/07/31 18:14:00.435, 245.26, 250.00, 96, 1395, 1215, 82, P0
2026/07/31 18:14:00.635, 260.43, 250.00, 94, 1410, 1215, 83, P0
2026/07/31 18:14:00.836, 247.30, 250.00, 95, 1380, 1215, 83, P0
2026/07/31 18:14:01.036, 254.90, 250.00, 94, 1395, 1215, 83, P0
2026/07/31 18:14:01.237, 240.79, 250.00, 95, 1395, 1215, 83, P0
2026/07/31 18:14:01.437, 250.47, 250.00, 94, 1395, 1215, 83, P0
2026/07/31 18:14:01.638, 243.48, 250.00, 94, 1410, 1215, 83, P0
2026/07/31 18:14:01.838, 247.02, 250.00, 91, 1410, 1215, 83, P0
2026/07/31 18:14:02.039, 237.62, 250.00, 94, 1410, 1215, 83, P0
2026/07/31 18:14:02.239, 244.02, 250.00, 93, 1410, 1215, 83, P0
2026/07/31 18:14:02.440, 237.62, 250.00, 94, 1410, 1215, 83, P0
2026/07/31 18:14:02.640, 240.45, 250.00, 94, 1395, 1215, 83, P0
2026/07/31 18:14:02.841, 258.37, 250.00, 93, 1395, 1215, 83, P0
2026/07/31 18:14:03.041, 239.37, 250.00, 94, 1395, 1215, 83, P0
2026/07/31 18:14:03.242, 254.99, 250.00, 93, 1395, 1215, 83, P0
2026/07/31 18:14:03.442, 243.14, 250.00, 94, 1395, 1215, 83, P0
2026/07/31 18:14:03.643, 252.97, 250.00, 94, 1395, 1215, 83, P0
2026/07/31 18:14:03.843, 239.87, 250.00, 94, 1395, 1215, 83, P0
2026/07/31 18:14:04.043, 252.00, 250.00, 93, 1395, 1215, 83, P0
2026/07/31 18:14:04.244, 242.45, 250.00, 94, 1395, 1215, 83, P0
2026/07/31 18:14:04.444, 256.20, 250.00, 93, 1410, 1215, 83, P0
2026/07/31 18:14:04.645, 243.17, 250.00, 94, 1410, 1215, 83, P0
2026/07/31 18:14:04.845, 237.74, 250.00, 92, 1410, 1215, 82, P0
2026/07/31 18:14:05.046, 238.71, 250.00, 94, 1395, 1215, 83, P0
2026/07/31 18:14:05.246, 240.44, 250.00, 94, 1395, 1215, 83, P0
2026/07/31 18:14:05.447, 258.61, 250.00, 93, 1395, 1215, 83, P0
2026/07/31 18:14:05.647, 239.79, 250.00, 94, 1380, 1215, 83, P0
2026/07/31 18:14:05.848, 247.39, 250.00, 93, 1395, 1215, 83, P0
2026/07/31 18:14:06.048, 244.96, 250.00, 94, 1395, 1215, 83, P0
2026/07/31 18:14:06.249, 245.21, 250.00, 93, 1410, 1215, 83, P0
2026/07/31 18:14:06.449, 245.04, 250.00, 94, 1410, 1215, 83, P0
2026/07/31 18:14:06.650, 239.34, 250.00, 93, 1410, 1215, 83, P0
2026/07/31 18:14:06.850, 240.73, 250.00, 94, 1410, 1215, 83, P0
2026/07/31 18:14:07.051, 255.28, 250.00, 93, 1410, 1215, 83, P0
2026/07/31 18:14:07.251, 242.86, 250.00, 94, 1410, 1215, 83, P0
2026/07/31 18:14:07.452, 244.10, 250.00, 93, 1395, 1215, 83, P0
2026/07/31 18:14:07.652, 240.35, 250.00, 94, 1395, 1215, 83, P0
2026/07/31 18:14:07.853, 247.46, 250.00, 93, 1395, 1215, 83, P0
2026/07/31 18:14:08.053, 242.43, 250.00, 92, 1410, 1215, 83, P0
2026/07/31 18:14:08.254, 244.87, 250.00, 94, 1410, 1215, 83, P0
2026/07/31 18:14:08.454, 237.45, 250.00, 93, 1395, 1215, 83, P0
2026/07/31 18:14:08.655, 240.65, 250.00, 94, 1410, 1215, 83, P0
2026/07/31 18:14:08.856, 259.01, 250.00, 93, 1410, 1215, 83, P0
2026/07/31 18:14:09.056, 240.25, 250.00, 94, 1410, 1215, 83, P0
2026/07/31 18:14:09.257, 247.18, 250.00, 93, 1395, 1215, 83, P0
2026/07/31 18:14:09.457, 243.33, 250.00, 94, 1410, 1215, 83, P0
2026/07/31 18:14:09.657, 250.28, 250.00, 94, 1395, 1215, 83, P0
2026/07/31 18:14:09.858, 245.68, 250.00, 94, 1395, 1215, 83, P0
2026/07/31 18:14:10.058, 252.71, 250.00, 94, 1395, 1215, 83, P0
2026/07/31 18:14:10.259, 246.92, 250.00, 93, 1410, 1215, 83, P0
2026/07/31 18:14:10.460, 247.77, 250.00, 94, 1410, 1215, 83, P0
2026/07/31 18:14:10.660, 236.09, 250.00, 93, 1410, 1215, 83, P0
2026/07/31 18:14:10.861, 245.10, 250.00, 94, 1410, 1215, 83, P0
2026/07/31 18:14:11.061, 243.71, 250.00, 94, 1410, 1215, 83, P0
2026/07/31 18:14:11.262, 245.98, 250.00, 94, 1410, 1215, 83, P0
2026/07/31 18:14:11.462, 243.51, 250.00, 94, 1395, 1215, 83, P0
2026/07/31 18:14:11.663, 243.12, 250.00, 96, 1410, 1215, 83, P0
2026/07/31 18:14:11.863, 248.35, 250.00, 95, 1395, 1215, 83, P0
2026/07/31 18:14:12.063, 245.56, 250.00, 96, 1395, 1215, 83, P0
2026/07/31 18:14:12.264, 246.43, 250.00, 95, 1395, 1215, 83, P0
2026/07/31 18:14:12.464, 249.80, 250.00, 95, 1395, 1215, 83, P0
2026/07/31 18:14:12.665, 243.71, 250.00, 95, 1395, 1215, 83, P0
2026/07/31 18:14:12.865, 248.67, 250.00, 95, 1395, 1215, 83, P0
2026/07/31 18:14:13.066, 243.41, 250.00, 95, 1410, 1215, 83, P0
2026/07/31 18:14:13.266, 255.27, 250.00, 95, 1395, 1215, 83, P0
2026/07/31 18:14:13.467, 242.85, 250.00, 96, 1395, 1215, 83, P0
2026/07/31 18:14:13.667, 242.52, 250.00, 95, 1410, 1215, 83, P0
2026/07/31 18:14:13.868, 244.39, 250.00, 95, 1410, 1215, 83, P0
2026/07/31 18:14:14.068, 238.44, 250.00, 94, 1410, 1215, 83, P0
2026/07/31 18:14:14.269, 240.07, 250.00, 95, 1410, 1215, 83, P0
2026/07/31 18:14:14.469, 249.49, 250.00, 94, 1410, 1215, 83, P0
2026/07/31 18:14:14.670, 246.50, 250.00, 96, 1395, 1215, 83, P0
2026/07/31 18:14:14.870, 247.48, 250.00, 96, 1395, 1215, 83, P0
2026/07/31 18:14:15.071, 251.91, 250.00, 95, 1395, 1215, 83, P0
2026/07/31 18:14:15.271, 243.41, 250.00, 95, 1395, 1215, 83, P0
2026/07/31 18:14:15.472, 247.95, 250.00, 95, 1395, 1215, 83, P0
2026/07/31 18:14:15.672, 240.06, 250.00, 95, 1395, 1215, 83, P0
2026/07/31 18:14:15.873, 255.48, 250.00, 95, 1395, 1215, 83, P0
2026/07/31 18:14:16.073, 250.17, 250.00, 95, 1410, 1215, 83, P0
2026/07/31 18:14:16.273, 245.20, 250.00, 95, 1410, 1215, 83, P0
2026/07/31 18:14:16.474, 249.99, 250.00, 94, 1410, 1215, 83, P0
2026/07/31 18:14:16.675, 247.52, 250.00, 95, 1410, 1215, 83, P0
2026/07/31 18:14:16.875, 244.59, 250.00, 95, 1410, 1215, 83, P0
2026/07/31 18:14:17.076, 246.92, 250.00, 95, 1410, 1215, 83, P0
2026/07/31 18:14:17.276, 248.57, 250.00, 93, 1410, 1215, 83, P0
2026/07/31 18:14:17.477, 246.12, 250.00, 95, 1410, 1215, 83, P0
2026/07/31 18:14:17.677, 252.07, 250.00, 94, 1410, 1215, 83, P0
2026/07/31 18:14:17.878, 243.51, 250.00, 95, 1410, 1215, 83, P0
2026/07/31 18:14:18.078, 254.63, 250.00, 95, 1410, 1215, 83, P0
2026/07/31 18:14:18.279, 243.87, 250.00, 95, 1410, 1215, 83, P0
2026/07/31 18:14:18.479, 258.57, 250.00, 95, 1395, 1215, 83, P0
2026/07/31 18:14:18.680, 242.47, 250.00, 95, 1395, 1215, 83, P0
2026/07/31 18:14:18.880, 246.52, 250.00, 95, 1380, 1215, 83, P0
2026/07/31 18:14:19.081, 250.61, 250.00, 95, 1410, 1215, 83, P0
2026/07/31 18:14:19.456, 244.71, 250.00, 95, 1395, 1215, 83, P0
2026/07/31 18:14:19.657, 246.54, 250.00, 95, 1380, 1215, 83, P0
2026/07/31 18:14:19.857, 247.23, 250.00, 94, 1395, 1215, 83, P0
2026/07/31 18:14:20.058, 241.56, 250.00, 95, 1395, 1215, 83, P0
2026/07/31 18:14:20.258, 240.77, 250.00, 94, 1395, 1215, 83, P0
2026/07/31 18:14:20.459, 246.12, 250.00, 94, 1395, 1215, 83, P0
2026/07/31 18:14:20.659, 257.22, 250.00, 95, 1380, 1215, 83, P0
2026/07/31 18:14:20.860, 240.43, 250.00, 95, 1395, 1215, 83, P0
2026/07/31 18:14:21.060, 252.87, 250.00, 95, 1395, 1215, 83, P0
2026/07/31 18:14:21.261, 242.72, 250.00, 95, 1395, 1215, 83, P0
2026/07/31 18:14:21.461, 245.26, 250.00, 94, 1395, 1215, 83, P0
2026/07/31 18:14:21.662, 243.51, 250.00, 95, 1395, 1215, 83, P0
2026/07/31 18:14:21.862, 255.46, 250.00, 94, 1410, 1215, 83, P0
2026/07/31 18:14:22.063, 245.55, 250.00, 96, 1410, 1215, 83, P0
2026/07/31 18:14:22.263, 257.80, 250.00, 94, 1395, 1215, 83, P0
2026/07/31 18:14:22.464, 249.70, 250.00, 95, 1410, 1215, 83, P0
2026/07/31 18:14:22.664, 240.16, 250.00, 95, 1395, 1215, 83, P0
2026/07/31 18:14:22.865, 250.26, 250.00, 95, 1410, 1215, 83, P0
2026/07/31 18:14:23.065, 252.64, 250.00, 94, 1410, 1215, 83, P0
2026/07/31 18:14:23.266, 255.26, 250.00, 94, 1410, 1215, 83, P0
2026/07/31 18:14:23.466, 242.26, 250.00, 94, 1395, 1215, 83, P0
2026/07/31 18:14:23.667, 250.38, 250.00, 95, 1410, 1215, 83, P0
2026/07/31 18:14:23.867, 240.81, 250.00, 95, 1395, 1215, 83, P0
2026/07/31 18:14:24.068, 247.01, 250.00, 95, 1410, 1215, 83, P0
2026/07/31 18:14:24.268, 249.82, 250.00, 95, 1410, 1215, 84, P0
2026/07/31 18:14:24.469, 250.18, 250.00, 95, 1395, 1215, 83, P0
2026/07/31 18:14:24.669, 242.86, 250.00, 95, 1410, 1215, 84, P0
2026/07/31 18:14:24.870, 260.19, 250.00, 94, 1395, 1215, 84, P0
2026/07/31 18:14:25.070, 243.79, 250.00, 95, 1395, 1215, 84, P0
2026/07/31 18:14:25.271, 246.05, 250.00, 95, 1380, 1215, 83, P0
2026/07/31 18:14:25.471, 240.54, 250.00, 95, 1395, 1215, 83, P0
2026/07/31 18:14:25.672, 244.79, 250.00, 95, 1395, 1215, 83, P0
2026/07/31 18:14:25.872, 249.98, 250.00, 95, 1395, 1215, 84, P0
2026/07/31 18:14:26.073, 250.02, 250.00, 93, 1410, 1215, 84, P0
2026/07/31 18:14:26.273, 249.70, 250.00, 95, 1395, 1215, 84, P0
2026/07/31 18:14:26.474, 243.06, 250.00, 94, 1395, 1215, 83, P0
2026/07/31 18:14:26.674, 245.00, 250.00, 95, 1395, 1215, 83, P0
2026/07/31 18:14:26.875, 246.79, 250.00, 94, 1410, 1215, 84, P0
2026/07/31 18:14:27.075, 249.68, 250.00, 96, 1380, 1215, 84, P0
2026/07/31 18:14:27.276, 244.32, 250.00, 94, 1395, 1215, 83, P0
2026/07/31 18:14:27.477, 245.73, 250.00, 95, 1395, 1215, 84, P0
2026/07/31 18:14:27.677, 253.37, 250.00, 95, 1380, 1215, 84, P0
2026/07/31 18:14:27.878, 244.30, 250.00, 96, 1410, 1215, 84, P0
2026/07/31 18:14:28.084, 255.96, 250.00, 95, 1410, 1215, 84, P0
2026/07/31 18:14:28.285, 241.45, 250.00, 94, 1410, 1215, 83, P0
2026/07/31 18:14:28.486, 260.08, 250.00, 95, 1395, 1215, 84, P0
2026/07/31 18:14:28.689, 245.55, 250.00, 94, 1410, 1215, 84, P0
2026/07/31 18:14:28.889, 260.58, 250.00, 95, 1395, 1215, 84, P0
2026/07/31 18:14:29.089, 243.91, 250.00, 94, 1410, 1215, 84, P0
2026/07/31 18:14:29.290, 255.67, 250.00, 95, 1410, 1215, 84, P0
2026/07/31 18:14:29.490, 245.65, 250.00, 94, 1410, 1215, 84, P0
2026/07/31 18:14:29.691, 252.76, 250.00, 95, 1410, 1215, 84, P0
2026/07/31 18:14:29.891, 244.88, 250.00, 95, 1410, 1215, 84, P0
2026/07/31 18:14:30.092, 249.69, 250.00, 96, 1395, 1215, 84, P0
2026/07/31 18:14:30.293, 243.34, 250.00, 95, 1410, 1215, 84, P0
2026/07/31 18:14:30.494, 253.85, 250.00, 96, 1410, 1215, 84, P0
2026/07/31 18:14:30.694, 243.23, 250.00, 96, 1410, 1215, 84, P0
2026/07/31 18:14:30.895, 262.70, 250.00, 94, 1410, 1215, 84, P0
2026/07/31 18:14:31.095, 244.10, 250.00, 95, 1410, 1215, 84, P0
2026/07/31 18:14:31.296, 256.86, 250.00, 95, 1410, 1215, 84, P0
2026/07/31 18:14:31.496, 241.09, 250.00, 95, 1410, 1215, 84, P0
2026/07/31 18:14:31.697, 258.87, 250.00, 95, 1410, 1215, 84, P0
2026/07/31 18:14:31.897, 244.42, 250.00, 95, 1410, 1215, 84, P0
2026/07/31 18:14:32.098, 261.44, 250.00, 94, 1410, 1215, 84, P0
2026/07/31 18:14:32.298, 242.86, 250.00, 95, 1395, 1215, 84, P0
2026/07/31 18:14:32.499, 264.97, 250.00, 94, 1410, 1215, 84, P0
2026/07/31 18:14:32.699, 240.55, 250.00, 96, 1395, 1215, 84, P0
2026/07/31 18:14:32.900, 257.39, 250.00, 95, 1410, 1215, 84, P0
2026/07/31 18:14:33.100, 245.46, 250.00, 96, 1410, 1215, 84, P0
2026/07/31 18:14:33.300, 253.57, 250.00, 94, 1410, 1215, 84, P0
2026/07/31 18:14:33.501, 244.99, 250.00, 95, 1410, 1215, 84, P0
2026/07/31 18:14:33.701, 259.97, 250.00, 95, 1410, 1215, 84, P0
2026/07/31 18:14:33.902, 236.96, 250.00, 96, 1410, 1215, 84, P0
2026/07/31 18:14:34.102, 261.92, 250.00, 95, 1410, 1215, 84, P0
2026/07/31 18:14:34.303, 248.83, 250.00, 96, 1410, 1215, 84, P0
2026/07/31 18:14:34.503, 242.85, 250.00, 95, 1410, 1215, 84, P0
2026/07/31 18:14:34.704, 247.77, 250.00, 95, 1410, 1215, 84, P0
2026/07/31 18:14:34.904, 244.00, 250.00, 95, 1410, 1215, 84, P0
2026/07/31 18:14:35.105, 250.42, 250.00, 95, 1395, 1215, 84, P0
2026/07/31 18:14:35.305, 238.92, 250.00, 94, 1410, 1215, 84, P0
2026/07/31 18:14:35.506, 244.98, 250.00, 95, 1410, 1215, 84, P0
2026/07/31 18:14:35.706, 243.90, 250.00, 94, 1410, 1215, 84, P0
2026/07/31 18:14:35.907, 249.13, 250.00, 96, 1410, 1215, 84, P0
2026/07/31 18:14:36.107, 238.78, 250.00, 95, 1395, 1215, 84, P0
2026/07/31 18:14:36.308, 244.01, 250.00, 95, 1395, 1215, 84, P0
2026/07/31 18:14:36.508, 237.74, 250.00, 95, 1395, 1215, 84, P0
2026/07/31 18:14:36.709, 249.69, 250.00, 95, 1380, 1215, 84, P0
2026/07/31 18:14:36.909, 237.54, 250.00, 95, 1395, 1215, 84, P0
2026/07/31 18:14:37.110, 247.39, 250.00, 95, 1395, 1215, 84, P0
2026/07/31 18:14:37.310, 240.89, 250.00, 95, 1395, 1215, 84, P0
2026/07/31 18:14:37.511, 253.32, 250.00, 95, 1380, 1215, 84, P0
2026/07/31 18:14:37.711, 236.63, 250.00, 94, 1395, 1215, 84, P0
2026/07/31 18:14:37.912, 238.56, 250.00, 95, 1380, 1215, 84, P0
2026/07/31 18:14:38.112, 237.77, 250.00, 94, 1395, 1215, 84, P0
2026/07/31 18:14:38.313, 238.10, 250.00, 95, 1380, 1215, 84, P0
2026/07/31 18:14:38.513, 241.03, 250.00, 94, 1380, 1215, 84, P0
2026/07/31 18:14:38.714, 238.28, 250.00, 95, 1395, 1215, 84, P0
2026/07/31 18:14:38.914, 238.86, 250.00, 95, 1395, 1215, 84, P0
2026/07/31 18:14:39.115, 237.28, 250.00, 96, 1395, 1215, 84, P0
2026/07/31 18:14:39.315, 237.63, 250.00, 94, 1395, 1215, 84, P0
2026/07/31 18:14:39.516, 241.94, 250.00, 95, 1380, 1215, 84, P0
2026/07/31 18:14:39.716, 244.63, 250.00, 94, 1395, 1215, 84, P0
2026/07/31 18:14:39.917, 236.76, 250.00, 96, 1395, 1215, 84, P0
2026/07/31 18:14:40.117, 243.82, 250.00, 95, 1365, 1215, 84, P0
2026/07/31 18:14:40.318, 238.54, 250.00, 96, 1395, 1215, 84, P0
2026/07/31 18:14:40.518, 234.37, 250.00, 95, 1380, 1215, 84, P0
2026/07/31 18:14:40.719, 240.16, 250.00, 95, 1380, 1215, 84, P0
2026/07/31 18:14:40.919, 238.49, 250.00, 94, 1380, 1215, 84, P0
2026/07/31 18:14:41.120, 241.53, 250.00, 95, 1380, 1215, 84, P0
2026/07/31 18:14:41.320, 238.89, 250.00, 94, 1395, 1215, 84, P0
2026/07/31 18:14:41.521, 244.95, 250.00, 95, 1380, 1215, 84, P0
2026/07/31 18:14:41.721, 242.63, 250.00, 94, 1380, 1215, 84, P0
2026/07/31 18:14:41.922, 251.63, 250.00, 95, 1380, 1215, 84, P0
2026/07/31 18:14:42.122, 252.46, 250.00, 95, 1365, 1215, 84, P0
2026/07/31 18:14:42.323, 247.78, 250.00, 95, 1380, 1215, 84, P0
2026/07/31 18:14:42.523, 239.38, 250.00, 95, 1395, 1215, 84, P0
2026/07/31 18:14:42.724, 245.81, 250.00, 95, 1380, 1215, 84, P0
2026/07/31 18:14:42.924, 240.05, 250.00, 95, 1395, 1215, 84, P0
2026/07/31 18:14:43.125, 239.30, 250.00, 96, 1380, 1215, 84, P0
2026/07/31 18:14:43.325, 219.22, 250.00, 95, 1335, 1215, 84, P0
2026/07/31 18:14:43.525, 219.42, 250.00, 96, 1320, 1215, 83, P0
2026/07/31 18:14:43.726, 229.40, 250.00, 95, 1335, 1215, 83, P0
2026/07/31 18:14:43.926, 221.28, 250.00, 94, 1320, 1215, 82, P0
2026/07/31 18:14:44.127, 213.62, 250.00, 95, 1320, 1215, 82, P0
2026/07/31 18:14:44.327, 213.45, 250.00, 94, 1335, 1215, 82, P0
2026/07/31 18:14:44.528, 250.73, 250.00, 95, 1335, 1215, 83, P0
2026/07/31 18:14:44.728, 237.04, 250.00, 95, 1335, 1215, 83, P0
2026/07/31 18:14:44.929, 225.27, 250.00, 95, 1350, 1215, 83, P0
2026/07/31 18:14:45.129, 224.17, 250.00, 94, 1350, 1215, 83, P0
2026/07/31 18:14:45.330, 226.07, 250.00, 95, 1350, 1215, 83, P0
2026/07/31 18:14:45.530, 216.26, 250.00, 95, 1365, 1215, 82, P0
2026/07/31 18:14:45.731, 219.83, 250.00, 95, 1380, 1215, 83, P0
2026/07/31 18:14:45.931, 222.96, 250.00, 95, 1350, 1215, 83, P0
2026/07/31 18:14:46.132, 220.71, 250.00, 95, 1335, 1215, 82, P0
2026/07/31 18:14:46.332, 222.98, 250.00, 96, 1335, 1215, 83, P0
2026/07/31 18:14:46.533, 228.64, 250.00, 94, 1380, 1215, 83, P0
2026/07/31 18:14:46.733, 236.48, 250.00, 95, 1350, 1215, 83, P0
2026/07/31 18:14:46.934, 234.24, 250.00, 93, 1365, 1215, 83, P0
2026/07/31 18:14:47.134, 234.35, 250.00, 94, 1350, 1215, 83, P0
2026/07/31 18:14:47.335, 223.82, 250.00, 95, 1365, 1215, 83, P0
2026/07/31 18:14:47.535, 240.06, 250.00, 95, 1395, 1215, 83, P0
2026/07/31 18:14:47.736, 222.10, 250.00, 94, 1365, 1215, 83, P0
2026/07/31 18:14:47.936, 236.96, 250.00, 93, 1350, 1215, 83, P0
2026/07/31 18:14:48.137, 241.45, 250.00, 93, 1395, 1215, 83, P0
2026/07/31 18:14:48.452, 241.77, 250.00, 95, 1365, 1215, 83, P0
2026/07/31 18:14:48.653, 241.49, 250.00, 95, 1365, 1215, 83, P0
2026/07/31 18:14:48.857, 222.71, 250.00, 95, 1365, 1215, 83, P0
2026/07/31 18:14:49.058, 235.20, 250.00, 95, 1365, 1215, 83, P0
2026/07/31 18:14:49.260, 228.42, 250.00, 95, 1380, 1215, 83, P0
2026/07/31 18:14:49.461, 238.72, 250.00, 94, 1350, 1215, 83, P0
2026/07/31 18:14:49.664, 226.60, 250.00, 94, 1365, 1215, 83, P0
2026/07/31 18:14:49.865, 239.91, 250.00, 95, 1380, 1215, 83, P0
2026/07/31 18:14:50.065, 228.32, 250.00, 94, 1365, 1215, 83, P0
2026/07/31 18:14:50.266, 235.34, 250.00, 94, 1380, 1215, 83, P0
2026/07/31 18:14:50.466, 250.16, 250.00, 94, 1380, 1215, 83, P0
2026/07/31 18:14:50.667, 242.94, 250.00, 95, 1365, 1215, 83, P0
2026/07/31 18:14:50.867, 253.05, 250.00, 96, 1380, 1215, 83, P0
2026/07/31 18:14:51.068, 242.33, 250.00, 94, 1365, 1215, 83, P0
2026/07/31 18:14:51.268, 252.53, 250.00, 95, 1380, 1215, 83, P0
2026/07/31 18:14:51.469, 234.52, 250.00, 94, 1380, 1215, 83, P0
2026/07/31 18:14:51.669, 248.33, 250.00, 95, 1380, 1215, 83, P0
2026/07/31 18:14:51.870, 243.62, 250.00, 94, 1410, 1215, 84, P0
2026/07/31 18:14:52.070, 242.48, 250.00, 95, 1410, 1215, 83, P0
2026/07/31 18:14:52.271, 238.61, 250.00, 95, 1395, 1215, 84, P0
2026/07/31 18:14:52.471, 242.83, 250.00, 96, 1395, 1215, 84, P0
2026/07/31 18:14:52.671, 234.57, 250.00, 94, 1395, 1215, 83, P0
2026/07/31 18:14:52.872, 241.91, 250.00, 93, 1380, 1215, 83, P0
2026/07/31 18:14:53.073, 244.38, 250.00, 94, 1395, 1215, 83, P0
2026/07/31 18:14:53.273, 238.65, 250.00, 94, 1380, 1215, 83, P0
2026/07/31 18:14:53.473, 253.17, 250.00, 94, 1395, 1215, 84, P0
2026/07/31 18:14:53.674, 244.40, 250.00, 95, 1380, 1215, 84, P0
2026/07/31 18:14:53.874, 253.18, 250.00, 95, 1395, 1215, 84, P0
2026/07/31 18:14:54.075, 242.83, 250.00, 94, 1395, 1215, 84, P0
2026/07/31 18:14:54.275, 252.18, 250.00, 95, 1395, 1215, 84, P0
2026/07/31 18:14:54.476, 238.29, 250.00, 95, 1395, 1215, 84, P0
2026/07/31 18:14:54.676, 251.63, 250.00, 96, 1395, 1215, 84, P0
2026/07/31 18:14:54.876, 242.75, 250.00, 95, 1395, 1215, 84, P0
2026/07/31 18:14:55.077, 240.89, 250.00, 95, 1380, 1215, 84, P0
2026/07/31 18:14:55.277, 238.91, 250.00, 94, 1395, 1215, 84, P0
2026/07/31 18:14:55.478, 241.11, 250.00, 96, 1395, 1215, 84, P0
2026/07/31 18:14:55.678, 236.38, 250.00, 95, 1380, 1215, 84, P0
2026/07/31 18:14:55.879, 242.19, 250.00, 95, 1395, 1215, 84, P0
2026/07/31 18:14:56.079, 240.00, 250.00, 95, 1395, 1215, 84, P0
2026/07/31 18:14:56.280, 243.38, 250.00, 94, 1395, 1215, 84, P0
2026/07/31 18:14:56.481, 256.53, 250.00, 94, 1395, 1215, 84, P0
2026/07/31 18:14:56.681, 244.22, 250.00, 95, 1395, 1215, 84, P0
2026/07/31 18:14:56.881, 250.83, 250.00, 95, 1395, 1215, 84, P0
2026/07/31 18:14:57.082, 240.82, 250.00, 95, 1395, 1215, 84, P0
2026/07/31 18:14:57.282, 242.31, 250.00, 94, 1395, 1215, 84, P0
2026/07/31 18:14:57.483, 204.12, 250.00, 93, 1305, 1215, 83, P0
2026/07/31 18:14:57.683, 216.05, 250.00, 94, 1305, 1215, 82, P0
2026/07/31 18:14:57.884, 208.43, 250.00, 94, 1320, 1215, 82, P0
2026/07/31 18:14:58.084, 210.05, 250.00, 93, 1290, 1215, 82, P0
2026/07/31 18:14:58.285, 208.80, 250.00, 94, 1320, 1215, 82, P0
2026/07/31 18:14:58.485, 219.46, 250.00, 94, 1320, 1215, 82, P0
2026/07/31 18:14:58.686, 212.65, 250.00, 94, 1350, 1215, 82, P0
2026/07/31 18:14:58.887, 215.58, 250.00, 94, 1350, 1215, 82, P0
2026/07/31 18:14:59.087, 216.02, 250.00, 94, 1335, 1215, 82, P0
2026/07/31 18:14:59.288, 223.48, 250.00, 93, 1365, 1215, 82, P0
2026/07/31 18:14:59.488, 220.65, 250.00, 93, 1350, 1215, 82, P0
2026/07/31 18:14:59.689, 228.57, 250.00, 93, 1350, 1215, 82, P0
2026/07/31 18:14:59.889, 237.37, 250.00, 94, 1350, 1215, 83, P0
2026/07/31 18:15:00.090, 232.05, 250.00, 94, 1380, 1215, 83, P0
2026/07/31 18:15:00.290, 234.12, 250.00, 93, 1365, 1215, 83, P0
2026/07/31 18:15:00.491, 226.48, 250.00, 94, 1350, 1215, 83, P0
2026/07/31 18:15:00.691, 229.25, 250.00, 93, 1365, 1215, 83, P0
2026/07/31 18:15:00.892, 233.98, 250.00, 94, 1350, 1215, 83, P0
2026/07/31 18:15:01.092, 229.06, 250.00, 94, 1380, 1215, 83, P0
2026/07/31 18:15:01.293, 229.01, 250.00, 93, 1395, 1215, 83, P0
2026/07/31 18:15:01.493, 242.64, 250.00, 96, 1350, 1215, 83, P0
2026/07/31 18:15:01.694, 235.01, 250.00, 94, 1350, 1215, 83, P0
2026/07/31 18:15:01.894, 241.47, 250.00, 95, 1365, 1215, 83, P0
2026/07/31 18:15:02.095, 236.75, 250.00, 95, 1365, 1215, 83, P0
2026/07/31 18:15:02.295, 239.38, 250.00, 94, 1380, 1215, 83, P0
2026/07/31 18:15:02.496, 235.07, 250.00, 95, 1365, 1215, 83, P0
2026/07/31 18:15:02.696, 237.77, 250.00, 95, 1395, 1215, 83, P0
2026/07/31 18:15:02.897, 237.13, 250.00, 95, 1395, 1215, 83, P0
2026/07/31 18:15:03.097, 236.24, 250.00, 95, 1395, 1215, 83, P0
2026/07/31 18:15:03.298, 251.43, 250.00, 95, 1395, 1215, 83, P0
2026/07/31 18:15:03.498, 236.27, 250.00, 95, 1365, 1215, 83, P0
2026/07/31 18:15:03.699, 259.52, 250.00, 95, 1365, 1215, 83, P0
2026/07/31 18:15:03.899, 235.01, 250.00, 94, 1380, 1215, 83, P0
2026/07/31 18:15:04.099, 249.15, 250.00, 95, 1380, 1215, 83, P0
2026/07/31 18:15:04.300, 237.01, 250.00, 95, 1395, 1215, 83, P0
2026/07/31 18:15:04.500, 251.26, 250.00, 96, 1395, 1215, 84, P0
2026/07/31 18:15:04.701, 249.54, 250.00, 95, 1395, 1215, 84, P0
2026/07/31 18:15:04.901, 246.11, 250.00, 94, 1380, 1215, 84, P0
2026/07/31 18:15:05.102, 243.18, 250.00, 95, 1395, 1215, 84, P0
2026/07/31 18:15:05.302, 243.57, 250.00, 94, 1395, 1215, 84, P0
2026/07/31 18:15:05.503, 243.99, 250.00, 95, 1395, 1215, 84, P0
2026/07/31 18:15:05.703, 243.12, 250.00, 95, 1395, 1215, 84, P0
2026/07/31 18:15:05.904, 251.13, 250.00, 95, 1395, 1215, 84, P0
2026/07/31 18:15:06.104, 240.23, 250.00, 96, 1380, 1215, 84, P0
2026/07/31 18:15:06.305, 255.95, 250.00, 94, 1380, 1215, 84, P0
2026/07/31 18:15:06.505, 238.79, 250.00, 96, 1380, 1215, 84, P0
2026/07/31 18:15:06.706, 252.41, 250.00, 95, 1395, 1215, 84, P0
2026/07/31 18:15:06.906, 250.57, 250.00, 96, 1395, 1215, 84, P0
2026/07/31 18:15:07.107, 244.86, 250.00, 96, 1395, 1215, 84, P0
2026/07/31 18:15:07.440, 244.49, 250.00, 95, 1380, 1215, 84, P0
2026/07/31 18:15:07.643, 249.81, 250.00, 95, 1410, 1215, 84, P0
2026/07/31 18:15:07.845, 246.27, 250.00, 95, 1395, 1215, 84, P0
2026/07/31 18:15:08.046, 243.82, 250.00, 95, 1395, 1215, 84, P0
2026/07/31 18:15:08.248, 248.86, 250.00, 95, 1395, 1215, 84, P0
2026/07/31 18:15:08.451, 238.05, 250.00, 94, 1380, 1215, 84, P0
2026/07/31 18:15:08.651, 249.24, 250.00, 95, 1395, 1215, 84, P0
2026/07/31 18:15:08.852, 239.25, 250.00, 94, 1380, 1215, 84, P0
2026/07/31 18:15:09.052, 245.70, 250.00, 95, 1410, 1215, 84, P0
2026/07/31 18:15:09.253, 250.46, 250.00, 95, 1395, 1215, 84, P0
2026/07/31 18:15:09.453, 240.25, 250.00, 94, 1395, 1215, 84, P0
2026/07/31 18:15:09.654, 247.71, 250.00, 95, 1395, 1215, 84, P0
2026/07/31 18:15:09.854, 240.90, 250.00, 94, 1380, 1215, 84, P0
2026/07/31 18:15:10.055, 256.48, 250.00, 95, 1380, 1215, 84, P0
2026/07/31 18:15:10.255, 244.48, 250.00, 95, 1380, 1215, 84, P0
2026/07/31 18:15:10.456, 244.21, 250.00, 96, 1395, 1215, 84, P0
2026/07/31 18:15:10.656, 243.44, 250.00, 94, 1380, 1215, 84, P0
2026/07/31 18:15:10.857, 243.95, 250.00, 95, 1200, 1215, 85, P0
2026/07/31 18:15:11.058, 211.18, 250.00, 93, 1170, 1215, 85, P0
2026/07/31 18:15:11.258, 199.54, 250.00, 100, 1125, 1215, 85, P0
2026/07/31 18:15:11.458, 201.73, 250.00, 95, 1140, 1215, 85, P0
2026/07/31 18:15:11.659, 205.06, 250.00, 100, 1140, 1215, 85, P0
2026/07/31 18:15:11.859, 208.84, 250.00, 100, 1230, 1215, 83, P0
2026/07/31 18:15:12.060, 239.85, 250.00, 96, 1380, 1215, 83, P0
2026/07/31 18:15:12.260, 243.21, 250.00, 95, 1380, 1215, 83, P0
2026/07/31 18:15:12.461, 244.87, 250.00, 95, 1395, 1215, 84, P0
2026/07/31 18:15:12.661, 260.45, 250.00, 95, 1395, 1215, 84, P0
2026/07/31 18:15:12.862, 243.35, 250.00, 95, 1395, 1215, 84, P0
2026/07/31 18:15:13.062, 239.47, 250.00, 95, 1410, 1215, 84, P0
2026/07/31 18:15:13.263, 243.54, 250.00, 94, 1410, 1215, 84, P0
2026/07/31 18:15:13.463, 244.06, 250.00, 95, 1395, 1215, 84, P0
2026/07/31 18:15:13.664, 249.80, 250.00, 95, 1395, 1215, 84, P0
2026/07/31 18:15:13.864, 239.99, 250.00, 94, 1395, 1215, 84, P0
2026/07/31 18:15:14.065, 243.98, 250.00, 94, 1395, 1215, 84, P0
2026/07/31 18:15:14.457, 247.20, 250.00, 94, 1380, 1215, 84, P0
2026/07/31 18:15:14.657, 254.91, 250.00, 94, 1395, 1215, 84, P0
2026/07/31 18:15:14.858, 239.41, 250.00, 95, 1395, 1215, 84, P0
2026/07/31 18:15:15.058, 259.52, 250.00, 95, 1395, 1215, 84, P0
2026/07/31 18:15:15.259, 239.77, 250.00, 95, 1395, 1215, 84, P0
2026/07/31 18:15:15.459, 259.70, 250.00, 95, 1395, 1215, 84, P0
2026/07/31 18:15:15.660, 242.52, 250.00, 94, 1395, 1215, 84, P0
2026/07/31 18:15:15.860, 242.96, 250.00, 95, 1395, 1215, 84, P0
2026/07/31 18:15:16.061, 248.13, 250.00, 95, 1395, 1215, 84, P0
2026/07/31 18:15:16.261, 247.01, 250.00, 95, 1395, 1215, 84, P0
2026/07/31 18:15:16.462, 254.06, 250.00, 95, 1395, 1215, 84, P0
2026/07/31 18:15:16.662, 244.11, 250.00, 95, 1395, 1215, 84, P0
2026/07/31 18:15:16.863, 252.90, 250.00, 95, 1395, 1215, 84, P0
2026/07/31 18:15:17.063, 240.05, 250.00, 94, 1410, 1215, 84, P0
2026/07/31 18:15:17.264, 263.34, 250.00, 95, 1395, 1215, 84, P0
2026/07/31 18:15:17.464, 243.41, 250.00, 94, 1410, 1215, 84, P0
2026/07/31 18:15:17.665, 248.12, 250.00, 96, 1395, 1215, 84, P0
2026/07/31 18:15:17.865, 241.01, 250.00, 94, 1395, 1215, 84, P0
2026/07/31 18:15:18.066, 249.43, 250.00, 95, 1410, 1215, 84, P0
2026/07/31 18:15:18.266, 250.27, 250.00, 94, 1395, 1215, 84, P0
2026/07/31 18:15:18.467, 247.97, 250.00, 95, 1365, 1215, 84, P0
2026/07/31 18:15:18.667, 241.62, 250.00, 95, 1365, 1215, 84, P0
2026/07/31 18:15:18.868, 244.29, 250.00, 95, 1395, 1215, 84, P0
2026/07/31 18:15:19.068, 250.19, 250.00, 95, 1365, 1215, 84, P0
2026/07/31 18:15:19.269, 241.40, 250.00, 94, 1380, 1215, 84, P0
2026/07/31 18:15:19.470, 247.59, 250.00, 95, 1380, 1215, 84, P0
2026/07/31 18:15:19.670, 235.19, 250.00, 94, 1395, 1215, 84, P0
2026/07/31 18:15:19.871, 240.74, 250.00, 95, 1395, 1215, 84, P0
2026/07/31 18:15:20.071, 243.42, 250.00, 94, 1395, 1215, 84, P0
2026/07/31 18:15:20.272, 242.91, 250.00, 95, 1395, 1215, 84, P0
2026/07/31 18:15:20.472, 243.53, 250.00, 95, 1395, 1215, 84, P0
2026/07/31 18:15:20.673, 233.85, 250.00, 94, 1365, 1215, 84, P0
2026/07/31 18:15:20.873, 239.75, 250.00, 95, 1380, 1215, 84, P0
2026/07/31 18:15:21.074, 243.92, 250.00, 95, 1395, 1215, 84, P0
2026/07/31 18:15:21.274, 239.88, 250.00, 95, 1365, 1215, 84, P0
2026/07/31 18:15:21.475, 222.68, 250.00, 95, 1350, 1215, 83, P0
2026/07/31 18:15:21.675, 215.23, 250.00, 95, 1260, 1215, 83, P0
2026/07/31 18:15:21.876, 201.96, 250.00, 95, 1290, 1215, 82, P0
2026/07/31 18:15:22.076, 202.93, 250.00, 95, 1290, 1215, 82, P0
2026/07/31 18:15:22.277, 207.67, 250.00, 95, 1305, 1215, 82, P0
2026/07/31 18:15:22.477, 208.40, 250.00, 95, 1290, 1215, 82, P0
2026/07/31 18:15:22.678, 209.12, 250.00, 95, 1290, 1215, 82, P0
2026/07/31 18:15:22.878, 203.43, 250.00, 95, 1320, 1215, 82, P0
2026/07/31 18:15:23.079, 206.51, 250.00, 94, 1290, 1215, 82, P0
2026/07/31 18:15:23.279, 210.28, 250.00, 94, 1305, 1215, 82, P0
2026/07/31 18:15:23.480, 203.27, 250.00, 95, 1290, 1215, 82, P0
2026/07/31 18:15:23.681, 224.46, 250.00, 95, 1305, 1215, 82, P0
2026/07/31 18:15:23.881, 203.92, 250.00, 95, 1305, 1215, 82, P0
2026/07/31 18:15:24.082, 217.61, 250.00, 95, 1290, 1215, 82, P0
2026/07/31 18:15:24.282, 202.92, 250.00, 95, 1305, 1215, 81, P0
2026/07/31 18:15:24.483, 221.98, 250.00, 95, 1290, 1215, 81, P0
2026/07/31 18:15:24.683, 206.21, 250.00, 95, 1290, 1215, 81, P0
2026/07/31 18:15:24.883, 223.25, 250.00, 96, 1320, 1215, 81, P0
2026/07/31 18:15:25.084, 206.01, 250.00, 95, 1290, 1215, 81, P0
2026/07/31 18:15:25.285, 222.08, 250.00, 96, 1320, 1215, 81, P0
2026/07/31 18:15:25.485, 206.84, 250.00, 95, 1320, 1215, 81, P0
2026/07/31 18:15:25.686, 226.56, 250.00, 95, 1335, 1215, 82, P0
2026/07/31 18:15:25.886, 210.60, 250.00, 95, 1335, 1215, 82, P0
2026/07/31 18:15:26.087, 228.88, 250.00, 94, 1365, 1215, 82, P0
2026/07/31 18:15:26.287, 221.54, 250.00, 94, 1395, 1215, 82, P0
2026/07/31 18:15:26.488, 253.23, 250.00, 96, 1380, 1215, 82, P0
2026/07/31 18:15:26.688, 229.78, 250.00, 94, 1380, 1215, 82, P0
2026/07/31 18:15:26.889, 229.66, 250.00, 95, 1365, 1215, 82, P0
2026/07/31 18:15:27.089, 234.52, 250.00, 94, 1380, 1215, 83, P0
2026/07/31 18:15:27.290, 225.65, 250.00, 95, 1365, 1215, 83, P0
2026/07/31 18:15:27.490, 229.10, 250.00, 95, 1380, 1215, 83, P0
2026/07/31 18:15:27.691, 232.99, 250.00, 95, 1365, 1215, 83, P0
2026/07/31 18:15:27.891, 242.59, 250.00, 96, 1365, 1215, 83, P0
2026/07/31 18:15:28.092, 230.64, 250.00, 94, 1365, 1215, 83, P0
2026/07/31 18:15:28.293, 248.47, 250.00, 96, 1365, 1215, 83, P0
2026/07/31 18:15:28.493, 223.34, 250.00, 94, 1350, 1215, 83, P0
2026/07/31 18:15:28.694, 248.88, 250.00, 95, 1395, 1215, 83, P0
2026/07/31 18:15:28.894, 232.50, 250.00, 95, 1365, 1215, 83, P0
2026/07/31 18:15:29.096, 228.74, 250.00, 94, 1350, 1215, 83, P0
2026/07/31 18:15:29.297, 233.88, 250.00, 94, 1365, 1215, 83, P0
2026/07/31 18:15:29.500, 223.66, 250.00, 95, 1395, 1215, 83, P0
2026/07/31 18:15:29.705, 234.15, 250.00, 95, 1395, 1215, 83, P0
2026/07/31 18:15:29.905, 232.57, 250.00, 95, 1395, 1215, 83, P0
2026/07/31 18:15:30.106, 238.51, 250.00, 96, 1395, 1215, 83, P0
2026/07/31 18:15:30.306, 224.18, 250.00, 94, 1365, 1215, 83, P0
2026/07/31 18:15:30.507, 241.12, 250.00, 95, 1395, 1215, 83, P0
2026/07/31 18:15:30.707, 232.07, 250.00, 95, 1395, 1215, 83, P0
2026/07/31 18:15:30.908, 249.32, 250.00, 96, 1365, 1215, 83, P0
2026/07/31 18:15:31.108, 230.58, 250.00, 95, 1365, 1215, 83, P0
2026/07/31 18:15:31.309, 235.98, 250.00, 95, 1350, 1215, 83, P0
2026/07/31 18:15:31.510, 238.11, 250.00, 95, 1365, 1215, 83, P0
2026/07/31 18:15:31.711, 244.94, 250.00, 95, 1350, 1215, 83, P0
2026/07/31 18:15:31.911, 235.83, 250.00, 95, 1380, 1215, 83, P0
2026/07/31 18:15:32.112, 223.15, 250.00, 95, 1380, 1215, 83, P0
2026/07/31 18:15:32.469, 229.38, 250.00, 95, 1380, 1215, 83, P0
2026/07/31 18:15:32.669, 246.25, 250.00, 94, 1380, 1215, 83, P0
2026/07/31 18:15:32.871, 235.31, 250.00, 95, 1365, 1215, 83, P0
2026/07/31 18:15:33.075, 245.31, 250.00, 96, 1365, 1215, 83, P0
2026/07/31 18:15:33.276, 233.68, 250.00, 95, 1395, 1215, 83, P0
2026/07/31 18:15:33.478, 247.95, 250.00, 95, 1395, 1215, 83, P0
2026/07/31 18:15:33.679, 245.72, 250.00, 94, 1395, 1215, 83, P0
2026/07/31 18:15:33.881, 249.72, 250.00, 95, 1395, 1215, 83, P0
2026/07/31 18:15:34.083, 242.54, 250.00, 94, 1395, 1215, 83, P0
2026/07/31 18:15:34.283, 259.59, 250.00, 95, 1395, 1215, 83, P0
2026/07/31 18:15:34.484, 243.41, 250.00, 95, 1395, 1215, 83, P0
2026/07/31 18:15:34.684, 240.54, 250.00, 95, 1395, 1215, 83, P0
2026/07/31 18:15:34.885, 239.66, 250.00, 95, 1380, 1215, 83, P0
2026/07/31 18:15:35.085, 229.79, 250.00, 95, 1395, 1215, 83, P0
2026/07/31 18:15:35.286, 247.98, 250.00, 94, 1365, 1215, 83, P0
2026/07/31 18:15:35.486, 241.67, 250.00, 95, 1365, 1215, 83, P0
2026/07/31 18:15:35.687, 245.75, 250.00, 95, 1395, 1215, 83, P0
2026/07/31 18:15:35.887, 241.40, 250.00, 95, 1365, 1215, 83, P0
2026/07/31 18:15:36.088, 241.10, 250.00, 94, 1395, 1215, 83, P0
2026/07/31 18:15:36.288, 240.85, 250.00, 95, 1380, 1215, 83, P0
2026/07/31 18:15:36.489, 256.33, 250.00, 95, 1395, 1215, 83, P0
2026/07/31 18:15:36.689, 243.89, 250.00, 95, 1410, 1215, 84, P0
2026/07/31 18:15:36.890, 260.83, 250.00, 95, 1380, 1215, 83, P0
2026/07/31 18:15:37.090, 245.91, 250.00, 95, 1380, 1215, 84, P0
2026/07/31 18:15:37.291, 243.08, 250.00, 95, 1395, 1215, 83, P0
2026/07/31 18:15:37.491, 242.84, 250.00, 94, 1395, 1215, 83, P0
2026/07/31 18:15:37.692, 240.34, 250.00, 95, 1395, 1215, 84, P0
2026/07/31 18:15:37.892, 242.67, 250.00, 94, 1395, 1215, 83, P0
2026/07/31 18:15:38.093, 242.78, 250.00, 95, 1380, 1215, 84, P0
2026/07/31 18:15:38.293, 246.25, 250.00, 94, 1395, 1215, 84, P0
2026/07/31 18:15:38.494, 239.64, 250.00, 96, 1395, 1215, 84, P0
2026/07/31 18:15:38.694, 244.78, 250.00, 94, 1395, 1215, 84, P0
2026/07/31 18:15:38.895, 242.25, 250.00, 95, 1395, 1215, 84, P0
2026/07/31 18:15:39.095, 238.78, 250.00, 94, 1395, 1215, 83, P0
2026/07/31 18:15:39.296, 244.83, 250.00, 96, 1395, 1215, 84, P0
2026/07/31 18:15:39.496, 244.29, 250.00, 95, 1395, 1215, 84, P0
2026/07/31 18:15:39.697, 239.91, 250.00, 95, 1395, 1215, 84, P0
2026/07/31 18:15:39.897, 248.70, 250.00, 95, 1395, 1215, 84, P0
2026/07/31 18:15:40.097, 244.37, 250.00, 95, 1410, 1215, 84, P0
2026/07/31 18:15:40.298, 258.26, 250.00, 95, 1395, 1215, 84, P0
2026/07/31 18:15:40.498, 243.60, 250.00, 95, 1395, 1215, 84, P0
2026/07/31 18:15:40.699, 255.98, 250.00, 95, 1395, 1215, 84, P0
2026/07/31 18:15:40.899, 242.88, 250.00, 94, 1395, 1215, 84, P0
2026/07/31 18:15:41.100, 259.90, 250.00, 95, 1395, 1215, 84, P0
2026/07/31 18:15:41.301, 244.48, 250.00, 94, 1395, 1215, 84, P0
2026/07/31 18:15:41.501, 249.30, 250.00, 95, 1380, 1215, 84, P0
2026/07/31 18:15:41.702, 246.52, 250.00, 95, 1380, 1215, 84, P0
2026/07/31 18:15:41.902, 243.01, 250.00, 96, 1395, 1215, 84, P0
2026/07/31 18:15:42.103, 244.38, 250.00, 93, 1395, 1215, 84, P0
2026/07/31 18:15:42.303, 237.80, 250.00, 96, 1380, 1215, 84, P0
2026/07/31 18:15:42.503, 244.19, 250.00, 94, 1380, 1215, 84, P0
2026/07/31 18:15:42.704, 244.29, 250.00, 96, 1380, 1215, 84, P0
2026/07/31 18:15:42.904, 242.28, 250.00, 95, 1395, 1215, 84, P0
2026/07/31 18:15:43.105, 239.57, 250.00, 96, 1395, 1215, 84, P0
2026/07/31 18:15:43.305, 252.41, 250.00, 95, 1395, 1215, 84, P0
2026/07/31 18:15:43.506, 244.57, 250.00, 95, 1395, 1215, 84, P0
2026/07/31 18:15:43.706, 253.39, 250.00, 94, 1395, 1215, 84, P0
2026/07/31 18:15:43.907, 240.65, 250.00, 95, 1395, 1215, 84, P0
2026/07/31 18:15:44.107, 251.26, 250.00, 95, 1395, 1215, 84, P0
2026/07/31 18:15:44.308, 221.20, 250.00, 95, 1320, 1215, 83, P0
2026/07/31 18:15:44.509, 228.10, 250.00, 95, 1350, 1215, 83, P0
2026/07/31 18:15:44.709, 220.25, 250.00, 95, 1320, 1215, 83, P0
2026/07/31 18:15:44.909, 228.47, 250.00, 95, 1350, 1215, 83, P0
2026/07/31 18:15:45.110, 210.31, 250.00, 94, 1320, 1215, 82, P0
2026/07/31 18:15:45.310, 227.12, 250.00, 95, 1350, 1215, 82, P0
2026/07/31 18:15:45.511, 219.60, 250.00, 95, 1335, 1215, 82, P0
2026/07/31 18:15:45.712, 225.00, 250.00, 95, 1350, 1215, 82, P0
2026/07/31 18:15:45.912, 219.01, 250.00, 95, 1335, 1215, 82, P0
2026/07/31 18:15:46.113, 213.14, 250.00, 95, 1320, 1215, 82, P0
2026/07/31 18:15:46.313, 223.25, 250.00, 95, 1320, 1215, 82, P0
2026/07/31 18:15:46.514, 219.95, 250.00, 96, 1320, 1215, 82, P0
2026/07/31 18:15:46.714, 223.04, 250.00, 95, 1350, 1215, 82, P0
2026/07/31 18:15:46.915, 215.97, 250.00, 96, 1320, 1215, 82, P0
2026/07/31 18:15:47.115, 214.99, 250.00, 94, 1335, 1215, 82, P0
2026/07/31 18:15:47.316, 217.98, 250.00, 95, 1320, 1215, 82, P0
2026/07/31 18:15:47.516, 222.50, 250.00, 94, 1335, 1215, 82, P0
2026/07/31 18:15:47.717, 228.74, 250.00, 95, 1335, 1215, 82, P0
2026/07/31 18:15:47.917, 218.90, 250.00, 95, 1335, 1215, 82, P0
2026/07/31 18:15:48.118, 231.36, 250.00, 95, 1335, 1215, 82, P0
2026/07/31 18:15:48.318, 228.22, 250.00, 94, 1350, 1215, 82, P0
2026/07/31 18:15:48.519, 225.58, 250.00, 96, 1335, 1215, 82, P0
2026/07/31 18:15:48.719, 227.54, 250.00, 94, 1350, 1215, 82, P0
2026/07/31 18:15:48.920, 226.64, 250.00, 96, 1335, 1215, 82, P0
2026/07/31 18:15:49.120, 228.99, 250.00, 95, 1350, 1215, 82, P0
2026/07/31 18:15:49.321, 218.28, 250.00, 96, 1350, 1215, 82, P0
2026/07/31 18:15:49.521, 219.73, 250.00, 95, 1335, 1215, 82, P0
2026/07/31 18:15:49.722, 231.82, 250.00, 95, 1350, 1215, 82, P0
2026/07/31 18:15:49.922, 225.05, 250.00, 94, 1350, 1215, 82, P0
2026/07/31 18:15:50.123, 238.43, 250.00, 95, 1365, 1215, 82, P0
2026/07/31 18:15:50.323, 239.24, 250.00, 95, 1350, 1215, 83, P0
2026/07/31 18:15:50.524, 235.53, 250.00, 96, 1365, 1215, 83, P0
2026/07/31 18:15:50.724, 229.88, 250.00, 95, 1350, 1215, 83, P0
2026/07/31 18:15:50.925, 229.87, 250.00, 96, 1350, 1215, 83, P0
2026/07/31 18:15:51.125, 226.77, 250.00, 94, 1365, 1215, 83, P0
2026/07/31 18:15:51.326, 232.50, 250.00, 95, 1350, 1215, 83, P0
2026/07/31 18:15:51.526, 229.29, 250.00, 95, 1365, 1215, 83, P0
2026/07/31 18:15:51.727, 227.65, 250.00, 96, 1350, 1215, 83, P0
2026/07/31 18:15:51.927, 226.49, 250.00, 95, 1365, 1215, 83, P0
2026/07/31 18:15:52.128, 235.31, 250.00, 95, 1395, 1215, 83, P0
2026/07/31 18:15:52.455, 233.89, 250.00, 95, 1365, 1215, 83, P0
2026/07/31 18:15:52.656, 253.75, 250.00, 95, 1395, 1215, 83, P0
2026/07/31 18:15:52.856, 230.13, 250.00, 95, 1380, 1215, 83, P0
2026/07/31 18:15:53.057, 243.54, 250.00, 95, 1380, 1215, 83, P0
2026/07/31 18:15:53.258, 232.23, 250.00, 95, 1365, 1215, 83, P0
2026/07/31 18:15:53.458, 230.83, 250.00, 95, 1380, 1215, 83, P0
2026/07/31 18:15:53.659, 230.94, 250.00, 95, 1365, 1215, 83, P0
2026/07/31 18:15:53.859, 228.76, 250.00, 95, 1365, 1215, 83, P0
2026/07/31 18:15:54.060, 242.02, 250.00, 95, 1380, 1215, 83, P0
2026/07/31 18:15:54.260, 231.97, 250.00, 95, 1365, 1215, 83, P0
2026/07/31 18:15:54.461, 245.27, 250.00, 95, 1395, 1215, 83, P0
2026/07/31 18:15:54.661, 245.82, 250.00, 95, 1380, 1215, 83, P0
2026/07/31 18:15:54.862, 246.71, 250.00, 96, 1380, 1215, 83, P0
2026/07/31 18:15:55.062, 242.85, 250.00, 94, 1380, 1215, 83, P0
2026/07/31 18:15:55.263, 252.98, 250.00, 95, 1395, 1215, 83, P0
2026/07/31 18:15:55.463, 246.41, 250.00, 95, 1380, 1215, 83, P0
2026/07/31 18:15:55.664, 241.72, 250.00, 96, 1380, 1215, 83, P0
2026/07/31 18:15:55.864, 242.83, 250.00, 95, 1380, 1215, 83, P0
2026/07/31 18:15:56.065, 236.78, 250.00, 95, 1380, 1215, 83, P0
2026/07/31 18:15:56.265, 239.86, 250.00, 94, 1380, 1215, 83, P0
2026/07/31 18:15:56.466, 239.34, 250.00, 96, 1395, 1215, 83, P0
2026/07/31 18:15:56.666, 237.98, 250.00, 95, 1395, 1215, 83, P0
2026/07/31 18:15:56.867, 237.71, 250.00, 95, 1395, 1215, 83, P0
2026/07/31 18:15:57.067, 237.27, 250.00, 94, 1395, 1215, 83, P0
2026/07/31 18:15:57.453, 251.60, 250.00, 95, 1395, 1215, 84, P0
2026/07/31 18:15:57.655, 242.31, 250.00, 95, 1380, 1215, 84, P0
2026/07/31 18:15:57.858, 248.58, 250.00, 95, 1395, 1215, 84, P0
2026/07/31 18:15:58.059, 244.39, 250.00, 95, 1380, 1215, 84, P0
2026/07/31 18:15:58.260, 244.98, 250.00, 95, 1395, 1215, 84, P0
2026/07/31 18:15:58.461, 239.04, 250.00, 94, 1380, 1215, 84, P0
2026/07/31 18:15:58.661, 238.12, 250.00, 96, 1380, 1215, 84, P0
2026/07/31 18:15:58.862, 235.51, 250.00, 95, 1395, 1215, 84, P0
2026/07/31 18:15:59.063, 237.54, 250.00, 95, 1380, 1215, 84, P0
2026/07/31 18:15:59.264, 246.04, 250.00, 94, 1395, 1215, 84, P0
2026/07/31 18:15:59.467, 238.31, 250.00, 95, 1380, 1215, 84, P0
2026/07/31 18:15:59.667, 240.43, 250.00, 94, 1380, 1215, 84, P0
2026/07/31 18:15:59.868, 245.09, 250.00, 96, 1395, 1215, 83, P0
2026/07/31 18:16:00.068, 238.98, 250.00, 95, 1380, 1215, 84, P0
2026/07/31 18:16:00.269, 245.73, 250.00, 94, 1395, 1215, 84, P0
2026/07/31 18:16:00.469, 244.11, 250.00, 95, 1395, 1215, 84, P0
2026/07/31 18:16:00.670, 245.62, 250.00, 96, 1395, 1215, 84, P0
2026/07/31 18:16:00.870, 243.71, 250.00, 95, 1395, 1215, 84, P0
2026/07/31 18:16:01.071, 243.45, 250.00, 96, 1380, 1215, 84, P0
2026/07/31 18:16:01.271, 244.00, 250.00, 95, 1395, 1215, 84, P0
2026/07/31 18:16:01.472, 238.68, 250.00, 96, 1410, 1215, 84, P0
2026/07/31 18:16:01.672, 243.33, 250.00, 95, 1410, 1215, 84, P0
2026/07/31 18:16:01.873, 241.01, 250.00, 96, 1380, 1215, 84, P0
2026/07/31 18:16:02.074, 244.78, 250.00, 94, 1395, 1215, 84, P0
2026/07/31 18:16:02.274, 236.68, 250.00, 95, 1380, 1215, 84, P0
2026/07/31 18:16:02.474, 243.32, 250.00, 95, 1305, 1215, 83, P0
2026/07/31 18:16:02.675, 206.65, 250.00, 95, 1335, 1215, 83, P0
2026/07/31 18:16:02.875, 213.70, 250.00, 95, 1305, 1215, 82, P0
2026/07/31 18:16:03.076, 198.14, 250.00, 96, 1305, 1215, 82, P0
2026/07/31 18:16:03.276, 211.30, 250.00, 93, 1335, 1215, 82, P0
2026/07/31 18:16:03.477, 218.66, 250.00, 95, 1290, 1215, 82, P0
2026/07/31 18:16:03.677, 211.92, 250.00, 95, 1305, 1215, 82, P0
2026/07/31 18:16:03.878, 219.40, 250.00, 96, 1290, 1215, 82, P0
2026/07/31 18:16:04.078, 212.84, 250.00, 95, 1320, 1215, 82, P0
2026/07/31 18:16:04.279, 208.43, 250.00, 95, 1320, 1215, 82, P0
2026/07/31 18:16:04.479, 212.95, 250.00, 95, 1305, 1215, 82, P0
2026/07/31 18:16:04.680, 213.87, 250.00, 95, 1335, 1215, 82, P0
2026/07/31 18:16:04.880, 201.56, 250.00, 96, 1290, 1215, 81, P0
2026/07/31 18:16:05.081, 220.99, 250.00, 94, 1335, 1215, 82, P0
2026/07/31 18:16:05.281, 219.87, 250.00, 95, 1335, 1215, 82, P0
2026/07/31 18:16:05.482, 225.84, 250.00, 95, 1335, 1215, 82, P0
2026/07/31 18:16:05.682, 220.57, 250.00, 95, 1350, 1215, 82, P0
2026/07/31 18:16:05.883, 236.24, 250.00, 95, 1365, 1215, 83, P0
2026/07/31 18:16:06.083, 226.37, 250.00, 96, 1365, 1215, 83, P0
2026/07/31 18:16:06.284, 235.95, 250.00, 94, 1365, 1215, 83, P0
2026/07/31 18:16:06.484, 232.09, 250.00, 96, 1365, 1215, 83, P0
2026/07/31 18:16:06.685, 235.68, 250.00, 95, 1380, 1215, 83, P0
2026/07/31 18:16:06.886, 232.27, 250.00, 96, 1365, 1215, 83, P0
2026/07/31 18:16:07.086, 236.35, 250.00, 95, 1380, 1215, 83, P0
2026/07/31 18:16:07.287, 232.26, 250.00, 95, 1365, 1215, 83, P0
2026/07/31 18:16:07.487, 231.03, 250.00, 95, 1365, 1215, 83, P0
2026/07/31 18:16:07.688, 233.29, 250.00, 96, 1365, 1215, 83, P0
2026/07/31 18:16:07.888, 228.53, 250.00, 95, 1365, 1215, 83, P0
2026/07/31 18:16:08.089, 247.56, 250.00, 95, 1380, 1215, 83, P0
2026/07/31 18:16:08.289, 240.24, 250.00, 94, 1395, 1215, 83, P0
2026/07/31 18:16:08.490, 244.46, 250.00, 94, 1365, 1215, 83, P0
2026/07/31 18:16:08.690, 234.61, 250.00, 95, 1365, 1215, 83, P0
2026/07/31 18:16:08.891, 241.97, 250.00, 95, 1365, 1215, 83, P0
2026/07/31 18:16:09.091, 235.94, 250.00, 95, 1380, 1215, 83, P0
2026/07/31 18:16:09.292, 245.15, 250.00, 94, 1380, 1215, 83, P0
2026/07/31 18:16:09.492, 242.61, 250.00, 95, 1395, 1215, 83, P0
2026/07/31 18:16:09.693, 242.75, 250.00, 95, 1380, 1215, 83, P0
2026/07/31 18:16:09.893, 241.49, 250.00, 96, 1395, 1215, 83, P0
2026/07/31 18:16:10.094, 239.24, 250.00, 95, 1380, 1215, 83, P0
2026/07/31 18:16:10.294, 239.20, 250.00, 96, 1380, 1215, 83, P0
2026/07/31 18:16:10.495, 236.75, 250.00, 94, 1380, 1215, 83, P0
2026/07/31 18:16:10.696, 241.50, 250.00, 95, 1395, 1215, 84, P0
2026/07/31 18:16:10.896, 236.12, 250.00, 95, 1380, 1215, 83, P0
2026/07/31 18:16:11.097, 243.74, 250.00, 95, 1395, 1215, 84, P0
2026/07/31 18:16:11.297, 258.27, 250.00, 94, 1380, 1215, 84, P0
2026/07/31 18:16:11.498, 237.45, 250.00, 94, 1395, 1215, 83, P0
2026/07/31 18:16:11.698, 254.32, 250.00, 95, 1395, 1215, 83, P0
2026/07/31 18:16:11.899, 237.45, 250.00, 94, 1395, 1215, 84, P0
2026/07/31 18:16:12.099, 256.08, 250.00, 95, 1395, 1215, 84, P0
2026/07/31 18:16:12.300, 238.29, 250.00, 94, 1395, 1215, 84, P0
2026/07/31 18:16:12.500, 257.01, 250.00, 95, 1395, 1215, 84, P0
2026/07/31 18:16:12.700, 244.86, 250.00, 95, 1395, 1215, 84, P0
2026/07/31 18:16:12.901, 254.69, 250.00, 95, 1395, 1215, 84, P0
2026/07/31 18:16:13.101, 235.20, 250.00, 95, 1395, 1215, 84, P0
2026/07/31 18:16:13.302, 254.90, 250.00, 95, 1395, 1215, 84, P0
2026/07/31 18:16:13.502, 237.92, 250.00, 95, 1395, 1215, 84, P0
2026/07/31 18:16:13.703, 256.06, 250.00, 95, 1380, 1215, 84, P0
2026/07/31 18:16:13.903, 239.99, 250.00, 95, 1395, 1215, 84, P0
2026/07/31 18:16:14.104, 252.13, 250.00, 95, 1380, 1215, 84, P0
2026/07/31 18:16:14.304, 242.50, 250.00, 94, 1395, 1215, 84, P0
2026/07/31 18:16:14.505, 252.47, 250.00, 95, 1395, 1215, 84, P0
2026/07/31 18:16:14.705, 238.17, 250.00, 95, 1395, 1215, 84, P0
2026/07/31 18:16:14.906, 238.88, 250.00, 95, 1320, 1215, 83, P0
2026/07/31 18:16:15.106, 221.69, 250.00, 95, 1335, 1215, 83, P0
2026/07/31 18:16:15.307, 226.22, 250.00, 95, 1350, 1215, 83, P0
2026/07/31 18:16:15.507, 223.54, 250.00, 94, 1335, 1215, 83, P0
2026/07/31 18:16:15.707, 217.71, 250.00, 95, 1335, 1215, 83, P0
2026/07/31 18:16:15.908, 220.39, 250.00, 95, 1350, 1215, 82, P0
2026/07/31 18:16:16.108, 220.41, 250.00, 96, 1335, 1215, 82, P0
2026/07/31 18:16:16.309, 223.27, 250.00, 95, 1365, 1215, 83, P0
2026/07/31 18:16:16.509, 227.74, 250.00, 96, 1350, 1215, 83, P0
2026/07/31 18:16:16.710, 225.34, 250.00, 95, 1380, 1215, 83, P0
2026/07/31 18:16:16.910, 219.33, 250.00, 95, 1350, 1215, 83, P0
2026/07/31 18:16:17.111, 241.00, 250.00, 95, 1365, 1215, 83, P0
2026/07/31 18:16:17.311, 224.72, 250.00, 95, 1335, 1215, 83, P0
2026/07/31 18:16:17.512, 238.02, 250.00, 95, 1380, 1215, 83, P0
2026/07/31 18:16:17.712, 229.60, 250.00, 95, 1350, 1215, 83, P0
2026/07/31 18:16:17.913, 237.35, 250.00, 95, 1365, 1215, 83, P0
2026/07/31 18:16:18.113, 225.28, 250.00, 95, 1365, 1215, 83, P0
2026/07/31 18:16:18.314, 235.23, 250.00, 95, 1365, 1215, 83, P0
2026/07/31 18:16:18.514, 232.33, 250.00, 94, 1365, 1215, 83, P0
2026/07/31 18:16:18.715, 243.02, 250.00, 96, 1380, 1215, 83, P0
2026/07/31 18:16:18.915, 235.86, 250.00, 94, 1365, 1215, 83, P0
2026/07/31 18:16:19.116, 239.87, 250.00, 95, 1365, 1215, 83, P0
2026/07/31 18:16:19.316, 243.90, 250.00, 94, 1395, 1215, 83, P0
2026/07/31 18:16:19.517, 246.23, 250.00, 96, 1380, 1215, 83, P0
2026/07/31 18:16:19.717, 239.68, 250.00, 94, 1395, 1215, 83, P0
2026/07/31 18:16:19.918, 238.65, 250.00, 95, 1365, 1215, 83, P0
2026/07/31 18:16:20.118, 233.91, 250.00, 94, 1380, 1215, 83, P0
2026/07/31 18:16:20.319, 251.03, 250.00, 95, 1365, 1215, 83, P0
2026/07/31 18:16:20.519, 232.37, 250.00, 94, 1395, 1215, 83, P0
2026/07/31 18:16:20.720, 238.12, 250.00, 95, 1395, 1215, 83, P0
2026/07/31 18:16:20.921, 235.20, 250.00, 95, 1380, 1215, 83, P0
2026/07/31 18:16:21.121, 237.73, 250.00, 95, 1395, 1215, 83, P0
2026/07/31 18:16:21.322, 234.34, 250.00, 94, 1365, 1215, 83, P0
2026/07/31 18:16:21.522, 238.43, 250.00, 95, 1365, 1215, 83, P0
2026/07/31 18:16:21.723, 241.01, 250.00, 95, 1395, 1215, 83, P0
2026/07/31 18:16:21.923, 249.77, 250.00, 95, 1365, 1215, 83, P0
2026/07/31 18:16:22.124, 235.07, 250.00, 95, 1395, 1215, 83, P0
2026/07/31 18:16:22.324, 247.10, 250.00, 95, 1380, 1215, 83, P0
2026/07/31 18:16:22.525, 237.65, 250.00, 95, 1380, 1215, 83, P0
2026/07/31 18:16:22.725, 242.83, 250.00, 95, 1380, 1215, 83, P0
2026/07/31 18:16:22.926, 241.95, 250.00, 95, 1380, 1215, 83, P0
2026/07/31 18:16:23.126, 241.93, 250.00, 94, 1395, 1215, 84, P0
2026/07/31 18:16:23.327, 241.57, 250.00, 95, 1380, 1215, 83, P0
2026/07/31 18:16:23.527, 241.01, 250.00, 95, 1335, 1215, 83, P0
2026/07/31 18:16:23.728, 220.72, 250.00, 96, 1320, 1215, 83, P0
2026/07/31 18:16:23.928, 213.90, 250.00, 94, 1335, 1215, 82, P0
2026/07/31 18:16:24.129, 228.87, 250.00, 95, 1335, 1215, 82, P0
2026/07/31 18:16:24.329, 216.91, 250.00, 94, 1320, 1215, 82, P0
2026/07/31 18:16:24.530, 220.91, 250.00, 95, 1320, 1215, 82, P0
2026/07/31 18:16:24.730, 215.67, 250.00, 95, 1335, 1215, 82, P0
2026/07/31 18:16:24.931, 216.09, 250.00, 95, 1320, 1215, 82, P0
2026/07/31 18:16:25.131, 213.65, 250.00, 95, 1335, 1215, 82, P0
2026/07/31 18:16:25.332, 216.63, 250.00, 95, 1320, 1215, 82, P0
2026/07/31 18:16:25.532, 234.13, 250.00, 96, 1365, 1215, 82, P0
2026/07/31 18:16:25.733, 212.18, 250.00, 95, 1320, 1215, 82, P0
2026/07/31 18:16:25.933, 225.64, 250.00, 95, 1320, 1215, 82, P0
2026/07/31 18:16:26.134, 210.50, 250.00, 95, 1320, 1215, 82, P0
2026/07/31 18:16:26.334, 229.32, 250.00, 95, 1335, 1215, 82, P0
2026/07/31 18:16:26.535, 224.18, 250.00, 95, 1335, 1215, 82, P0
2026/07/31 18:16:26.735, 219.03, 250.00, 95, 1350, 1215, 82, P0
2026/07/31 18:16:26.936, 234.62, 250.00, 95, 1335, 1215, 83, P0
2026/07/31 18:16:27.136, 224.79, 250.00, 94, 1365, 1215, 82, P0
2026/07/31 18:16:27.337, 235.28, 250.00, 94, 1335, 1215, 82, P0
2026/07/31 18:16:27.537, 219.06, 250.00, 94, 1365, 1215, 82, P0
2026/07/31 18:16:27.738, 226.01, 250.00, 96, 1335, 1215, 82, P0
2026/07/31 18:16:27.938, 228.20, 250.00, 95, 1365, 1215, 82, P0
2026/07/31 18:16:28.139, 234.15, 250.00, 95, 1350, 1215, 82, P0
2026/07/31 18:16:28.339, 228.31, 250.00, 95, 1365, 1215, 83, P0
2026/07/31 18:16:28.540, 228.02, 250.00, 95, 1350, 1215, 83, P0
2026/07/31 18:16:28.740, 224.94, 250.00, 95, 1365, 1215, 82, P0
2026/07/31 18:16:28.941, 235.86, 250.00, 95, 1350, 1215, 83, P0
2026/07/31 18:16:29.142, 226.34, 250.00, 93, 1380, 1215, 82, P0
2026/07/31 18:16:29.342, 228.95, 250.00, 95, 1350, 1215, 82, P0
2026/07/31 18:16:29.543, 224.21, 250.00, 93, 1350, 1215, 82, P0
2026/07/31 18:16:29.743, 235.26, 250.00, 95, 1350, 1215, 83, P0
2026/07/31 18:16:29.944, 229.48, 250.00, 95, 1365, 1215, 83, P0
2026/07/31 18:16:30.144, 231.73, 250.00, 94, 1380, 1215, 83, P0
2026/07/31 18:16:30.345, 250.13, 250.00, 95, 1395, 1215, 83, P0
2026/07/31 18:16:30.545, 226.35, 250.00, 94, 1395, 1215, 83, P0
2026/07/31 18:16:30.746, 258.05, 250.00, 96, 1395, 1215, 83, P0
2026/07/31 18:16:30.946, 225.58, 250.00, 95, 1380, 1215, 83, P0
2026/07/31 18:16:31.147, 245.56, 250.00, 96, 1365, 1215, 83, P0
2026/07/31 18:16:31.347, 225.96, 250.00, 94, 1365, 1215, 83, P0
2026/07/31 18:16:31.548, 253.91, 250.00, 95, 1395, 1215, 83, P0
2026/07/31 18:16:31.748, 226.45, 250.00, 95, 1395, 1215, 83, P0
2026/07/31 18:16:31.949, 241.82, 250.00, 96, 1380, 1215, 83, P0
2026/07/31 18:16:32.149, 232.04, 250.00, 95, 1365, 1215, 83, P0
2026/07/31 18:16:32.350, 244.88, 250.00, 95, 1380, 1215, 83, P0
2026/07/31 18:16:32.551, 231.04, 250.00, 94, 1395, 1215, 83, P0
2026/07/31 18:16:32.751, 243.18, 250.00, 95, 1380, 1215, 83, P0
2026/07/31 18:16:32.952, 230.10, 250.00, 95, 1365, 1215, 83, P0
2026/07/31 18:16:33.152, 239.75, 250.00, 96, 1380, 1215, 83, P0
2026/07/31 18:16:33.353, 232.10, 250.00, 94, 1365, 1215, 83, P0
2026/07/31 18:16:33.553, 237.09, 250.00, 95, 1365, 1215, 83, P0
2026/07/31 18:16:33.754, 235.08, 250.00, 95, 1365, 1215, 83, P0
2026/07/31 18:16:33.954, 239.20, 250.00, 96, 1365, 1215, 83, P0
2026/07/31 18:16:34.155, 234.15, 250.00, 95, 1365, 1215, 83, P0
2026/07/31 18:16:34.356, 246.44, 250.00, 96, 1380, 1215, 83, P0
2026/07/31 18:16:34.556, 229.64, 250.00, 94, 1365, 1215, 83, P0
2026/07/31 18:16:34.757, 244.58, 250.00, 96, 1365, 1215, 83, P0
2026/07/31 18:16:34.957, 234.95, 250.00, 95, 1380, 1215, 83, P0
2026/07/31 18:16:35.158, 240.30, 250.00, 96, 1365, 1215, 83, P0
2026/07/31 18:16:35.358, 234.34, 250.00, 94, 1380, 1215, 83, P0
2026/07/31 18:16:35.559, 250.74, 250.00, 95, 1395, 1215, 83, P0
2026/07/31 18:16:35.761, 243.98, 250.00, 95, 1395, 1215, 83, P0
2026/07/31 18:16:35.965, 241.22, 250.00, 96, 1365, 1215, 83, P0
2026/07/31 18:16:36.168, 230.21, 250.00, 95, 1365, 1215, 83, P0
2026/07/31 18:16:36.370, 237.91, 250.00, 94, 1365, 1215, 83, P0
2026/07/31 18:16:36.571, 238.58, 250.00, 96, 1365, 1215, 83, P0
2026/07/31 18:16:36.771, 239.18, 250.00, 95, 1365, 1215, 83, P0
2026/07/31 18:16:36.972, 236.71, 250.00, 96, 1365, 1215, 83, P0
2026/07/31 18:16:37.172, 241.02, 250.00, 94, 1365, 1215, 83, P0
2026/07/31 18:16:37.373, 231.88, 250.00, 95, 1365, 1215, 83, P0
2026/07/31 18:16:37.573, 241.41, 250.00, 95, 1380, 1215, 83, P0
2026/07/31 18:16:37.775, 245.12, 250.00, 95, 1395, 1215, 83, P0
2026/07/31 18:16:37.975, 238.15, 250.00, 95, 1380, 1215, 83, P0
2026/07/31 18:16:38.176, 257.90, 250.00, 94, 1365, 1215, 83, P0
2026/07/31 18:16:38.376, 235.25, 250.00, 95, 1380, 1215, 83, P0
2026/07/31 18:16:38.577, 247.83, 250.00, 95, 1395, 1215, 83, P0
2026/07/31 18:16:38.777, 236.25, 250.00, 96, 1395, 1215, 83, P0
2026/07/31 18:16:38.978, 241.57, 250.00, 95, 1395, 1215, 83, P0
2026/07/31 18:16:39.178, 233.13, 250.00, 94, 1380, 1215, 83, P0
2026/07/31 18:16:39.379, 237.40, 250.00, 94, 1365, 1215, 83, P0
2026/07/31 18:16:39.580, 232.73, 250.00, 95, 1380, 1215, 83, P0
2026/07/31 18:16:39.780, 238.66, 250.00, 95, 1365, 1215, 83, P0
2026/07/31 18:16:39.981, 235.28, 250.00, 95, 1380, 1215, 83, P0
2026/07/31 18:16:40.181, 242.24, 250.00, 95, 1365, 1215, 83, P0
2026/07/31 18:16:40.382, 230.82, 250.00, 95, 1365, 1215, 83, P0
2026/07/31 18:16:40.582, 240.62, 250.00, 95, 1380, 1215, 83, P0
2026/07/31 18:16:40.783, 233.41, 250.00, 94, 1380, 1215, 83, P0
2026/07/31 18:16:40.983, 240.05, 250.00, 95, 1380, 1215, 83, P0
2026/07/31 18:16:41.184, 244.71, 250.00, 94, 1380, 1215, 83, P0
2026/07/31 18:16:41.384, 241.59, 250.00, 95, 1395, 1215, 83, P0
2026/07/31 18:16:41.585, 242.73, 250.00, 95, 1395, 1215, 83, P0
2026/07/31 18:16:41.785, 238.05, 250.00, 96, 1380, 1215, 83, P0
2026/07/31 18:16:41.986, 236.40, 250.00, 94, 1365, 1215, 83, P0
2026/07/31 18:16:42.186, 236.46, 250.00, 95, 1380, 1215, 83, P0
2026/07/31 18:16:42.387, 235.88, 250.00, 95, 1365, 1215, 83, P0
2026/07/31 18:16:42.587, 235.41, 250.00, 95, 1380, 1215, 83, P0
2026/07/31 18:16:42.788, 243.31, 250.00, 95, 1365, 1215, 83, P0
2026/07/31 18:16:42.988, 232.46, 250.00, 95, 1380, 1215, 83, P0
2026/07/31 18:16:43.189, 242.34, 250.00, 95, 1380, 1215, 83, P0
2026/07/31 18:16:43.389, 254.70, 250.00, 95, 1395, 1215, 83, P0
2026/07/31 18:16:43.590, 242.65, 250.00, 95, 1365, 1215, 83, P0
2026/07/31 18:16:43.790, 236.23, 250.00, 96, 1395, 1215, 83, P0
2026/07/31 18:16:43.991, 241.40, 250.00, 95, 1380, 1215, 83, P0
2026/07/31 18:16:44.191, 231.95, 250.00, 95, 1380, 1215, 83, P0
2026/07/31 18:16:44.392, 242.71, 250.00, 94, 1365, 1215, 83, P0
2026/07/31 18:16:44.592, 243.28, 250.00, 95, 1365, 1215, 83, P0
2026/07/31 18:16:44.793, 244.33, 250.00, 95, 1365, 1215, 83, P0
2026/07/31 18:16:44.993, 259.61, 250.00, 95, 1380, 1215, 83, P0
2026/07/31 18:16:45.194, 233.85, 250.00, 95, 1380, 1215, 83, P0
2026/07/31 18:16:45.394, 243.57, 250.00, 93, 1395, 1215, 83, P0
2026/07/31 18:16:45.595, 243.71, 250.00, 95, 1395, 1215, 83, P0
2026/07/31 18:16:45.795, 233.44, 250.00, 95, 1380, 1215, 83, P0
2026/07/31 18:16:45.996, 234.13, 250.00, 96, 1365, 1215, 83, P0
2026/07/31 18:16:46.196, 236.16, 250.00, 95, 1380, 1215, 83, P0
2026/07/31 18:16:46.397, 233.65, 250.00, 96, 1365, 1215, 83, P0
2026/07/31 18:16:46.597, 233.34, 250.00, 94, 1380, 1215, 83, P0
2026/07/31 18:16:46.798, 258.45, 250.00, 96, 1395, 1215, 84, P0
2026/07/31 18:16:46.999, 242.09, 250.00, 95, 1395, 1215, 84, P0
2026/07/31 18:16:47.199, 255.76, 250.00, 95, 1380, 1215, 84, P0
2026/07/31 18:16:47.400, 242.83, 250.00, 95, 1395, 1215, 84, P0
2026/07/31 18:16:47.600, 248.80, 250.00, 95, 1380, 1215, 84, P0
2026/07/31 18:16:47.801, 239.33, 250.00, 95, 1395, 1215, 84, P0
2026/07/31 18:16:48.001, 249.98, 250.00, 95, 1395, 1215, 84, P0
2026/07/31 18:16:48.202, 229.53, 250.00, 95, 1380, 1215, 83, P0
2026/07/31 18:16:48.402, 245.32, 250.00, 93, 1380, 1215, 84, P0
2026/07/31 18:16:48.603, 246.14, 250.00, 95, 1380, 1215, 84, P0
2026/07/31 18:16:48.803, 245.94, 250.00, 95, 1395, 1215, 84, P0
2026/07/31 18:16:49.004, 242.17, 250.00, 96, 1395, 1215, 84, P0
2026/07/31 18:16:49.204, 249.51, 250.00, 95, 1395, 1215, 84, P0
2026/07/31 18:16:49.405, 262.67, 250.00, 95, 1395, 1215, 84, P0
2026/07/31 18:16:49.605, 245.46, 250.00, 95, 1395, 1215, 84, P0
2026/07/31 18:16:49.806, 254.50, 250.00, 95, 1410, 1215, 84, P0
2026/07/31 18:16:50.006, 82.26, 250.00, 95, 1410, 1215, 81, P0
2026/07/31 18:16:50.207, 80.17, 250.00, 0, 1410, 1215, 79, P0
2026/07/31 18:16:50.407, 78.79, 250.00, 0, 1410, 1215, 78, P0
2026/07/31 18:16:50.608, 77.93, 250.00, 0, 1410, 1215, 78, P0
2026/07/31 18:16:50.808, 77.78, 250.00, 0, 1410, 1215, 77, P0
2026/07/31 18:16:51.008, 77.17, 250.00, 0, 1410, 1215, 77, P0
2026/07/31 18:16:51.209, 77.07, 250.00, 0, 1410, 1215, 76, P0
2026/07/31 18:16:51.409, 76.48, 250.00, 0, 1410, 1215, 76, P0
2026/07/31 18:16:51.609, 76.23, 250.00, 0, 1410, 1215, 76, P0
2026/07/31 18:16:51.810, 53.74, 250.00, 0, 1140, 1215, 75, P0
2026/07/31 18:16:52.010, 53.22, 250.00, 0, 1140, 1215, 74, P0
2026/07/31 18:16:52.210, 53.04, 250.00, 0, 1140, 1215, 74, P0
2026/07/31 18:16:52.411, 52.75, 250.00, 0, 1140, 1215, 74, P0
2026/07/31 18:16:52.611, 52.67, 250.00, 0, 1140, 1215, 74, P0
2026/07/31 18:16:52.812, 52.49, 250.00, 0, 1140, 1215, 73, P0
2026/07/31 18:16:53.012, 52.21, 250.00, 0, 1140, 1215, 73, P0
2026/07/31 18:16:53.212, 52.13, 250.00, 0, 1140, 1215, 73, P0
2026/07/31 18:16:53.413, 52.07, 250.00, 0, 1140, 1215, 73, P0
2026/07/31 18:16:53.613, 51.97, 250.00, 0, 1140, 1215, 73, P0
2026/07/31 18:16:53.814, 51.83, 250.00, 0, 1140, 1215, 72, P0
2026/07/31 18:16:54.014, 51.76, 250.00, 0, 1140, 1215, 72, P0
2026/07/31 18:16:54.214, 51.71, 250.00, 0, 1140, 1215, 72, P0
2026/07/31 18:16:54.415, 51.39, 250.00, 0, 1140, 1215, 72, P0
2026/07/31 18:16:54.615, 51.36, 250.00, 0, 1140, 1215, 72, P0
2026/07/31 18:16:54.816, 51.18, 250.00, 0, 1140, 1215, 72, P0
2026/07/31 18:16:55.016, 51.18, 250.00, 0, 1140, 1215, 72, P0
2026/07/31 18:16:55.216, 51.68, 250.00, 0, 1140, 1215, 71, P0
2026/07/31 18:16:55.417, 51.47, 250.00, 0, 1140, 1215, 71, P0
2026/07/31 18:16:55.617, 51.58, 250.00, 0, 1140, 1215, 71, P0
2026/07/31 18:16:55.817, 51.67, 250.00, 0, 1140, 1215, 71, P0
2026/07/31 18:16:56.018, 51.49, 250.00, 0, 1140, 1215, 71, P0
2026/07/31 18:16:56.218, 51.45, 250.00, 0, 1140, 1215, 71, P0
2026/07/31 18:16:56.418, 51.47, 250.00, 0, 1140, 1215, 71, P0
2026/07/31 18:16:56.619, 51.36, 250.00, 0, 1140, 1215, 71, P0
2026/07/31 18:16:56.819, 51.08, 250.00, 0, 1140, 1215, 70, P0
2026/07/31 18:16:57.019, 51.18, 250.00, 0, 1140, 1215, 70, P0
2026/07/31 18:16:57.220, 50.96, 250.00, 0, 1140, 1215, 70, P0
2026/07/31 18:16:57.420, 50.89, 250.00, 0, 1140, 1215, 70, P0
2026/07/31 18:16:57.620, 50.79, 250.00, 0, 1140, 1215, 70, P0
2026/07/31 18:16:57.821, 50.76, 250.00, 0, 1140, 1215, 70, P0
2026/07/31 18:16:58.021, 50.59, 250.00, 0, 1140, 1215, 70, P0
2026/07/31 18:16:58.222, 50.59, 250.00, 0, 1140, 1215, 70, P0
2026/07/31 18:16:58.422, 50.49, 250.00, 0, 1140, 1215, 70, P0
2026/07/31 18:16:58.622, 50.49, 250.00, 0, 1140, 1215, 69, P0
2026/07/31 18:16:58.823, 50.26, 250.00, 0, 1140, 1215, 69, P0
2026/07/31 18:16:59.023, 50.26, 250.00, 0, 1140, 1215, 69, P0
2026/07/31 18:16:59.224, 50.17, 250.00, 0, 1140, 1215, 69, P0
2026/07/31 18:16:59.424, 50.10, 250.00, 0, 1140, 1215, 69, P0
2026/07/31 18:16:59.624, 50.07, 250.00, 0, 1140, 1215, 69, P0
2026/07/31 18:16:59.825, 50.00, 250.00, 0, 1140, 1215, 69, P0
2026/07/31 18:17:00.025, 49.90, 250.00, 0, 1140, 1215, 69, P0
2026/07/31 18:17:00.226, 49.78, 250.00, 0, 1140, 1215, 69, P0
2026/07/31 18:17:00.426, 49.71, 250.00, 0, 1140, 1215, 69, P0
2026/07/31 18:17:00.626, 49.61, 250.00, 0, 1140, 1215, 68, P0
2026/07/31 18:17:00.827, 49.61, 250.00, 0, 1140, 1215, 68, P0
2026/07/31 18:17:01.027, 49.52, 250.00, 0, 1140, 1215, 68, P0
2026/07/31 18:17:01.228, 49.52, 250.00, 0, 1140, 1215, 68, P0
2026/07/31 18:17:01.428, 49.42, 250.00, 0, 1140, 1215, 68, P0
2026/07/31 18:17:01.628, 49.42, 250.00, 0, 1140, 1215, 68, P0
2026/07/31 18:17:01.829, 49.21, 250.00, 0, 1140, 1215, 68, P0
2026/07/31 18:17:02.029, 49.12, 250.00, 0, 1140, 1215, 68, P0
2026/07/31 18:17:02.229, 49.10, 250.00, 0, 1140, 1215, 68, P0
2026/07/31 18:17:02.430, 49.02, 250.00, 0, 1140, 1215, 68, P0
2026/07/31 18:17:02.630, 48.91, 250.00, 0, 1140, 1215, 67, P0
2026/07/31 18:17:02.831, 49.02, 250.00, 0, 1140, 1215, 67, P0
2026/07/31 18:17:03.031, 48.91, 250.00, 0, 1140, 1215, 67, P0
2026/07/31 18:17:03.231, 48.81, 250.00, 0, 1140, 1215, 67, P0
2026/07/31 18:17:03.432, 48.71, 250.00, 0, 1140, 1215, 67, P0
2026/07/31 18:17:03.632, 48.73, 250.00, 0, 1140, 1215, 67, P0
2026/07/31 18:17:03.832, 48.71, 250.00, 0, 1140, 1215, 67, P0
2026/07/31 18:17:04.033, 48.52, 250.00, 0, 1140, 1215, 67, P0
2026/07/31 18:17:04.233, 48.63, 250.00, 0, 1140, 1215, 67, P0
2026/07/31 18:17:04.433, 48.52, 250.00, 0, 1140, 1215, 67, P0
2026/07/31 18:17:04.634, 48.44, 250.00, 0, 1140, 1215, 67, P0
2026/07/31 18:17:04.834, 48.34, 250.00, 0, 1140, 1215, 67, P0
2026/07/31 18:17:05.035, 48.32, 250.00, 0, 1140, 1215, 66, P0
2026/07/31 18:17:05.235, 48.29, 250.00, 0, 1140, 1215, 66, P0
2026/07/31 18:17:05.435, 48.13, 250.00, 0, 1140, 1215, 66, P0
2026/07/31 18:17:05.636, 48.24, 250.00, 0, 1140, 1215, 66, P0
2026/07/31 18:17:05.836, 48.16, 250.00, 0, 1140, 1215, 66, P0
2026/07/31 18:17:06.036, 48.14, 250.00, 0, 1140, 1215, 66, P0
2026/07/31 18:17:06.237, 48.02, 250.00, 0, 1140, 1215, 66, P0
2026/07/31 18:17:06.437, 47.92, 250.00, 0, 1140, 1215, 66, P0
2026/07/31 18:17:06.638, 47.95, 250.00, 0, 1140, 1215, 66, P0
2026/07/31 18:17:06.838, 47.76, 250.00, 0, 1140, 1215, 66, P0
2026/07/31 18:17:07.039, 47.83, 250.00, 0, 1140, 1215, 66, P0
2026/07/31 18:17:07.239, 47.74, 250.00, 0, 1140, 1215, 66, P0
2026/07/31 18:17:07.439, 47.85, 250.00, 0, 1140, 1215, 65, P0
2026/07/31 18:17:07.640, 47.73, 250.00, 0, 1140, 1215, 65, P0
2026/07/31 18:17:07.840, 47.56, 250.00, 0, 1140, 1215, 65, P0
2026/07/31 18:17:08.040, 47.50, 250.00, 0, 1140, 1215, 65, P0
2026/07/31 18:17:08.241, 47.53, 250.00, 0, 1140, 1215, 65, P0
2026/07/31 18:17:08.441, 47.53, 250.00, 0, 1140, 1215, 65, P0
2026/07/31 18:17:08.641, 47.46, 250.00, 0, 1140, 1215, 65, P0
2026/07/31 18:17:08.842, 47.34, 250.00, 0, 1140, 1215, 65, P0
2026/07/31 18:17:09.042, 47.34, 250.00, 0, 1140, 1215, 65, P0
2026/07/31 18:17:09.243, 47.24, 250.00, 0, 1140, 1215, 65, P0
2026/07/31 18:17:09.443, 47.27, 250.00, 0, 1140, 1215, 65, P0
2026/07/31 18:17:09.643, 47.27, 250.00, 0, 1140, 1215, 65, P0
2026/07/31 18:17:09.844, 47.16, 250.00, 0, 1140, 1215, 65, P0
2026/07/31 18:17:10.044, 47.15, 250.00, 0, 1140, 1215, 64, P0
2026/07/31 18:17:10.245, 47.16, 250.00, 0, 1140, 1215, 64, P0
2026/07/31 18:17:10.445, 46.97, 250.00, 0, 1140, 1215, 64, P0
2026/07/31 18:17:10.645, 47.08, 250.00, 0, 1140, 1215, 64, P0
2026/07/31 18:17:10.846, 46.98, 250.00, 0, 1140, 1215, 64, P0
2026/07/31 18:17:11.046, 46.95, 250.00, 0, 1140, 1215, 64, P0
2026/07/31 18:17:11.246, 46.82, 250.00, 0, 1140, 1215, 64, P0
2026/07/31 18:17:11.447, 46.87, 250.00, 0, 1140, 1215, 64, P0
2026/07/31 18:17:11.647, 46.78, 250.00, 0, 1140, 1215, 64, P0
2026/07/31 18:17:11.847, 46.79, 250.00, 0, 1140, 1215, 64, P0
2026/07/31 18:17:12.048, 46.68, 250.00, 0, 1140, 1215, 64, P0
2026/07/31 18:17:12.248, 46.42, 250.00, 0, 1140, 1215, 64, P0
2026/07/31 18:17:12.448, 46.45, 250.00, 10, 1140, 1215, 64, P0
2026/07/31 18:17:12.649, 46.47, 250.00, 0, 1140, 1215, 64, P0
2026/07/31 18:17:12.849, 46.47, 250.00, 0, 1140, 1215, 63, P0
2026/07/31 18:17:13.049, 46.69, 250.00, 0, 1140, 1215, 63, P0
2026/07/31 18:17:13.250, 46.37, 250.00, 0, 1140, 1215, 63, P0
2026/07/31 18:17:13.450, 178.00, 250.00, 0, 1140, 1215, 65, P0
2026/07/31 18:17:13.651, 239.51, 250.00, 67, 1275, 1215, 70, P0
2026/07/31 18:17:13.858, 250.47, 250.00, 100, 1290, 1215, 73, P0
2026/07/31 18:17:14.058, 250.23, 250.00, 96, 1275, 1215, 74, P0
2026/07/31 18:17:14.259, 250.01, 250.00, 100, 1305, 1215, 75, P0
2026/07/31 18:17:14.459, 249.60, 250.00, 96, 1275, 1215, 75, P0
2026/07/31 18:17:14.660, 253.47, 250.00, 100, 1275, 1215, 76, P0
2026/07/31 18:17:14.860, 252.22, 250.00, 100, 1275, 1215, 76, P0
2026/07/31 18:17:15.061, 243.46, 250.00, 96, 1275, 1215, 76, P0
2026/07/31 18:17:15.261, 251.59, 250.00, 100, 1275, 1215, 76, P0
2026/07/31 18:17:15.462, 226.35, 250.00, 98, 1410, 1215, 73, P0
2026/07/31 18:17:15.663, 232.86, 250.00, 95, 1410, 1215, 73, P0
2026/07/31 18:17:15.863, 232.74, 250.00, 95, 1410, 1215, 73, P0
2026/07/31 18:17:16.064, 231.90, 250.00, 96, 1410, 1215, 73, P0
2026/07/31 18:17:16.264, 232.76, 250.00, 95, 1410, 1215, 73, P0
2026/07/31 18:17:16.465, 232.27, 250.00, 95, 1410, 1215, 73, P0
2026/07/31 18:17:16.665, 232.74, 250.00, 95, 1410, 1215, 73, P0
2026/07/31 18:17:16.866, 233.04, 250.00, 95, 1410, 1215, 73, P0
2026/07/31 18:17:17.068, 232.49, 250.00, 95, 1410, 1215, 73, P0
2026/07/31 18:17:17.271, 237.58, 250.00, 95, 1410, 1215, 73, P0
2026/07/31 18:17:17.472, 232.18, 250.00, 94, 1410, 1215, 73, P0
2026/07/31 18:17:17.673, 238.18, 250.00, 94, 1410, 1215, 73, P0
2026/07/31 18:17:17.874, 233.34, 250.00, 95, 1410, 1215, 73, P0
2026/07/31 18:17:18.074, 238.50, 250.00, 95, 1410, 1215, 73, P0
2026/07/31 18:17:18.275, 231.10, 250.00, 95, 1410, 1215, 73, P0
2026/07/31 18:17:18.475, 235.80, 250.00, 95, 1410, 1215, 74, P0
2026/07/31 18:17:18.676, 232.95, 250.00, 95, 1410, 1215, 74, P0
2026/07/31 18:17:18.876, 233.07, 250.00, 94, 1410, 1215, 74, P0
2026/07/31 18:17:19.077, 232.42, 250.00, 96, 1410, 1215, 74, P0
2026/07/31 18:17:19.277, 233.38, 250.00, 95, 1410, 1215, 74, P0
2026/07/31 18:17:19.478, 233.92, 250.00, 96, 1410, 1215, 74, P0
2026/07/31 18:17:19.678, 234.84, 250.00, 95, 1410, 1215, 74, P0
2026/07/31 18:17:19.879, 231.92, 250.00, 96, 1410, 1215, 74, P0
2026/07/31 18:17:20.079, 232.89, 250.00, 94, 1410, 1215, 74, P0
2026/07/31 18:17:20.280, 231.20, 250.00, 95, 1410, 1215, 74, P0
2026/07/31 18:17:20.480, 230.39, 250.00, 94, 1410, 1215, 74, P0
2026/07/31 18:17:20.681, 235.18, 250.00, 94, 1410, 1215, 74, P0
2026/07/31 18:17:20.881, 234.05, 250.00, 95, 1410, 1215, 74, P0
2026/07/31 18:17:21.082, 234.05, 250.00, 96, 1410, 1215, 74, P0
2026/07/31 18:17:21.282, 229.84, 250.00, 94, 1410, 1215, 74, P0
2026/07/31 18:17:21.483, 246.19, 250.00, 94, 1410, 1215, 74, P0
2026/07/31 18:17:21.683, 234.13, 250.00, 94, 1410, 1215, 74, P0
2026/07/31 18:17:21.884, 244.30, 250.00, 95, 1410, 1215, 74, P0
2026/07/31 18:17:22.084, 234.36, 250.00, 95, 1410, 1215, 74, P0
2026/07/31 18:17:22.285, 238.87, 250.00, 96, 1410, 1215, 75, P0
2026/07/31 18:17:22.485, 234.11, 250.00, 94, 1410, 1215, 74, P0
2026/07/31 18:17:22.686, 246.42, 250.00, 95, 1410, 1215, 75, P0
2026/07/31 18:17:22.886, 234.79, 250.00, 95, 1410, 1215, 75, P0
2026/07/31 18:17:23.087, 245.36, 250.00, 95, 1410, 1215, 75, P0
2026/07/31 18:17:23.287, 233.94, 250.00, 95, 1410, 1215, 75, P0
2026/07/31 18:17:23.488, 240.46, 250.00, 94, 1410, 1215, 75, P0
2026/07/31 18:17:23.688, 234.90, 250.00, 94, 1410, 1215, 75, P0
2026/07/31 18:17:23.889, 238.39, 250.00, 95, 1410, 1215, 75, P0
2026/07/31 18:17:24.089, 234.23, 250.00, 95, 1410, 1215, 75, P0
2026/07/31 18:17:24.290, 236.06, 250.00, 95, 1410, 1215, 75, P0
2026/07/31 18:17:24.490, 231.76, 250.00, 95, 1410, 1215, 75, P0
2026/07/31 18:17:24.691, 235.48, 250.00, 94, 1410, 1215, 75, P0
2026/07/31 18:17:24.891, 234.54, 250.00, 95, 1410, 1215, 75, P0
2026/07/31 18:17:25.092, 235.10, 250.00, 95, 1410, 1215, 75, P0
2026/07/31 18:17:25.292, 235.93, 250.00, 96, 1410, 1215, 75, P0
2026/07/31 18:17:25.493, 235.15, 250.00, 95, 1410, 1215, 75, P0
2026/07/31 18:17:25.693, 234.07, 250.00, 96, 1410, 1215, 75, P0
2026/07/31 18:17:25.894, 234.56, 250.00, 94, 1410, 1215, 75, P0
2026/07/31 18:17:26.094, 231.29, 250.00, 95, 1410, 1215, 75, P0
2026/07/31 18:17:26.295, 235.86, 250.00, 94, 1410, 1215, 75, P0
2026/07/31 18:17:26.495, 234.00, 250.00, 95, 1410, 1215, 75, P0
2026/07/31 18:17:26.696, 234.35, 250.00, 94, 1410, 1215, 75, P0
2026/07/31 18:17:26.896, 251.24, 250.00, 95, 1410, 1215, 75, P0
2026/07/31 18:17:27.097, 235.21, 250.00, 94, 1410, 1215, 75, P0
2026/07/31 18:17:27.297, 245.30, 250.00, 95, 1410, 1215, 75, P0
2026/07/31 18:17:27.498, 236.33, 250.00, 95, 1410, 1215, 75, P0
2026/07/31 18:17:27.698, 240.59, 250.00, 95, 1410, 1215, 76, P0
2026/07/31 18:17:27.899, 235.87, 250.00, 95, 1410, 1215, 76, P0
2026/07/31 18:17:28.099, 244.25, 250.00, 95, 1410, 1215, 76, P0
2026/07/31 18:17:28.300, 234.95, 250.00, 95, 1410, 1215, 76, P0
2026/07/31 18:17:28.500, 316.57, 250.00, 95, 1260, 1215, 77, P0
2026/07/31 18:17:28.733, 247.54, 250.00, 91, 1260, 1215, 79, P0
2026/07/31 18:17:28.934, 249.31, 250.00, 100, 1260, 1215, 79, P0
2026/07/31 18:17:29.134, 256.24, 250.00, 96, 1275, 1215, 80, P0
2026/07/31 18:17:29.334, 250.48, 250.00, 100, 1335, 1215, 79, P0
2026/07/31 18:17:29.535, 253.37, 250.00, 96, 1275, 1215, 80, P0
2026/07/31 18:17:29.735, 250.50, 250.00, 100, 1260, 1215, 80, P0
2026/07/31 18:17:29.936, 273.29, 250.00, 100, 1275, 1215, 80, P0
2026/07/31 18:17:30.136, 246.95, 250.00, 96, 1275, 1215, 80, P0
2026/07/31 18:17:30.337, 235.79, 250.00, 100, 1350, 1215, 78, P0
2026/07/31 18:17:30.537, 233.53, 250.00, 97, 1410, 1215, 77, P0
2026/07/31 18:17:30.738, 238.04, 250.00, 95, 1410, 1215, 77, P0
2026/07/31 18:17:30.938, 239.27, 250.00, 94, 1410, 1215, 77, P0
2026/07/31 18:17:31.139, 240.50, 250.00, 95, 1410, 1215, 77, P0
2026/07/31 18:17:31.339, 239.82, 250.00, 95, 1410, 1215, 77, P0
2026/07/31 18:17:31.539, 238.97, 250.00, 95, 1410, 1215, 77, P0
2026/07/31 18:17:31.740, 239.56, 250.00, 95, 1410, 1215, 77, P0
2026/07/31 18:17:31.940, 238.32, 250.00, 95, 1410, 1215, 77, P0
2026/07/31 18:17:32.141, 239.94, 250.00, 95, 1410, 1215, 77, P0
2026/07/31 18:17:32.341, 238.30, 250.00, 95, 1410, 1215, 77, P0
2026/07/31 18:17:32.542, 240.43, 250.00, 95, 1410, 1215, 77, P0
2026/07/31 18:17:32.742, 240.83, 250.00, 95, 1410, 1215, 77, P0
2026/07/31 18:17:32.943, 240.22, 250.00, 95, 1410, 1215, 77, P0
2026/07/31 18:17:33.143, 234.28, 250.00, 95, 1410, 1215, 77, P0
2026/07/31 18:17:33.344, 238.70, 250.00, 94, 1410, 1215, 77, P0
2026/07/31 18:17:33.545, 239.34, 250.00, 94, 1410, 1215, 77, P0
2026/07/31 18:17:33.745, 239.96, 250.00, 95, 1410, 1215, 77, P0
2026/07/31 18:17:33.945, 254.43, 250.00, 95, 1410, 1215, 77, P0
2026/07/31 18:17:34.146, 240.41, 250.00, 95, 1410, 1215, 77, P0
2026/07/31 18:17:34.346, 255.56, 250.00, 95, 1410, 1215, 77, P0
2026/07/31 18:17:34.547, 238.54, 250.00, 95, 1410, 1215, 77, P0
2026/07/31 18:17:34.747, 253.27, 250.00, 94, 1410, 1215, 77, P0
2026/07/31 18:17:34.948, 240.24, 250.00, 95, 1410, 1215, 77, P0
2026/07/31 18:17:35.148, 252.32, 250.00, 95, 1410, 1215, 77, P0
2026/07/31 18:17:35.349, 240.24, 250.00, 95, 1410, 1215, 77, P0
2026/07/31 18:17:35.550, 251.92, 250.00, 95, 1410, 1215, 77, P0
2026/07/31 18:17:35.750, 239.87, 250.00, 95, 1410, 1215, 77, P0
2026/07/31 18:17:35.951, 248.29, 250.00, 94, 1410, 1215, 77, P0
2026/07/31 18:17:36.151, 240.18, 250.00, 95, 1410, 1215, 77, P0
2026/07/31 18:17:36.352, 245.10, 250.00, 95, 1410, 1215, 77, P0
2026/07/31 18:17:36.552, 240.59, 250.00, 95, 1410, 1215, 77, P0
2026/07/31 18:17:36.753, 252.19, 250.00, 94, 1395, 1215, 77, P0
2026/07/31 18:17:36.953, 239.00, 250.00, 96, 1410, 1215, 77, P0
2026/07/31 18:17:37.154, 249.41, 250.00, 94, 1410, 1215, 77, P0
2026/07/31 18:17:37.354, 241.37, 250.00, 96, 1410, 1215, 77, P0
2026/07/31 18:17:37.555, 249.89, 250.00, 95, 1410, 1215, 77, P0
2026/07/31 18:17:37.755, 241.83, 250.00, 96, 1410, 1215, 77, P0
2026/07/31 18:17:37.956, 248.48, 250.00, 95, 1395, 1215, 77, P0
2026/07/31 18:17:38.156, 240.72, 250.00, 95, 1410, 1215, 77, P0
2026/07/31 18:17:38.357, 248.23, 250.00, 95, 1410, 1215, 77, P0
2026/07/31 18:17:38.558, 240.06, 250.00, 96, 1410, 1215, 77, P0
2026/07/31 18:17:38.758, 249.20, 250.00, 94, 1410, 1215, 78, P0
2026/07/31 18:17:38.959, 237.60, 250.00, 95, 1410, 1215, 78, P0
2026/07/31 18:17:39.159, 242.14, 250.00, 94, 1410, 1215, 78, P0
2026/07/31 18:17:39.360, 224.47, 250.00, 95, 1410, 1215, 77, P0
2026/07/31 18:17:39.560, 241.86, 250.00, 93, 1410, 1215, 78, P0
2026/07/31 18:17:39.761, 256.13, 250.00, 94, 1410, 1215, 77, P0
2026/07/31 18:17:39.961, 245.37, 250.00, 93, 1245, 1215, 80, P0
2026/07/31 18:17:40.162, 245.36, 250.00, 100, 1245, 1215, 81, P0
2026/07/31 18:17:40.362, 243.93, 250.00, 96, 1245, 1215, 81, P0
2026/07/31 18:17:40.563, 243.33, 250.00, 100, 1260, 1215, 81, P0
2026/07/31 18:17:40.763, 253.44, 250.00, 100, 1275, 1215, 81, P0
2026/07/31 18:17:40.964, 250.57, 250.00, 96, 1260, 1215, 82, P0
2026/07/31 18:17:41.164, 249.22, 250.00, 100, 1260, 1215, 81, P0
2026/07/31 18:17:41.364, 250.35, 250.00, 96, 1275, 1215, 82, P0
2026/07/31 18:17:41.565, 244.99, 250.00, 100, 1245, 1215, 82, P0
2026/07/31 18:17:41.765, 234.18, 250.00, 100, 1395, 1215, 79, P0
2026/07/31 18:17:41.966, 237.81, 250.00, 95, 1395, 1215, 79, P0
2026/07/31 18:17:42.166, 249.32, 250.00, 94, 1410, 1215, 78, P0
2026/07/31 18:17:42.367, 240.56, 250.00, 95, 1410, 1215, 78, P0
2026/07/31 18:17:42.567, 248.65, 250.00, 94, 1410, 1215, 78, P0
2026/07/31 18:17:42.768, 242.81, 250.00, 95, 1410, 1215, 78, P0
2026/07/31 18:17:42.968, 203.51, 250.00, 94, 1410, 1215, 78, P0
2026/07/31 18:17:43.169, 238.97, 250.00, 78, 1410, 1215, 77, P0
2026/07/31 18:17:43.369, 235.60, 250.00, 78, 1410, 1215, 78, P0
2026/07/31 18:17:43.570, 241.25, 250.00, 92, 1410, 1215, 78, P0
2026/07/31 18:17:43.772, 241.96, 250.00, 96, 1395, 1215, 78, P0
2026/07/31 18:17:43.975, 244.96, 250.00, 95, 1395, 1215, 78, P0
2026/07/31 18:17:44.176, 239.44, 250.00, 94, 1410, 1215, 78, P0
2026/07/31 18:17:44.377, 247.14, 250.00, 95, 1395, 1215, 78, P0
2026/07/31 18:17:44.578, 241.58, 250.00, 95, 1410, 1215, 78, P0
2026/07/31 18:17:44.780, 235.84, 250.00, 95, 1410, 1215, 78, P0
2026/07/31 18:17:44.980, 241.78, 250.00, 94, 1410, 1215, 78, P0
2026/07/31 18:17:45.181, 257.80, 250.00, 94, 1410, 1215, 78, P0
2026/07/31 18:17:45.381, 241.04, 250.00, 94, 1410, 1215, 78, P0
2026/07/31 18:17:45.582, 251.32, 250.00, 93, 1410, 1215, 78, P0
2026/07/31 18:17:45.782, 233.81, 250.00, 96, 1410, 1215, 78, P0
2026/07/31 18:17:45.983, 254.71, 250.00, 95, 1410, 1215, 78, P0
2026/07/31 18:17:46.183, 242.06, 250.00, 96, 1410, 1215, 78, P0
2026/07/31 18:17:46.383, 246.32, 250.00, 94, 1410, 1215, 78, P0
2026/07/31 18:17:46.584, 235.90, 250.00, 96, 1410, 1215, 78, P0
2026/07/31 18:17:46.784, 258.93, 250.00, 95, 1410, 1215, 78, P0
2026/07/31 18:17:46.985, 237.29, 250.00, 96, 1410, 1215, 78, P0
2026/07/31 18:17:47.185, 258.21, 250.00, 95, 1410, 1215, 79, P0
2026/07/31 18:17:47.386, 242.65, 250.00, 95, 1410, 1215, 79, P0
2026/07/31 18:17:47.586, 261.22, 250.00, 95, 1410, 1215, 79, P0
2026/07/31 18:17:47.787, 242.57, 250.00, 96, 1410, 1215, 79, P0
2026/07/31 18:17:47.987, 258.74, 250.00, 94, 1410, 1215, 79, P0
2026/07/31 18:17:48.188, 234.99, 250.00, 95, 1410, 1215, 79, P0
2026/07/31 18:17:48.388, 253.39, 250.00, 94, 1410, 1215, 79, P0
2026/07/31 18:17:48.589, 242.37, 250.00, 95, 1410, 1215, 79, P0
2026/07/31 18:17:48.790, 242.35, 250.00, 94, 1410, 1215, 79, P0
2026/07/31 18:17:48.990, 242.18, 250.00, 95, 1410, 1215, 79, P0
2026/07/31 18:17:49.190, 254.74, 250.00, 95, 1410, 1215, 79, P0
2026/07/31 18:17:49.391, 243.11, 250.00, 95, 1410, 1215, 79, P0
2026/07/31 18:17:49.591, 245.57, 250.00, 95, 1410, 1215, 79, P0
2026/07/31 18:17:49.792, 236.27, 250.00, 96, 1410, 1215, 79, P0
2026/07/31 18:17:49.992, 256.83, 250.00, 95, 1410, 1215, 79, P0
2026/07/31 18:17:50.193, 236.39, 250.00, 96, 1410, 1215, 79, P0
2026/07/31 18:17:50.394, 256.82, 250.00, 94, 1410, 1215, 79, P0
2026/07/31 18:17:50.594, 236.80, 250.00, 95, 1410, 1215, 79, P0
2026/07/31 18:17:50.795, 259.04, 250.00, 95, 1410, 1215, 79, P0
2026/07/31 18:17:50.995, 243.23, 250.00, 95, 1410, 1215, 79, P0
2026/07/31 18:17:51.196, 254.52, 250.00, 94, 1410, 1215, 79, P0
2026/07/31 18:17:51.396, 241.56, 250.00, 95, 1410, 1215, 79, P0
2026/07/31 18:17:51.597, 249.89, 250.00, 94, 1410, 1215, 79, P0
2026/07/31 18:17:51.797, 243.41, 250.00, 95, 1410, 1215, 79, P0
2026/07/31 18:17:51.998, 237.74, 250.00, 95, 1410, 1215, 79, P0
2026/07/31 18:17:52.198, 243.90, 250.00, 95, 1410, 1215, 79, P0
2026/07/31 18:17:52.399, 242.65, 250.00, 95, 1410, 1215, 79, P0
2026/07/31 18:17:52.599, 236.28, 250.00, 95, 1410, 1215, 79, P0
2026/07/31 18:17:52.800, 238.42, 250.00, 94, 1410, 1215, 79, P0
2026/07/31 18:17:53.000, 243.22, 250.00, 96, 1410, 1215, 79, P0
2026/07/31 18:17:53.201, 250.85, 250.00, 95, 1410, 1215, 79, P0
2026/07/31 18:17:53.401, 242.59, 250.00, 96, 1410, 1215, 79, P0
2026/07/31 18:17:53.602, 239.93, 250.00, 95, 1410, 1215, 79, P0
2026/07/31 18:17:53.802, 241.74, 250.00, 96, 1410, 1215, 79, P0
2026/07/31 18:17:54.003, 256.82, 250.00, 94, 1410, 1215, 79, P0
2026/07/31 18:17:54.203, 234.43, 250.00, 95, 1395, 1215, 79, P0
2026/07/31 18:17:54.404, 250.43, 250.00, 94, 1410, 1215, 79, P0
2026/07/31 18:17:54.604, 76.97, 250.00, 95, 1410, 1215, 76, P0
2026/07/31 18:17:54.805, 74.45, 250.00, 6, 1410, 1215, 74, P0
2026/07/31 18:17:55.005, 73.42, 250.00, 0, 1410, 1215, 73, P0
2026/07/31 18:17:55.205, 72.10, 250.00, 0, 1410, 1215, 73, P0
2026/07/31 18:17:55.406, 71.60, 250.00, 0, 1410, 1215, 72, P0
2026/07/31 18:17:55.606, 71.22, 250.00, 0, 1410, 1215, 72, P0
2026/07/31 18:17:55.806, 71.12, 250.00, 0, 1410, 1215, 72, P0
2026/07/31 18:17:56.007, 70.52, 250.00, 0, 1410, 1215, 71, P0
2026/07/31 18:17:56.207, 70.42, 250.00, 0, 1410, 1215, 71, P0
2026/07/31 18:17:56.408, 50.68, 250.00, 0, 1140, 1215, 70, P0
2026/07/31 18:17:56.608, 49.81, 250.00, 0, 1140, 1215, 70, P0
2026/07/31 18:17:56.808, 49.71, 250.00, 0, 1140, 1215, 69, P0
2026/07/31 18:17:57.009, 49.52, 250.00, 0, 1140, 1215, 69, P0
2026/07/31 18:17:57.209, 49.42, 250.00, 0, 1140, 1215, 69, P0
2026/07/31 18:17:57.410, 49.29, 250.00, 0, 1140, 1215, 69, P0
2026/07/31 18:17:57.610, 49.12, 250.00, 0, 1140, 1215, 69, P0
2026/07/31 18:17:57.810, 49.12, 250.00, 0, 1140, 1215, 68, P0
2026/07/31 18:17:58.011, 48.78, 250.00, 0, 1140, 1215, 68, P0
2026/07/31 18:17:58.211, 48.81, 250.00, 0, 1140, 1215, 68, P0
2026/07/31 18:17:58.411, 48.62, 250.00, 0, 1140, 1215, 68, P0
2026/07/31 18:17:58.612, 49.31, 250.00, 0, 1140, 1215, 68, P0
2026/07/31 18:17:58.812, 49.12, 250.00, 0, 1140, 1215, 68, P0
2026/07/31 18:17:59.013, 49.49, 250.00, 0, 1140, 1215, 68, P0
2026/07/31 18:17:59.213, 49.21, 250.00, 0, 1140, 1215, 67, P0
2026/07/31 18:17:59.413, 49.21, 250.00, 0, 1140, 1215, 67, P0
2026/07/31 18:17:59.614, 49.00, 250.00, 0, 1140, 1215, 67, P0
2026/07/31 18:17:59.814, 49.00, 250.00, 0, 1140, 1215, 67, P0
2026/07/31 18:18:00.015, 48.88, 250.00, 0, 1140, 1215, 67, P0
2026/07/31 18:18:00.215, 48.81, 250.00, 0, 1140, 1215, 67, P0
2026/07/31 18:18:00.415, 48.75, 250.00, 0, 1140, 1215, 67, P0
2026/07/31 18:18:00.616, 48.62, 250.00, 0, 1140, 1215, 67, P0
2026/07/31 18:18:00.816, 48.53, 250.00, 0, 1140, 1215, 67, P0
2026/07/31 18:18:01.017, 48.42, 250.00, 0, 1140, 1215, 66, P0
2026/07/31 18:18:01.217, 48.71, 250.00, 0, 1140, 1215, 66, P0
2026/07/31 18:18:01.417, 48.34, 250.00, 0, 1140, 1215, 66, P0
2026/07/31 18:18:01.618, 48.23, 250.00, 0, 1140, 1215, 66, P0
2026/07/31 18:18:01.818, 48.24, 250.00, 0, 1140, 1215, 66, P0
2026/07/31 18:18:02.018, 48.14, 250.00, 0, 1140, 1215, 66, P0
2026/07/31 18:18:02.219, 48.14, 250.00, 0, 1140, 1215, 66, P0
2026/07/31 18:18:02.419, 47.92, 250.00, 0, 1140, 1215, 66, P0
2026/07/31 18:18:02.620, 47.95, 250.00, 0, 1140, 1215, 66, P0
2026/07/31 18:18:02.820, 47.92, 250.00, 0, 1140, 1215, 66, P0
2026/07/31 18:18:03.020, 47.73, 250.00, 0, 1140, 1215, 66, P0
2026/07/31 18:18:03.221, 47.73, 250.00, 0, 1140, 1215, 65, P0
2026/07/31 18:18:03.421, 47.68, 250.00, 0, 1140, 1215, 65, P0
2026/07/31 18:18:03.622, 47.63, 250.00, 0, 1140, 1215, 65, P0
2026/07/31 18:18:03.822, 47.56, 250.00, 0, 1140, 1215, 65, P0
2026/07/31 18:18:04.022, 47.55, 250.00, 0, 1140, 1215, 65, P0
2026/07/31 18:18:04.223, 47.45, 250.00, 0, 1140, 1215, 65, P0
2026/07/31 18:18:04.423, 47.35, 250.00, 0, 1140, 1215, 65, P0
2026/07/31 18:18:04.623, 47.35, 250.00, 0, 1140, 1215, 65, P0
2026/07/31 18:18:04.823, 47.34, 250.00, 0, 1140, 1215, 65, P0
2026/07/31 18:18:05.024, 47.34, 250.00, 0, 1140, 1215, 65, P0
2026/07/31 18:18:05.224, 47.16, 250.00, 0, 1140, 1215, 65, P0
2026/07/31 18:18:05.425, 47.17, 250.00, 0, 1140, 1215, 64, P0
2026/07/31 18:18:05.625, 47.17, 250.00, 0, 1140, 1215, 64, P0
2026/07/31 18:18:05.825, 47.02, 250.00, 0, 1140, 1215, 64, P0
2026/07/31 18:18:06.026, 46.85, 250.00, 0, 1140, 1215, 64, P0
2026/07/31 18:18:06.226, 46.97, 250.00, 0, 1140, 1215, 64, P0
2026/07/31 18:18:06.427, 46.92, 250.00, 0, 1140, 1215, 64, P0
2026/07/31 18:18:06.627, 46.88, 250.00, 0, 1140, 1215, 64, P0
2026/07/31 18:18:06.827, 46.82, 250.00, 0, 1140, 1215, 64, P0
2026/07/31 18:18:07.028, 46.78, 250.00, 0, 1140, 1215, 64, P0
2026/07/31 18:18:07.228, 46.76, 250.00, 0, 1140, 1215, 64, P0
2026/07/31 18:18:07.428, 46.67, 250.00, 0, 1140, 1215, 64, P0
2026/07/31 18:18:07.629, 46.67, 250.00, 0, 1140, 1215, 64, P0
2026/07/31 18:18:07.829, 46.54, 250.00, 0, 1140, 1215, 64, P0
2026/07/31 18:18:08.030, 46.47, 250.00, 0, 1140, 1215, 64, P0
2026/07/31 18:18:08.230, 46.56, 250.00, 0, 1140, 1215, 63, P0
2026/07/31 18:18:08.430, 46.45, 250.00, 0, 1140, 1215, 63, P0
2026/07/31 18:18:08.631, 46.37, 250.00, 0, 1140, 1215, 63, P0
2026/07/31 18:18:08.831, 46.34, 250.00, 0, 1140, 1215, 63, P0
2026/07/31 18:18:09.031, 46.25, 250.00, 0, 1140, 1215, 63, P0
2026/07/31 18:18:09.232, 46.17, 250.00, 0, 1140, 1215, 63, P0
2026/07/31 18:18:09.432, 46.23, 250.00, 0, 1140, 1215, 63, P0
2026/07/31 18:18:09.633, 46.06, 250.00, 0, 1140, 1215, 63, P0
2026/07/31 18:18:09.833, 45.88, 250.00, 0, 1140, 1215, 63, P0
2026/07/31 18:18:10.033, 45.98, 250.00, 0, 1140, 1215, 63, P0
2026/07/31 18:18:10.234, 45.98, 250.00, 0, 1140, 1215, 63, P0
2026/07/31 18:18:10.435, 45.89, 250.00, 0, 1140, 1215, 63, P0
2026/07/31 18:18:10.635, 45.69, 250.00, 0, 1140, 1215, 63, P0
2026/07/31 18:18:10.835, 45.86, 250.00, 0, 1140, 1215, 62, P0
2026/07/31 18:18:11.036, 45.79, 250.00, 0, 1140, 1215, 62, P0
2026/07/31 18:18:11.236, 45.78, 250.00, 0, 1140, 1215, 62, P0
2026/07/31 18:18:11.436, 45.79, 250.00, 0, 1140, 1215, 62, P0
2026/07/31 18:18:11.637, 45.59, 250.00, 0, 1140, 1215, 62, P0
2026/07/31 18:18:11.837, 45.56, 250.00, 0, 1140, 1215, 62, P0
2026/07/31 18:18:12.037, 45.66, 250.00, 0, 1140, 1215, 62, P0
2026/07/31 18:18:12.238, 45.48, 250.00, 0, 1140, 1215, 62, P0
2026/07/31 18:18:12.438, 45.53, 250.00, 0, 1140, 1215, 62, P0
2026/07/31 18:18:12.639, 45.50, 250.00, 0, 1140, 1215, 62, P0
2026/07/31 18:18:12.839, 45.40, 250.00, 0, 1140, 1215, 62, P0
2026/07/31 18:18:13.039, 45.49, 250.00, 0, 1140, 1215, 62, P0
2026/07/31 18:18:13.240, 45.38, 250.00, 0, 1140, 1215, 62, P0
2026/07/31 18:18:13.440, 45.30, 250.00, 0, 1140, 1215, 62, P0
2026/07/31 18:18:13.640, 45.30, 250.00, 0, 1140, 1215, 62, P0
2026/07/31 18:18:13.841, 45.20, 250.00, 0, 1140, 1215, 61, P0
2026/07/31 18:18:14.041, 45.30, 250.00, 0, 1140, 1215, 61, P0
2026/07/31 18:18:14.242, 45.20, 250.00, 0, 1140, 1215, 61, P0
2026/07/31 18:18:14.442, 45.19, 250.00, 0, 1140, 1215, 61, P0
2026/07/31 18:18:14.642, 45.09, 250.00, 0, 1140, 1215, 61, P0
2026/07/31 18:18:14.843, 45.17, 250.00, 0, 1140, 1215, 61, P0
2026/07/31 18:18:15.043, 45.14, 250.00, 0, 1140, 1215, 61, P0
2026/07/31 18:18:15.244, 45.09, 250.00, 0, 1140, 1215, 61, P0
2026/07/31 18:18:15.444, 45.04, 250.00, 0, 1140, 1215, 61, P0
2026/07/31 18:18:15.644, 44.97, 250.00, 0, 1140, 1215, 61, P0
2026/07/31 18:18:15.845, 44.88, 250.00, 0, 1140, 1215, 61, P0
2026/07/31 18:18:16.045, 44.87, 250.00, 0, 1140, 1215, 61, P0
2026/07/31 18:18:16.245, 44.80, 250.00, 0, 1140, 1215, 61, P0
2026/07/31 18:18:16.446, 44.80, 250.00, 0, 1140, 1215, 61, P0
2026/07/31 18:18:16.646, 44.80, 250.00, 0, 1140, 1215, 61, P0
2026/07/31 18:18:16.847, 44.71, 250.00, 0, 1140, 1215, 61, P0
2026/07/31 18:18:17.047, 44.79, 250.00, 0, 1140, 1215, 60, P0
2026/07/31 18:18:17.247, 44.80, 250.00, 0, 1140, 1215, 60, P0
2026/07/31 18:18:17.448, 44.70, 250.00, 0, 1140, 1215, 60, P0
2026/07/31 18:18:17.648, 44.61, 250.00, 0, 1140, 1215, 60, P0
2026/07/31 18:18:17.849, 44.90, 250.00, 0, 1140, 1215, 60, P0
2026/07/31 18:18:18.049, 44.77, 250.00, 0, 1140, 1215, 60, P0
2026/07/31 18:18:18.249, 44.76, 250.00, 9, 1140, 1215, 60, P0
2026/07/31 18:18:18.450, 44.80, 250.00, 1, 1140, 1215, 60, P0
2026/07/31 18:18:18.650, 44.71, 250.00, 1, 1140, 1215, 60, P0
2026/07/31 18:18:18.851, 44.72, 250.00, 0, 1140, 1215, 60, P0
2026/07/31 18:18:19.051, 44.60, 250.00, 0, 1140, 1215, 60, P0
2026/07/31 18:18:19.251, 44.58, 250.00, 0, 1140, 1215, 60, P0
2026/07/31 18:18:19.452, 191.29, 250.00, 0, 1140, 1215, 65, P0
2026/07/31 18:18:19.652, 256.21, 250.00, 91, 1290, 1215, 69, P0
2026/07/31 18:18:19.859, 268.87, 250.00, 100, 1290, 1215, 70, P0
2026/07/31 18:18:20.059, 258.08, 250.00, 96, 1275, 1215, 71, P0
2026/07/31 18:18:20.259, 248.55, 250.00, 100, 1335, 1215, 71, P0
2026/07/31 18:18:20.460, 248.72, 250.00, 95, 1275, 1215, 72, P0
2026/07/31 18:18:20.660, 244.98, 250.00, 100, 1275, 1215, 72, P0
2026/07/31 18:18:20.861, 249.75, 250.00, 98, 1275, 1215, 72, P0
2026/07/31 18:18:21.061, 243.15, 250.00, 97, 1275, 1215, 73, P0
2026/07/31 18:18:21.267, 228.65, 250.00, 100, 1395, 1215, 71, P0
2026/07/31 18:18:21.467, 226.50, 250.00, 96, 1410, 1215, 69, P0
2026/07/31 18:18:21.670, 234.53, 250.00, 94, 1410, 1215, 69, P0
2026/07/31 18:18:21.870, 226.66, 250.00, 94, 1410, 1215, 69, P0
2026/07/31 18:18:22.071, 233.76, 250.00, 95, 1410, 1215, 69, P0
2026/07/31 18:18:22.271, 227.82, 250.00, 94, 1410, 1215, 69, P0
2026/07/31 18:18:22.472, 230.49, 250.00, 95, 1410, 1215, 69, P0
2026/07/31 18:18:22.673, 227.51, 250.00, 94, 1410, 1215, 69, P0
2026/07/31 18:18:22.873, 227.26, 250.00, 95, 1410, 1215, 69, P0
2026/07/31 18:18:23.074, 226.59, 250.00, 95, 1410, 1215, 69, P0
2026/07/31 18:18:23.274, 228.03, 250.00, 95, 1410, 1215, 69, P0
2026/07/31 18:18:23.475, 226.18, 250.00, 94, 1410, 1215, 69, P0
2026/07/31 18:18:23.675, 228.01, 250.00, 95, 1410, 1215, 69, P0
2026/07/31 18:18:23.876, 225.52, 250.00, 95, 1410, 1215, 70, P0
2026/07/31 18:18:24.077, 228.34, 250.00, 95, 1410, 1215, 70, P0
2026/07/31 18:18:24.281, 237.31, 250.00, 94, 1410, 1215, 70, P0
2026/07/31 18:18:24.482, 226.82, 250.00, 95, 1410, 1215, 70, P0
2026/07/31 18:18:24.684, 232.10, 250.00, 93, 1410, 1215, 70, P0
2026/07/31 18:18:24.884, 228.55, 250.00, 95, 1410, 1215, 70, P0
2026/07/31 18:18:25.085, 228.68, 250.00, 94, 1410, 1215, 70, P0
2026/07/31 18:18:25.285, 228.18, 250.00, 95, 1410, 1215, 70, P0
2026/07/31 18:18:25.486, 228.53, 250.00, 95, 1410, 1215, 70, P0
2026/07/31 18:18:25.686, 227.89, 250.00, 94, 1410, 1215, 70, P0
2026/07/31 18:18:25.887, 228.49, 250.00, 95, 1410, 1215, 70, P0
2026/07/31 18:18:26.087, 244.21, 250.00, 94, 1410, 1215, 70, P0
2026/07/31 18:18:26.288, 229.26, 250.00, 95, 1410, 1215, 70, P0
2026/07/31 18:18:26.488, 234.13, 250.00, 94, 1410, 1215, 70, P0
2026/07/31 18:18:26.689, 229.45, 250.00, 95, 1410, 1215, 70, P0
2026/07/31 18:18:26.889, 239.78, 250.00, 94, 1410, 1215, 70, P0
2026/07/31 18:18:27.090, 227.74, 250.00, 95, 1410, 1215, 71, P0
2026/07/31 18:18:27.290, 230.76, 250.00, 93, 1410, 1215, 71, P0
2026/07/31 18:18:27.491, 224.49, 250.00, 95, 1410, 1215, 71, P0
2026/07/31 18:18:27.691, 229.57, 250.00, 93, 1410, 1215, 71, P0
2026/07/31 18:18:27.892, 227.57, 250.00, 94, 1410, 1215, 71, P0
2026/07/31 18:18:28.092, 229.57, 250.00, 95, 1410, 1215, 71, P0
2026/07/31 18:18:28.293, 244.74, 250.00, 94, 1410, 1215, 71, P0
2026/07/31 18:18:28.493, 230.02, 250.00, 95, 1410, 1215, 71, P0
2026/07/31 18:18:28.694, 244.85, 250.00, 94, 1410, 1215, 71, P0
2026/07/31 18:18:28.894, 230.51, 250.00, 95, 1410, 1215, 71, P0
2026/07/31 18:18:29.095, 237.18, 250.00, 95, 1410, 1215, 71, P0
2026/07/31 18:18:29.295, 229.70, 250.00, 95, 1410, 1215, 71, P0
2026/07/31 18:18:29.496, 242.28, 250.00, 94, 1410, 1215, 71, P0
2026/07/31 18:18:29.696, 228.98, 250.00, 95, 1410, 1215, 71, P0
2026/07/31 18:18:29.897, 235.62, 250.00, 94, 1410, 1215, 71, P0
2026/07/31 18:18:30.097, 227.99, 250.00, 95, 1410, 1215, 71, P0
2026/07/31 18:18:30.298, 230.65, 250.00, 94, 1410, 1215, 71, P0
2026/07/31 18:18:30.499, 225.71, 250.00, 95, 1410, 1215, 71, P0
2026/07/31 18:18:30.699, 230.65, 250.00, 94, 1410, 1215, 71, P0
2026/07/31 18:18:30.900, 229.77, 250.00, 95, 1410, 1215, 71, P0
2026/07/31 18:18:31.100, 230.19, 250.00, 95, 1410, 1215, 72, P0
2026/07/31 18:18:31.301, 230.55, 250.00, 95, 1410, 1215, 72, P0
2026/07/31 18:18:31.501, 229.07, 250.00, 95, 1410, 1215, 72, P0
2026/07/31 18:18:31.702, 231.79, 250.00, 94, 1410, 1215, 72, P0
2026/07/31 18:18:31.902, 231.56, 250.00, 95, 1410, 1215, 72, P0
2026/07/31 18:18:32.103, 234.47, 250.00, 95, 1410, 1215, 72, P0
2026/07/31 18:18:32.303, 231.15, 250.00, 95, 1410, 1215, 72, P0
2026/07/31 18:18:32.504, 244.13, 250.00, 95, 1410, 1215, 72, P0
2026/07/31 18:18:32.704, 231.14, 250.00, 95, 1410, 1215, 72, P0
2026/07/31 18:18:32.905, 235.82, 250.00, 94, 1410, 1215, 72, P0
2026/07/31 18:18:33.105, 230.09, 250.00, 95, 1410, 1215, 72, P0
2026/07/31 18:18:33.306, 239.26, 250.00, 94, 1410, 1215, 72, P0
2026/07/31 18:18:33.506, 230.15, 250.00, 95, 1410, 1215, 72, P0
2026/07/31 18:18:33.707, 233.93, 250.00, 94, 1410, 1215, 72, P0
2026/07/31 18:18:33.907, 230.37, 250.00, 95, 1410, 1215, 72, P0
2026/07/31 18:18:34.108, 231.69, 250.00, 95, 1410, 1215, 72, P0
2026/07/31 18:18:34.309, 232.16, 250.00, 95, 1410, 1215, 72, P0
2026/07/31 18:18:34.509, 242.17, 250.00, 95, 1410, 1215, 72, P0
2026/07/31 18:18:34.710, 230.88, 250.00, 95, 1410, 1215, 72, P0
2026/07/31 18:18:34.910, 241.18, 250.00, 95, 1410, 1215, 72, P0
2026/07/31 18:18:35.111, 232.08, 250.00, 95, 1410, 1215, 72, P0
2026/07/31 18:18:35.311, 236.21, 250.00, 95, 1410, 1215, 72, P0
2026/07/31 18:18:35.512, 230.86, 250.00, 94, 1410, 1215, 72, P0
2026/07/31 18:18:35.712, 242.42, 250.00, 95, 1410, 1215, 72, P0
2026/07/31 18:18:35.913, 230.65, 250.00, 95, 1410, 1215, 73, P0
2026/07/31 18:18:36.113, 239.53, 250.00, 95, 1410, 1215, 73, P0
2026/07/31 18:18:36.314, 230.85, 250.00, 94, 1410, 1215, 73, P0
2026/07/31 18:18:36.514, 230.40, 250.00, 95, 1410, 1215, 73, P0
2026/07/31 18:18:36.715, 229.52, 250.00, 93, 1410, 1215, 73, P0
2026/07/31 18:18:36.915, 232.28, 250.00, 95, 1410, 1215, 73, P0
2026/07/31 18:18:37.116, 233.42, 250.00, 95, 1410, 1215, 73, P0
2026/07/31 18:18:37.316, 231.84, 250.00, 95, 1410, 1215, 73, P0
2026/07/31 18:18:37.517, 237.39, 250.00, 95, 1410, 1215, 73, P0
2026/07/31 18:18:37.717, 231.93, 250.00, 95, 1410, 1215, 73, P0
2026/07/31 18:18:37.918, 245.85, 250.00, 94, 1410, 1215, 73, P0
2026/07/31 18:18:38.118, 232.40, 250.00, 95, 1410, 1215, 73, P0
2026/07/31 18:18:38.319, 243.73, 250.00, 95, 1410, 1215, 73, P0
2026/07/31 18:18:38.520, 232.10, 250.00, 95, 1410, 1215, 73, P0
2026/07/31 18:18:38.720, 239.03, 250.00, 95, 1410, 1215, 73, P0
2026/07/31 18:18:38.921, 231.45, 250.00, 95, 1410, 1215, 73, P0
2026/07/31 18:18:39.121, 242.97, 250.00, 95, 1410, 1215, 73, P0
2026/07/31 18:18:39.322, 232.70, 250.00, 95, 1410, 1215, 73, P0
2026/07/31 18:18:39.522, 240.13, 250.00, 95, 1410, 1215, 73, P0
2026/07/31 18:18:39.723, 232.23, 250.00, 94, 1410, 1215, 73, P0
2026/07/31 18:18:39.923, 232.87, 250.00, 95, 1410, 1215, 73, P0
2026/07/31 18:18:40.124, 231.83, 250.00, 94, 1410, 1215, 73, P0
2026/07/31 18:18:40.324, 232.89, 250.00, 95, 1410, 1215, 73, P0
2026/07/31 18:18:40.525, 231.26, 250.00, 95, 1410, 1215, 73, P0
2026/07/31 18:18:40.726, 232.79, 250.00, 96, 1410, 1215, 73, P0
2026/07/31 18:18:40.926, 231.91, 250.00, 95, 1410, 1215, 73, P0
2026/07/31 18:18:41.127, 233.55, 250.00, 95, 1410, 1215, 74, P0
2026/07/31 18:18:41.327, 232.71, 250.00, 94, 1410, 1215, 74, P0
2026/07/31 18:18:41.528, 233.05, 250.00, 95, 1410, 1215, 74, P0
2026/07/31 18:18:41.728, 242.91, 250.00, 95, 1410, 1215, 74, P0
2026/07/31 18:18:41.929, 232.71, 250.00, 96, 1410, 1215, 74, P0
2026/07/31 18:18:42.129, 249.22, 250.00, 94, 1410, 1215, 74, P0
2026/07/31 18:18:42.330, 233.64, 250.00, 95, 1410, 1215, 74, P0
2026/07/31 18:18:42.530, 249.01, 250.00, 95, 1410, 1215, 74, P0
2026/07/31 18:18:42.731, 233.82, 250.00, 95, 1410, 1215, 74, P0
2026/07/31 18:18:42.931, 241.64, 250.00, 95, 1410, 1215, 74, P0
2026/07/31 18:18:43.132, 232.14, 250.00, 95, 1410, 1215, 74, P0
2026/07/31 18:18:43.332, 239.72, 250.00, 95, 1410, 1215, 74, P0
2026/07/31 18:18:43.533, 233.35, 250.00, 95, 1410, 1215, 74, P0
2026/07/31 18:18:43.733, 246.88, 250.00, 95, 1410, 1215, 74, P0
2026/07/31 18:18:43.934, 232.29, 250.00, 94, 1410, 1215, 74, P0
2026/07/31 18:18:44.134, 241.12, 250.00, 95, 1410, 1215, 74, P0
2026/07/31 18:18:44.335, 233.44, 250.00, 95, 1410, 1215, 74, P0
2026/07/31 18:18:44.535, 234.81, 250.00, 95, 1410, 1215, 74, P0
2026/07/31 18:18:44.736, 233.75, 250.00, 95, 1410, 1215, 74, P0
2026/07/31 18:18:44.936, 233.66, 250.00, 95, 1410, 1215, 74, P0
2026/07/31 18:18:45.137, 228.23, 250.00, 93, 1410, 1215, 74, P0
2026/07/31 18:18:45.338, 233.94, 250.00, 95, 1410, 1215, 74, P0
2026/07/31 18:18:45.538, 252.16, 250.00, 94, 1410, 1215, 74, P0
2026/07/31 18:18:45.739, 234.68, 250.00, 95, 1410, 1215, 74, P0
2026/07/31 18:18:45.939, 250.73, 250.00, 95, 1410, 1215, 74, P0
2026/07/31 18:18:46.140, 232.68, 250.00, 95, 1410, 1215, 74, P0
2026/07/31 18:18:46.340, 242.36, 250.00, 95, 1410, 1215, 74, P0
2026/07/31 18:18:46.541, 235.16, 250.00, 95, 1410, 1215, 74, P0
2026/07/31 18:18:46.741, 244.10, 250.00, 95, 1410, 1215, 74, P0
2026/07/31 18:18:46.942, 233.49, 250.00, 95, 1410, 1215, 74, P0
2026/07/31 18:18:47.142, 243.59, 250.00, 95, 1410, 1215, 75, P0
2026/07/31 18:18:47.343, 232.40, 250.00, 95, 1410, 1215, 75, P0
2026/07/31 18:18:47.543, 240.80, 250.00, 95, 1410, 1215, 75, P0
2026/07/31 18:18:47.744, 234.33, 250.00, 94, 1410, 1215, 75, P0
2026/07/31 18:18:47.945, 234.26, 250.00, 96, 1410, 1215, 75, P0
2026/07/31 18:18:48.145, 231.55, 250.00, 94, 1410, 1215, 75, P0
2026/07/31 18:18:48.346, 233.69, 250.00, 95, 1410, 1215, 75, P0
2026/07/31 18:18:48.546, 203.02, 250.00, 87, 1410, 1215, 74, P0
2026/07/31 18:18:48.747, 179.11, 250.00, 74, 1410, 1215, 73, P0
2026/07/31 18:18:48.947, 233.92, 250.00, 82, 1410, 1215, 74, P0
2026/07/31 18:18:49.148, 248.43, 250.00, 94, 1410, 1215, 74, P0
2026/07/31 18:18:49.348, 234.51, 250.00, 95, 1410, 1215, 75, P0
2026/07/31 18:18:49.549, 244.01, 250.00, 95, 1410, 1215, 75, P0
2026/07/31 18:18:49.749, 235.20, 250.00, 95, 1410, 1215, 75, P0
2026/07/31 18:18:49.950, 244.08, 250.00, 95, 1410, 1215, 75, P0
2026/07/31 18:18:50.150, 233.38, 250.00, 95, 1410, 1215, 75, P0
2026/07/31 18:18:50.351, 241.21, 250.00, 95, 1410, 1215, 75, P0
2026/07/31 18:18:50.551, 233.74, 250.00, 95, 1410, 1215, 75, P0
2026/07/31 18:18:50.752, 240.32, 250.00, 96, 1410, 1215, 75, P0
2026/07/31 18:18:50.952, 234.48, 250.00, 95, 1410, 1215, 75, P0
2026/07/31 18:18:51.153, 235.35, 250.00, 95, 1410, 1215, 75, P0
2026/07/31 18:18:51.353, 233.88, 250.00, 94, 1410, 1215, 75, P0
2026/07/31 18:18:51.554, 234.85, 250.00, 95, 1410, 1215, 75, P0
2026/07/31 18:18:51.754, 252.76, 250.00, 94, 1410, 1215, 75, P0
2026/07/31 18:18:51.955, 235.76, 250.00, 95, 1410, 1215, 75, P0
2026/07/31 18:18:52.155, 246.91, 250.00, 95, 1410, 1215, 75, P0
2026/07/31 18:18:52.356, 233.47, 250.00, 94, 1410, 1215, 75, P0
2026/07/31 18:18:52.556, 234.98, 250.00, 95, 1410, 1215, 75, P0
2026/07/31 18:18:52.757, 235.66, 250.00, 95, 1410, 1215, 75, P0
2026/07/31 18:18:52.957, 235.81, 250.00, 96, 1410, 1215, 75, P0
2026/07/31 18:18:53.158, 235.68, 250.00, 95, 1410, 1215, 75, P0
2026/07/31 18:18:53.358, 235.76, 250.00, 95, 1410, 1215, 75, P0
2026/07/31 18:18:53.559, 235.85, 250.00, 94, 1410, 1215, 75, P0
2026/07/31 18:18:53.759, 251.23, 250.00, 95, 1410, 1215, 75, P0
2026/07/31 18:18:53.960, 235.76, 250.00, 95, 1410, 1215, 76, P0
2026/07/31 18:18:54.160, 243.73, 250.00, 95, 1410, 1215, 76, P0
2026/07/31 18:18:54.361, 233.80, 250.00, 94, 1410, 1215, 76, P0
2026/07/31 18:18:54.561, 243.67, 250.00, 94, 1410, 1215, 76, P0
2026/07/31 18:18:54.762, 233.96, 250.00, 95, 1410, 1215, 76, P0
2026/07/31 18:18:54.962, 236.16, 250.00, 95, 1410, 1215, 76, P0
2026/07/31 18:18:55.163, 234.84, 250.00, 94, 1410, 1215, 76, P0
2026/07/31 18:18:55.363, 235.09, 250.00, 95, 1410, 1215, 76, P0
2026/07/31 18:18:55.564, 240.39, 250.00, 94, 1410, 1215, 76, P0
2026/07/31 18:18:55.764, 235.81, 250.00, 95, 1410, 1215, 76, P0
2026/07/31 18:18:55.965, 247.47, 250.00, 95, 1410, 1215, 76, P0
2026/07/31 18:18:56.165, 236.25, 250.00, 95, 1410, 1215, 76, P0
2026/07/31 18:18:56.366, 245.67, 250.00, 94, 1410, 1215, 76, P0
2026/07/31 18:18:56.566, 235.31, 250.00, 95, 1410, 1215, 76, P0
2026/07/31 18:18:56.767, 238.98, 250.00, 95, 1410, 1215, 76, P0
2026/07/31 18:18:56.967, 236.72, 250.00, 95, 1410, 1215, 76, P0
2026/07/31 18:18:57.168, 235.34, 250.00, 95, 1410, 1215, 76, P0
2026/07/31 18:18:57.368, 253.52, 250.00, 94, 1410, 1215, 76, P0
2026/07/31 18:18:57.569, 236.82, 250.00, 94, 1410, 1215, 76, P0
2026/07/31 18:18:57.769, 241.15, 250.00, 94, 1410, 1215, 76, P0
2026/07/31 18:18:57.970, 235.23, 250.00, 95, 1410, 1215, 76, P0
2026/07/31 18:18:58.170, 243.82, 250.00, 95, 1410, 1215, 76, P0
2026/07/31 18:18:58.371, 233.00, 250.00, 96, 1410, 1215, 76, P0
2026/07/31 18:18:58.571, 237.12, 250.00, 94, 1410, 1215, 76, P0
2026/07/31 18:18:58.772, 237.49, 250.00, 94, 1410, 1215, 76, P0
2026/07/31 18:18:58.972, 237.43, 250.00, 95, 1410, 1215, 76, P0
2026/07/31 18:18:59.173, 250.39, 250.00, 95, 1410, 1215, 76, P0
2026/07/31 18:18:59.373, 236.64, 250.00, 95, 1410, 1215, 76, P0
2026/07/31 18:18:59.574, 241.48, 250.00, 94, 1410, 1215, 76, P0
2026/07/31 18:18:59.774, 236.63, 250.00, 95, 1410, 1215, 76, P0
2026/07/31 18:18:59.975, 243.12, 250.00, 94, 1410, 1215, 76, P0
2026/07/31 18:19:00.175, 230.11, 250.00, 95, 1410, 1215, 76, P0
2026/07/31 18:19:00.376, 235.81, 250.00, 95, 1410, 1215, 76, P0
2026/07/31 18:19:00.576, 252.97, 250.00, 93, 1410, 1215, 76, P0
2026/07/31 18:19:00.777, 236.47, 250.00, 94, 1410, 1215, 76, P0
2026/07/31 18:19:00.977, 242.55, 250.00, 94, 1410, 1215, 76, P0
2026/07/31 18:19:01.178, 237.13, 250.00, 95, 1410, 1215, 77, P0
2026/07/31 18:19:01.378, 244.97, 250.00, 95, 1410, 1215, 76, P0
2026/07/31 18:19:01.579, 234.93, 250.00, 95, 1410, 1215, 76, P0
2026/07/31 18:19:01.779, 238.09, 250.00, 94, 1410, 1215, 77, P0
2026/07/31 18:19:01.980, 233.09, 250.00, 95, 1410, 1215, 77, P0
2026/07/31 18:19:02.180, 237.13, 250.00, 95, 1410, 1215, 77, P0
2026/07/31 18:19:02.381, 248.45, 250.00, 93, 1410, 1215, 77, P0
2026/07/31 18:19:02.582, 235.44, 250.00, 95, 1410, 1215, 77, P0
2026/07/31 18:19:02.782, 251.32, 250.00, 94, 1410, 1215, 77, P0
2026/07/31 18:19:02.984, 237.49, 250.00, 95, 1410, 1215, 77, P0
2026/07/31 18:19:03.187, 234.49, 250.00, 94, 1410, 1215, 77, P0
2026/07/31 18:19:03.389, 245.65, 250.00, 94, 1410, 1215, 77, P0
2026/07/31 18:19:03.590, 235.23, 250.00, 94, 1410, 1215, 77, P0
2026/07/31 18:19:03.791, 238.11, 250.00, 94, 1410, 1215, 77, P0
2026/07/31 18:19:03.992, 236.74, 250.00, 95, 1410, 1215, 77, P0
2026/07/31 18:19:04.192, 236.24, 250.00, 95, 1410, 1215, 77, P0
2026/07/31 18:19:04.393, 254.15, 250.00, 94, 1410, 1215, 77, P0
2026/07/31 18:19:04.593, 237.45, 250.00, 94, 1410, 1215, 77, P0
2026/07/31 18:19:04.794, 243.32, 250.00, 95, 1410, 1215, 77, P0
2026/07/31 18:19:04.994, 238.53, 250.00, 95, 1410, 1215, 77, P0
2026/07/31 18:19:05.194, 245.85, 250.00, 96, 1410, 1215, 77, P0
2026/07/31 18:19:05.395, 237.43, 250.00, 95, 1410, 1215, 77, P0
2026/07/31 18:19:05.595, 237.91, 250.00, 96, 1410, 1215, 77, P0
2026/07/31 18:19:05.796, 237.35, 250.00, 94, 1410, 1215, 77, P0
2026/07/31 18:19:05.996, 285.63, 250.00, 95, 1245, 1215, 80, P0
2026/07/31 18:19:06.197, 254.30, 250.00, 94, 1260, 1215, 80, P0
2026/07/31 18:19:06.397, 227.55, 250.00, 100, 1305, 1215, 80, P0
2026/07/31 18:19:06.598, 253.16, 250.00, 96, 1245, 1215, 81, P0
2026/07/31 18:19:06.798, 243.52, 250.00, 100, 1245, 1215, 81, P0
2026/07/31 18:19:06.999, 251.03, 250.00, 95, 1260, 1215, 81, P0
2026/07/31 18:19:07.199, 253.45, 250.00, 100, 1260, 1215, 81, P0
2026/07/31 18:19:07.399, 265.47, 250.00, 100, 1260, 1215, 81, P0
2026/07/31 18:19:07.600, 248.18, 250.00, 96, 1275, 1215, 81, P0
2026/07/31 18:19:07.800, 237.81, 250.00, 100, 1260, 1215, 81, P0
2026/07/31 18:19:08.001, 234.46, 250.00, 98, 1410, 1215, 79, P0
2026/07/31 18:19:08.201, 241.21, 250.00, 95, 1410, 1215, 78, P0
2026/07/31 18:19:08.402, 239.79, 250.00, 95, 1410, 1215, 78, P0
2026/07/31 18:19:08.602, 237.92, 250.00, 95, 1410, 1215, 78, P0
2026/07/31 18:19:08.802, 242.25, 250.00, 95, 1410, 1215, 78, P0
2026/07/31 18:19:09.003, 240.93, 250.00, 95, 1410, 1215, 78, P0
2026/07/31 18:19:09.203, 255.90, 250.00, 94, 1410, 1215, 78, P0
2026/07/31 18:19:09.404, 241.48, 250.00, 93, 1410, 1215, 78, P0
2026/07/31 18:19:09.604, 252.70, 250.00, 95, 1410, 1215, 78, P0
2026/07/31 18:19:09.805, 241.85, 250.00, 95, 1410, 1215, 78, P0
2026/07/31 18:19:10.005, 254.23, 250.00, 95, 1410, 1215, 78, P0
2026/07/31 18:19:10.206, 240.65, 250.00, 95, 1410, 1215, 78, P0
2026/07/31 18:19:10.406, 240.43, 250.00, 95, 1410, 1215, 78, P0
2026/07/31 18:19:10.607, 241.10, 250.00, 94, 1410, 1215, 78, P0
2026/07/31 18:19:10.807, 240.14, 250.00, 95, 1410, 1215, 78, P0
2026/07/31 18:19:11.008, 241.84, 250.00, 94, 1410, 1215, 78, P0
2026/07/31 18:19:11.208, 241.50, 250.00, 96, 1410, 1215, 78, P0
2026/07/31 18:19:11.408, 242.06, 250.00, 95, 1410, 1215, 78, P0
2026/07/31 18:19:11.609, 241.07, 250.00, 95, 1410, 1215, 78, P0
2026/07/31 18:19:11.809, 241.09, 250.00, 94, 1410, 1215, 78, P0
2026/07/31 18:19:12.010, 241.46, 250.00, 95, 1410, 1215, 78, P0
2026/07/31 18:19:12.210, 240.83, 250.00, 94, 1410, 1215, 78, P0
2026/07/31 18:19:12.411, 245.17, 250.00, 95, 1395, 1215, 78, P0
2026/07/31 18:19:12.611, 244.59, 250.00, 94, 1410, 1215, 78, P0
2026/07/31 18:19:12.812, 244.66, 250.00, 95, 1395, 1215, 78, P0
2026/07/31 18:19:13.012, 240.95, 250.00, 94, 1410, 1215, 78, P0
2026/07/31 18:19:13.213, 260.18, 250.00, 95, 1410, 1215, 78, P0
2026/07/31 18:19:13.413, 241.13, 250.00, 94, 1395, 1215, 78, P0
2026/07/31 18:19:13.614, 260.96, 250.00, 95, 1410, 1215, 78, P0
2026/07/31 18:19:13.814, 241.80, 250.00, 95, 1395, 1215, 78, P0
2026/07/31 18:19:14.015, 257.09, 250.00, 95, 1410, 1215, 78, P0
2026/07/31 18:19:14.215, 241.04, 250.00, 94, 1410, 1215, 78, P0
2026/07/31 18:19:14.416, 254.88, 250.00, 95, 1410, 1215, 78, P0
2026/07/31 18:19:14.616, 241.33, 250.00, 95, 1410, 1215, 78, P0
2026/07/31 18:19:14.817, 254.63, 250.00, 96, 1410, 1215, 78, P0
2026/07/31 18:19:15.017, 241.43, 250.00, 94, 1410, 1215, 78, P0
2026/07/31 18:19:15.218, 249.43, 250.00, 95, 1410, 1215, 78, P0
2026/07/31 18:19:15.418, 241.52, 250.00, 94, 1410, 1215, 78, P0
2026/07/31 18:19:15.619, 255.93, 250.00, 95, 1410, 1215, 78, P0
2026/07/31 18:19:15.819, 238.51, 250.00, 95, 1410, 1215, 78, P0
2026/07/31 18:19:16.020, 248.85, 250.00, 94, 1410, 1215, 78, P0
2026/07/31 18:19:16.220, 241.90, 250.00, 95, 1410, 1215, 79, P0
2026/07/31 18:19:16.421, 241.98, 250.00, 94, 1410, 1215, 78, P0
2026/07/31 18:19:16.621, 241.68, 250.00, 95, 1410, 1215, 79, P0
2026/07/31 18:19:16.822, 242.53, 250.00, 94, 1410, 1215, 79, P0
2026/07/31 18:19:17.022, 242.04, 250.00, 95, 1410, 1215, 79, P0
2026/07/31 18:19:17.223, 238.21, 250.00, 95, 1410, 1215, 79, P0
2026/07/31 18:19:17.423, 242.85, 250.00, 96, 1410, 1215, 79, P0
2026/07/31 18:19:17.624, 238.46, 250.00, 95, 1395, 1215, 79, P0
2026/07/31 18:19:17.824, 242.06, 250.00, 95, 1410, 1215, 79, P0
2026/07/31 18:19:18.025, 242.72, 250.00, 94, 1410, 1215, 79, P0
2026/07/31 18:19:18.225, 240.61, 250.00, 95, 1410, 1215, 79, P0
2026/07/31 18:19:18.426, 243.41, 250.00, 94, 1410, 1215, 79, P0
2026/07/31 18:19:18.626, 259.90, 250.00, 95, 1395, 1215, 79, P0
2026/07/31 18:19:18.827, 242.26, 250.00, 94, 1410, 1215, 79, P0
2026/07/31 18:19:19.027, 253.30, 250.00, 95, 1410, 1215, 79, P0
2026/07/31 18:19:19.228, 242.54, 250.00, 94, 1410, 1215, 79, P0
2026/07/31 18:19:19.428, 249.68, 250.00, 95, 1410, 1215, 79, P0
2026/07/31 18:19:19.629, 243.68, 250.00, 95, 1410, 1215, 79, P0
2026/07/31 18:19:19.829, 248.20, 250.00, 95, 1410, 1215, 79, P0
2026/07/31 18:19:20.030, 240.86, 250.00, 95, 1410, 1215, 79, P0
2026/07/31 18:19:20.230, 253.57, 250.00, 94, 1410, 1215, 79, P0
2026/07/31 18:19:20.431, 241.37, 250.00, 95, 1410, 1215, 79, P0
2026/07/31 18:19:20.631, 252.64, 250.00, 95, 1410, 1215, 79, P0
2026/07/31 18:19:20.832, 242.38, 250.00, 95, 1410, 1215, 79, P0
2026/07/31 18:19:21.033, 250.42, 250.00, 95, 1410, 1215, 79, P0
2026/07/31 18:19:21.233, 243.23, 250.00, 94, 1410, 1215, 79, P0
2026/07/31 18:19:21.434, 236.09, 250.00, 94, 1410, 1215, 79, P0
2026/07/31 18:19:21.634, 242.37, 250.00, 95, 1410, 1215, 79, P0
2026/07/31 18:19:21.835, 239.14, 250.00, 95, 1395, 1215, 79, P0
2026/07/31 18:19:22.035, 240.62, 250.00, 96, 1410, 1215, 79, P0
2026/07/31 18:19:22.236, 238.40, 250.00, 94, 1395, 1215, 79, P0
2026/07/31 18:19:22.436, 244.08, 250.00, 95, 1395, 1215, 79, P0
2026/07/31 18:19:22.637, 244.00, 250.00, 95, 1410, 1215, 79, P0
2026/07/31 18:19:22.837, 243.34, 250.00, 95, 1395, 1215, 79, P0
2026/07/31 18:19:23.038, 246.51, 250.00, 95, 1410, 1215, 79, P0
2026/07/31 18:19:23.238, 242.86, 250.00, 95, 1395, 1215, 79, P0
2026/07/31 18:19:23.439, 243.52, 250.00, 95, 1410, 1215, 79, P0
2026/07/31 18:19:23.639, 244.26, 250.00, 96, 1410, 1215, 79, P0
2026/07/31 18:19:23.840, 243.72, 250.00, 95, 1410, 1215, 79, P0
2026/07/31 18:19:24.040, 252.55, 250.00, 95, 1410, 1215, 79, P0
2026/07/31 18:19:24.241, 241.52, 250.00, 94, 1410, 1215, 79, P0
2026/07/31 18:19:24.441, 253.27, 250.00, 95, 1410, 1215, 79, P0
2026/07/31 18:19:24.642, 243.89, 250.00, 95, 1410, 1215, 79, P0
2026/07/31 18:19:24.842, 248.85, 250.00, 95, 1410, 1215, 79, P0
2026/07/31 18:19:25.043, 242.76, 250.00, 95, 1410, 1215, 79, P0
2026/07/31 18:19:25.243, 260.27, 250.00, 94, 1410, 1215, 79, P0
2026/07/31 18:19:25.444, 234.70, 250.00, 94, 1410, 1215, 79, P0
2026/07/31 18:19:25.644, 250.15, 250.00, 95, 1410, 1215, 79, P0
2026/07/31 18:19:25.845, 238.20, 250.00, 96, 1410, 1215, 79, P0
2026/07/31 18:19:26.045, 248.46, 250.00, 95, 1410, 1215, 80, P0
2026/07/31 18:19:26.246, 233.12, 250.00, 95, 1395, 1215, 79, P0
2026/07/31 18:19:26.446, 244.41, 250.00, 94, 1395, 1215, 79, P0
2026/07/31 18:19:26.647, 244.37, 250.00, 96, 1410, 1215, 80, P0
2026/07/31 18:19:26.847, 260.56, 250.00, 95, 1395, 1215, 80, P0
2026/07/31 18:19:27.048, 247.09, 250.00, 96, 1395, 1215, 80, P0
2026/07/31 18:19:27.248, 256.74, 250.00, 94, 1395, 1215, 79, P0
2026/07/31 18:19:27.449, 241.68, 250.00, 95, 1410, 1215, 80, P0
2026/07/31 18:19:27.649, 249.24, 250.00, 94, 1410, 1215, 80, P0
2026/07/31 18:19:27.850, 240.41, 250.00, 95, 1395, 1215, 80, P0
2026/07/31 18:19:28.050, 250.67, 250.00, 95, 1410, 1215, 80, P0
2026/07/31 18:19:28.251, 238.58, 250.00, 95, 1410, 1215, 80, P0
2026/07/31 18:19:28.452, 239.78, 250.00, 94, 1410, 1215, 80, P0
2026/07/31 18:19:28.652, 236.29, 250.00, 94, 1410, 1215, 80, P0
2026/07/31 18:19:28.853, 239.94, 250.00, 94, 1410, 1215, 80, P0
2026/07/31 18:19:29.053, 243.32, 250.00, 95, 1395, 1215, 80, P0
2026/07/31 18:19:29.254, 239.19, 250.00, 95, 1410, 1215, 80, P0
2026/07/31 18:19:29.454, 251.05, 250.00, 95, 1410, 1215, 80, P0
2026/07/31 18:19:29.655, 244.86, 250.00, 94, 1395, 1215, 80, P0
2026/07/31 18:19:29.855, 249.97, 250.00, 95, 1395, 1215, 80, P0
2026/07/31 18:19:30.056, 244.27, 250.00, 95, 1410, 1215, 80, P0
2026/07/31 18:19:30.256, 256.76, 250.00, 95, 1410, 1215, 80, P0
2026/07/31 18:19:30.457, 242.26, 250.00, 94, 1410, 1215, 80, P0
2026/07/31 18:19:30.657, 243.29, 250.00, 95, 1410, 1215, 80, P0
2026/07/31 18:19:30.858, 237.05, 250.00, 95, 1410, 1215, 80, P0
2026/07/31 18:19:31.058, 238.47, 250.00, 95, 1410, 1215, 80, P0
2026/07/31 18:19:31.259, 239.42, 250.00, 95, 1410, 1215, 80, P0
2026/07/31 18:19:31.460, 240.36, 250.00, 94, 1395, 1215, 80, P0
2026/07/31 18:19:31.660, 247.99, 250.00, 95, 1410, 1215, 80, P0
2026/07/31 18:19:31.861, 241.09, 250.00, 95, 1395, 1215, 80, P0
2026/07/31 18:19:32.061, 261.42, 250.00, 95, 1410, 1215, 80, P0
2026/07/31 18:19:32.262, 238.51, 250.00, 95, 1395, 1215, 80, P0
2026/07/31 18:19:32.462, 255.04, 250.00, 96, 1395, 1215, 80, P0
2026/07/31 18:19:32.663, 245.06, 250.00, 94, 1395, 1215, 80, P0
2026/07/31 18:19:32.863, 253.62, 250.00, 95, 1395, 1215, 80, P0
2026/07/31 18:19:33.064, 244.49, 250.00, 95, 1410, 1215, 80, P0
2026/07/31 18:19:33.264, 256.52, 250.00, 95, 1410, 1215, 80, P0
2026/07/31 18:19:33.465, 242.10, 250.00, 94, 1410, 1215, 80, P0
2026/07/31 18:19:33.665, 245.75, 250.00, 95, 1395, 1215, 80, P0
2026/07/31 18:19:33.866, 243.22, 250.00, 94, 1410, 1215, 80, P0
2026/07/31 18:19:34.066, 246.04, 250.00, 95, 1410, 1215, 80, P0
2026/07/31 18:19:34.267, 245.24, 250.00, 95, 1410, 1215, 80, P0
2026/07/31 18:19:34.467, 244.32, 250.00, 95, 1410, 1215, 80, P0
2026/07/31 18:19:34.668, 255.65, 250.00, 94, 1395, 1215, 80, P0
2026/07/31 18:19:34.868, 241.18, 250.00, 95, 1395, 1215, 80, P0
2026/07/31 18:19:35.069, 253.07, 250.00, 95, 1395, 1215, 80, P0
2026/07/31 18:19:35.270, 244.14, 250.00, 95, 1395, 1215, 80, P0
2026/07/31 18:19:35.470, 245.61, 250.00, 95, 1395, 1215, 80, P0
2026/07/31 18:19:35.671, 240.26, 250.00, 94, 1395, 1215, 80, P0
2026/07/31 18:19:35.871, 251.63, 250.00, 95, 1410, 1215, 80, P0
2026/07/31 18:19:36.072, 247.22, 250.00, 95, 1410, 1215, 80, P0
2026/07/31 18:19:36.272, 247.89, 250.00, 95, 1410, 1215, 80, P0
2026/07/31 18:19:36.473, 244.68, 250.00, 94, 1410, 1215, 80, P0
2026/07/31 18:19:36.673, 245.45, 250.00, 95, 1410, 1215, 81, P0
2026/07/31 18:19:36.874, 239.56, 250.00, 95, 1410, 1215, 80, P0
2026/07/31 18:19:37.074, 240.12, 250.00, 95, 1395, 1215, 80, P0
2026/07/31 18:19:37.275, 235.68, 250.00, 95, 1410, 1215, 80, P0
2026/07/31 18:19:37.475, 241.98, 250.00, 94, 1395, 1215, 80, P0
2026/07/31 18:19:37.676, 256.64, 250.00, 95, 1395, 1215, 80, P0
2026/07/31 18:19:37.876, 239.73, 250.00, 94, 1395, 1215, 80, P0
2026/07/31 18:19:38.077, 253.90, 250.00, 96, 1395, 1215, 81, P0
2026/07/31 18:19:38.277, 245.26, 250.00, 95, 1410, 1215, 81, P0
2026/07/31 18:19:38.477, 257.40, 250.00, 95, 1410, 1215, 81, P0
2026/07/31 18:19:38.678, 246.11, 250.00, 94, 1410, 1215, 81, P0
2026/07/31 18:19:38.879, 246.43, 250.00, 95, 1410, 1215, 81, P0
2026/07/31 18:19:39.079, 244.49, 250.00, 95, 1410, 1215, 81, P0
2026/07/31 18:19:39.280, 243.17, 250.00, 95, 1410, 1215, 81, P0
2026/07/31 18:19:39.480, 238.50, 250.00, 95, 1395, 1215, 81, P0
2026/07/31 18:19:39.681, 241.57, 250.00, 95, 1395, 1215, 80, P0
2026/07/31 18:19:39.881, 255.38, 250.00, 95, 1395, 1215, 81, P0
2026/07/31 18:19:40.082, 242.62, 250.00, 94, 1395, 1215, 81, P0
2026/07/31 18:19:40.282, 241.96, 250.00, 96, 1395, 1215, 81, P0
2026/07/31 18:19:40.483, 247.19, 250.00, 94, 1410, 1215, 81, P0
2026/07/31 18:19:40.683, 245.08, 250.00, 95, 1395, 1215, 81, P0
2026/07/31 18:19:40.884, 240.49, 250.00, 94, 1410, 1215, 81, P0
2026/07/31 18:19:41.084, 246.76, 250.00, 95, 1410, 1215, 81, P0
2026/07/31 18:19:41.285, 239.76, 250.00, 94, 1410, 1215, 81, P0
2026/07/31 18:19:41.485, 254.52, 250.00, 96, 1410, 1215, 81, P0
2026/07/31 18:19:41.686, 243.14, 250.00, 95, 1410, 1215, 81, P0
2026/07/31 18:19:41.886, 252.10, 250.00, 95, 1395, 1215, 81, P0
2026/07/31 18:19:42.087, 247.07, 250.00, 95, 1410, 1215, 81, P0
2026/07/31 18:19:42.287, 258.67, 250.00, 94, 1395, 1215, 81, P0
2026/07/31 18:19:42.488, 244.14, 250.00, 95, 1380, 1215, 81, P0
2026/07/31 18:19:42.688, 248.26, 250.00, 94, 1410, 1215, 81, P0
2026/07/31 18:19:42.890, 247.91, 250.00, 95, 1410, 1215, 81, P0
2026/07/31 18:19:43.093, 242.86, 250.00, 95, 1410, 1215, 81, P0
2026/07/31 18:19:43.295, 251.17, 250.00, 96, 1395, 1215, 81, P0
2026/07/31 18:19:43.495, 246.24, 250.00, 94, 1395, 1215, 81, P0
2026/07/31 18:19:43.697, 252.62, 250.00, 95, 1410, 1215, 81, P0
2026/07/31 18:19:43.897, 246.33, 250.00, 95, 1395, 1215, 81, P0
2026/07/31 18:19:44.098, 247.47, 250.00, 95, 1410, 1215, 81, P0
2026/07/31 18:19:44.299, 246.32, 250.00, 95, 1410, 1215, 81, P0
2026/07/31 18:19:44.499, 240.34, 250.00, 95, 1395, 1215, 81, P0
2026/07/31 18:19:44.700, 238.92, 250.00, 95, 1410, 1215, 81, P0
2026/07/31 18:19:44.901, 240.07, 250.00, 95, 1410, 1215, 81, P0
2026/07/31 18:19:45.102, 254.11, 250.00, 96, 1410, 1215, 81, P0
2026/07/31 18:19:45.302, 239.69, 250.00, 95, 1410, 1215, 81, P0
2026/07/31 18:19:45.503, 251.03, 250.00, 95, 1410, 1215, 81, P0
2026/07/31 18:19:45.704, 248.02, 250.00, 95, 1215, 1215, 83, P0
2026/07/31 18:19:45.904, 246.31, 250.00, 96, 1230, 1215, 84, P0
2026/07/31 18:19:46.104, 244.16, 250.00, 100, 1245, 1215, 84, P0
2026/07/31 18:19:46.305, 248.93, 250.00, 96, 1245, 1215, 84, P0
2026/07/31 18:19:46.505, 249.26, 250.00, 100, 1275, 1215, 84, P0
2026/07/31 18:19:46.706, 245.35, 250.00, 96, 1245, 1215, 85, P0
2026/07/31 18:19:46.906, 247.79, 250.00, 100, 1245, 1215, 85, P0
2026/07/31 18:19:47.106, 256.93, 250.00, 100, 1260, 1215, 85, P0
2026/07/31 18:19:47.307, 257.39, 250.00, 96, 1260, 1215, 85, P0
2026/07/31 18:19:47.507, 235.35, 250.00, 100, 1275, 1215, 85, P0
2026/07/31 18:19:47.708, 252.77, 250.00, 98, 1395, 1215, 82, P0
2026/07/31 18:19:47.908, 249.21, 250.00, 95, 1395, 1215, 82, P0
2026/07/31 18:19:48.109, 253.33, 250.00, 95, 1395, 1215, 82, P0
2026/07/31 18:19:48.309, 239.10, 250.00, 95, 1395, 1215, 81, P0
2026/07/31 18:19:48.510, 261.06, 250.00, 95, 1395, 1215, 81, P0
2026/07/31 18:19:48.710, 241.26, 250.00, 95, 1395, 1215, 81, P0
2026/07/31 18:19:48.911, 261.31, 250.00, 96, 1395, 1215, 82, P0
2026/07/31 18:19:49.111, 241.45, 250.00, 94, 1395, 1215, 81, P0
2026/07/31 18:19:49.312, 245.40, 250.00, 96, 1395, 1215, 81, P0
2026/07/31 18:19:49.512, 239.58, 250.00, 94, 1395, 1215, 81, P0
2026/07/31 18:19:49.713, 245.56, 250.00, 95, 1395, 1215, 81, P0
2026/07/31 18:19:49.913, 236.47, 250.00, 95, 1395, 1215, 81, P0
2026/07/31 18:19:50.114, 248.61, 250.00, 95, 1395, 1215, 81, P0
2026/07/31 18:19:50.314, 245.62, 250.00, 95, 1395, 1215, 81, P0
2026/07/31 18:19:50.514, 250.30, 250.00, 96, 1395, 1215, 81, P0
2026/07/31 18:19:50.715, 240.51, 250.00, 95, 1395, 1215, 81, P0
2026/07/31 18:19:50.915, 249.15, 250.00, 95, 1395, 1215, 81, P0
2026/07/31 18:19:51.116, 242.86, 250.00, 95, 1395, 1215, 81, P0
2026/07/31 18:19:51.316, 254.25, 250.00, 95, 1395, 1215, 81, P0
2026/07/31 18:19:51.517, 237.54, 250.00, 94, 1395, 1215, 81, P0
2026/07/31 18:19:51.718, 257.70, 250.00, 96, 1395, 1215, 81, P0
2026/07/31 18:19:51.918, 248.24, 250.00, 95, 1410, 1215, 81, P0
2026/07/31 18:19:52.119, 249.39, 250.00, 95, 1395, 1215, 81, P0
2026/07/31 18:19:52.319, 247.76, 250.00, 95, 1395, 1215, 81, P0
2026/07/31 18:19:52.520, 248.56, 250.00, 95, 1395, 1215, 81, P0
2026/07/31 18:19:52.720, 250.41, 250.00, 95, 1410, 1215, 81, P0
2026/07/31 18:19:52.921, 238.09, 250.00, 96, 1410, 1215, 81, P0
2026/07/31 18:19:53.121, 249.75, 250.00, 94, 1395, 1215, 81, P0
2026/07/31 18:19:53.322, 238.48, 250.00, 95, 1410, 1215, 82, P0
2026/07/31 18:19:53.522, 246.81, 250.00, 95, 1410, 1215, 82, P0
2026/07/31 18:19:53.722, 240.98, 250.00, 95, 1410, 1215, 82, P0
2026/07/31 18:19:53.923, 249.32, 250.00, 95, 1395, 1215, 82, P0
2026/07/31 18:19:54.123, 240.92, 250.00, 95, 1410, 1215, 82, P0
2026/07/31 18:19:54.324, 251.64, 250.00, 95, 1410, 1215, 82, P0
2026/07/31 18:19:54.525, 240.55, 250.00, 95, 1410, 1215, 82, P0
2026/07/31 18:19:54.725, 251.05, 250.00, 95, 1410, 1215, 82, P0
2026/07/31 18:19:54.926, 233.96, 250.00, 95, 1410, 1215, 81, P0
2026/07/31 18:19:55.126, 254.80, 250.00, 95, 1410, 1215, 82, P0
2026/07/31 18:19:55.327, 244.69, 250.00, 94, 1395, 1215, 82, P0
2026/07/31 18:19:55.527, 257.02, 250.00, 95, 1410, 1215, 82, P0
2026/07/31 18:19:55.728, 245.45, 250.00, 94, 1395, 1215, 82, P0
2026/07/31 18:19:55.928, 251.03, 250.00, 95, 1395, 1215, 82, P0
2026/07/31 18:19:56.129, 245.81, 250.00, 95, 1395, 1215, 82, P0
2026/07/31 18:19:56.329, 248.84, 250.00, 95, 1395, 1215, 82, P0
2026/07/31 18:19:56.530, 250.75, 250.00, 95, 1395, 1215, 82, P0
2026/07/31 18:19:56.730, 245.63, 250.00, 95, 1395, 1215, 82, P0
2026/07/31 18:19:56.931, 245.74, 250.00, 95, 1395, 1215, 82, P0
2026/07/31 18:19:57.131, 247.97, 250.00, 95, 1395, 1215, 82, P0
2026/07/31 18:19:57.332, 250.16, 250.00, 95, 1395, 1215, 82, P0
2026/07/31 18:19:57.532, 246.51, 250.00, 94, 1395, 1215, 82, P0
2026/07/31 18:19:57.733, 242.64, 250.00, 96, 1395, 1215, 82, P0
2026/07/31 18:19:57.933, 237.20, 250.00, 95, 1380, 1215, 82, P0
2026/07/31 18:19:58.134, 243.83, 250.00, 96, 1395, 1215, 82, P0
2026/07/31 18:19:58.334, 241.89, 250.00, 94, 1395, 1215, 82, P0
2026/07/31 18:19:58.535, 243.02, 250.00, 95, 1395, 1215, 82, P0
2026/07/31 18:19:58.735, 239.33, 250.00, 94, 1395, 1215, 82, P0
2026/07/31 18:19:58.936, 243.49, 250.00, 96, 1395, 1215, 82, P0
2026/07/31 18:19:59.136, 238.87, 250.00, 95, 1395, 1215, 82, P0
2026/07/31 18:19:59.337, 243.51, 250.00, 96, 1395, 1215, 82, P0
2026/07/31 18:19:59.537, 242.24, 250.00, 94, 1395, 1215, 82, P0
2026/07/31 18:19:59.738, 253.93, 250.00, 95, 1395, 1215, 82, P0
2026/07/31 18:19:59.938, 241.04, 250.00, 95, 1395, 1215, 82, P0
2026/07/31 18:20:00.139, 247.98, 250.00, 96, 1395, 1215, 82, P0
2026/07/31 18:20:00.339, 239.29, 250.00, 95, 1395, 1215, 82, P0
2026/07/31 18:20:00.540, 250.75, 250.00, 95, 1410, 1215, 82, P0
2026/07/31 18:20:00.740, 243.83, 250.00, 93, 1395, 1215, 82, P0
2026/07/31 18:20:00.941, 241.21, 250.00, 95, 1395, 1215, 82, P0
2026/07/31 18:20:01.141, 239.91, 250.00, 94, 1395, 1215, 82, P0
2026/07/31 18:20:01.342, 250.01, 250.00, 96, 1410, 1215, 82, P0
2026/07/31 18:20:01.542, 240.86, 250.00, 94, 1395, 1215, 82, P0
2026/07/31 18:20:01.743, 255.18, 250.00, 94, 1410, 1215, 82, P0
2026/07/31 18:20:01.943, 240.01, 250.00, 94, 1410, 1215, 82, P0
2026/07/31 18:20:02.144, 249.58, 250.00, 95, 1410, 1215, 82, P0
2026/07/31 18:20:02.344, 241.78, 250.00, 95, 1410, 1215, 82, P0
2026/07/31 18:20:02.545, 248.06, 250.00, 95, 1410, 1215, 82, P0
2026/07/31 18:20:02.745, 237.25, 250.00, 95, 1395, 1215, 82, P0
2026/07/31 18:20:02.946, 247.42, 250.00, 95, 1410, 1215, 82, P0
2026/07/31 18:20:03.146, 240.35, 250.00, 95, 1410, 1215, 82, P0
2026/07/31 18:20:03.347, 249.97, 250.00, 95, 1410, 1215, 82, P0
2026/07/31 18:20:03.547, 238.48, 250.00, 95, 1410, 1215, 82, P0
2026/07/31 18:20:03.748, 240.24, 250.00, 94, 1395, 1215, 82, P0
2026/07/31 18:20:03.948, 242.74, 250.00, 95, 1410, 1215, 82, P0
2026/07/31 18:20:04.149, 241.77, 250.00, 94, 1395, 1215, 82, P0
2026/07/31 18:20:04.349, 242.07, 250.00, 95, 1395, 1215, 82, P0
2026/07/31 18:20:04.550, 242.86, 250.00, 95, 1395, 1215, 82, P0
2026/07/31 18:20:04.750, 237.57, 250.00, 95, 1395, 1215, 82, P0
2026/07/31 18:20:04.951, 246.98, 250.00, 95, 1395, 1215, 82, P0
2026/07/31 18:20:05.151, 243.19, 250.00, 95, 1395, 1215, 82, P0
2026/07/31 18:20:05.352, 243.02, 250.00, 94, 1395, 1215, 82, P0
2026/07/31 18:20:05.552, 241.89, 250.00, 95, 1395, 1215, 82, P0
2026/07/31 18:20:05.753, 244.27, 250.00, 94, 1395, 1215, 82, P0
2026/07/31 18:20:05.953, 242.92, 250.00, 96, 1395, 1215, 82, P0
2026/07/31 18:20:06.154, 243.80, 250.00, 95, 1395, 1215, 82, P0
2026/07/31 18:20:06.354, 248.78, 250.00, 95, 1395, 1215, 82, P0
2026/07/31 18:20:06.555, 249.04, 250.00, 94, 1395, 1215, 82, P0
2026/07/31 18:20:06.755, 262.97, 250.00, 95, 1395, 1215, 82, P0
2026/07/31 18:20:06.956, 239.15, 250.00, 94, 1395, 1215, 82, P0
2026/07/31 18:20:07.156, 263.27, 250.00, 96, 1395, 1215, 82, P0
2026/07/31 18:20:07.357, 244.47, 250.00, 95, 1395, 1215, 82, P0
2026/07/31 18:20:07.557, 260.28, 250.00, 96, 1395, 1215, 82, P0
2026/07/31 18:20:07.758, 243.62, 250.00, 94, 1410, 1215, 82, P0
2026/07/31 18:20:07.958, 247.95, 250.00, 95, 1410, 1215, 82, P0
2026/07/31 18:20:08.159, 243.43, 250.00, 95, 1410, 1215, 82, P0
2026/07/31 18:20:08.359, 247.77, 250.00, 96, 1410, 1215, 82, P0
2026/07/31 18:20:08.560, 245.30, 250.00, 95, 1410, 1215, 82, P0
2026/07/31 18:20:08.760, 250.91, 250.00, 95, 1410, 1215, 82, P0
2026/07/31 18:20:08.961, 239.89, 250.00, 95, 1410, 1215, 82, P0
2026/07/31 18:20:09.161, 252.74, 250.00, 95, 1395, 1215, 82, P0
2026/07/31 18:20:09.362, 241.10, 250.00, 95, 1395, 1215, 82, P0
2026/07/31 18:20:09.562, 241.79, 250.00, 94, 1395, 1215, 82, P0
2026/07/31 18:20:09.763, 250.09, 250.00, 95, 1395, 1215, 83, P0
2026/07/31 18:20:09.963, 238.97, 250.00, 95, 1395, 1215, 82, P0
2026/07/31 18:20:10.164, 240.85, 250.00, 95, 1395, 1215, 82, P0
2026/07/31 18:20:10.364, 242.19, 250.00, 94, 1395, 1215, 82, P0
2026/07/31 18:20:10.565, 246.90, 250.00, 96, 1395, 1215, 83, P0
2026/07/31 18:20:10.765, 244.28, 250.00, 94, 1395, 1215, 83, P0
2026/07/31 18:20:10.966, 248.34, 250.00, 95, 1395, 1215, 82, P0
2026/07/31 18:20:11.167, 252.20, 250.00, 95, 1410, 1215, 83, P0
2026/07/31 18:20:11.367, 262.32, 250.00, 96, 1395, 1215, 83, P0
2026/07/31 18:20:11.568, 242.74, 250.00, 94, 1395, 1215, 82, P0
2026/07/31 18:20:11.768, 264.41, 250.00, 95, 1395, 1215, 83, P0
2026/07/31 18:20:11.969, 252.18, 250.00, 95, 1410, 1215, 83, P0
2026/07/31 18:20:12.169, 252.85, 250.00, 96, 1395, 1215, 82, P0
2026/07/31 18:20:12.370, 249.98, 250.00, 95, 1410, 1215, 83, P0
2026/07/31 18:20:12.570, 249.07, 250.00, 94, 1395, 1215, 82, P0
2026/07/31 18:20:12.771, 242.59, 250.00, 94, 1395, 1215, 83, P0
2026/07/31 18:20:12.971, 236.75, 250.00, 94, 1395, 1215, 82, P0
2026/07/31 18:20:13.172, 243.10, 250.00, 95, 1380, 1215, 83, P0
2026/07/31 18:20:13.372, 242.01, 250.00, 95, 1395, 1215, 83, P0
2026/07/31 18:20:13.573, 242.66, 250.00, 95, 1395, 1215, 83, P0
2026/07/31 18:20:13.773, 242.06, 250.00, 94, 1395, 1215, 83, P0
2026/07/31 18:20:13.974, 250.95, 250.00, 95, 1395, 1215, 83, P0
2026/07/31 18:20:14.174, 252.77, 250.00, 95, 1395, 1215, 83, P0
2026/07/31 18:20:14.375, 239.00, 250.00, 96, 1410, 1215, 83, P0
2026/07/31 18:20:14.575, 255.11, 250.00, 95, 1395, 1215, 83, P0
2026/07/31 18:20:14.776, 243.87, 250.00, 96, 1395, 1215, 83, P0
2026/07/31 18:20:14.976, 253.46, 250.00, 95, 1395, 1215, 83, P0
2026/07/31 18:20:15.177, 241.00, 250.00, 95, 1410, 1215, 83, P0
2026/07/31 18:20:15.377, 246.62, 250.00, 94, 1410, 1215, 83, P0
2026/07/31 18:20:15.578, 240.73, 250.00, 94, 1410, 1215, 83, P0
2026/07/31 18:20:15.778, 243.21, 250.00, 95, 1395, 1215, 83, P0
2026/07/31 18:20:15.979, 241.18, 250.00, 95, 1395, 1215, 83, P0
2026/07/31 18:20:16.179, 234.63, 250.00, 95, 1395, 1215, 83, P0
2026/07/31 18:20:16.380, 257.75, 250.00, 95, 1395, 1215, 83, P0
2026/07/31 18:20:16.581, 245.01, 250.00, 94, 1395, 1215, 83, P0
2026/07/31 18:20:16.781, 269.32, 250.00, 95, 1395, 1215, 83, P0
2026/07/31 18:20:16.982, 252.00, 250.00, 95, 1395, 1215, 83, P0
2026/07/31 18:20:17.182, 263.16, 250.00, 95, 1395, 1215, 83, P0
2026/07/31 18:20:17.382, 250.30, 250.00, 95, 1395, 1215, 83, P0
2026/07/31 18:20:17.583, 261.55, 250.00, 96, 1395, 1215, 83, P0
2026/07/31 18:20:17.783, 252.11, 250.00, 95, 1395, 1215, 83, P0
2026/07/31 18:20:17.984, 252.30, 250.00, 96, 1395, 1215, 83, P0
2026/07/31 18:20:18.184, 243.46, 250.00, 94, 1395, 1215, 83, P0
2026/07/31 18:20:18.385, 260.01, 250.00, 96, 1410, 1215, 83, P0
2026/07/31 18:20:18.585, 241.63, 250.00, 94, 1410, 1215, 83, P0
2026/07/31 18:20:18.786, 243.72, 250.00, 95, 1395, 1215, 83, P0
2026/07/31 18:20:18.986, 243.03, 250.00, 94, 1410, 1215, 83, P0
2026/07/31 18:20:19.187, 238.11, 250.00, 95, 1395, 1215, 83, P0
2026/07/31 18:20:19.387, 240.77, 250.00, 95, 1395, 1215, 83, P0
2026/07/31 18:20:19.588, 239.21, 250.00, 96, 1395, 1215, 83, P0
2026/07/31 18:20:19.788, 242.78, 250.00, 94, 1395, 1215, 83, P0
2026/07/31 18:20:19.989, 244.89, 250.00, 95, 1395, 1215, 83, P0
2026/07/31 18:20:20.189, 259.22, 250.00, 95, 1395, 1215, 83, P0
2026/07/31 18:20:20.390, 245.46, 250.00, 95, 1395, 1215, 83, P0
2026/07/31 18:20:20.590, 258.82, 250.00, 95, 1395, 1215, 83, P0
2026/07/31 18:20:20.791, 246.01, 250.00, 95, 1395, 1215, 83, P0
2026/07/31 18:20:20.991, 264.79, 250.00, 95, 1395, 1215, 83, P0
2026/07/31 18:20:21.192, 246.62, 250.00, 95, 1395, 1215, 83, P0
2026/07/31 18:20:21.392, 260.83, 250.00, 95, 1395, 1215, 83, P0
2026/07/31 18:20:21.593, 242.00, 250.00, 94, 1410, 1215, 83, P0
2026/07/31 18:20:21.793, 263.95, 250.00, 95, 1410, 1215, 83, P0
2026/07/31 18:20:21.994, 241.33, 250.00, 94, 1410, 1215, 83, P0
2026/07/31 18:20:22.195, 250.66, 250.00, 96, 1395, 1215, 83, P0
2026/07/31 18:20:22.397, 244.63, 250.00, 94, 1395, 1215, 83, P0
2026/07/31 18:20:22.600, 246.30, 250.00, 94, 1395, 1215, 83, P0
2026/07/31 18:20:22.801, 260.07, 250.00, 95, 1395, 1215, 83, P0
2026/07/31 18:20:23.002, 245.54, 250.00, 95, 1395, 1215, 83, P0
2026/07/31 18:20:23.203, 269.69, 250.00, 96, 1395, 1215, 83, P0
2026/07/31 18:20:23.403, 243.53, 250.00, 96, 1410, 1215, 83, P0
2026/07/31 18:20:23.605, 259.88, 250.00, 96, 1410, 1215, 83, P0
2026/07/31 18:20:23.806, 250.29, 250.00, 95, 1410, 1215, 83, P0
2026/07/31 18:20:24.007, 264.90, 250.00, 95, 1395, 1215, 83, P0
2026/07/31 18:20:24.207, 243.54, 250.00, 95, 1410, 1215, 83, P0
2026/07/31 18:20:24.408, 248.48, 250.00, 95, 1395, 1215, 83, P0
2026/07/31 18:20:24.608, 251.54, 250.00, 95, 1410, 1215, 83, P0
2026/07/31 18:20:24.809, 259.03, 250.00, 95, 1410, 1215, 83, P0
2026/07/31 18:20:25.009, 238.09, 250.00, 95, 1395, 1215, 83, P0
2026/07/31 18:20:25.210, 247.65, 250.00, 94, 1395, 1215, 83, P0
2026/07/31 18:20:25.410, 244.30, 250.00, 96, 1395, 1215, 83, P0
2026/07/31 18:20:25.611, 261.05, 250.00, 94, 1395, 1215, 83, P0
2026/07/31 18:20:25.811, 245.74, 250.00, 95, 1380, 1215, 83, P0
2026/07/31 18:20:26.012, 265.47, 250.00, 95, 1380, 1215, 83, P0
2026/07/31 18:20:26.212, 242.94, 250.00, 95, 1395, 1215, 83, P0
2026/07/31 18:20:26.413, 263.45, 250.00, 95, 1395, 1215, 83, P0
2026/07/31 18:20:26.613, 252.11, 250.00, 96, 1395, 1215, 83, P0
2026/07/31 18:20:26.814, 245.02, 250.00, 95, 1395, 1215, 83, P0
2026/07/31 18:20:27.014, 244.18, 250.00, 96, 1395, 1215, 83, P0
2026/07/31 18:20:27.215, 251.94, 250.00, 94, 1395, 1215, 83, P0
2026/07/31 18:20:27.415, 239.32, 250.00, 95, 1395, 1215, 83, P0
2026/07/31 18:20:27.616, 253.09, 250.00, 94, 1410, 1215, 83, P0
2026/07/31 18:20:27.816, 247.26, 250.00, 95, 1410, 1215, 83, P0
2026/07/31 18:20:28.017, 241.07, 250.00, 95, 1410, 1215, 83, P0
2026/07/31 18:20:28.217, 243.14, 250.00, 95, 1410, 1215, 83, P0
2026/07/31 18:20:28.418, 237.96, 250.00, 95, 1395, 1215, 83, P0
2026/07/31 18:20:28.618, 243.71, 250.00, 94, 1395, 1215, 83, P0
2026/07/31 18:20:28.819, 245.66, 250.00, 95, 1380, 1215, 83, P0
2026/07/31 18:20:29.019, 264.77, 250.00, 94, 1395, 1215, 83, P0
2026/07/31 18:20:29.220, 244.98, 250.00, 95, 1380, 1215, 83, P0
2026/07/31 18:20:29.420, 260.85, 250.00, 94, 1395, 1215, 83, P0
2026/07/31 18:20:29.621, 240.44, 250.00, 95, 1410, 1215, 83, P0
2026/07/31 18:20:29.821, 253.86, 250.00, 95, 1410, 1215, 83, P0
2026/07/31 18:20:30.022, 244.46, 250.00, 96, 1410, 1215, 84, P0
2026/07/31 18:20:30.222, 244.46, 250.00, 96, 1410, 1215, 84, P0
2026/07/31 18:20:30.503, 241.79, 250.00, 96, 1410, 1215, 83, P0
2026/07/31 18:20:30.704, 243.74, 250.00, 95, 1410, 1215, 83, P0
2026/07/31 18:20:30.904, 243.52, 250.00, 95, 1395, 1215, 83, P0
2026/07/31 18:20:31.105, 235.36, 250.00, 95, 1395, 1215, 83, P0
2026/07/31 18:20:31.306, 242.56, 250.00, 95, 1395, 1215, 83, P0
2026/07/31 18:20:31.506, 239.88, 250.00, 95, 1380, 1215, 83, P0
2026/07/31 18:20:31.707, 260.47, 250.00, 95, 1395, 1215, 83, P0
2026/07/31 18:20:31.907, 246.70, 250.00, 94, 1395, 1215, 83, P0
2026/07/31 18:20:32.108, 255.79, 250.00, 96, 1395, 1215, 83, P0
2026/07/31 18:20:32.477, 265.56, 250.00, 94, 1395, 1215, 83, P0
2026/07/31 18:20:32.678, 244.03, 250.00, 96, 1395, 1215, 83, P0
2026/07/31 18:20:32.878, 263.06, 250.00, 95, 1410, 1215, 83, P0
2026/07/31 18:20:33.079, 251.76, 250.00, 96, 1395, 1215, 84, P0
2026/07/31 18:20:33.280, 246.70, 250.00, 95, 1410, 1215, 83, P0
2026/07/31 18:20:33.480, 238.00, 250.00, 94, 1410, 1215, 83, P0
2026/07/31 18:20:33.681, 243.94, 250.00, 95, 1395, 1215, 83, P0
2026/07/31 18:20:33.881, 239.05, 250.00, 95, 1395, 1215, 83, P0
2026/07/31 18:20:34.082, 244.10, 250.00, 95, 1395, 1215, 84, P0
2026/07/31 18:20:34.282, 241.43, 250.00, 95, 1395, 1215, 83, P0
2026/07/31 18:20:34.483, 246.32, 250.00, 95, 1395, 1215, 84, P0
2026/07/31 18:20:34.683, 266.61, 250.00, 94, 1395, 1215, 84, P0
2026/07/31 18:20:34.884, 246.52, 250.00, 96, 1395, 1215, 84, P0
2026/07/31 18:20:35.084, 264.89, 250.00, 95, 1395, 1215, 84, P0
2026/07/31 18:20:35.285, 244.37, 250.00, 96, 1410, 1215, 83, P0
2026/07/31 18:20:35.485, 249.09, 250.00, 94, 1395, 1215, 83, P0
2026/07/31 18:20:35.686, 243.51, 250.00, 95, 1410, 1215, 83, P0
2026/07/31 18:20:35.886, 257.21, 250.00, 95, 1410, 1215, 83, P0
2026/07/31 18:20:36.087, 244.37, 250.00, 95, 1395, 1215, 83, P0
2026/07/31 18:20:36.287, 249.33, 250.00, 95, 1395, 1215, 83, P0
2026/07/31 18:20:36.488, 237.57, 250.00, 94, 1395, 1215, 83, P0
2026/07/31 18:20:36.688, 244.50, 250.00, 95, 1395, 1215, 83, P0
2026/07/31 18:20:36.889, 243.70, 250.00, 95, 1395, 1215, 83, P0
2026/07/31 18:20:37.089, 240.60, 250.00, 96, 1380, 1215, 84, P0
2026/07/31 18:20:37.479, 249.35, 250.00, 96, 1395, 1215, 84, P0
2026/07/31 18:20:37.679, 239.97, 250.00, 95, 1395, 1215, 84, P0
2026/07/31 18:20:37.880, 247.38, 250.00, 94, 1395, 1215, 84, P0
2026/07/31 18:20:38.080, 237.76, 250.00, 96, 1410, 1215, 84, P0
2026/07/31 18:20:38.281, 241.43, 250.00, 95, 1395, 1215, 84, P0
2026/07/31 18:20:38.481, 251.01, 250.00, 96, 1410, 1215, 84, P0
2026/07/31 18:20:38.682, 244.68, 250.00, 94, 1395, 1215, 84, P0
2026/07/31 18:20:38.882, 254.79, 250.00, 96, 1395, 1215, 84, P0
2026/07/31 18:20:39.083, 244.66, 250.00, 95, 1395, 1215, 84, P0
2026/07/31 18:20:39.283, 248.76, 250.00, 95, 1395, 1215, 83, P0
2026/07/31 18:20:39.484, 240.35, 250.00, 95, 1380, 1215, 83, P0
2026/07/31 18:20:39.684, 261.35, 250.00, 94, 1395, 1215, 84, P0
2026/07/31 18:20:39.885, 243.36, 250.00, 95, 1395, 1215, 84, P0
2026/07/31 18:20:40.085, 250.86, 250.00, 95, 1395, 1215, 84, P0
2026/07/31 18:20:40.286, 238.22, 250.00, 96, 1395, 1215, 84, P0
2026/07/31 18:20:40.486, 240.14, 250.00, 95, 1410, 1215, 84, P0
2026/07/31 18:20:40.687, 250.91, 250.00, 95, 1410, 1215, 84, P0
2026/07/31 18:20:40.888, 240.04, 250.00, 94, 1395, 1215, 84, P0
2026/07/31 18:20:41.088, 258.37, 250.00, 96, 1395, 1215, 84, P0
2026/07/31 18:20:41.289, 245.42, 250.00, 95, 1380, 1215, 84, P0
2026/07/31 18:20:41.489, 248.60, 250.00, 95, 1395, 1215, 84, P0
2026/07/31 18:20:41.690, 247.14, 250.00, 95, 1395, 1215, 84, P0
2026/07/31 18:20:41.890, 248.16, 250.00, 94, 1395, 1215, 82, P0
2026/07/31 18:20:42.091, 80.95, 250.00, 61, 1410, 1215, 79, P0
2026/07/31 18:20:42.291, 79.60, 250.00, 0, 1410, 1215, 78, P0
2026/07/31 18:20:42.491, 77.98, 250.00, 0, 1410, 1215, 77, P0
2026/07/31 18:20:42.692, 77.34, 250.00, 0, 1410, 1215, 77, P0
2026/07/31 18:20:42.892, 76.81, 250.00, 0, 1410, 1215, 77, P0
2026/07/31 18:20:43.093, 76.48, 250.00, 0, 1410, 1215, 76, P0
2026/07/31 18:20:43.293, 76.09, 250.00, 0, 1410, 1215, 76, P0
2026/07/31 18:20:43.493, 75.76, 250.00, 0, 1410, 1215, 76, P0
2026/07/31 18:20:43.694, 75.69, 250.00, 0, 1410, 1215, 75, P0
2026/07/31 18:20:43.894, 53.14, 250.00, 0, 1140, 1215, 75, P0
2026/07/31 18:20:44.094, 52.83, 250.00, 0, 1140, 1215, 74, P0
2026/07/31 18:20:44.295, 52.67, 250.00, 0, 1140, 1215, 74, P0
2026/07/31 18:20:44.495, 52.47, 250.00, 0, 1140, 1215, 73, P0
2026/07/31 18:20:44.695, 52.26, 250.00, 0, 1140, 1215, 73, P0
2026/07/31 18:20:44.896, 52.10, 250.00, 0, 1140, 1215, 73, P0
2026/07/31 18:20:45.096, 51.88, 250.00, 0, 1140, 1215, 73, P0
2026/07/31 18:20:45.296, 51.84, 250.00, 0, 1140, 1215, 73, P0
2026/07/31 18:20:45.497, 51.55, 250.00, 0, 1140, 1215, 72, P0
2026/07/31 18:20:45.697, 51.65, 250.00, 0, 1140, 1215, 72, P0
2026/07/31 18:20:45.898, 51.49, 250.00, 0, 1140, 1215, 72, P0
2026/07/31 18:20:46.098, 51.29, 250.00, 0, 1140, 1215, 72, P0
2026/07/31 18:20:46.298, 51.18, 250.00, 0, 1140, 1215, 72, P0
2026/07/31 18:20:46.499, 51.15, 250.00, 0, 1140, 1215, 72, P0
2026/07/31 18:20:46.699, 50.94, 250.00, 0, 1140, 1215, 72, P0
2026/07/31 18:20:46.899, 50.89, 250.00, 0, 1140, 1215, 71, P0
2026/07/31 18:20:47.100, 50.79, 250.00, 0, 1140, 1215, 71, P0
2026/07/31 18:20:47.300, 50.79, 250.00, 0, 1140, 1215, 71, P0
2026/07/31 18:20:47.500, 50.59, 250.00, 0, 1140, 1215, 71, P0
2026/07/31 18:20:47.701, 50.46, 250.00, 0, 1140, 1215, 71, P0
2026/07/31 18:20:47.901, 50.47, 250.00, 0, 1140, 1215, 71, P0
2026/07/31 18:20:48.102, 50.29, 250.00, 0, 1140, 1215, 71, P0
2026/07/31 18:20:48.302, 50.29, 250.00, 0, 1140, 1215, 70, P0
2026/07/31 18:20:48.502, 50.26, 250.00, 0, 1140, 1215, 70, P0
2026/07/31 18:20:48.703, 49.99, 250.00, 0, 1140, 1215, 70, P0
2026/07/31 18:20:48.903, 50.00, 250.00, 0, 1140, 1215, 70, P0
2026/07/31 18:20:49.103, 49.90, 250.00, 0, 1140, 1215, 70, P0
2026/07/31 18:20:49.304, 49.90, 250.00, 0, 1140, 1215, 70, P0
2026/07/31 18:20:49.504, 49.79, 250.00, 0, 1140, 1215, 70, P0
2026/07/31 18:20:49.705, 49.71, 250.00, 0, 1140, 1215, 70, P0
2026/07/31 18:20:49.905, 49.71, 250.00, 0, 1140, 1215, 70, P0
2026/07/31 18:20:50.105, 49.52, 250.00, 0, 1140, 1215, 69, P0
2026/07/31 18:20:50.306, 49.51, 250.00, 0, 1140, 1215, 69, P0
2026/07/31 18:20:50.506, 49.52, 250.00, 0, 1140, 1215, 69, P0
2026/07/31 18:20:50.706, 49.32, 250.00, 0, 1140, 1215, 69, P0
2026/07/31 18:20:50.907, 49.32, 250.00, 0, 1140, 1215, 69, P0
2026/07/31 18:20:51.107, 49.81, 250.00, 0, 1140, 1215, 69, P0
2026/07/31 18:20:51.307, 49.71, 250.00, 0, 1140, 1215, 69, P0
2026/07/31 18:20:51.508, 49.61, 250.00, 0, 1140, 1215, 69, P0
2026/07/31 18:20:51.708, 49.52, 250.00, 0, 1140, 1215, 69, P0
2026/07/31 18:20:51.909, 49.52, 250.00, 0, 1140, 1215, 69, P0
2026/07/31 18:20:52.109, 49.52, 250.00, 0, 1140, 1215, 68, P0
2026/07/31 18:20:52.309, 49.52, 250.00, 0, 1140, 1215, 68, P0
2026/07/31 18:20:52.510, 49.71, 250.00, 0, 1140, 1215, 68, P0
2026/07/31 18:20:52.710, 49.65, 250.00, 0, 1140, 1215, 68, P0
2026/07/31 18:20:52.911, 49.61, 250.00, 0, 1140, 1215, 68, P0
2026/07/31 18:20:53.112, 49.61, 250.00, 0, 1140, 1215, 68, P0
2026/07/31 18:20:53.314, 49.32, 250.00, 0, 1140, 1215, 68, P0
2026/07/31 18:20:53.515, 49.32, 250.00, 0, 1140, 1215, 68, P0
2026/07/31 18:20:53.716, 49.12, 250.00, 0, 1140, 1215, 68, P0
2026/07/31 18:20:53.917, 49.10, 250.00, 0, 1140, 1215, 68, P0
2026/07/31 18:20:54.117, 49.02, 250.00, 0, 1140, 1215, 67, P0
2026/07/31 18:20:54.317, 48.92, 250.00, 0, 1140, 1215, 67, P0
2026/07/31 18:20:54.518, 48.89, 250.00, 0, 1140, 1215, 67, P0
2026/07/31 18:20:54.718, 48.81, 250.00, 0, 1140, 1215, 67, P0
2026/07/31 18:20:54.919, 48.71, 250.00, 0, 1140, 1215, 67, P0
2026/07/31 18:20:55.120, 48.62, 250.00, 0, 1140, 1215, 67, P0
2026/07/31 18:20:55.320, 48.52, 250.00, 0, 1140, 1215, 67, P0
2026/07/31 18:20:55.521, 48.52, 250.00, 0, 1140, 1215, 67, P0
2026/07/31 18:20:55.721, 48.52, 250.00, 0, 1140, 1215, 67, P0
2026/07/31 18:20:55.921, 48.42, 250.00, 0, 1140, 1215, 67, P0
2026/07/31 18:20:56.122, 48.34, 250.00, 0, 1140, 1215, 67, P0
2026/07/31 18:20:56.322, 48.32, 250.00, 0, 1140, 1215, 66, P0
2026/07/31 18:20:56.522, 48.24, 250.00, 0, 1140, 1215, 66, P0
2026/07/31 18:20:56.723, 48.14, 250.00, 0, 1140, 1215, 66, P0
2026/07/31 18:20:56.923, 48.02, 250.00, 0, 1140, 1215, 66, P0
2026/07/31 18:20:57.124, 47.95, 250.00, 0, 1140, 1215, 66, P0
2026/07/31 18:20:57.324, 47.94, 250.00, 0, 1140, 1215, 66, P0
2026/07/31 18:20:57.524, 47.89, 250.00, 0, 1140, 1215, 66, P0
2026/07/31 18:20:57.725, 47.92, 250.00, 0, 1140, 1215, 66, P0
2026/07/31 18:20:57.925, 47.82, 250.00, 0, 1140, 1215, 66, P0
2026/07/31 18:20:58.126, 47.84, 250.00, 0, 1140, 1215, 66, P0
2026/07/31 18:20:58.326, 47.73, 250.00, 0, 1140, 1215, 66, P0
2026/07/31 18:20:58.526, 47.73, 250.00, 0, 1140, 1215, 66, P0
2026/07/31 18:20:58.727, 47.63, 250.00, 0, 1140, 1215, 65, P0
2026/07/31 18:20:58.927, 47.55, 250.00, 0, 1140, 1215, 65, P0
2026/07/31 18:20:59.128, 47.56, 250.00, 0, 1140, 1215, 65, P0
2026/07/31 18:20:59.328, 47.56, 250.00, 0, 1140, 1215, 65, P0
2026/07/31 18:20:59.528, 47.35, 250.00, 0, 1140, 1215, 65, P0
2026/07/31 18:20:59.729, 47.35, 250.00, 0, 1140, 1215, 65, P0
2026/07/31 18:20:59.929, 47.34, 250.00, 0, 1140, 1215, 65, P0
2026/07/31 18:21:00.130, 47.34, 250.00, 0, 1140, 1215, 65, P0
2026/07/31 18:21:00.330, 47.27, 250.00, 0, 1140, 1215, 65, P0
2026/07/31 18:21:00.530, 47.24, 250.00, 0, 1140, 1215, 65, P0
2026/07/31 18:21:00.731, 47.06, 250.00, 0, 1140, 1215, 65, P0
2026/07/31 18:21:00.931, 47.08, 250.00, 0, 1140, 1215, 65, P0
2026/07/31 18:21:01.132, 47.00, 250.00, 0, 1140, 1215, 65, P0
2026/07/31 18:21:01.332, 46.95, 250.00, 0, 1140, 1215, 64, P0
2026/07/31 18:21:01.532, 46.95, 250.00, 0, 1140, 1215, 64, P0
2026/07/31 18:21:01.733, 46.88, 250.00, 0, 1140, 1215, 64, P0
2026/07/31 18:21:01.933, 46.88, 250.00, 0, 1140, 1215, 64, P0
2026/07/31 18:21:02.133, 46.76, 250.00, 0, 1140, 1215, 64, P0
2026/07/31 18:21:02.334, 46.76, 250.00, 0, 1140, 1215, 64, P0
2026/07/31 18:21:02.534, 46.78, 250.00, 0, 1140, 1215, 64, P0
2026/07/31 18:21:02.735, 46.58, 250.00, 0, 1140, 1215, 64, P0
2026/07/31 18:21:02.935, 46.44, 250.00, 0, 1140, 1215, 64, P0
2026/07/31 18:21:03.135, 46.47, 250.00, 0, 1140, 1215, 64, P0
2026/07/31 18:21:03.336, 46.57, 250.00, 10, 1140, 1215, 64, P0
2026/07/31 18:21:03.536, 46.53, 250.00, 0, 1140, 1215, 64, P0
2026/07/31 18:21:03.737, 46.36, 250.00, 0, 1140, 1215, 64, P0
2026/07/31 18:21:03.937, 46.28, 250.00, 0, 1140, 1215, 64, P0
2026/07/31 18:21:04.137, 46.27, 250.00, 0, 1140, 1215, 63, P0
2026/07/31 18:21:04.338, 191.78, 250.00, 18, 1140, 1215, 69, P0
2026/07/31 18:21:04.538, 255.40, 250.00, 100, 1290, 1215, 72, P0
2026/07/31 18:21:04.739, 255.47, 250.00, 100, 1275, 1215, 74, P0
2026/07/31 18:21:04.939, 248.47, 250.00, 95, 1275, 1215, 75, P0
2026/07/31 18:21:05.140, 287.74, 250.00, 100, 1275, 1215, 76, P0
2026/07/31 18:21:05.340, 251.99, 250.00, 96, 1275, 1215, 76, P0
2026/07/31 18:21:05.540, 241.12, 250.00, 100, 1275, 1215, 75, P0
2026/07/31 18:21:05.741, 253.84, 250.00, 96, 1275, 1215, 76, P0
2026/07/31 18:21:05.941, 247.46, 250.00, 100, 1260, 1215, 76, P0
2026/07/31 18:21:06.142, 216.61, 250.00, 100, 1395, 1215, 74, P0
2026/07/31 18:21:06.342, 232.51, 250.00, 96, 1410, 1215, 73, P0
2026/07/31 18:21:06.543, 231.56, 250.00, 94, 1410, 1215, 73, P0
2026/07/31 18:21:06.743, 232.38, 250.00, 95, 1410, 1215, 73, P0
2026/07/31 18:21:06.944, 232.01, 250.00, 95, 1410, 1215, 73, P0
2026/07/31 18:21:07.144, 231.19, 250.00, 96, 1410, 1215, 73, P0
2026/07/31 18:21:07.345, 232.55, 250.00, 94, 1410, 1215, 73, P0
2026/07/31 18:21:07.545, 229.45, 250.00, 95, 1410, 1215, 73, P0
2026/07/31 18:21:07.746, 232.40, 250.00, 94, 1410, 1215, 73, P0
2026/07/31 18:21:07.946, 231.10, 250.00, 96, 1410, 1215, 73, P0
2026/07/31 18:21:08.147, 233.54, 250.00, 95, 1410, 1215, 73, P0
2026/07/31 18:21:08.347, 232.10, 250.00, 95, 1410, 1215, 73, P0
2026/07/31 18:21:08.548, 233.44, 250.00, 94, 1410, 1215, 73, P0
2026/07/31 18:21:08.748, 232.85, 250.00, 96, 1410, 1215, 73, P0
2026/07/31 18:21:08.949, 233.90, 250.00, 94, 1410, 1215, 73, P0
2026/07/31 18:21:09.149, 233.73, 250.00, 96, 1410, 1215, 74, P0
2026/07/31 18:21:09.349, 233.26, 250.00, 95, 1410, 1215, 74, P0
2026/07/31 18:21:09.550, 231.76, 250.00, 95, 1410, 1215, 74, P0
2026/07/31 18:21:09.750, 232.25, 250.00, 94, 1410, 1215, 74, P0
2026/07/31 18:21:09.951, 234.02, 250.00, 95, 1410, 1215, 74, P0
2026/07/31 18:21:10.151, 233.56, 250.00, 95, 1410, 1215, 74, P0
2026/07/31 18:21:10.352, 228.21, 250.00, 96, 1410, 1215, 74, P0
2026/07/31 18:21:10.552, 230.78, 250.00, 94, 1410, 1215, 74, P0
2026/07/31 18:21:10.753, 234.37, 250.00, 95, 1410, 1215, 74, P0
2026/07/31 18:21:10.953, 233.36, 250.00, 95, 1410, 1215, 74, P0
2026/07/31 18:21:11.154, 233.85, 250.00, 94, 1410, 1215, 74, P0
2026/07/31 18:21:11.354, 243.42, 250.00, 95, 1410, 1215, 74, P0
2026/07/31 18:21:11.555, 233.81, 250.00, 95, 1410, 1215, 74, P0
2026/07/31 18:21:11.755, 241.67, 250.00, 95, 1410, 1215, 74, P0
2026/07/31 18:21:11.956, 234.57, 250.00, 95, 1410, 1215, 74, P0
2026/07/31 18:21:12.156, 241.73, 250.00, 95, 1410, 1215, 74, P0
2026/07/31 18:21:12.357, 233.42, 250.00, 94, 1410, 1215, 74, P0
2026/07/31 18:21:12.557, 240.24, 250.00, 95, 1410, 1215, 74, P0
2026/07/31 18:21:12.758, 234.73, 250.00, 95, 1410, 1215, 74, P0
2026/07/31 18:21:12.958, 241.86, 250.00, 95, 1410, 1215, 75, P0
2026/07/31 18:21:13.159, 234.52, 250.00, 95, 1410, 1215, 75, P0
2026/07/31 18:21:13.359, 242.24, 250.00, 95, 1410, 1215, 75, P0
2026/07/31 18:21:13.560, 233.56, 250.00, 95, 1410, 1215, 75, P0
2026/07/31 18:21:13.760, 234.24, 250.00, 95, 1410, 1215, 75, P0
2026/07/31 18:21:13.961, 233.96, 250.00, 95, 1410, 1215, 75, P0
2026/07/31 18:21:14.161, 235.55, 250.00, 95, 1410, 1215, 75, P0
2026/07/31 18:21:14.362, 234.39, 250.00, 95, 1410, 1215, 75, P0
2026/07/31 18:21:14.562, 233.30, 250.00, 95, 1410, 1215, 75, P0
2026/07/31 18:21:14.763, 232.74, 250.00, 94, 1410, 1215, 75, P0
2026/07/31 18:21:14.963, 235.85, 250.00, 95, 1410, 1215, 75, P0
2026/07/31 18:21:15.164, 234.16, 250.00, 94, 1410, 1215, 75, P0
2026/07/31 18:21:15.364, 234.79, 250.00, 95, 1410, 1215, 75, P0
2026/07/31 18:21:15.565, 232.13, 250.00, 94, 1410, 1215, 75, P0
2026/07/31 18:21:15.765, 234.16, 250.00, 94, 1410, 1215, 75, P0
2026/07/31 18:21:15.966, 249.31, 250.00, 94, 1410, 1215, 75, P0
2026/07/31 18:21:16.166, 235.56, 250.00, 95, 1410, 1215, 75, P0
2026/07/31 18:21:16.367, 246.29, 250.00, 94, 1410, 1215, 75, P0
2026/07/31 18:21:16.567, 235.20, 250.00, 95, 1410, 1215, 75, P0
2026/07/31 18:21:16.768, 241.96, 250.00, 94, 1410, 1215, 75, P0
2026/07/31 18:21:16.968, 235.38, 250.00, 95, 1410, 1215, 75, P0
2026/07/31 18:21:17.169, 238.12, 250.00, 95, 1410, 1215, 75, P0
2026/07/31 18:21:17.369, 235.67, 250.00, 95, 1410, 1215, 75, P0
2026/07/31 18:21:17.570, 236.25, 250.00, 95, 1410, 1215, 75, P0
2026/07/31 18:21:17.770, 235.96, 250.00, 95, 1410, 1215, 75, P0
2026/07/31 18:21:17.971, 236.34, 250.00, 96, 1410, 1215, 76, P0
2026/07/31 18:21:18.171, 233.88, 250.00, 95, 1410, 1215, 76, P0
2026/07/31 18:21:18.372, 236.05, 250.00, 95, 1410, 1215, 76, P0
2026/07/31 18:21:18.572, 234.37, 250.00, 93, 1410, 1215, 76, P0
2026/07/31 18:21:18.773, 234.84, 250.00, 94, 1410, 1215, 76, P0
2026/07/31 18:21:18.973, 247.98, 250.00, 94, 1410, 1215, 76, P0
2026/07/31 18:21:19.174, 235.50, 250.00, 95, 1410, 1215, 76, P0
2026/07/31 18:21:19.374, 243.50, 250.00, 94, 1410, 1215, 76, P0
2026/07/31 18:21:19.575, 233.39, 250.00, 95, 1410, 1215, 76, P0
2026/07/31 18:21:19.775, 242.76, 250.00, 94, 1410, 1215, 76, P0
2026/07/31 18:21:19.976, 235.88, 250.00, 95, 1410, 1215, 76, P0
2026/07/31 18:21:20.177, 240.04, 250.00, 95, 1410, 1215, 76, P0
2026/07/31 18:21:20.377, 236.19, 250.00, 95, 1410, 1215, 76, P0
2026/07/31 18:21:20.578, 239.96, 250.00, 95, 1410, 1215, 76, P0
2026/07/31 18:21:20.778, 236.62, 250.00, 95, 1410, 1215, 76, P0
2026/07/31 18:21:20.979, 236.48, 250.00, 95, 1410, 1215, 76, P0
2026/07/31 18:21:21.179, 237.68, 250.00, 95, 1410, 1215, 76, P0
2026/07/31 18:21:21.380, 236.18, 250.00, 96, 1410, 1215, 76, P0
2026/07/31 18:21:21.580, 235.98, 250.00, 95, 1410, 1215, 76, P0
2026/07/31 18:21:21.781, 234.68, 250.00, 95, 1410, 1215, 76, P0
2026/07/31 18:21:21.981, 236.91, 250.00, 94, 1410, 1215, 76, P0
2026/07/31 18:21:22.182, 236.53, 250.00, 96, 1410, 1215, 76, P0
2026/07/31 18:21:22.382, 237.90, 250.00, 95, 1410, 1215, 76, P0
2026/07/31 18:21:22.583, 237.62, 250.00, 95, 1410, 1215, 76, P0
2026/07/31 18:21:22.783, 249.19, 250.00, 94, 1410, 1215, 76, P0
2026/07/31 18:21:22.984, 235.83, 250.00, 95, 1410, 1215, 76, P0
2026/07/31 18:21:23.184, 250.20, 250.00, 94, 1410, 1215, 76, P0
2026/07/31 18:21:23.385, 237.39, 250.00, 96, 1410, 1215, 76, P0
2026/07/31 18:21:23.585, 248.64, 250.00, 95, 1410, 1215, 76, P0
2026/07/31 18:21:23.786, 237.09, 250.00, 96, 1410, 1215, 76, P0
2026/07/31 18:21:23.986, 248.99, 250.00, 95, 1410, 1215, 76, P0
2026/07/31 18:21:24.187, 237.04, 250.00, 95, 1410, 1215, 77, P0
2026/07/31 18:21:24.388, 242.85, 250.00, 95, 1410, 1215, 77, P0
2026/07/31 18:21:24.588, 235.34, 250.00, 95, 1410, 1215, 77, P0
2026/07/31 18:21:24.789, 246.18, 250.00, 95, 1410, 1215, 77, P0
2026/07/31 18:21:24.989, 237.16, 250.00, 95, 1410, 1215, 77, P0
2026/07/31 18:21:25.189, 244.76, 250.00, 95, 1410, 1215, 77, P0
2026/07/31 18:21:25.390, 237.62, 250.00, 95, 1410, 1215, 77, P0
2026/07/31 18:21:25.590, 237.35, 250.00, 95, 1410, 1215, 77, P0
2026/07/31 18:21:25.791, 237.24, 250.00, 94, 1410, 1215, 77, P0
2026/07/31 18:21:25.991, 237.90, 250.00, 95, 1410, 1215, 77, P0
2026/07/31 18:21:26.192, 238.28, 250.00, 95, 1410, 1215, 77, P0
2026/07/31 18:21:26.392, 237.24, 250.00, 96, 1410, 1215, 77, P0
2026/07/31 18:21:26.593, 237.80, 250.00, 95, 1410, 1215, 77, P0
2026/07/31 18:21:26.793, 236.95, 250.00, 95, 1410, 1215, 77, P0
2026/07/31 18:21:26.994, 237.47, 250.00, 94, 1410, 1215, 77, P0
2026/07/31 18:21:27.194, 237.98, 250.00, 96, 1410, 1215, 77, P0
2026/07/31 18:21:27.394, 244.26, 250.00, 95, 1410, 1215, 77, P0
2026/07/31 18:21:27.595, 237.55, 250.00, 95, 1410, 1215, 77, P0
2026/07/31 18:21:27.796, 253.58, 250.00, 94, 1410, 1215, 77, P0
2026/07/31 18:21:27.996, 235.14, 250.00, 95, 1410, 1215, 77, P0
2026/07/31 18:21:28.197, 247.85, 250.00, 95, 1410, 1215, 77, P0
2026/07/31 18:21:28.397, 238.17, 250.00, 95, 1410, 1215, 77, P0
2026/07/31 18:21:28.598, 245.26, 250.00, 95, 1410, 1215, 77, P0
2026/07/31 18:21:28.798, 238.48, 250.00, 95, 1410, 1215, 77, P0
2026/07/31 18:21:28.999, 246.88, 250.00, 95, 1410, 1215, 77, P0
2026/07/31 18:21:29.199, 236.86, 250.00, 94, 1410, 1215, 77, P0
2026/07/31 18:21:29.400, 244.61, 250.00, 95, 1410, 1215, 77, P0
2026/07/31 18:21:29.600, 236.87, 250.00, 95, 1410, 1215, 77, P0
2026/07/31 18:21:29.801, 244.10, 250.00, 95, 1410, 1215, 77, P0
2026/07/31 18:21:30.001, 237.14, 250.00, 95, 1410, 1215, 77, P0
2026/07/31 18:21:30.202, 240.25, 250.00, 95, 1410, 1215, 77, P0
2026/07/31 18:21:30.402, 236.88, 250.00, 94, 1410, 1215, 77, P0
2026/07/31 18:21:30.603, 236.95, 250.00, 95, 1410, 1215, 77, P0
2026/07/31 18:21:30.803, 251.65, 250.00, 93, 1410, 1215, 77, P0
2026/07/31 18:21:31.004, 235.59, 250.00, 94, 1410, 1215, 77, P0
2026/07/31 18:21:31.204, 232.68, 250.00, 94, 1410, 1215, 77, P0
2026/07/31 18:21:31.405, 236.84, 250.00, 94, 1410, 1215, 77, P0
2026/07/31 18:21:31.605, 239.70, 250.00, 94, 1410, 1215, 77, P0
2026/07/31 18:21:31.806, 223.81, 250.00, 92, 1410, 1215, 77, P0
2026/07/31 18:21:32.006, 237.43, 250.00, 94, 1410, 1215, 77, P0
2026/07/31 18:21:32.207, 253.36, 250.00, 94, 1410, 1215, 77, P0
2026/07/31 18:21:32.407, 139.76, 250.00, 61, 1410, 1215, 76, P0
2026/07/31 18:21:32.608, 226.56, 250.00, 64, 1410, 1215, 76, P0
2026/07/31 18:21:32.808, 218.92, 250.00, 87, 1410, 1215, 77, P0
2026/07/31 18:21:33.009, 236.93, 250.00, 94, 1410, 1215, 77, P0
2026/07/31 18:21:33.209, 253.62, 250.00, 94, 1410, 1215, 77, P0
2026/07/31 18:21:33.410, 236.07, 250.00, 93, 1410, 1215, 77, P0
2026/07/31 18:21:33.610, 244.66, 250.00, 93, 1410, 1215, 77, P0
2026/07/31 18:21:33.811, 232.30, 250.00, 93, 1410, 1215, 77, P0
2026/07/31 18:21:34.011, 236.02, 250.00, 93, 1410, 1215, 77, P0
2026/07/31 18:21:34.212, 248.42, 250.00, 94, 1410, 1215, 77, P0
2026/07/31 18:21:34.412, 234.43, 250.00, 93, 1410, 1215, 78, P0
2026/07/31 18:21:34.613, 237.48, 250.00, 94, 1410, 1215, 78, P0
2026/07/31 18:21:34.813, 250.48, 250.00, 93, 1410, 1215, 78, P0
2026/07/31 18:21:35.014, 236.08, 250.00, 93, 1410, 1215, 78, P0
2026/07/31 18:21:35.214, 243.17, 250.00, 94, 1410, 1215, 78, P0
2026/07/31 18:21:35.415, 232.62, 250.00, 94, 1410, 1215, 78, P0
2026/07/31 18:21:35.615, 237.81, 250.00, 93, 1410, 1215, 78, P0
2026/07/31 18:21:35.816, 250.68, 250.00, 94, 1410, 1215, 78, P0
2026/07/31 18:21:36.016, 237.32, 250.00, 93, 1410, 1215, 78, P0
2026/07/31 18:21:36.217, 246.28, 250.00, 94, 1410, 1215, 78, P0
2026/07/31 18:21:36.417, 233.02, 250.00, 94, 1410, 1215, 78, P0
2026/07/31 18:21:36.618, 236.60, 250.00, 92, 1410, 1215, 78, P0
2026/07/31 18:21:36.818, 242.70, 250.00, 94, 1410, 1215, 78, P0
2026/07/31 18:21:37.019, 237.00, 250.00, 93, 1410, 1215, 78, P0
2026/07/31 18:21:37.219, 239.41, 250.00, 94, 1410, 1215, 78, P0
2026/07/31 18:21:37.420, 234.50, 250.00, 94, 1410, 1215, 78, P0
2026/07/31 18:21:37.620, 236.30, 250.00, 93, 1410, 1215, 78, P0
2026/07/31 18:21:37.821, 246.38, 250.00, 92, 1410, 1215, 78, P0
2026/07/31 18:21:38.021, 235.56, 250.00, 92, 1410, 1215, 78, P0
2026/07/31 18:21:38.222, 237.93, 250.00, 94, 1410, 1215, 78, P0
2026/07/31 18:21:38.423, 254.60, 250.00, 93, 1410, 1215, 78, P0
2026/07/31 18:21:38.623, 236.94, 250.00, 94, 1410, 1215, 78, P0
2026/07/31 18:21:38.824, 246.71, 250.00, 93, 1410, 1215, 78, P0
2026/07/31 18:21:39.024, 233.41, 250.00, 94, 1410, 1215, 78, P0
2026/07/31 18:21:39.224, 238.58, 250.00, 94, 1410, 1215, 78, P0
2026/07/31 18:21:39.425, 251.07, 250.00, 93, 1410, 1215, 78, P0
2026/07/31 18:21:39.625, 237.25, 250.00, 94, 1410, 1215, 78, P0
2026/07/31 18:21:39.826, 244.92, 250.00, 93, 1410, 1215, 78, P0
2026/07/31 18:21:40.027, 235.30, 250.00, 94, 1410, 1215, 78, P0
2026/07/31 18:21:40.227, 238.28, 250.00, 94, 1410, 1215, 78, P0
2026/07/31 18:21:40.428, 249.51, 250.00, 93, 1410, 1215, 78, P0
2026/07/31 18:21:40.628, 236.50, 250.00, 94, 1410, 1215, 78, P0
2026/07/31 18:21:40.828, 238.02, 250.00, 93, 1410, 1215, 78, P0
2026/07/31 18:21:41.029, 234.14, 250.00, 93, 1410, 1215, 78, P0
2026/07/31 18:21:41.229, 238.10, 250.00, 94, 1410, 1215, 78, P0
2026/07/31 18:21:41.430, 252.57, 250.00, 93, 1410, 1215, 78, P0
2026/07/31 18:21:41.630, 236.56, 250.00, 94, 1410, 1215, 78, P0
2026/07/31 18:21:41.831, 239.34, 250.00, 94, 1410, 1215, 78, P0
2026/07/31 18:21:42.031, 240.04, 250.00, 94, 1410, 1215, 78, P0
2026/07/31 18:21:42.231, 238.02, 250.00, 94, 1410, 1215, 78, P0
2026/07/31 18:21:42.432, 245.88, 250.00, 93, 1410, 1215, 79, P0
2026/07/31 18:21:42.633, 235.98, 250.00, 94, 1410, 1215, 78, P0
2026/07/31 18:21:42.833, 237.87, 250.00, 94, 1410, 1215, 79, P0
2026/07/31 18:21:43.034, 252.21, 250.00, 93, 1410, 1215, 79, P0
2026/07/31 18:21:43.234, 236.96, 250.00, 94, 1410, 1215, 79, P0
2026/07/31 18:21:43.434, 243.83, 250.00, 93, 1410, 1215, 79, P0
2026/07/31 18:21:43.635, 231.10, 250.00, 94, 1410, 1215, 79, P0
2026/07/31 18:21:43.835, 234.49, 250.00, 94, 1410, 1215, 79, P0
2026/07/31 18:21:44.036, 252.67, 250.00, 92, 1410, 1215, 79, P0
2026/07/31 18:21:44.236, 236.55, 250.00, 94, 1410, 1215, 79, P0
2026/07/31 18:21:44.437, 239.54, 250.00, 94, 1410, 1215, 79, P0
2026/07/31 18:21:44.638, 250.39, 250.00, 94, 1410, 1215, 79, P0
2026/07/31 18:21:44.839, 239.05, 250.00, 94, 1410, 1215, 79, P0
2026/07/31 18:21:45.042, 237.71, 250.00, 93, 1410, 1215, 79, P0
2026/07/31 18:21:45.243, 247.08, 250.00, 94, 1410, 1215, 79, P0
2026/07/31 18:21:45.445, 237.49, 250.00, 94, 1410, 1215, 79, P0
2026/07/31 18:21:45.645, 239.72, 250.00, 93, 1410, 1215, 79, P0
2026/07/31 18:21:45.846, 243.53, 250.00, 93, 1410, 1215, 79, P0
2026/07/31 18:21:46.046, 236.94, 250.00, 94, 1410, 1215, 79, P0
2026/07/31 18:21:46.248, 240.21, 250.00, 94, 1410, 1215, 79, P0
2026/07/31 18:21:46.449, 238.60, 250.00, 94, 1410, 1215, 79, P0
2026/07/31 18:21:46.649, 236.65, 250.00, 93, 1410, 1215, 79, P0
2026/07/31 18:21:46.850, 248.85, 250.00, 94, 1410, 1215, 79, P0
2026/07/31 18:21:47.050, 236.63, 250.00, 93, 1410, 1215, 79, P0
2026/07/31 18:21:47.250, 233.51, 250.00, 94, 1395, 1215, 79, P0
2026/07/31 18:21:47.451, 252.20, 250.00, 94, 1410, 1215, 79, P0
2026/07/31 18:21:47.651, 239.44, 250.00, 93, 1410, 1215, 79, P0
2026/07/31 18:21:47.852, 245.94, 250.00, 94, 1410, 1215, 79, P0
2026/07/31 18:21:48.053, 235.40, 250.00, 94, 1410, 1215, 79, P0
2026/07/31 18:21:48.253, 240.51, 250.00, 93, 1410, 1215, 79, P0
2026/07/31 18:21:48.453, 248.38, 250.00, 94, 1410, 1215, 79, P0
2026/07/31 18:21:48.654, 235.77, 250.00, 94, 1410, 1215, 79, P0
2026/07/31 18:21:48.854, 238.60, 250.00, 91, 1410, 1215, 79, P0
2026/07/31 18:21:49.055, 251.52, 250.00, 94, 1410, 1215, 79, P0
2026/07/31 18:21:49.255, 238.59, 250.00, 94, 1410, 1215, 79, P0
2026/07/31 18:21:49.456, 244.92, 250.00, 94, 1410, 1215, 79, P0
2026/07/31 18:21:49.656, 231.84, 250.00, 94, 1410, 1215, 79, P0
2026/07/31 18:21:49.857, 236.93, 250.00, 93, 1410, 1215, 79, P0
2026/07/31 18:21:50.057, 254.87, 250.00, 93, 1410, 1215, 79, P0
2026/07/31 18:21:50.258, 237.05, 250.00, 94, 1410, 1215, 79, P0
2026/07/31 18:21:50.458, 240.35, 250.00, 94, 1410, 1215, 79, P0
2026/07/31 18:21:50.658, 258.43, 250.00, 94, 1410, 1215, 79, P0
2026/07/31 18:21:50.859, 244.78, 250.00, 93, 1410, 1215, 79, P0
2026/07/31 18:21:51.060, 235.71, 250.00, 94, 1410, 1215, 79, P0
2026/07/31 18:21:51.260, 240.32, 250.00, 94, 1410, 1215, 79, P0
2026/07/31 18:21:51.461, 245.86, 250.00, 93, 1410, 1215, 79, P0
2026/07/31 18:21:51.661, 235.51, 250.00, 94, 1410, 1215, 79, P0
2026/07/31 18:21:51.862, 240.52, 250.00, 93, 1410, 1215, 79, P0
2026/07/31 18:21:52.062, 253.36, 250.00, 93, 1410, 1215, 79, P0
2026/07/31 18:21:52.262, 239.88, 250.00, 94, 1410, 1215, 79, P0
2026/07/31 18:21:52.463, 243.20, 250.00, 93, 1410, 1215, 79, P0
2026/07/31 18:21:52.663, 231.13, 250.00, 94, 1410, 1215, 79, P0
2026/07/31 18:21:52.864, 239.16, 250.00, 94, 1410, 1215, 80, P0
2026/07/31 18:21:53.064, 248.24, 250.00, 92, 1410, 1215, 80, P0
2026/07/31 18:21:53.265, 237.62, 250.00, 94, 1410, 1215, 80, P0
2026/07/31 18:21:53.465, 240.13, 250.00, 94, 1410, 1215, 80, P0
2026/07/31 18:21:53.666, 238.18, 250.00, 93, 1410, 1215, 80, P0
2026/07/31 18:21:53.888, 243.19, 250.00, 94, 1410, 1215, 80, P0
2026/07/31 18:21:54.088, 248.53, 250.00, 93, 1410, 1215, 80, P0
2026/07/31 18:21:54.289, 238.76, 250.00, 94, 1410, 1215, 80, P0
2026/07/31 18:21:54.489, 234.99, 250.00, 94, 1410, 1215, 80, P0
2026/07/31 18:21:54.690, 246.89, 250.00, 94, 1410, 1215, 80, P0
2026/07/31 18:21:54.890, 239.59, 250.00, 93, 1395, 1215, 80, P0
2026/07/31 18:21:55.091, 244.29, 250.00, 94, 1410, 1215, 80, P0
2026/07/31 18:21:55.291, 254.34, 250.00, 94, 1410, 1215, 80, P0
2026/07/31 18:21:55.492, 242.57, 250.00, 94, 1410, 1215, 80, P0
2026/07/31 18:21:55.692, 250.82, 250.00, 93, 1410, 1215, 80, P0
2026/07/31 18:21:55.893, 237.38, 250.00, 94, 1410, 1215, 80, P0
2026/07/31 18:21:56.093, 235.17, 250.00, 94, 1410, 1215, 80, P0
2026/07/31 18:21:56.294, 239.47, 250.00, 93, 1395, 1215, 80, P0
2026/07/31 18:21:56.494, 241.79, 250.00, 94, 1410, 1215, 80, P0
2026/07/31 18:21:56.694, 245.32, 250.00, 94, 1410, 1215, 80, P0
2026/07/31 18:21:56.895, 232.82, 250.00, 94, 1410, 1215, 80, P0
2026/07/31 18:21:57.095, 237.91, 250.00, 94, 1395, 1215, 80, P0
2026/07/31 18:21:57.296, 250.47, 250.00, 93, 1410, 1215, 80, P0
2026/07/31 18:21:57.496, 240.44, 250.00, 94, 1410, 1215, 80, P0
2026/07/31 18:21:57.697, 242.94, 250.00, 94, 1410, 1215, 80, P0
2026/07/31 18:21:57.897, 253.58, 250.00, 93, 1395, 1215, 80, P0
2026/07/31 18:21:58.098, 242.06, 250.00, 94, 1410, 1215, 80, P0
2026/07/31 18:21:58.299, 244.31, 250.00, 94, 1410, 1215, 80, P0
2026/07/31 18:21:58.517, 245.75, 250.00, 93, 1410, 1215, 80, P0
2026/07/31 18:21:58.718, 240.45, 250.00, 94, 1410, 1215, 80, P0
2026/07/31 18:21:58.918, 251.25, 250.00, 93, 1410, 1215, 80, P0
2026/07/31 18:21:59.119, 238.42, 250.00, 94, 1410, 1215, 80, P0
2026/07/31 18:21:59.319, 239.58, 250.00, 94, 1410, 1215, 80, P0
2026/07/31 18:21:59.520, 248.76, 250.00, 94, 1395, 1215, 80, P0
2026/07/31 18:21:59.720, 241.79, 250.00, 94, 1410, 1215, 80, P0
2026/07/31 18:21:59.921, 244.61, 250.00, 94, 1410, 1215, 80, P0
2026/07/31 18:22:00.121, 245.63, 250.00, 93, 1410, 1215, 80, P0
2026/07/31 18:22:00.322, 233.87, 250.00, 94, 1395, 1215, 80, P0
2026/07/31 18:22:00.522, 252.69, 250.00, 93, 1410, 1215, 80, P0
2026/07/31 18:22:00.723, 230.44, 250.00, 94, 1410, 1215, 80, P0
2026/07/31 18:22:00.923, 243.27, 250.00, 93, 1410, 1215, 80, P0
2026/07/31 18:22:01.124, 243.34, 250.00, 92, 1395, 1215, 80, P0
2026/07/31 18:22:01.324, 244.77, 250.00, 94, 1395, 1215, 80, P0
2026/07/31 18:22:01.525, 239.87, 250.00, 94, 1410, 1215, 80, P0
2026/07/31 18:22:01.725, 246.51, 250.00, 93, 1395, 1215, 80, P0
2026/07/31 18:22:01.926, 242.64, 250.00, 94, 1410, 1215, 80, P0
2026/07/31 18:22:02.126, 243.95, 250.00, 93, 1410, 1215, 80, P0
2026/07/31 18:22:02.326, 263.53, 250.00, 93, 1410, 1215, 80, P0
2026/07/31 18:22:02.527, 235.17, 250.00, 94, 1395, 1215, 80, P0
2026/07/31 18:22:02.728, 251.31, 250.00, 93, 1410, 1215, 80, P0
2026/07/31 18:22:02.928, 243.44, 250.00, 94, 1410, 1215, 80, P0
2026/07/31 18:22:03.129, 240.81, 250.00, 94, 1410, 1215, 80, P0
2026/07/31 18:22:03.329, 241.33, 250.00, 93, 1395, 1215, 80, P0
2026/07/31 18:22:03.530, 243.14, 250.00, 94, 1410, 1215, 80, P0
2026/07/31 18:22:03.730, 244.89, 250.00, 94, 1410, 1215, 81, P0
2026/07/31 18:22:03.931, 250.87, 250.00, 93, 1410, 1215, 80, P0
2026/07/31 18:22:04.131, 243.07, 250.00, 94, 1410, 1215, 81, P0
2026/07/31 18:22:04.331, 246.02, 250.00, 93, 1410, 1215, 81, P0
2026/07/31 18:22:04.532, 240.42, 250.00, 94, 1410, 1215, 81, P0
2026/07/31 18:22:04.733, 233.33, 250.00, 94, 1395, 1215, 80, P0
2026/07/31 18:22:04.933, 251.84, 250.00, 92, 1410, 1215, 81, P0
2026/07/31 18:22:05.133, 237.15, 250.00, 94, 1410, 1215, 81, P0
2026/07/31 18:22:05.334, 240.34, 250.00, 94, 1410, 1215, 80, P0
2026/07/31 18:22:05.534, 244.68, 250.00, 93, 1395, 1215, 81, P0
2026/07/31 18:22:05.735, 240.91, 250.00, 94, 1410, 1215, 81, P0
2026/07/31 18:22:05.936, 249.23, 250.00, 94, 1410, 1215, 81, P0
2026/07/31 18:22:06.136, 242.06, 250.00, 93, 1410, 1215, 81, P0
2026/07/31 18:22:06.336, 246.33, 250.00, 94, 1395, 1215, 81, P0
2026/07/31 18:22:06.537, 241.42, 250.00, 94, 1395, 1215, 81, P0
2026/07/31 18:22:06.737, 234.09, 250.00, 94, 1410, 1215, 81, P0
2026/07/31 18:22:06.938, 251.56, 250.00, 94, 1395, 1215, 81, P0
2026/07/31 18:22:07.139, 240.45, 250.00, 93, 1395, 1215, 81, P0
2026/07/31 18:22:07.339, 244.98, 250.00, 94, 1410, 1215, 81, P0
2026/07/31 18:22:07.539, 250.00, 250.00, 94, 1410, 1215, 81, P0
2026/07/31 18:22:07.740, 241.05, 250.00, 94, 1410, 1215, 81, P0
2026/07/31 18:22:07.940, 246.37, 250.00, 94, 1410, 1215, 81, P0
2026/07/31 18:22:08.142, 240.34, 250.00, 93, 1395, 1215, 81, P0
2026/07/31 18:22:08.346, 236.73, 250.00, 93, 1410, 1215, 81, P0
2026/07/31 18:22:08.547, 234.71, 250.00, 93, 1410, 1215, 81, P0
2026/07/31 18:22:08.748, 243.21, 250.00, 94, 1395, 1215, 81, P0
2026/07/31 18:22:08.950, 233.98, 250.00, 94, 1395, 1215, 81, P0
2026/07/31 18:22:09.150, 243.72, 250.00, 93, 1410, 1215, 81, P0
2026/07/31 18:22:09.351, 245.77, 250.00, 94, 1410, 1215, 81, P0
2026/07/31 18:22:09.551, 238.80, 250.00, 94, 1395, 1215, 81, P0
2026/07/31 18:22:09.752, 249.46, 250.00, 93, 1395, 1215, 81, P0
2026/07/31 18:22:09.952, 236.09, 250.00, 94, 1410, 1215, 81, P0
2026/07/31 18:22:10.153, 237.72, 250.00, 93, 1410, 1215, 81, P0
2026/07/31 18:22:10.353, 249.85, 250.00, 94, 1410, 1215, 81, P0
2026/07/31 18:22:10.554, 239.85, 250.00, 94, 1395, 1215, 81, P0
2026/07/31 18:22:10.755, 244.15, 250.00, 94, 1410, 1215, 81, P0
2026/07/31 18:22:10.955, 244.46, 250.00, 94, 1410, 1215, 81, P0
2026/07/31 18:22:11.156, 235.47, 250.00, 94, 1410, 1215, 81, P0
2026/07/31 18:22:11.357, 245.72, 250.00, 94, 1410, 1215, 81, P0
2026/07/31 18:22:11.557, 239.93, 250.00, 94, 1395, 1215, 81, P0
2026/07/31 18:22:11.758, 239.72, 250.00, 94, 1410, 1215, 81, P0
2026/07/31 18:22:11.959, 245.28, 250.00, 93, 1395, 1215, 81, P0
2026/07/31 18:22:12.160, 242.02, 250.00, 94, 1395, 1215, 81, P0
2026/07/31 18:22:12.360, 245.40, 250.00, 93, 1395, 1215, 81, P0
2026/07/31 18:22:12.561, 258.89, 250.00, 94, 1410, 1215, 81, P0
2026/07/31 18:22:12.761, 234.70, 250.00, 94, 1410, 1215, 81, P0
2026/07/31 18:22:12.962, 245.06, 250.00, 94, 1410, 1215, 81, P0
2026/07/31 18:22:13.162, 246.11, 250.00, 93, 1410, 1215, 81, P0
2026/07/31 18:22:13.363, 243.98, 250.00, 94, 1410, 1215, 81, P0
2026/07/31 18:22:13.563, 241.75, 250.00, 94, 1395, 1215, 81, P0
2026/07/31 18:22:13.764, 235.53, 250.00, 94, 1410, 1215, 81, P0
2026/07/31 18:22:13.964, 239.26, 250.00, 94, 1410, 1215, 81, P0
2026/07/31 18:22:14.165, 247.06, 250.00, 93, 1395, 1215, 81, P0
2026/07/31 18:22:14.365, 236.81, 250.00, 94, 1410, 1215, 81, P0
2026/07/31 18:22:14.565, 245.86, 250.00, 94, 1410, 1215, 81, P0
2026/07/31 18:22:14.766, 240.48, 250.00, 93, 1410, 1215, 80, P0
2026/07/31 18:22:14.967, 239.34, 250.00, 94, 1395, 1215, 81, P0
2026/07/31 18:22:15.167, 244.74, 250.00, 94, 1410, 1215, 81, P0
2026/07/31 18:22:15.368, 263.18, 250.00, 93, 1410, 1215, 81, P0
2026/07/31 18:22:15.568, 233.60, 250.00, 94, 1395, 1215, 80, P0
2026/07/31 18:22:15.769, 246.86, 250.00, 94, 1395, 1215, 81, P0
2026/07/31 18:22:15.969, 241.64, 250.00, 93, 1410, 1215, 81, P0
2026/07/31 18:22:16.170, 238.46, 250.00, 94, 1410, 1215, 80, P0
2026/07/31 18:22:16.370, 253.46, 250.00, 93, 1410, 1215, 81, P0
2026/07/31 18:22:16.571, 240.05, 250.00, 94, 1410, 1215, 81, P0
2026/07/31 18:22:16.771, 239.15, 250.00, 94, 1410, 1215, 80, P0
2026/07/31 18:22:16.972, 257.73, 250.00, 92, 1410, 1215, 80, P0
2026/07/31 18:22:17.172, 231.85, 250.00, 94, 1395, 1215, 80, P0
2026/07/31 18:22:17.373, 244.86, 250.00, 94, 1410, 1215, 80, P0
2026/07/31 18:22:17.573, 251.29, 250.00, 93, 1410, 1215, 80, P0
2026/07/31 18:22:17.774, 233.06, 250.00, 94, 1395, 1215, 80, P0
2026/07/31 18:22:17.974, 244.37, 250.00, 94, 1410, 1215, 80, P0
2026/07/31 18:22:18.175, 244.42, 250.00, 93, 1410, 1215, 80, P0
2026/07/31 18:22:18.375, 237.79, 250.00, 94, 1410, 1215, 80, P0
2026/07/31 18:22:18.575, 259.45, 250.00, 93, 1410, 1215, 80, P0
2026/07/31 18:22:18.776, 233.77, 250.00, 93, 1410, 1215, 80, P0
2026/07/31 18:22:18.976, 245.69, 250.00, 94, 1395, 1215, 80, P0
2026/07/31 18:22:19.177, 244.72, 250.00, 94, 1410, 1215, 80, P0
2026/07/31 18:22:19.377, 243.51, 250.00, 93, 1410, 1215, 80, P0
2026/07/31 18:22:19.578, 249.85, 250.00, 94, 1410, 1215, 80, P0
2026/07/31 18:22:19.778, 240.33, 250.00, 94, 1395, 1215, 80, P0
2026/07/31 18:22:19.979, 244.26, 250.00, 94, 1410, 1215, 80, P0
2026/07/31 18:22:20.179, 247.95, 250.00, 94, 1410, 1215, 80, P0
2026/07/31 18:22:20.380, 241.48, 250.00, 93, 1395, 1215, 80, P0
2026/07/31 18:22:20.580, 244.34, 250.00, 94, 1410, 1215, 80, P0
2026/07/31 18:22:20.781, 236.64, 250.00, 94, 1410, 1215, 80, P0
2026/07/31 18:22:20.981, 231.94, 250.00, 93, 1410, 1215, 80, P0
2026/07/31 18:22:21.181, 245.29, 250.00, 94, 1395, 1215, 80, P0
2026/07/31 18:22:21.382, 253.69, 250.00, 94, 1410, 1215, 80, P0
2026/07/31 18:22:21.582, 239.31, 250.00, 92, 1410, 1215, 80, P0
2026/07/31 18:22:21.783, 247.36, 250.00, 94, 1410, 1215, 80, P0
2026/07/31 18:22:21.983, 250.24, 250.00, 94, 1410, 1215, 80, P0
2026/07/31 18:22:22.184, 234.85, 250.00, 93, 1410, 1215, 80, P0
2026/07/31 18:22:22.384, 245.68, 250.00, 94, 1395, 1215, 80, P0
2026/07/31 18:22:22.585, 255.99, 250.00, 94, 1410, 1215, 80, P0
2026/07/31 18:22:22.785, 236.85, 250.00, 93, 1410, 1215, 80, P0
2026/07/31 18:22:22.986, 245.88, 250.00, 94, 1395, 1215, 80, P0
2026/07/31 18:22:23.186, 240.05, 250.00, 94, 1395, 1215, 80, P0
2026/07/31 18:22:23.387, 242.82, 250.00, 94, 1410, 1215, 80, P0
2026/07/31 18:22:23.588, 245.03, 250.00, 94, 1410, 1215, 80, P0
2026/07/31 18:22:23.788, 244.41, 250.00, 94, 1410, 1215, 80, P0
2026/07/31 18:22:23.989, 243.76, 250.00, 94, 1410, 1215, 80, P0
2026/07/31 18:22:24.189, 238.08, 250.00, 94, 1410, 1215, 80, P0
2026/07/31 18:22:24.390, 230.17, 250.00, 94, 1410, 1215, 80, P0
2026/07/31 18:22:24.590, 241.14, 250.00, 94, 1410, 1215, 80, P0
2026/07/31 18:22:24.791, 253.40, 250.00, 94, 1410, 1215, 80, P0
2026/07/31 18:22:24.991, 231.82, 250.00, 93, 1410, 1215, 80, P0
2026/07/31 18:22:25.192, 244.35, 250.00, 94, 1410, 1215, 80, P0
2026/07/31 18:22:25.392, 245.21, 250.00, 94, 1410, 1215, 80, P0
2026/07/31 18:22:25.593, 242.82, 250.00, 93, 1410, 1215, 80, P0
2026/07/31 18:22:25.793, 244.54, 250.00, 94, 1410, 1215, 80, P0
2026/07/31 18:22:25.993, 250.62, 250.00, 94, 1410, 1215, 80, P0
2026/07/31 18:22:26.194, 242.24, 250.00, 93, 1395, 1215, 80, P0
2026/07/31 18:22:26.394, 247.74, 250.00, 94, 1410, 1215, 80, P0
2026/07/31 18:22:26.595, 251.18, 250.00, 93, 1410, 1215, 80, P0
2026/07/31 18:22:26.796, 238.60, 250.00, 93, 1395, 1215, 80, P0
2026/07/31 18:22:26.996, 244.35, 250.00, 94, 1410, 1215, 80, P0
2026/07/31 18:22:27.196, 250.27, 250.00, 94, 1410, 1215, 80, P0
2026/07/31 18:22:27.397, 233.33, 250.00, 93, 1395, 1215, 80, P0
2026/07/31 18:22:27.597, 244.27, 250.00, 94, 1410, 1215, 80, P0
2026/07/31 18:22:27.798, 252.16, 250.00, 94, 1410, 1215, 80, P0
2026/07/31 18:22:27.998, 231.81, 250.00, 93, 1395, 1215, 80, P0
2026/07/31 18:22:28.199, 244.64, 250.00, 94, 1395, 1215, 80, P0
2026/07/31 18:22:28.399, 260.90, 250.00, 94, 1410, 1215, 80, P0
2026/07/31 18:22:28.600, 241.67, 250.00, 94, 1410, 1215, 80, P0
2026/07/31 18:22:28.800, 245.75, 250.00, 94, 1395, 1215, 80, P0
2026/07/31 18:22:29.001, 257.92, 250.00, 94, 1410, 1215, 80, P0
2026/07/31 18:22:29.201, 233.39, 250.00, 94, 1410, 1215, 80, P0
2026/07/31 18:22:29.402, 237.11, 250.00, 94, 1395, 1215, 80, P0
2026/07/31 18:22:29.603, 252.74, 250.00, 93, 1410, 1215, 80, P0
2026/07/31 18:22:29.803, 235.26, 250.00, 93, 1410, 1215, 80, P0
2026/07/31 18:22:30.003, 253.86, 250.00, 92, 1245, 1215, 82, P0
2026/07/31 18:22:30.204, 244.73, 250.00, 100, 1245, 1215, 83, P0
2026/07/31 18:22:30.404, 252.98, 250.00, 96, 1260, 1215, 83, P0
2026/07/31 18:22:30.605, 238.07, 250.00, 100, 1245, 1215, 83, P0
2026/07/31 18:22:30.805, 218.33, 250.00, 100, 1350, 1215, 82, P0
2026/07/31 18:22:31.006, 256.57, 250.00, 95, 1260, 1215, 83, P0
2026/07/31 18:22:31.206, 256.83, 250.00, 100, 1260, 1215, 84, P0
2026/07/31 18:22:31.407, 245.40, 250.00, 95, 1260, 1215, 84, P0
2026/07/31 18:22:31.607, 248.49, 250.00, 100, 1245, 1215, 84, P0
2026/07/31 18:22:31.807, 203.75, 250.00, 100, 1320, 1215, 82, P0
2026/07/31 18:22:32.008, 246.01, 250.00, 94, 1410, 1215, 80, P0
2026/07/31 18:22:32.208, 231.53, 250.00, 93, 1410, 1215, 80, P0
2026/07/31 18:22:32.409, 251.89, 250.00, 94, 1410, 1215, 80, P0
2026/07/31 18:22:32.610, 241.47, 250.00, 93, 1410, 1215, 80, P0
2026/07/31 18:22:32.810, 251.86, 250.00, 94, 1410, 1215, 80, P0
2026/07/31 18:22:33.010, 241.37, 250.00, 94, 1410, 1215, 80, P0
2026/07/31 18:22:33.211, 243.49, 250.00, 94, 1410, 1215, 80, P0
2026/07/31 18:22:33.411, 232.15, 250.00, 94, 1410, 1215, 80, P0
2026/07/31 18:22:33.612, 235.96, 250.00, 93, 1410, 1215, 79, P0
2026/07/31 18:22:33.812, 240.67, 250.00, 93, 1395, 1215, 80, P0
2026/07/31 18:22:34.013, 239.99, 250.00, 93, 1410, 1215, 80, P0
2026/07/31 18:22:34.213, 252.17, 250.00, 93, 1410, 1215, 80, P0
2026/07/31 18:22:34.414, 240.67, 250.00, 94, 1410, 1215, 80, P0
2026/07/31 18:22:34.614, 243.18, 250.00, 93, 1410, 1215, 80, P0
2026/07/31 18:22:34.815, 234.73, 250.00, 94, 1410, 1215, 80, P0
2026/07/31 18:22:35.015, 242.69, 250.00, 93, 1410, 1215, 80, P0
2026/07/31 18:22:35.216, 255.32, 250.00, 94, 1395, 1215, 80, P0
2026/07/31 18:22:35.416, 241.23, 250.00, 94, 1410, 1215, 79, P0
2026/07/31 18:22:35.617, 242.69, 250.00, 92, 1410, 1215, 79, P0
2026/07/31 18:22:35.817, 238.21, 250.00, 94, 1395, 1215, 79, P0
2026/07/31 18:22:36.018, 241.21, 250.00, 93, 1395, 1215, 79, P0
2026/07/31 18:22:36.218, 263.38, 250.00, 94, 1410, 1215, 79, P0
2026/07/31 18:22:36.419, 241.46, 250.00, 94, 1410, 1215, 79, P0
2026/07/31 18:22:36.619, 251.03, 250.00, 94, 1410, 1215, 79, P0
2026/07/31 18:22:36.820, 229.42, 250.00, 94, 1410, 1215, 79, P0
2026/07/31 18:22:37.020, 242.27, 250.00, 92, 1410, 1215, 79, P0
2026/07/31 18:22:37.221, 241.97, 250.00, 94, 1410, 1215, 79, P0
2026/07/31 18:22:37.421, 242.85, 250.00, 93, 1395, 1215, 79, P0
2026/07/31 18:22:37.622, 247.91, 250.00, 94, 1410, 1215, 79, P0
2026/07/31 18:22:37.822, 240.32, 250.00, 94, 1410, 1215, 79, P0
2026/07/31 18:22:38.023, 249.57, 250.00, 93, 1410, 1215, 79, P0
2026/07/31 18:22:38.223, 239.90, 250.00, 94, 1410, 1215, 79, P0
2026/07/31 18:22:38.424, 242.53, 250.00, 91, 1410, 1215, 79, P0
2026/07/31 18:22:38.624, 247.22, 250.00, 93, 1410, 1215, 79, P0
2026/07/31 18:22:38.825, 240.98, 250.00, 94, 1410, 1215, 79, P0
2026/07/31 18:22:39.025, 238.43, 250.00, 93, 1410, 1215, 79, P0
2026/07/31 18:22:39.226, 239.54, 250.00, 94, 1410, 1215, 79, P0
2026/07/31 18:22:39.426, 242.48, 250.00, 93, 1395, 1215, 79, P0
2026/07/31 18:22:39.627, 259.36, 250.00, 93, 1410, 1215, 79, P0
2026/07/31 18:22:39.827, 239.85, 250.00, 94, 1410, 1215, 79, P0
2026/07/31 18:22:40.028, 251.67, 250.00, 94, 1410, 1215, 79, P0
2026/07/31 18:22:40.228, 239.15, 250.00, 93, 1410, 1215, 79, P0
2026/07/31 18:22:40.429, 243.43, 250.00, 94, 1410, 1215, 79, P0
2026/07/31 18:22:40.629, 241.02, 250.00, 93, 1395, 1215, 79, P0
2026/07/31 18:22:40.830, 242.60, 250.00, 94, 1410, 1215, 79, P0
2026/07/31 18:22:41.030, 250.97, 250.00, 93, 1410, 1215, 79, P0
2026/07/31 18:22:41.231, 240.64, 250.00, 94, 1410, 1215, 79, P0
2026/07/31 18:22:41.431, 245.87, 250.00, 94, 1410, 1215, 79, P0
2026/07/31 18:22:41.631, 237.99, 250.00, 93, 1410, 1215, 79, P0
2026/07/31 18:22:41.832, 242.96, 250.00, 94, 1395, 1215, 79, P0
2026/07/31 18:22:42.033, 257.92, 250.00, 93, 1410, 1215, 79, P0
2026/07/31 18:22:42.233, 241.14, 250.00, 94, 1410, 1215, 79, P0
2026/07/31 18:22:42.434, 243.18, 250.00, 94, 1410, 1215, 79, P0
2026/07/31 18:22:42.634, 239.78, 250.00, 94, 1410, 1215, 79, P0
2026/07/31 18:22:42.835, 242.33, 250.00, 94, 1410, 1215, 79, P0
2026/07/31 18:22:43.035, 251.73, 250.00, 93, 1410, 1215, 79, P0
2026/07/31 18:22:43.236, 241.48, 250.00, 94, 1410, 1215, 79, P0
2026/07/31 18:22:43.436, 255.12, 250.00, 93, 1410, 1215, 79, P0
2026/07/31 18:22:43.637, 231.77, 250.00, 93, 1410, 1215, 79, P0
2026/07/31 18:22:43.837, 238.05, 250.00, 94, 1410, 1215, 79, P0
2026/07/31 18:22:44.038, 239.74, 250.00, 93, 1410, 1215, 79, P0
2026/07/31 18:22:44.238, 241.94, 250.00, 94, 1410, 1215, 79, P0
2026/07/31 18:22:44.439, 251.31, 250.00, 94, 1410, 1215, 79, P0
2026/07/31 18:22:44.639, 238.37, 250.00, 93, 1410, 1215, 79, P0
2026/07/31 18:22:44.840, 242.32, 250.00, 93, 1410, 1215, 79, P0
2026/07/31 18:22:45.040, 251.87, 250.00, 93, 1410, 1215, 79, P0
2026/07/31 18:22:45.240, 241.24, 250.00, 94, 1410, 1215, 79, P0
2026/07/31 18:22:45.441, 249.84, 250.00, 94, 1410, 1215, 79, P0
2026/07/31 18:22:45.641, 240.39, 250.00, 94, 1410, 1215, 79, P0
2026/07/31 18:22:45.842, 233.73, 250.00, 94, 1395, 1215, 79, P0
2026/07/31 18:22:46.043, 236.97, 250.00, 93, 1410, 1215, 79, P0
2026/07/31 18:22:46.243, 241.04, 250.00, 94, 1410, 1215, 79, P0
2026/07/31 18:22:46.443, 255.43, 250.00, 94, 1410, 1215, 79, P0
2026/07/31 18:22:46.644, 241.25, 250.00, 94, 1410, 1215, 79, P0
2026/07/31 18:22:46.844, 248.72, 250.00, 94, 1410, 1215, 79, P0
2026/07/31 18:22:47.045, 237.50, 250.00, 93, 1410, 1215, 79, P0
2026/07/31 18:22:47.245, 234.99, 250.00, 94, 1395, 1215, 79, P0
2026/07/31 18:22:47.446, 256.65, 250.00, 93, 1410, 1215, 79, P0
2026/07/31 18:22:47.646, 240.75, 250.00, 93, 1410, 1215, 79, P0
2026/07/31 18:22:47.847, 249.04, 250.00, 94, 1410, 1215, 79, P0
2026/07/31 18:22:48.047, 238.25, 250.00, 93, 1410, 1215, 79, P0
2026/07/31 18:22:48.248, 241.92, 250.00, 94, 1410, 1215, 79, P0
2026/07/31 18:22:48.448, 257.82, 250.00, 93, 1410, 1215, 79, P0
2026/07/31 18:22:48.649, 241.17, 250.00, 94, 1410, 1215, 79, P0
2026/07/31 18:22:48.851, 237.81, 250.00, 94, 1410, 1215, 79, P0
2026/07/31 18:22:49.054, 239.92, 250.00, 93, 1410, 1215, 79, P0
2026/07/31 18:22:49.254, 234.99, 250.00, 94, 1410, 1215, 79, P0
2026/07/31 18:22:49.455, 255.80, 250.00, 93, 1410, 1215, 79, P0
2026/07/31 18:22:49.657, 241.34, 250.00, 94, 1410, 1215, 79, P0
2026/07/31 18:22:49.857, 254.16, 250.00, 94, 1410, 1215, 79, P0
2026/07/31 18:22:50.057, 230.91, 250.00, 93, 1410, 1215, 79, P0
2026/07/31 18:22:50.258, 242.98, 250.00, 94, 1410, 1215, 79, P0
2026/07/31 18:22:50.458, 250.96, 250.00, 93, 1410, 1215, 79, P0
2026/07/31 18:22:50.659, 240.11, 250.00, 94, 1410, 1215, 79, P0
2026/07/31 18:22:50.859, 250.69, 250.00, 94, 1410, 1215, 79, P0
2026/07/31 18:22:51.060, 239.90, 250.00, 93, 1410, 1215, 79, P0
2026/07/31 18:22:51.260, 235.75, 250.00, 94, 1410, 1215, 79, P0
2026/07/31 18:22:51.461, 256.58, 250.00, 93, 1395, 1215, 79, P0
2026/07/31 18:22:51.661, 237.70, 250.00, 94, 1410, 1215, 79, P0
2026/07/31 18:22:51.862, 249.48, 250.00, 94, 1410, 1215, 79, P0
2026/07/31 18:22:52.062, 233.33, 250.00, 93, 1410, 1215, 79, P0
2026/07/31 18:22:52.263, 242.32, 250.00, 94, 1410, 1215, 79, P0
2026/07/31 18:22:52.463, 257.62, 250.00, 93, 1410, 1215, 79, P0
2026/07/31 18:22:52.664, 240.10, 250.00, 94, 1410, 1215, 79, P0
2026/07/31 18:22:52.864, 248.22, 250.00, 94, 1410, 1215, 79, P0
2026/07/31 18:22:53.065, 240.23, 250.00, 94, 1410, 1215, 79, P0
2026/07/31 18:22:53.266, 241.36, 250.00, 94, 1410, 1215, 79, P0
2026/07/31 18:22:53.466, 253.04, 250.00, 93, 1395, 1215, 79, P0
2026/07/31 18:22:53.667, 243.91, 250.00, 93, 1395, 1215, 79, P0
2026/07/31 18:22:53.867, 245.91, 250.00, 94, 1410, 1215, 79, P0
2026/07/31 18:22:54.068, 243.00, 250.00, 95, 1410, 1215, 79, P0
2026/07/31 18:22:54.268, 247.94, 250.00, 95, 1410, 1215, 79, P0
2026/07/31 18:22:54.468, 239.83, 250.00, 94, 1410, 1215, 79, P0
2026/07/31 18:22:54.669, 239.47, 250.00, 95, 1410, 1215, 79, P0
2026/07/31 18:22:54.869, 231.57, 250.00, 95, 1410, 1215, 79, P0
2026/07/31 18:22:55.070, 243.66, 250.00, 95, 1410, 1215, 79, P0
2026/07/31 18:22:55.270, 241.20, 250.00, 95, 1410, 1215, 79, P0
2026/07/31 18:22:55.471, 243.79, 250.00, 96, 1410, 1215, 79, P0
2026/07/31 18:22:55.671, 247.23, 250.00, 94, 1410, 1215, 79, P0
2026/07/31 18:22:55.872, 243.21, 250.00, 96, 1410, 1215, 79, P0
2026/07/31 18:22:56.072, 245.89, 250.00, 95, 1410, 1215, 79, P0
2026/07/31 18:22:56.273, 237.52, 250.00, 95, 1395, 1215, 79, P0
2026/07/31 18:22:56.473, 259.41, 250.00, 95, 1410, 1215, 79, P0
2026/07/31 18:22:56.674, 242.44, 250.00, 94, 1395, 1215, 79, P0
2026/07/31 18:22:56.874, 250.78, 250.00, 95, 1410, 1215, 79, P0
2026/07/31 18:22:57.075, 243.56, 250.00, 95, 1410, 1215, 79, P0
2026/07/31 18:22:57.275, 256.48, 250.00, 95, 1395, 1215, 79, P0
2026/07/31 18:22:57.476, 243.11, 250.00, 95, 1410, 1215, 79, P0
2026/07/31 18:22:57.676, 250.65, 250.00, 96, 1410, 1215, 79, P0
2026/07/31 18:22:57.877, 241.96, 250.00, 95, 1410, 1215, 79, P0
2026/07/31 18:22:58.077, 246.00, 250.00, 95, 1410, 1215, 79, P0
2026/07/31 18:22:58.278, 242.52, 250.00, 95, 1410, 1215, 79, P0
2026/07/31 18:22:58.478, 243.35, 250.00, 96, 1410, 1215, 79, P0
2026/07/31 18:22:58.679, 244.40, 250.00, 95, 1410, 1215, 79, P0
2026/07/31 18:22:58.879, 243.30, 250.00, 96, 1410, 1215, 79, P0
2026/07/31 18:22:59.080, 232.09, 250.00, 95, 1410, 1215, 79, P0
2026/07/31 18:22:59.280, 233.54, 250.00, 95, 1410, 1215, 79, P0
2026/07/31 18:22:59.481, 242.56, 250.00, 95, 1410, 1215, 79, P0
2026/07/31 18:22:59.682, 242.89, 250.00, 95, 1410, 1215, 79, P0
2026/07/31 18:22:59.882, 250.46, 250.00, 95, 1395, 1215, 79, P0
2026/07/31 18:23:00.083, 242.69, 250.00, 95, 1395, 1215, 79, P0
2026/07/31 18:23:00.283, 254.25, 250.00, 95, 1410, 1215, 79, P0
2026/07/31 18:23:00.483, 240.72, 250.00, 95, 1410, 1215, 79, P0
2026/07/31 18:23:00.684, 250.24, 250.00, 95, 1410, 1215, 79, P0
2026/07/31 18:23:00.884, 242.02, 250.00, 94, 1410, 1215, 79, P0
2026/07/31 18:23:01.085, 239.70, 250.00, 95, 1410, 1215, 79, P0
2026/07/31 18:23:01.286, 241.12, 250.00, 94, 1410, 1215, 79, P0
2026/07/31 18:23:01.486, 242.44, 250.00, 96, 1410, 1215, 79, P0
2026/07/31 18:23:01.686, 247.60, 250.00, 94, 1410, 1215, 79, P0
2026/07/31 18:23:01.887, 243.65, 250.00, 95, 1410, 1215, 79, P0
2026/07/31 18:23:02.087, 249.45, 250.00, 95, 1395, 1215, 79, P0
2026/07/31 18:23:02.288, 237.49, 250.00, 95, 1395, 1215, 79, P0
2026/07/31 18:23:02.488, 253.45, 250.00, 95, 1410, 1215, 79, P0
2026/07/31 18:23:02.689, 242.44, 250.00, 95, 1410, 1215, 79, P0
2026/07/31 18:23:02.889, 255.90, 250.00, 95, 1410, 1215, 79, P0
2026/07/31 18:23:03.090, 241.93, 250.00, 95, 1410, 1215, 79, P0
2026/07/31 18:23:03.290, 249.14, 250.00, 96, 1410, 1215, 79, P0
2026/07/31 18:23:03.490, 242.23, 250.00, 95, 1410, 1215, 79, P0
2026/07/31 18:23:03.691, 242.82, 250.00, 95, 1410, 1215, 78, P0
2026/07/31 18:23:03.891, 243.12, 250.00, 95, 1410, 1215, 79, P0
2026/07/31 18:23:04.092, 238.95, 250.00, 95, 1410, 1215, 78, P0
2026/07/31 18:23:04.293, 242.78, 250.00, 94, 1410, 1215, 79, P0
2026/07/31 18:23:04.493, 243.91, 250.00, 96, 1410, 1215, 79, P0
2026/07/31 18:23:04.693, 256.65, 250.00, 95, 1410, 1215, 79, P0
2026/07/31 18:23:04.894, 243.45, 250.00, 95, 1410, 1215, 79, P0
2026/07/31 18:23:05.094, 254.46, 250.00, 95, 1410, 1215, 79, P0
2026/07/31 18:23:05.295, 238.54, 250.00, 94, 1395, 1215, 79, P0
2026/07/31 18:23:05.496, 252.46, 250.00, 95, 1410, 1215, 79, P0
2026/07/31 18:23:05.696, 243.93, 250.00, 94, 1410, 1215, 79, P0
2026/07/31 18:23:05.896, 247.77, 250.00, 96, 1410, 1215, 79, P0
2026/07/31 18:23:06.097, 243.30, 250.00, 94, 1410, 1215, 79, P0
2026/07/31 18:23:06.297, 248.68, 250.00, 96, 1410, 1215, 78, P0
2026/07/31 18:23:06.498, 243.68, 250.00, 95, 1410, 1215, 79, P0
2026/07/31 18:23:06.698, 249.93, 250.00, 95, 1410, 1215, 78, P0
2026/07/31 18:23:06.899, 240.02, 250.00, 95, 1395, 1215, 78, P0
2026/07/31 18:23:07.099, 249.30, 250.00, 95, 1395, 1215, 78, P0
2026/07/31 18:23:07.300, 243.39, 250.00, 95, 1410, 1215, 78, P0
2026/07/31 18:23:07.500, 247.79, 250.00, 95, 1410, 1215, 79, P0
2026/07/31 18:23:07.701, 241.59, 250.00, 95, 1410, 1215, 79, P0
2026/07/31 18:23:07.901, 243.39, 250.00, 95, 1410, 1215, 79, P0
2026/07/31 18:23:08.102, 243.14, 250.00, 95, 1410, 1215, 79, P0
2026/07/31 18:23:08.302, 234.53, 250.00, 95, 1410, 1215, 78, P0
2026/07/31 18:23:08.503, 234.27, 250.00, 96, 1410, 1215, 78, P0
2026/07/31 18:23:08.703, 242.16, 250.00, 94, 1410, 1215, 78, P0
2026/07/31 18:23:08.903, 246.65, 250.00, 95, 1410, 1215, 78, P0
2026/07/31 18:23:09.104, 237.70, 250.00, 94, 1410, 1215, 78, P0
2026/07/31 18:23:09.304, 251.48, 250.00, 96, 1395, 1215, 78, P0
2026/07/31 18:23:09.505, 240.54, 250.00, 95, 1410, 1215, 78, P0
2026/07/31 18:23:09.705, 251.09, 250.00, 96, 1410, 1215, 78, P0
2026/07/31 18:23:09.906, 242.07, 250.00, 95, 1410, 1215, 78, P0
2026/07/31 18:23:10.106, 242.16, 250.00, 94, 1410, 1215, 78, P0
2026/07/31 18:23:10.307, 241.25, 250.00, 95, 1410, 1215, 78, P0
2026/07/31 18:23:10.507, 242.14, 250.00, 94, 1410, 1215, 78, P0
2026/07/31 18:23:10.708, 254.57, 250.00, 95, 1410, 1215, 78, P0
2026/07/31 18:23:10.908, 238.37, 250.00, 94, 1410, 1215, 78, P0
2026/07/31 18:23:11.109, 251.97, 250.00, 95, 1410, 1215, 78, P0
2026/07/31 18:23:11.310, 241.67, 250.00, 95, 1410, 1215, 78, P0
2026/07/31 18:23:11.510, 242.44, 250.00, 95, 1410, 1215, 78, P0
2026/07/31 18:23:11.711, 242.06, 250.00, 95, 1410, 1215, 79, P0
2026/07/31 18:23:11.911, 238.73, 250.00, 95, 1410, 1215, 78, P0
2026/07/31 18:23:12.111, 242.04, 250.00, 96, 1410, 1215, 78, P0
2026/07/31 18:23:12.312, 234.29, 250.00, 95, 1410, 1215, 78, P0
2026/07/31 18:23:12.513, 255.99, 250.00, 96, 1410, 1215, 78, P0
2026/07/31 18:23:12.713, 243.75, 250.00, 95, 1410, 1215, 78, P0
2026/07/31 18:23:12.914, 257.03, 250.00, 95, 1410, 1215, 78, P0
2026/07/31 18:23:13.114, 239.65, 250.00, 95, 1395, 1215, 78, P0
2026/07/31 18:23:13.315, 243.88, 250.00, 94, 1395, 1215, 78, P0
2026/07/31 18:23:13.515, 240.90, 250.00, 95, 1410, 1215, 78, P0
2026/07/31 18:23:13.715, 242.87, 250.00, 95, 1410, 1215, 78, P0
2026/07/31 18:23:13.916, 241.07, 250.00, 95, 1410, 1215, 78, P0
2026/07/31 18:23:14.117, 242.09, 250.00, 95, 1410, 1215, 78, P0
2026/07/31 18:23:14.317, 252.11, 250.00, 95, 1410, 1215, 78, P0
2026/07/31 18:23:14.517, 242.58, 250.00, 95, 1410, 1215, 78, P0
2026/07/31 18:23:14.718, 254.82, 250.00, 95, 1410, 1215, 78, P0
2026/07/31 18:23:14.918, 241.43, 250.00, 95, 1410, 1215, 78, P0
2026/07/31 18:23:15.119, 248.03, 250.00, 94, 1410, 1215, 78, P0
2026/07/31 18:23:15.319, 243.54, 250.00, 95, 1410, 1215, 78, P0
2026/07/31 18:23:15.520, 243.08, 250.00, 95, 1410, 1215, 78, P0
2026/07/31 18:23:15.720, 239.72, 250.00, 95, 1410, 1215, 78, P0
2026/07/31 18:23:15.921, 241.40, 250.00, 95, 1410, 1215, 78, P0
2026/07/31 18:23:16.121, 260.12, 250.00, 94, 1410, 1215, 78, P0
2026/07/31 18:23:16.322, 233.97, 250.00, 95, 1410, 1215, 78, P0
2026/07/31 18:23:16.522, 253.18, 250.00, 94, 1410, 1215, 78, P0
2026/07/31 18:23:16.723, 242.90, 250.00, 96, 1410, 1215, 78, P0
2026/07/31 18:23:16.923, 252.55, 250.00, 95, 1410, 1215, 78, P0
2026/07/31 18:23:17.124, 243.26, 250.00, 96, 1410, 1215, 78, P0
2026/07/31 18:23:17.324, 244.66, 250.00, 95, 1410, 1215, 78, P0
2026/07/31 18:23:17.525, 243.17, 250.00, 94, 1410, 1215, 78, P0
2026/07/31 18:23:17.725, 243.46, 250.00, 96, 1410, 1215, 78, P0
2026/07/31 18:23:17.926, 259.45, 250.00, 94, 1410, 1215, 78, P0
2026/07/31 18:23:18.126, 242.34, 250.00, 95, 1410, 1215, 78, P0
2026/07/31 18:23:18.327, 247.84, 250.00, 94, 1410, 1215, 78, P0
2026/07/31 18:23:18.527, 238.48, 250.00, 95, 1395, 1215, 78, P0
2026/07/31 18:23:18.728, 250.31, 250.00, 95, 1410, 1215, 78, P0
2026/07/31 18:23:18.928, 241.28, 250.00, 95, 1410, 1215, 78, P0
2026/07/31 18:23:19.129, 243.38, 250.00, 95, 1410, 1215, 78, P0
2026/07/31 18:23:19.330, 242.69, 250.00, 95, 1410, 1215, 78, P0
2026/07/31 18:23:19.530, 242.88, 250.00, 95, 1410, 1215, 78, P0
2026/07/31 18:23:19.730, 238.26, 250.00, 95, 1410, 1215, 78, P0
2026/07/31 18:23:19.931, 236.55, 250.00, 96, 1410, 1215, 78, P0
2026/07/31 18:23:20.131, 257.03, 250.00, 94, 1410, 1215, 78, P0
2026/07/31 18:23:20.332, 242.89, 250.00, 95, 1410, 1215, 78, P0
2026/07/31 18:23:20.532, 247.14, 250.00, 94, 1395, 1215, 78, P0
2026/07/31 18:23:20.733, 243.27, 250.00, 96, 1410, 1215, 78, P0
2026/07/31 18:23:20.934, 242.42, 250.00, 95, 1410, 1215, 78, P0
2026/07/31 18:23:21.134, 240.81, 250.00, 95, 1410, 1215, 78, P0
2026/07/31 18:23:21.335, 241.94, 250.00, 95, 1410, 1215, 78, P0
2026/07/31 18:23:21.535, 245.66, 250.00, 95, 1410, 1215, 78, P0
2026/07/31 18:23:21.736, 250.21, 250.00, 96, 1410, 1215, 78, P0
2026/07/31 18:23:21.936, 241.45, 250.00, 95, 1395, 1215, 78, P0
2026/07/31 18:23:22.137, 241.59, 250.00, 95, 1410, 1215, 78, P0
2026/07/31 18:23:22.337, 242.68, 250.00, 94, 1410, 1215, 78, P0
2026/07/31 18:23:22.538, 236.69, 250.00, 94, 1410, 1215, 78, P0
2026/07/31 18:23:22.738, 254.84, 250.00, 95, 1410, 1215, 78, P0
2026/07/31 18:23:22.939, 242.24, 250.00, 95, 1410, 1215, 78, P0
2026/07/31 18:23:23.139, 247.70, 250.00, 96, 1410, 1215, 78, P0
2026/07/31 18:23:23.339, 239.75, 250.00, 95, 1410, 1215, 78, P0
2026/07/31 18:23:23.540, 242.52, 250.00, 95, 1410, 1215, 78, P0
2026/07/31 18:23:23.741, 241.10, 250.00, 94, 1410, 1215, 78, P0
2026/07/31 18:23:23.941, 243.45, 250.00, 95, 1410, 1215, 78, P0
2026/07/31 18:23:24.141, 258.59, 250.00, 95, 1410, 1215, 78, P0
2026/07/31 18:23:24.342, 235.76, 250.00, 95, 1410, 1215, 78, P0
2026/07/31 18:23:24.542, 236.25, 250.00, 95, 1410, 1215, 78, P0
2026/07/31 18:23:24.743, 242.58, 250.00, 94, 1410, 1215, 78, P0
2026/07/31 18:23:24.944, 246.00, 250.00, 95, 1395, 1215, 78, P0
2026/07/31 18:23:25.144, 239.61, 250.00, 94, 1410, 1215, 78, P0
2026/07/31 18:23:25.345, 242.99, 250.00, 95, 1410, 1215, 78, P0
2026/07/31 18:23:25.545, 259.32, 250.00, 95, 1410, 1215, 78, P0
2026/07/31 18:23:25.746, 235.95, 250.00, 95, 1410, 1215, 78, P0
2026/07/31 18:23:25.946, 237.74, 250.00, 96, 1410, 1215, 78, P0
2026/07/31 18:23:26.147, 232.58, 250.00, 95, 1410, 1215, 78, P0
2026/07/31 18:23:26.347, 241.19, 250.00, 96, 1410, 1215, 78, P0
2026/07/31 18:23:26.548, 238.01, 250.00, 94, 1410, 1215, 78, P0
2026/07/31 18:23:26.748, 242.35, 250.00, 95, 1410, 1215, 78, P0
2026/07/31 18:23:26.949, 238.45, 250.00, 94, 1410, 1215, 78, P0
2026/07/31 18:23:27.149, 242.41, 250.00, 95, 1410, 1215, 78, P0
2026/07/31 18:23:27.350, 255.11, 250.00, 95, 1410, 1215, 78, P0
2026/07/31 18:23:27.550, 234.93, 250.00, 95, 1410, 1215, 78, P0
2026/07/31 18:23:27.751, 255.79, 250.00, 95, 1410, 1215, 78, P0
2026/07/31 18:23:27.951, 238.86, 250.00, 95, 1395, 1215, 78, P0
2026/07/31 18:23:28.152, 241.76, 250.00, 95, 1410, 1215, 78, P0
2026/07/31 18:23:28.352, 241.94, 250.00, 94, 1410, 1215, 78, P0
2026/07/31 18:23:28.553, 241.64, 250.00, 94, 1410, 1215, 78, P0
2026/07/31 18:23:28.753, 253.98, 250.00, 95, 1410, 1215, 78, P0
2026/07/31 18:23:28.954, 242.43, 250.00, 95, 1410, 1215, 78, P0
2026/07/31 18:23:29.154, 251.69, 250.00, 96, 1410, 1215, 78, P0
2026/07/31 18:23:29.354, 240.10, 250.00, 95, 1395, 1215, 78, P0
2026/07/31 18:23:29.555, 243.66, 250.00, 95, 1395, 1215, 78, P0
2026/07/31 18:23:29.756, 239.41, 250.00, 94, 1410, 1215, 78, P0
2026/07/31 18:23:29.958, 242.33, 250.00, 95, 1395, 1215, 78, P0
2026/07/31 18:23:30.161, 242.05, 250.00, 94, 1410, 1215, 78, P0
2026/07/31 18:23:30.362, 242.71, 250.00, 95, 1410, 1215, 78, P0
2026/07/31 18:23:30.563, 239.88, 250.00, 94, 1410, 1215, 78, P0
2026/07/31 18:23:30.765, 247.65, 250.00, 95, 1410, 1215, 78, P0
2026/07/31 18:23:30.965, 232.77, 250.00, 95, 1410, 1215, 78, P0
2026/07/31 18:23:31.167, 241.31, 250.00, 95, 1395, 1215, 78, P0
2026/07/31 18:23:31.367, 240.81, 250.00, 95, 1410, 1215, 78, P0
2026/07/31 18:23:31.568, 241.96, 250.00, 95, 1410, 1215, 78, P0
2026/07/31 18:23:31.768, 240.90, 250.00, 95, 1410, 1215, 78, P0
2026/07/31 18:23:31.969, 242.14, 250.00, 95, 1410, 1215, 78, P0
2026/07/31 18:23:32.169, 252.74, 250.00, 96, 1410, 1215, 78, P0
2026/07/31 18:23:32.370, 242.98, 250.00, 95, 1410, 1215, 78, P0
2026/07/31 18:23:32.570, 250.16, 250.00, 95, 1410, 1215, 78, P0
2026/07/31 18:23:32.771, 242.95, 250.00, 94, 1410, 1215, 78, P0
2026/07/31 18:23:32.971, 242.89, 250.00, 95, 1410, 1215, 78, P0
2026/07/31 18:23:33.172, 249.67, 250.00, 95, 1410, 1215, 78, P0
2026/07/31 18:23:33.372, 242.85, 250.00, 94, 1410, 1215, 78, P0
2026/07/31 18:23:33.573, 248.20, 250.00, 96, 1410, 1215, 78, P0
2026/07/31 18:23:33.773, 232.11, 250.00, 95, 1395, 1215, 78, P0
2026/07/31 18:23:33.974, 241.78, 250.00, 95, 1410, 1215, 78, P0
2026/07/31 18:23:34.174, 238.60, 250.00, 95, 1410, 1215, 78, P0
2026/07/31 18:23:34.375, 242.29, 250.00, 94, 1410, 1215, 78, P0
2026/07/31 18:23:34.575, 256.17, 250.00, 95, 1410, 1215, 78, P0
2026/07/31 18:23:34.776, 242.30, 250.00, 95, 1410, 1215, 78, P0
2026/07/31 18:23:34.976, 249.08, 250.00, 95, 1410, 1215, 78, P0
2026/07/31 18:23:35.177, 242.42, 250.00, 95, 1410, 1215, 78, P0
2026/07/31 18:23:35.377, 242.33, 250.00, 94, 1410, 1215, 78, P0
2026/07/31 18:23:35.578, 253.75, 250.00, 95, 1410, 1215, 78, P0
2026/07/31 18:23:35.778, 241.82, 250.00, 93, 1410, 1215, 78, P0
2026/07/31 18:23:35.979, 248.95, 250.00, 94, 1410, 1215, 78, P0
2026/07/31 18:23:36.179, 240.01, 250.00, 95, 1395, 1215, 78, P0
2026/07/31 18:23:36.380, 242.40, 250.00, 94, 1410, 1215, 78, P0
2026/07/31 18:23:36.580, 254.00, 250.00, 95, 1410, 1215, 78, P0
2026/07/31 18:23:36.781, 238.56, 250.00, 95, 1410, 1215, 78, P0
2026/07/31 18:23:36.981, 237.40, 250.00, 94, 1395, 1215, 78, P0
2026/07/31 18:23:37.182, 240.12, 250.00, 95, 1410, 1215, 78, P0
2026/07/31 18:23:37.382, 251.80, 250.00, 94, 1410, 1215, 78, P0
2026/07/31 18:23:37.583, 241.65, 250.00, 95, 1410, 1215, 78, P0
2026/07/31 18:23:37.783, 242.05, 250.00, 95, 1410, 1215, 78, P0
2026/07/31 18:23:37.984, 246.82, 250.00, 94, 1410, 1215, 78, P0
2026/07/31 18:23:38.184, 242.58, 250.00, 95, 1410, 1215, 78, P0
2026/07/31 18:23:38.385, 248.63, 250.00, 95, 1410, 1215, 78, P0
2026/07/31 18:23:38.585, 241.96, 250.00, 96, 1410, 1215, 78, P0
2026/07/31 18:23:38.786, 235.76, 250.00, 94, 1410, 1215, 78, P0
2026/07/31 18:23:38.986, 237.62, 250.00, 94, 1410, 1215, 78, P0
2026/07/31 18:23:39.187, 241.08, 250.00, 95, 1395, 1215, 78, P0
2026/07/31 18:23:39.387, 254.66, 250.00, 95, 1410, 1215, 78, P0
2026/07/31 18:23:39.588, 243.38, 250.00, 96, 1410, 1215, 78, P0
2026/07/31 18:23:39.788, 248.78, 250.00, 94, 1410, 1215, 78, P0
2026/07/31 18:23:39.989, 238.38, 250.00, 95, 1410, 1215, 78, P0
2026/07/31 18:23:40.190, 241.10, 250.00, 94, 1410, 1215, 78, P0
2026/07/31 18:23:40.390, 251.88, 250.00, 94, 1410, 1215, 78, P0
2026/07/31 18:23:40.591, 234.04, 250.00, 95, 1410, 1215, 78, P0
2026/07/31 18:23:40.791, 251.09, 250.00, 95, 1410, 1215, 78, P0
2026/07/31 18:23:40.992, 242.21, 250.00, 95, 1410, 1215, 78, P0
2026/07/31 18:23:41.192, 243.74, 250.00, 95, 1410, 1215, 78, P0
2026/07/31 18:23:41.393, 252.97, 250.00, 95, 1410, 1215, 78, P0
2026/07/31 18:23:41.593, 241.28, 250.00, 95, 1410, 1215, 78, P0
2026/07/31 18:23:41.794, 249.00, 250.00, 94, 1410, 1215, 78, P0
2026/07/31 18:23:41.994, 242.30, 250.00, 95, 1410, 1215, 78, P0
2026/07/31 18:23:42.195, 236.51, 250.00, 95, 1410, 1215, 78, P0
2026/07/31 18:23:42.395, 239.52, 250.00, 95, 1410, 1215, 78, P0
2026/07/31 18:23:42.596, 242.72, 250.00, 96, 1395, 1215, 78, P0
2026/07/31 18:23:42.797, 252.64, 250.00, 94, 1410, 1215, 78, P0
2026/07/31 18:23:42.997, 238.71, 250.00, 94, 1410, 1215, 78, P0
2026/07/31 18:23:43.198, 242.61, 250.00, 95, 1410, 1215, 78, P0
2026/07/31 18:23:43.398, 242.91, 250.00, 95, 1410, 1215, 78, P0
2026/07/31 18:23:43.599, 243.27, 250.00, 95, 1410, 1215, 78, P0
2026/07/31 18:23:43.799, 250.00, 250.00, 95, 1410, 1215, 78, P0
2026/07/31 18:23:43.999, 236.84, 250.00, 95, 1410, 1215, 78, P0
2026/07/31 18:23:44.200, 244.43, 250.00, 95, 1410, 1215, 78, P0
2026/07/31 18:23:44.400, 240.92, 250.00, 95, 1410, 1215, 78, P0
2026/07/31 18:23:44.601, 242.52, 250.00, 95, 1395, 1215, 78, P0
2026/07/31 18:23:44.801, 255.46, 250.00, 95, 1395, 1215, 78, P0
2026/07/31 18:23:45.002, 241.96, 250.00, 95, 1410, 1215, 78, P0
2026/07/31 18:23:45.202, 255.51, 250.00, 94, 1410, 1215, 78, P0
2026/07/31 18:23:45.403, 242.12, 250.00, 96, 1410, 1215, 78, P0
2026/07/31 18:23:45.603, 243.45, 250.00, 95, 1410, 1215, 78, P0
2026/07/31 18:23:45.804, 241.89, 250.00, 95, 1395, 1215, 78, P0
2026/07/31 18:23:46.004, 242.81, 250.00, 95, 1410, 1215, 78, P0
2026/07/31 18:23:46.205, 251.87, 250.00, 94, 1410, 1215, 78, P0
2026/07/31 18:23:46.405, 241.56, 250.00, 96, 1410, 1215, 78, P0
2026/07/31 18:23:46.606, 248.03, 250.00, 95, 1410, 1215, 78, P0
2026/07/31 18:23:46.806, 243.07, 250.00, 95, 1410, 1215, 78, P0
2026/07/31 18:23:47.007, 242.53, 250.00, 95, 1410, 1215, 78, P0
2026/07/31 18:23:47.207, 242.97, 250.00, 95, 1410, 1215, 78, P0
2026/07/31 18:23:47.408, 242.11, 250.00, 95, 1410, 1215, 78, P0
2026/07/31 18:23:47.608, 249.16, 250.00, 95, 1410, 1215, 78, P0
2026/07/31 18:23:47.809, 232.18, 250.00, 94, 1410, 1215, 78, P0
2026/07/31 18:23:48.009, 242.59, 250.00, 95, 1410, 1215, 78, P0
2026/07/31 18:23:48.210, 243.23, 250.00, 95, 1410, 1215, 78, P0
2026/07/31 18:23:48.410, 242.50, 250.00, 94, 1410, 1215, 78, P0
2026/07/31 18:23:48.611, 249.62, 250.00, 96, 1410, 1215, 78, P0
2026/07/31 18:23:48.811, 243.00, 250.00, 95, 1410, 1215, 78, P0
2026/07/31 18:23:49.012, 242.14, 250.00, 95, 1410, 1215, 78, P0
2026/07/31 18:23:49.212, 243.23, 250.00, 95, 1410, 1215, 78, P0
2026/07/31 18:23:49.413, 243.49, 250.00, 94, 1410, 1215, 78, P0
2026/07/31 18:23:49.613, 248.10, 250.00, 95, 1410, 1215, 78, P0
2026/07/31 18:23:49.813, 241.64, 250.00, 95, 1410, 1215, 78, P0
2026/07/31 18:23:50.014, 232.02, 250.00, 95, 1410, 1215, 78, P0
2026/07/31 18:23:50.214, 239.56, 250.00, 95, 1410, 1215, 78, P0
2026/07/31 18:23:50.415, 242.32, 250.00, 95, 1410, 1215, 78, P0
2026/07/31 18:23:50.615, 246.86, 250.00, 95, 1410, 1215, 78, P0
2026/07/31 18:23:50.816, 242.02, 250.00, 94, 1410, 1215, 78, P0
2026/07/31 18:23:51.016, 242.79, 250.00, 95, 1410, 1215, 78, P0
2026/07/31 18:23:51.217, 241.17, 250.00, 95, 1410, 1215, 78, P0
2026/07/31 18:23:51.417, 242.43, 250.00, 95, 1410, 1215, 78, P0
2026/07/31 18:23:51.618, 250.61, 250.00, 96, 1410, 1215, 78, P0
2026/07/31 18:23:51.818, 241.66, 250.00, 95, 1410, 1215, 78, P0
2026/07/31 18:23:52.019, 244.57, 250.00, 95, 1410, 1215, 78, P0
2026/07/31 18:23:52.219, 231.05, 250.00, 95, 1395, 1215, 78, P0
2026/07/31 18:23:52.420, 242.64, 250.00, 95, 1410, 1215, 78, P0
2026/07/31 18:23:52.620, 258.00, 250.00, 96, 1410, 1215, 78, P0
2026/07/31 18:23:52.821, 240.35, 250.00, 95, 1410, 1215, 78, P0
2026/07/31 18:23:53.021, 253.21, 250.00, 95, 1410, 1215, 78, P0
2026/07/31 18:23:53.222, 232.98, 250.00, 95, 1410, 1215, 78, P0
2026/07/31 18:23:53.422, 242.96, 250.00, 95, 1410, 1215, 78, P0
2026/07/31 18:23:53.623, 230.85, 250.00, 95, 1410, 1215, 78, P0
2026/07/31 18:23:53.823, 242.24, 250.00, 94, 1410, 1215, 78, P0
2026/07/31 18:23:54.024, 251.95, 250.00, 95, 1410, 1215, 78, P0
2026/07/31 18:23:54.224, 232.56, 250.00, 95, 1395, 1215, 78, P0
2026/07/31 18:23:54.425, 242.63, 250.00, 95, 1410, 1215, 78, P0
2026/07/31 18:23:54.625, 241.75, 250.00, 95, 1410, 1215, 78, P0
2026/07/31 18:23:54.826, 254.23, 250.00, 95, 1410, 1215, 78, P0
2026/07/31 18:23:55.026, 240.15, 250.00, 95, 1410, 1215, 78, P0
2026/07/31 18:23:55.227, 235.12, 250.00, 94, 1410, 1215, 78, P0
2026/07/31 18:23:55.427, 252.51, 250.00, 95, 1395, 1215, 78, P0
2026/07/31 18:23:55.628, 241.92, 250.00, 95, 1395, 1215, 78, P0
2026/07/31 18:23:55.828, 336.99, 250.00, 95, 1260, 1215, 81, P0
2026/07/31 18:23:56.028, 257.58, 250.00, 95, 1260, 1215, 81, P0
2026/07/31 18:23:56.229, 203.48, 250.00, 100, 1275, 1215, 81, P0
2026/07/31 18:23:56.429, 236.85, 250.00, 96, 1245, 1215, 81, P0
2026/07/31 18:23:56.630, 245.78, 250.00, 100, 1275, 1215, 81, P0
2026/07/31 18:23:56.830, 253.22, 250.00, 96, 1260, 1215, 82, P0
2026/07/31 18:23:57.031, 247.29, 250.00, 100, 1260, 1215, 82, P0
2026/07/31 18:23:57.231, 276.20, 250.00, 100, 1275, 1215, 82, P0
2026/07/31 18:23:57.431, 258.60, 250.00, 96, 1245, 1215, 82, P0
2026/07/31 18:23:57.632, 251.76, 250.00, 100, 1260, 1215, 81, P0
2026/07/31 18:23:57.832, 236.05, 250.00, 97, 1410, 1215, 79, P0
2026/07/31 18:23:58.033, 240.82, 250.00, 95, 1410, 1215, 78, P0
2026/07/31 18:23:58.233, 240.99, 250.00, 93, 1410, 1215, 78, P0
2026/07/31 18:23:58.434, 242.23, 250.00, 95, 1410, 1215, 78, P0
2026/07/31 18:23:58.634, 241.55, 250.00, 95, 1410, 1215, 78, P0
2026/07/31 18:23:58.835, 242.19, 250.00, 95, 1410, 1215, 78, P0
2026/07/31 18:23:59.035, 241.94, 250.00, 95, 1410, 1215, 78, P0
2026/07/31 18:23:59.236, 242.60, 250.00, 96, 1410, 1215, 78, P0
2026/07/31 18:23:59.436, 241.38, 250.00, 95, 1410, 1215, 78, P0
2026/07/31 18:23:59.637, 232.78, 250.00, 95, 1410, 1215, 78, P0
2026/07/31 18:23:59.837, 239.93, 250.00, 94, 1410, 1215, 78, P0
2026/07/31 18:24:00.038, 253.58, 250.00, 95, 1410, 1215, 78, P0
2026/07/31 18:24:00.238, 235.65, 250.00, 95, 1395, 1215, 78, P0
2026/07/31 18:24:00.439, 247.41, 250.00, 95, 1410, 1215, 78, P0
2026/07/31 18:24:00.639, 241.53, 250.00, 95, 1410, 1215, 78, P0
2026/07/31 18:24:00.840, 260.95, 250.00, 95, 1410, 1215, 78, P0
2026/07/31 18:24:01.040, 240.62, 250.00, 95, 1410, 1215, 78, P0
2026/07/31 18:24:01.241, 257.26, 250.00, 94, 1410, 1215, 78, P0
2026/07/31 18:24:01.441, 241.00, 250.00, 95, 1410, 1215, 78, P0
2026/07/31 18:24:01.642, 256.00, 250.00, 95, 1410, 1215, 78, P0
2026/07/31 18:24:01.842, 241.74, 250.00, 95, 1410, 1215, 78, P0
2026/07/31 18:24:02.042, 256.44, 250.00, 95, 1410, 1215, 78, P0
2026/07/31 18:24:02.243, 241.65, 250.00, 95, 1410, 1215, 78, P0
2026/07/31 18:24:02.443, 251.02, 250.00, 95, 1410, 1215, 78, P0
2026/07/31 18:24:02.644, 240.81, 250.00, 95, 1395, 1215, 78, P0
2026/07/31 18:24:02.844, 255.79, 250.00, 95, 1410, 1215, 78, P0
2026/07/31 18:24:03.045, 241.92, 250.00, 95, 1410, 1215, 78, P0
2026/07/31 18:24:03.245, 251.77, 250.00, 95, 1410, 1215, 78, P0
2026/07/31 18:24:03.446, 241.92, 250.00, 95, 1410, 1215, 78, P0
2026/07/31 18:24:03.646, 250.80, 250.00, 95, 1410, 1215, 78, P0
2026/07/31 18:24:03.847, 241.73, 250.00, 95, 1410, 1215, 78, P0
2026/07/31 18:24:04.048, 248.93, 250.00, 95, 1410, 1215, 78, P0
2026/07/31 18:24:04.248, 240.88, 250.00, 95, 1410, 1215, 78, P0
2026/07/31 18:24:04.449, 249.07, 250.00, 95, 1410, 1215, 78, P0
2026/07/31 18:24:04.649, 241.07, 250.00, 95, 1395, 1215, 78, P0
2026/07/31 18:24:04.850, 246.69, 250.00, 95, 1410, 1215, 78, P0
2026/07/31 18:24:05.050, 242.11, 250.00, 95, 1410, 1215, 78, P0
2026/07/31 18:24:05.251, 247.91, 250.00, 95, 1410, 1215, 78, P0
2026/07/31 18:24:05.451, 241.35, 250.00, 95, 1395, 1215, 78, P0
2026/07/31 18:24:05.652, 247.06, 250.00, 95, 1410, 1215, 78, P0
2026/07/31 18:24:05.852, 240.12, 250.00, 95, 1410, 1215, 78, P0
2026/07/31 18:24:06.053, 251.29, 250.00, 94, 1410, 1215, 78, P0
2026/07/31 18:24:06.253, 241.81, 250.00, 96, 1410, 1215, 78, P0
2026/07/31 18:24:06.454, 252.33, 250.00, 94, 1410, 1215, 78, P0
2026/07/31 18:24:06.654, 241.44, 250.00, 96, 1410, 1215, 78, P0
2026/07/31 18:24:06.855, 251.07, 250.00, 94, 1410, 1215, 78, P0
2026/07/31 18:24:07.055, 240.24, 250.00, 95, 1410, 1215, 78, P0
2026/07/31 18:24:07.256, 248.99, 250.00, 94, 1410, 1215, 78, P0
2026/07/31 18:24:07.456, 239.18, 250.00, 95, 1410, 1215, 78, P0
2026/07/31 18:24:07.657, 250.98, 250.00, 95, 1410, 1215, 78, P0
2026/07/31 18:24:07.857, 241.74, 250.00, 95, 1410, 1215, 78, P0
2026/07/31 18:24:08.058, 251.46, 250.00, 95, 1410, 1215, 78, P0
2026/07/31 18:24:08.258, 240.88, 250.00, 96, 1410, 1215, 78, P0
2026/07/31 18:24:08.459, 250.69, 250.00, 94, 1410, 1215, 78, P0
2026/07/31 18:24:08.659, 241.34, 250.00, 95, 1410, 1215, 78, P0
2026/07/31 18:24:08.860, 243.67, 250.00, 94, 1410, 1215, 78, P0
2026/07/31 18:24:09.060, 239.52, 250.00, 95, 1410, 1215, 78, P0
2026/07/31 18:24:09.261, 242.91, 250.00, 95, 1410, 1215, 78, P0
2026/07/31 18:24:09.461, 241.46, 250.00, 96, 1410, 1215, 78, P0
2026/07/31 18:24:09.662, 241.56, 250.00, 94, 1395, 1215, 78, P0
2026/07/31 18:24:09.864, 238.44, 250.00, 95, 1410, 1215, 78, P0
2026/07/31 18:24:10.073, 237.69, 250.00, 94, 1410, 1215, 78, P0
2026/07/31 18:24:10.274, 249.18, 250.00, 95, 1410, 1215, 78, P0
2026/07/31 18:24:10.475, 242.10, 250.00, 94, 1410, 1215, 78, P0
2026/07/31 18:24:10.675, 239.01, 250.00, 96, 1410, 1215, 78, P0
2026/07/31 18:24:10.876, 241.34, 250.00, 94, 1410, 1215, 78, P0
2026/07/31 18:24:11.076, 234.16, 250.00, 95, 1410, 1215, 78, P0
2026/07/31 18:24:11.276, 241.07, 250.00, 95, 1410, 1215, 78, P0
2026/07/31 18:24:11.477, 232.29, 250.00, 96, 1410, 1215, 78, P0
2026/07/31 18:24:11.677, 241.91, 250.00, 94, 1410, 1215, 78, P0
2026/07/31 18:24:11.878, 240.52, 250.00, 95, 1410, 1215, 78, P0
2026/07/31 18:24:12.078, 242.04, 250.00, 95, 1410, 1215, 78, P0
2026/07/31 18:24:12.279, 246.83, 250.00, 95, 1410, 1215, 78, P0
2026/07/31 18:24:12.479, 241.92, 250.00, 95, 1410, 1215, 78, P0
2026/07/31 18:24:12.680, 259.21, 250.00, 95, 1410, 1215, 78, P0
2026/07/31 18:24:12.880, 232.73, 250.00, 95, 1410, 1215, 78, P0
2026/07/31 18:24:13.081, 257.15, 250.00, 95, 1410, 1215, 78, P0
2026/07/31 18:24:13.281, 241.08, 250.00, 95, 1410, 1215, 78, P0
2026/07/31 18:24:13.482, 253.29, 250.00, 95, 1410, 1215, 78, P0
2026/07/31 18:24:13.683, 241.61, 250.00, 95, 1410, 1215, 78, P0
2026/07/31 18:24:13.883, 250.04, 250.00, 95, 1410, 1215, 78, P0
2026/07/31 18:24:14.083, 241.34, 250.00, 95, 1410, 1215, 78, P0
2026/07/31 18:24:14.284, 248.11, 250.00, 95, 1395, 1215, 78, P0
2026/07/31 18:24:14.484, 241.58, 250.00, 96, 1410, 1215, 78, P0
2026/07/31 18:24:14.685, 253.05, 250.00, 94, 1395, 1215, 78, P0
2026/07/31 18:24:14.885, 237.78, 250.00, 95, 1395, 1215, 77, P0
2026/07/31 18:24:15.086, 247.74, 250.00, 94, 1410, 1215, 78, P0
2026/07/31 18:24:15.286, 242.09, 250.00, 96, 1395, 1215, 78, P0
2026/07/31 18:24:15.487, 252.03, 250.00, 95, 1410, 1215, 78, P0
2026/07/31 18:24:15.687, 237.81, 250.00, 95, 1410, 1215, 78, P0
2026/07/31 18:24:15.888, 244.54, 250.00, 94, 1410, 1215, 78, P0
2026/07/31 18:24:16.088, 237.43, 250.00, 95, 1410, 1215, 78, P0
2026/07/31 18:24:16.289, 240.97, 250.00, 94, 1410, 1215, 78, P0
2026/07/31 18:24:16.489, 239.51, 250.00, 95, 1410, 1215, 78, P0
2026/07/31 18:24:16.690, 241.36, 250.00, 95, 1410, 1215, 78, P0
2026/07/31 18:24:16.890, 237.85, 250.00, 95, 1410, 1215, 78, P0
2026/07/31 18:24:17.091, 241.54, 250.00, 94, 1410, 1215, 78, P0
2026/07/31 18:24:17.291, 233.04, 250.00, 95, 1410, 1215, 78, P0
2026/07/31 18:24:17.492, 241.56, 250.00, 95, 1410, 1215, 78, P0
2026/07/31 18:24:17.692, 241.27, 250.00, 95, 1410, 1215, 78, P0
2026/07/31 18:24:17.893, 240.69, 250.00, 95, 1410, 1215, 78, P0
2026/07/31 18:24:18.094, 251.11, 250.00, 94, 1410, 1215, 78, P0
2026/07/31 18:24:18.294, 237.36, 250.00, 95, 1395, 1215, 77, P0
2026/07/31 18:24:18.495, 252.62, 250.00, 95, 1410, 1215, 78, P0
2026/07/31 18:24:18.695, 235.50, 250.00, 95, 1395, 1215, 78, P0
2026/07/31 18:24:18.896, 249.90, 250.00, 95, 1410, 1215, 78, P0
2026/07/31 18:24:19.096, 239.91, 250.00, 95, 1410, 1215, 78, P0
2026/07/31 18:24:19.297, 243.51, 250.00, 94, 1410, 1215, 78, P0
2026/07/31 18:24:19.497, 241.14, 250.00, 95, 1410, 1215, 78, P0
2026/07/31 18:24:19.698, 242.90, 250.00, 95, 1410, 1215, 78, P0
2026/07/31 18:24:19.898, 241.33, 250.00, 96, 1410, 1215, 78, P0
2026/07/31 18:24:20.099, 241.05, 250.00, 95, 1410, 1215, 78, P0
2026/07/31 18:24:20.299, 238.45, 250.00, 95, 1410, 1215, 77, P0
2026/07/31 18:24:20.500, 241.76, 250.00, 95, 1410, 1215, 78, P0
2026/07/31 18:24:20.700, 242.36, 250.00, 95, 1410, 1215, 78, P0
2026/07/31 18:24:20.901, 238.25, 250.00, 95, 1410, 1215, 78, P0
2026/07/31 18:24:21.101, 240.29, 250.00, 94, 1410, 1215, 78, P0
2026/07/31 18:24:21.302, 236.72, 250.00, 95, 1410, 1215, 78, P0
2026/07/31 18:24:21.502, 242.22, 250.00, 95, 1410, 1215, 78, P0
2026/07/31 18:24:21.703, 235.97, 250.00, 95, 1410, 1215, 77, P0
2026/07/31 18:24:21.903, 248.37, 250.00, 95, 1410, 1215, 78, P0
2026/07/31 18:24:22.104, 240.16, 250.00, 95, 1410, 1215, 78, P0
2026/07/31 18:24:22.304, 255.90, 250.00, 95, 1410, 1215, 78, P0
2026/07/31 18:24:22.505, 232.47, 250.00, 94, 1395, 1215, 77, P0
2026/07/31 18:24:22.705, 255.52, 250.00, 95, 1410, 1215, 78, P0
2026/07/31 18:24:22.906, 240.89, 250.00, 95, 1410, 1215, 78, P0
2026/07/31 18:24:23.106, 252.52, 250.00, 95, 1410, 1215, 78, P0
2026/07/31 18:24:23.307, 241.91, 250.00, 95, 1410, 1215, 78, P0
2026/07/31 18:24:23.507, 246.87, 250.00, 95, 1410, 1215, 78, P0
2026/07/31 18:24:23.708, 241.61, 250.00, 95, 1410, 1215, 78, P0
2026/07/31 18:24:23.908, 252.33, 250.00, 96, 1410, 1215, 78, P0
2026/07/31 18:24:24.109, 239.74, 250.00, 94, 1410, 1215, 78, P0
2026/07/31 18:24:24.309, 246.16, 250.00, 95, 1410, 1215, 78, P0
2026/07/31 18:24:24.510, 241.04, 250.00, 94, 1410, 1215, 78, P0
2026/07/31 18:24:24.710, 244.32, 250.00, 96, 1410, 1215, 78, P0
2026/07/31 18:24:24.911, 241.17, 250.00, 95, 1410, 1215, 78, P0
2026/07/31 18:24:25.111, 241.47, 250.00, 95, 1410, 1215, 78, P0
2026/07/31 18:24:25.312, 239.44, 250.00, 94, 1410, 1215, 78, P0
2026/07/31 18:24:25.512, 241.91, 250.00, 95, 1410, 1215, 78, P0
2026/07/31 18:24:25.713, 255.38, 250.00, 95, 1410, 1215, 78, P0
2026/07/31 18:24:25.913, 241.33, 250.00, 95, 1410, 1215, 78, P0
2026/07/31 18:24:26.114, 247.51, 250.00, 95, 1410, 1215, 78, P0
2026/07/31 18:24:26.314, 240.69, 250.00, 94, 1410, 1215, 78, P0
2026/07/31 18:24:26.515, 250.75, 250.00, 95, 1410, 1215, 78, P0
2026/07/31 18:24:26.715, 240.09, 250.00, 94, 1410, 1215, 78, P0
2026/07/31 18:24:26.916, 241.80, 250.00, 95, 1410, 1215, 78, P0
2026/07/31 18:24:27.116, 238.58, 250.00, 94, 1410, 1215, 78, P0
2026/07/31 18:24:27.317, 247.53, 250.00, 95, 1410, 1215, 78, P0
2026/07/31 18:24:27.517, 240.86, 250.00, 95, 1410, 1215, 78, P0
2026/07/31 18:24:27.718, 248.87, 250.00, 95, 1410, 1215, 77, P0
2026/07/31 18:24:27.918, 237.76, 250.00, 95, 1410, 1215, 77, P0
2026/07/31 18:24:28.119, 241.15, 250.00, 94, 1410, 1215, 78, P0
2026/07/31 18:24:28.319, 236.18, 250.00, 95, 1410, 1215, 78, P0
2026/07/31 18:24:28.520, 241.23, 250.00, 94, 1410, 1215, 78, P0
2026/07/31 18:24:28.720, 259.72, 250.00, 95, 1410, 1215, 78, P0
2026/07/31 18:24:28.921, 241.70, 250.00, 94, 1410, 1215, 78, P0
2026/07/31 18:24:29.121, 253.38, 250.00, 95, 1410, 1215, 78, P0
2026/07/31 18:24:29.322, 233.03, 250.00, 94, 1410, 1215, 77, P0
2026/07/31 18:24:29.522, 246.01, 250.00, 96, 1410, 1215, 78, P0
2026/07/31 18:24:29.723, 241.72, 250.00, 95, 1410, 1215, 78, P0
2026/07/31 18:24:29.923, 242.90, 250.00, 95, 1410, 1215, 77, P0
2026/07/31 18:24:30.124, 229.71, 250.00, 95, 1410, 1215, 77, P0
2026/07/31 18:24:30.324, 248.51, 250.00, 95, 1410, 1215, 77, P0
2026/07/31 18:24:30.525, 240.70, 250.00, 95, 1410, 1215, 78, P0
2026/07/31 18:24:30.726, 244.15, 250.00, 94, 1395, 1215, 77, P0
2026/07/31 18:24:30.926, 241.25, 250.00, 96, 1410, 1215, 78, P0
2026/07/31 18:24:31.126, 241.26, 250.00, 95, 1410, 1215, 78, P0
2026/07/31 18:24:31.327, 240.29, 250.00, 95, 1410, 1215, 78, P0
2026/07/31 18:24:31.528, 239.99, 250.00, 94, 1410, 1215, 78, P0
2026/07/31 18:24:31.728, 258.06, 250.00, 94, 1410, 1215, 78, P0
2026/07/31 18:24:31.929, 237.09, 250.00, 94, 1410, 1215, 78, P0
2026/07/31 18:24:32.129, 239.23, 250.00, 95, 1410, 1215, 77, P0
2026/07/31 18:24:32.330, 241.17, 250.00, 95, 1410, 1215, 78, P0
2026/07/31 18:24:32.530, 247.05, 250.00, 95, 1410, 1215, 78, P0
2026/07/31 18:24:32.731, 240.13, 250.00, 95, 1410, 1215, 78, P0
2026/07/31 18:24:32.931, 247.96, 250.00, 94, 1410, 1215, 78, P0
2026/07/31 18:24:33.132, 240.85, 250.00, 94, 1410, 1215, 78, P0
2026/07/31 18:24:33.332, 241.17, 250.00, 94, 1410, 1215, 78, P0
2026/07/31 18:24:33.533, 239.93, 250.00, 95, 1410, 1215, 78, P0
2026/07/31 18:24:33.733, 242.11, 250.00, 94, 1395, 1215, 78, P0
2026/07/31 18:24:33.933, 243.32, 250.00, 95, 1410, 1215, 77, P0
2026/07/31 18:24:34.134, 240.21, 250.00, 94, 1410, 1215, 78, P0
2026/07/31 18:24:34.334, 252.64, 250.00, 95, 1410, 1215, 78, P0
2026/07/31 18:24:34.535, 241.04, 250.00, 95, 1410, 1215, 78, P0
2026/07/31 18:24:34.735, 254.45, 250.00, 95, 1410, 1215, 78, P0
2026/07/31 18:24:34.936, 232.83, 250.00, 95, 1410, 1215, 77, P0
2026/07/31 18:24:35.136, 251.85, 250.00, 95, 1410, 1215, 77, P0
2026/07/31 18:24:35.337, 242.17, 250.00, 95, 1410, 1215, 78, P0
2026/07/31 18:24:35.537, 248.95, 250.00, 95, 1410, 1215, 78, P0
2026/07/31 18:24:35.738, 239.70, 250.00, 95, 1395, 1215, 77, P0
2026/07/31 18:24:35.938, 240.55, 250.00, 95, 1410, 1215, 78, P0
2026/07/31 18:24:36.139, 238.88, 250.00, 95, 1410, 1215, 78, P0
2026/07/31 18:24:36.339, 240.59, 250.00, 94, 1410, 1215, 77, P0
2026/07/31 18:24:36.540, 255.06, 250.00, 94, 1410, 1215, 78, P0
2026/07/31 18:24:36.740, 242.08, 250.00, 95, 1410, 1215, 78, P0
2026/07/31 18:24:36.941, 253.48, 250.00, 96, 1410, 1215, 77, P0
2026/07/31 18:24:37.141, 239.93, 250.00, 95, 1410, 1215, 78, P0
2026/07/31 18:24:37.342, 246.91, 250.00, 95, 1410, 1215, 78, P0
2026/07/31 18:24:37.542, 239.19, 250.00, 94, 1410, 1215, 78, P0
2026/07/31 18:24:37.743, 241.56, 250.00, 94, 1410, 1215, 77, P0
2026/07/31 18:24:37.943, 240.32, 250.00, 95, 1395, 1215, 78, P0
2026/07/31 18:24:38.144, 241.06, 250.00, 95, 1410, 1215, 77, P0
2026/07/31 18:24:38.344, 241.82, 250.00, 96, 1410, 1215, 78, P0
2026/07/31 18:24:38.545, 242.18, 250.00, 95, 1410, 1215, 78, P0
2026/07/31 18:24:38.745, 256.66, 250.00, 96, 1410, 1215, 78, P0
2026/07/31 18:24:38.946, 239.78, 250.00, 94, 1410, 1215, 77, P0
2026/07/31 18:24:39.146, 243.32, 250.00, 95, 1410, 1215, 77, P0
2026/07/31 18:24:39.347, 241.91, 250.00, 95, 1410, 1215, 77, P0
2026/07/31 18:24:39.547, 247.42, 250.00, 95, 1410, 1215, 78, P0
2026/07/31 18:24:39.748, 239.79, 250.00, 95, 1410, 1215, 78, P0
2026/07/31 18:24:39.948, 240.98, 250.00, 95, 1410, 1215, 78, P0
2026/07/31 18:24:40.149, 241.62, 250.00, 95, 1410, 1215, 78, P0
2026/07/31 18:24:40.349, 241.04, 250.00, 94, 1410, 1215, 78, P0
2026/07/31 18:24:40.550, 251.72, 250.00, 95, 1410, 1215, 78, P0
2026/07/31 18:24:40.750, 240.91, 250.00, 94, 1410, 1215, 78, P0
2026/07/31 18:24:40.951, 255.21, 250.00, 95, 1410, 1215, 78, P0
2026/07/31 18:24:41.151, 240.40, 250.00, 95, 1410, 1215, 78, P0
2026/07/31 18:24:41.352, 250.67, 250.00, 95, 1410, 1215, 78, P0
2026/07/31 18:24:41.552, 240.06, 250.00, 95, 1410, 1215, 78, P0
2026/07/31 18:24:41.753, 246.32, 250.00, 95, 1410, 1215, 78, P0
2026/07/31 18:24:41.953, 238.85, 250.00, 95, 1395, 1215, 77, P0
2026/07/31 18:24:42.154, 240.89, 250.00, 94, 1410, 1215, 77, P0
2026/07/31 18:24:42.354, 238.66, 250.00, 96, 1410, 1215, 78, P0
2026/07/31 18:24:42.555, 241.25, 250.00, 94, 1410, 1215, 78, P0
2026/07/31 18:24:42.755, 240.18, 250.00, 95, 1410, 1215, 77, P0
2026/07/31 18:24:42.956, 240.97, 250.00, 94, 1410, 1215, 78, P0
2026/07/31 18:24:43.156, 256.39, 250.00, 96, 1410, 1215, 78, P0
2026/07/31 18:24:43.356, 237.91, 250.00, 94, 1410, 1215, 78, P0
2026/07/31 18:24:43.557, 254.53, 250.00, 94, 1410, 1215, 77, P0
2026/07/31 18:24:43.758, 241.84, 250.00, 95, 1410, 1215, 78, P0
2026/07/31 18:24:43.958, 246.42, 250.00, 94, 1410, 1215, 78, P0
2026/07/31 18:24:44.159, 240.50, 250.00, 96, 1410, 1215, 78, P0
2026/07/31 18:24:44.359, 241.19, 250.00, 95, 1410, 1215, 78, P0
2026/07/31 18:24:44.559, 240.00, 250.00, 96, 1395, 1215, 78, P0
2026/07/31 18:24:44.760, 240.67, 250.00, 95, 1410, 1215, 77, P0
2026/07/31 18:24:44.960, 237.88, 250.00, 95, 1410, 1215, 77, P0
2026/07/31 18:24:45.161, 240.96, 250.00, 93, 1410, 1215, 77, P0
2026/07/31 18:24:45.361, 241.65, 250.00, 95, 1410, 1215, 77, P0
2026/07/31 18:24:45.562, 242.49, 250.00, 95, 1410, 1215, 78, P0
2026/07/31 18:24:45.762, 242.20, 250.00, 95, 1410, 1215, 78, P0
2026/07/31 18:24:45.962, 241.15, 250.00, 95, 1410, 1215, 78, P0
2026/07/31 18:24:46.163, 251.28, 250.00, 95, 1410, 1215, 78, P0
2026/07/31 18:24:46.363, 241.44, 250.00, 95, 1410, 1215, 78, P0
2026/07/31 18:24:46.564, 253.39, 250.00, 95, 1395, 1215, 78, P0
2026/07/31 18:24:46.764, 241.25, 250.00, 95, 1410, 1215, 77, P0
2026/07/31 18:24:46.965, 245.62, 250.00, 95, 1410, 1215, 77, P0
2026/07/31 18:24:47.165, 242.57, 250.00, 95, 1410, 1215, 77, P0
2026/07/31 18:24:47.366, 247.29, 250.00, 95, 1410, 1215, 78, P0
2026/07/31 18:24:47.566, 241.92, 250.00, 95, 1410, 1215, 77, P0
2026/07/31 18:24:47.766, 243.15, 250.00, 95, 1410, 1215, 78, P0
2026/07/31 18:24:47.967, 231.33, 250.00, 95, 1410, 1215, 77, P0
2026/07/31 18:24:48.167, 242.57, 250.00, 94, 1395, 1215, 77, P0
2026/07/31 18:24:48.368, 242.00, 250.00, 95, 1410, 1215, 77, P0
2026/07/31 18:24:48.570, 241.37, 250.00, 95, 1410, 1215, 77, P0
2026/07/31 18:24:48.774, 242.01, 250.00, 94, 1410, 1215, 77, P0
2026/07/31 18:24:48.975, 241.25, 250.00, 95, 1410, 1215, 77, P0
2026/07/31 18:24:49.176, 241.95, 250.00, 95, 1410, 1215, 78, P0
2026/07/31 18:24:49.376, 250.28, 250.00, 94, 1395, 1215, 77, P0
2026/07/31 18:24:49.578, 240.96, 250.00, 95, 1410, 1215, 77, P0
2026/07/31 18:24:49.778, 251.64, 250.00, 95, 1410, 1215, 77, P0
2026/07/31 18:24:49.979, 240.59, 250.00, 95, 1410, 1215, 78, P0
2026/07/31 18:24:50.179, 255.02, 250.00, 95, 1410, 1215, 78, P0
2026/07/31 18:24:50.380, 240.57, 250.00, 94, 1410, 1215, 77, P0
2026/07/31 18:24:50.580, 243.27, 250.00, 95, 1410, 1215, 77, P0
2026/07/31 18:24:50.781, 241.51, 250.00, 94, 1410, 1215, 78, P0
2026/07/31 18:24:50.982, 240.79, 250.00, 94, 1395, 1215, 77, P0
2026/07/31 18:24:51.182, 250.24, 250.00, 94, 1410, 1215, 77, P0
2026/07/31 18:24:51.382, 241.54, 250.00, 95, 1395, 1215, 78, P0
2026/07/31 18:24:51.583, 250.33, 250.00, 95, 1410, 1215, 77, P0
2026/07/31 18:24:51.783, 241.34, 250.00, 95, 1410, 1215, 77, P0
2026/07/31 18:24:51.984, 250.13, 250.00, 95, 1410, 1215, 77, P0
2026/07/31 18:24:52.184, 236.86, 250.00, 94, 1410, 1215, 77, P0
2026/07/31 18:24:52.385, 241.55, 250.00, 95, 1410, 1215, 77, P0
2026/07/31 18:24:52.585, 237.72, 250.00, 94, 1410, 1215, 78, P0
2026/07/31 18:24:52.786, 241.81, 250.00, 95, 1410, 1215, 77, P0
2026/07/31 18:24:52.986, 241.82, 250.00, 94, 1410, 1215, 78, P0
2026/07/31 18:24:53.187, 242.00, 250.00, 96, 1410, 1215, 78, P0
2026/07/31 18:24:53.387, 254.33, 250.00, 95, 1410, 1215, 78, P0
2026/07/31 18:24:53.588, 241.74, 250.00, 95, 1410, 1215, 78, P0
2026/07/31 18:24:53.788, 247.82, 250.00, 95, 1410, 1215, 78, P0
2026/07/31 18:24:53.989, 240.87, 250.00, 94, 1410, 1215, 78, P0
2026/07/31 18:24:54.189, 247.63, 250.00, 95, 1410, 1215, 78, P0
2026/07/31 18:24:54.389, 234.91, 250.00, 94, 1410, 1215, 78, P0
2026/07/31 18:24:54.590, 234.74, 250.00, 95, 1395, 1215, 77, P0
2026/07/31 18:24:54.790, 241.54, 250.00, 95, 1395, 1215, 77, P0
2026/07/31 18:24:54.991, 241.18, 250.00, 96, 1410, 1215, 77, P0
2026/07/31 18:24:55.191, 252.25, 250.00, 94, 1410, 1215, 77, P0
2026/07/31 18:24:55.392, 239.93, 250.00, 94, 1410, 1215, 77, P0
2026/07/31 18:24:55.592, 252.99, 250.00, 95, 1410, 1215, 78, P0
2026/07/31 18:24:55.793, 241.99, 250.00, 94, 1410, 1215, 78, P0
2026/07/31 18:24:55.993, 238.85, 250.00, 95, 1410, 1215, 77, P0
2026/07/31 18:24:56.194, 232.92, 250.00, 94, 1395, 1215, 77, P0
2026/07/31 18:24:56.394, 234.47, 250.00, 94, 1395, 1215, 77, P0
2026/07/31 18:24:56.595, 242.32, 250.00, 96, 1410, 1215, 77, P0
2026/07/31 18:24:56.795, 242.00, 250.00, 95, 1395, 1215, 77, P0
2026/07/31 18:24:56.996, 249.31, 250.00, 95, 1410, 1215, 77, P0
2026/07/31 18:24:57.196, 241.50, 250.00, 94, 1410, 1215, 78, P0
2026/07/31 18:24:57.397, 250.90, 250.00, 95, 1410, 1215, 77, P0
2026/07/31 18:24:57.597, 242.10, 250.00, 95, 1410, 1215, 77, P0
2026/07/31 18:24:57.797, 242.33, 250.00, 95, 1410, 1215, 78, P0
2026/07/31 18:24:57.998, 232.69, 250.00, 95, 1395, 1215, 77, P0
2026/07/31 18:24:58.198, 241.47, 250.00, 95, 1410, 1215, 77, P0
2026/07/31 18:24:58.399, 255.89, 250.00, 95, 1410, 1215, 77, P0
2026/07/31 18:24:58.600, 241.34, 250.00, 95, 1410, 1215, 78, P0
2026/07/31 18:24:58.800, 252.84, 250.00, 95, 1410, 1215, 78, P0
2026/07/31 18:24:59.000, 242.76, 250.00, 95, 1410, 1215, 77, P0
2026/07/31 18:24:59.201, 254.26, 250.00, 95, 1410, 1215, 77, P0
2026/07/31 18:24:59.401, 240.91, 250.00, 95, 1410, 1215, 77, P0
2026/07/31 18:24:59.602, 248.18, 250.00, 95, 1410, 1215, 78, P0
2026/07/31 18:24:59.802, 241.71, 250.00, 96, 1410, 1215, 77, P0
2026/07/31 18:25:00.003, 241.74, 250.00, 95, 1410, 1215, 78, P0
2026/07/31 18:25:00.203, 237.64, 250.00, 95, 1410, 1215, 77, P0
2026/07/31 18:25:00.404, 242.40, 250.00, 94, 1410, 1215, 78, P0
2026/07/31 18:25:00.604, 259.43, 250.00, 96, 1410, 1215, 77, P0
2026/07/31 18:25:00.805, 241.84, 250.00, 95, 1410, 1215, 77, P0
2026/07/31 18:25:01.005, 249.11, 250.00, 95, 1410, 1215, 78, P0
2026/07/31 18:25:01.206, 233.99, 250.00, 96, 1410, 1215, 78, P0
2026/07/31 18:25:01.406, 240.42, 250.00, 93, 1410, 1215, 77, P0
2026/07/31 18:25:01.607, 253.11, 250.00, 94, 1410, 1215, 77, P0
2026/07/31 18:25:01.807, 238.81, 250.00, 93, 1410, 1215, 77, P0
2026/07/31 18:25:02.008, 241.85, 250.00, 93, 1410, 1215, 77, P0
2026/07/31 18:25:02.208, 233.25, 250.00, 94, 1410, 1215, 77, P0
2026/07/31 18:25:02.409, 239.42, 250.00, 94, 1410, 1215, 77, P0
2026/07/31 18:25:02.609, 255.30, 250.00, 93, 1410, 1215, 77, P0
2026/07/31 18:25:02.810, 241.01, 250.00, 94, 1410, 1215, 77, P0
2026/07/31 18:25:03.010, 246.92, 250.00, 93, 1410, 1215, 77, P0
2026/07/31 18:25:03.211, 240.47, 250.00, 93, 1410, 1215, 77, P0
2026/07/31 18:25:03.411, 241.28, 250.00, 95, 1410, 1215, 77, P0
2026/07/31 18:25:03.612, 238.93, 250.00, 94, 1410, 1215, 77, P0
2026/07/31 18:25:03.812, 241.28, 250.00, 95, 1395, 1215, 77, P0
2026/07/31 18:25:04.012, 259.14, 250.00, 95, 1395, 1215, 77, P0
2026/07/31 18:25:04.213, 241.37, 250.00, 96, 1410, 1215, 77, P0
2026/07/31 18:25:04.413, 251.70, 250.00, 94, 1410, 1215, 78, P0
2026/07/31 18:25:04.614, 240.87, 250.00, 95, 1410, 1215, 77, P0
2026/07/31 18:25:04.814, 236.82, 250.00, 95, 1410, 1215, 77, P0
2026/07/31 18:25:05.015, 239.29, 250.00, 95, 1410, 1215, 77, P0
2026/07/31 18:25:05.215, 242.20, 250.00, 96, 1410, 1215, 77, P0
2026/07/31 18:25:05.416, 241.80, 250.00, 95, 1410, 1215, 77, P0
2026/07/31 18:25:05.616, 240.33, 250.00, 95, 1410, 1215, 77, P0
2026/07/31 18:25:05.817, 256.09, 250.00, 95, 1410, 1215, 77, P0
2026/07/31 18:25:06.017, 232.96, 250.00, 96, 1410, 1215, 77, P0
2026/07/31 18:25:06.218, 232.74, 250.00, 93, 1410, 1215, 77, P0
2026/07/31 18:25:06.418, 232.64, 250.00, 95, 1410, 1215, 77, P0
2026/07/31 18:25:06.619, 235.56, 250.00, 95, 1410, 1215, 77, P0
2026/07/31 18:25:06.819, 255.70, 250.00, 95, 1410, 1215, 77, P0
2026/07/31 18:25:07.020, 242.22, 250.00, 95, 1410, 1215, 77, P0
2026/07/31 18:25:07.220, 251.40, 250.00, 95, 1410, 1215, 77, P0
2026/07/31 18:25:07.421, 238.68, 250.00, 95, 1410, 1215, 77, P0
2026/07/31 18:25:07.621, 241.95, 250.00, 95, 1410, 1215, 77, P0
2026/07/31 18:25:07.822, 240.60, 250.00, 95, 1410, 1215, 77, P0
2026/07/31 18:25:08.022, 241.81, 250.00, 96, 1410, 1215, 77, P0
2026/07/31 18:25:08.223, 253.68, 250.00, 94, 1395, 1215, 77, P0
2026/07/31 18:25:08.423, 240.50, 250.00, 96, 1410, 1215, 77, P0
2026/07/31 18:25:08.624, 249.73, 250.00, 94, 1410, 1215, 77, P0
2026/07/31 18:25:08.824, 240.93, 250.00, 95, 1410, 1215, 77, P0
2026/07/31 18:25:09.025, 237.59, 250.00, 95, 1410, 1215, 77, P0
2026/07/31 18:25:09.225, 231.82, 250.00, 94, 1410, 1215, 77, P0
2026/07/31 18:25:09.426, 236.42, 250.00, 95, 1395, 1215, 77, P0
2026/07/31 18:25:09.626, 253.86, 250.00, 95, 1395, 1215, 77, P0
2026/07/31 18:25:09.827, 241.44, 250.00, 96, 1410, 1215, 77, P0
2026/07/31 18:25:10.027, 251.44, 250.00, 95, 1410, 1215, 77, P0
2026/07/31 18:25:10.228, 234.84, 250.00, 95, 1410, 1215, 77, P0
2026/07/31 18:25:10.428, 241.09, 250.00, 94, 1410, 1215, 77, P0
2026/07/31 18:25:10.629, 255.17, 250.00, 93, 1410, 1215, 77, P0
2026/07/31 18:25:10.829, 242.12, 250.00, 95, 1395, 1215, 77, P0
2026/07/31 18:25:11.030, 250.86, 250.00, 95, 1395, 1215, 78, P0
2026/07/31 18:25:11.230, 242.00, 250.00, 96, 1410, 1215, 77, P0
2026/07/31 18:25:11.431, 246.51, 250.00, 95, 1410, 1215, 77, P0
2026/07/31 18:25:11.631, 239.62, 250.00, 95, 1410, 1215, 77, P0
2026/07/31 18:25:11.832, 242.13, 250.00, 95, 1410, 1215, 77, P0
2026/07/31 18:25:12.032, 239.16, 250.00, 95, 1410, 1215, 77, P0
2026/07/31 18:25:12.233, 241.25, 250.00, 94, 1410, 1215, 77, P0
2026/07/31 18:25:12.433, 250.49, 250.00, 95, 1410, 1215, 77, P0
2026/07/31 18:25:12.634, 240.60, 250.00, 95, 1410, 1215, 77, P0
2026/07/31 18:25:12.834, 247.18, 250.00, 95, 1410, 1215, 77, P0
2026/07/31 18:25:13.035, 241.89, 250.00, 95, 1410, 1215, 77, P0
2026/07/31 18:25:13.235, 234.93, 250.00, 95, 1410, 1215, 77, P0
2026/07/31 18:25:13.436, 241.26, 250.00, 95, 1410, 1215, 77, P0
2026/07/31 18:25:13.636, 240.49, 250.00, 95, 1410, 1215, 77, P0
2026/07/31 18:25:13.837, 253.20, 250.00, 94, 1395, 1215, 77, P0
2026/07/31 18:25:14.037, 241.49, 250.00, 96, 1410, 1215, 77, P0
2026/07/31 18:25:14.238, 247.95, 250.00, 95, 1410, 1215, 77, P0
2026/07/31 18:25:14.438, 242.20, 250.00, 95, 1410, 1215, 77, P0
2026/07/31 18:25:14.639, 242.50, 250.00, 95, 1410, 1215, 77, P0
2026/07/31 18:25:14.839, 231.33, 250.00, 95, 1410, 1215, 77, P0
2026/07/31 18:25:15.040, 240.66, 250.00, 95, 1410, 1215, 77, P0
2026/07/31 18:25:15.240, 245.71, 250.00, 94, 1410, 1215, 77, P0
2026/07/31 18:25:15.441, 241.80, 250.00, 95, 1410, 1215, 78, P0
2026/07/31 18:25:15.641, 247.62, 250.00, 95, 1410, 1215, 77, P0
2026/07/31 18:25:15.842, 241.05, 250.00, 95, 1410, 1215, 77, P0
2026/07/31 18:25:16.042, 241.29, 250.00, 96, 1410, 1215, 77, P0
2026/07/31 18:25:16.243, 245.49, 250.00, 95, 1410, 1215, 77, P0
2026/07/31 18:25:16.443, 241.38, 250.00, 95, 1410, 1215, 77, P0
2026/07/31 18:25:16.644, 251.95, 250.00, 94, 1410, 1215, 77, P0
2026/07/31 18:25:16.844, 242.11, 250.00, 95, 1410, 1215, 77, P0
2026/07/31 18:25:17.045, 241.64, 250.00, 95, 1410, 1215, 77, P0
2026/07/31 18:25:17.245, 242.32, 250.00, 95, 1410, 1215, 77, P0
2026/07/31 18:25:17.446, 242.11, 250.00, 96, 1410, 1215, 77, P0
2026/07/31 18:25:17.646, 256.39, 250.00, 95, 1410, 1215, 77, P0
2026/07/31 18:25:17.847, 240.93, 250.00, 95, 1410, 1215, 77, P0
2026/07/31 18:25:18.047, 252.26, 250.00, 95, 1410, 1215, 77, P0
2026/07/31 18:25:18.248, 240.61, 250.00, 95, 1410, 1215, 77, P0
2026/07/31 18:25:18.448, 238.75, 250.00, 95, 1410, 1215, 77, P0
2026/07/31 18:25:18.649, 239.71, 250.00, 95, 1410, 1215, 77, P0
2026/07/31 18:25:18.849, 241.09, 250.00, 95, 1410, 1215, 77, P0
2026/07/31 18:25:19.050, 247.04, 250.00, 94, 1395, 1215, 77, P0
2026/07/31 18:25:19.250, 240.45, 250.00, 96, 1410, 1215, 77, P0
2026/07/31 18:25:19.451, 251.87, 250.00, 95, 1410, 1215, 77, P0
2026/07/31 18:25:19.651, 232.01, 250.00, 95, 1410, 1215, 77, P0
2026/07/31 18:25:19.852, 253.98, 250.00, 95, 1410, 1215, 77, P0
2026/07/31 18:25:20.052, 242.57, 250.00, 95, 1410, 1215, 77, P0
2026/07/31 18:25:20.253, 245.84, 250.00, 95, 1395, 1215, 77, P0
2026/07/31 18:25:20.453, 240.83, 250.00, 95, 1410, 1215, 77, P0
2026/07/31 18:25:20.654, 241.25, 250.00, 95, 1410, 1215, 77, P0
2026/07/31 18:25:20.854, 249.34, 250.00, 95, 1410, 1215, 77, P0
2026/07/31 18:25:21.054, 242.02, 250.00, 95, 1410, 1215, 77, P0
2026/07/31 18:25:21.255, 251.76, 250.00, 95, 1410, 1215, 77, P0
2026/07/31 18:25:21.455, 240.72, 250.00, 94, 1395, 1215, 77, P0
2026/07/31 18:25:21.656, 242.21, 250.00, 95, 1410, 1215, 77, P0
2026/07/31 18:25:21.857, 241.45, 250.00, 95, 1410, 1215, 77, P0
2026/07/31 18:25:22.057, 232.48, 250.00, 95, 1410, 1215, 77, P0
2026/07/31 18:25:22.258, 252.51, 250.00, 95, 1410, 1215, 77, P0
2026/07/31 18:25:22.458, 239.76, 250.00, 94, 1410, 1215, 77, P0
2026/07/31 18:25:22.659, 241.66, 250.00, 94, 1410, 1215, 77, P0
2026/07/31 18:25:22.859, 240.13, 250.00, 95, 1410, 1215, 77, P0
2026/07/31 18:25:23.060, 242.00, 250.00, 95, 1410, 1215, 77, P0
2026/07/31 18:25:23.260, 252.14, 250.00, 95, 1410, 1215, 77, P0
2026/07/31 18:25:23.460, 242.03, 250.00, 95, 1410, 1215, 78, P0
2026/07/31 18:25:23.661, 246.72, 250.00, 95, 1395, 1215, 77, P0
2026/07/31 18:25:23.861, 236.36, 250.00, 94, 1410, 1215, 77, P0
2026/07/31 18:25:24.062, 241.94, 250.00, 95, 1410, 1215, 77, P0
2026/07/31 18:25:24.262, 251.09, 250.00, 95, 1410, 1215, 77, P0
2026/07/31 18:25:24.463, 242.30, 250.00, 95, 1410, 1215, 77, P0
2026/07/31 18:25:24.663, 248.10, 250.00, 95, 1395, 1215, 77, P0
2026/07/31 18:25:24.864, 237.22, 250.00, 95, 1410, 1215, 77, P0
2026/07/31 18:25:25.064, 239.60, 250.00, 95, 1410, 1215, 77, P0
2026/07/31 18:25:25.265, 254.93, 250.00, 96, 1410, 1215, 77, P0
2026/07/31 18:25:25.465, 240.18, 250.00, 94, 1410, 1215, 77, P0
2026/07/31 18:25:25.666, 241.27, 250.00, 95, 1410, 1215, 77, P0
2026/07/31 18:25:25.866, 243.76, 250.00, 95, 1410, 1215, 77, P0
2026/07/31 18:25:26.067, 241.73, 250.00, 95, 1410, 1215, 77, P0
2026/07/31 18:25:26.267, 238.68, 250.00, 95, 1410, 1215, 77, P0
2026/07/31 18:25:26.468, 238.47, 250.00, 95, 1410, 1215, 77, P0
2026/07/31 18:25:26.668, 246.87, 250.00, 95, 1395, 1215, 77, P0
2026/07/31 18:25:26.869, 240.40, 250.00, 95, 1410, 1215, 77, P0
2026/07/31 18:25:27.069, 242.13, 250.00, 95, 1410, 1215, 77, P0
2026/07/31 18:25:27.270, 253.98, 250.00, 95, 1410, 1215, 77, P0
2026/07/31 18:25:27.470, 242.30, 250.00, 95, 1410, 1215, 77, P0
2026/07/31 18:25:27.671, 248.38, 250.00, 96, 1410, 1215, 77, P0
2026/07/31 18:25:27.871, 241.72, 250.00, 95, 1410, 1215, 77, P0
2026/07/31 18:25:28.072, 241.44, 250.00, 95, 1410, 1215, 77, P0
2026/07/31 18:25:28.272, 247.71, 250.00, 95, 1410, 1215, 77, P0
2026/07/31 18:25:28.473, 240.45, 250.00, 95, 1410, 1215, 77, P0
2026/07/31 18:25:28.673, 255.73, 250.00, 95, 1410, 1215, 77, P0
2026/07/31 18:25:28.874, 241.72, 250.00, 95, 1410, 1215, 78, P0
2026/07/31 18:25:29.074, 242.59, 250.00, 95, 1410, 1215, 77, P0
2026/07/31 18:25:29.276, 240.23, 250.00, 95, 1395, 1215, 77, P0
2026/07/31 18:25:29.480, 242.48, 250.00, 95, 1410, 1215, 77, P0
2026/07/31 18:25:29.682, 241.58, 250.00, 95, 1410, 1215, 77, P0
2026/07/31 18:25:29.883, 239.64, 250.00, 95, 1410, 1215, 77, P0
2026/07/31 18:25:30.083, 239.39, 250.00, 96, 1410, 1215, 77, P0
2026/07/31 18:25:30.284, 75.22, 250.00, 92, 1410, 1215, 74, P0
2026/07/31 18:25:30.484, 76.28, 250.00, 0, 1410, 1215, 72, P0
2026/07/31 18:25:30.684, 70.53, 250.00, 0, 1410, 1215, 71, P0
2026/07/31 18:25:30.885, 69.84, 250.00, 0, 1410, 1215, 71, P0
2026/07/31 18:25:31.085, 69.36, 250.00, 0, 1410, 1215, 70, P0
2026/07/31 18:25:31.286, 69.05, 250.00, 0, 1410, 1215, 70, P0
2026/07/31 18:25:31.486, 69.05, 250.00, 0, 1410, 1215, 69, P0
2026/07/31 18:25:31.686, 70.01, 250.00, 0, 1410, 1215, 69, P0
2026/07/31 18:25:31.887, 68.22, 250.00, 0, 1410, 1215, 69, P0
2026/07/31 18:25:32.087, 49.45, 250.00, 0, 1140, 1215, 68, P0
2026/07/31 18:25:32.288, 49.05, 250.00, 0, 1140, 1215, 68, P0
2026/07/31 18:25:32.488, 48.97, 250.00, 0, 1140, 1215, 67, P0
2026/07/31 18:25:32.688, 48.57, 250.00, 0, 1140, 1215, 67, P0
2026/07/31 18:25:32.889, 48.42, 250.00, 0, 1140, 1215, 67, P0
2026/07/31 18:25:33.089, 48.32, 250.00, 0, 1140, 1215, 67, P0
2026/07/31 18:25:33.289, 48.18, 250.00, 0, 1140, 1215, 67, P0
2026/07/31 18:25:33.490, 48.28, 250.00, 0, 1140, 1215, 66, P0
2026/07/31 18:25:33.690, 47.94, 250.00, 0, 1140, 1215, 66, P0
2026/07/31 18:25:33.890, 47.89, 250.00, 0, 1140, 1215, 66, P0
2026/07/31 18:25:34.091, 47.67, 250.00, 0, 1140, 1215, 66, P0
2026/07/31 18:25:34.291, 47.66, 250.00, 0, 1140, 1215, 66, P0
2026/07/31 18:25:34.492, 47.67, 250.00, 0, 1140, 1215, 66, P0
2026/07/31 18:25:34.692, 47.50, 250.00, 0, 1140, 1215, 65, P0
2026/07/31 18:25:34.892, 47.41, 250.00, 0, 1140, 1215, 65, P0
2026/07/31 18:25:35.093, 47.50, 250.00, 0, 1140, 1215, 65, P0
2026/07/31 18:25:35.293, 47.31, 250.00, 0, 1140, 1215, 65, P0
2026/07/31 18:25:35.494, 47.31, 250.00, 0, 1140, 1215, 65, P0
2026/07/31 18:25:35.694, 47.11, 250.00, 0, 1140, 1215, 65, P0
2026/07/31 18:25:35.894, 47.08, 250.00, 0, 1140, 1215, 65, P0
2026/07/31 18:25:36.095, 47.25, 250.00, 0, 1140, 1215, 64, P0
2026/07/31 18:25:36.295, 47.21, 250.00, 0, 1140, 1215, 64, P0
2026/07/31 18:25:36.495, 47.12, 250.00, 0, 1140, 1215, 64, P0
2026/07/31 18:25:36.696, 47.11, 250.00, 0, 1140, 1215, 64, P0
2026/07/31 18:25:36.896, 48.19, 250.00, 0, 1140, 1215, 64, P0
2026/07/31 18:25:37.096, 46.90, 250.00, 0, 1140, 1215, 64, P0
2026/07/31 18:25:37.297, 46.89, 250.00, 0, 1140, 1215, 64, P0
2026/07/31 18:25:37.497, 46.79, 250.00, 0, 1140, 1215, 64, P0
2026/07/31 18:25:37.698, 46.71, 250.00, 0, 1140, 1215, 64, P0
2026/07/31 18:25:37.898, 46.62, 250.00, 0, 1140, 1215, 63, P0
2026/07/31 18:25:38.098, 46.41, 250.00, 0, 1140, 1215, 63, P0
2026/07/31 18:25:38.299, 46.38, 250.00, 0, 1140, 1215, 63, P0
2026/07/31 18:25:38.499, 46.31, 250.00, 0, 1140, 1215, 63, P0
2026/07/31 18:25:38.699, 46.22, 250.00, 0, 1140, 1215, 63, P0
2026/07/31 18:25:38.900, 46.22, 250.00, 0, 1140, 1215, 63, P0
2026/07/31 18:25:39.100, 46.12, 250.00, 0, 1140, 1215, 63, P0
2026/07/31 18:25:39.300, 46.02, 250.00, 0, 1140, 1215, 63, P0
2026/07/31 18:25:39.501, 45.92, 250.00, 0, 1140, 1215, 63, P0
2026/07/31 18:25:39.701, 45.83, 250.00, 0, 1140, 1215, 63, P0
2026/07/31 18:25:39.901, 45.84, 250.00, 0, 1140, 1215, 62, P0
2026/07/31 18:25:40.102, 45.73, 250.00, 0, 1140, 1215, 62, P0
2026/07/31 18:25:40.302, 45.70, 250.00, 0, 1140, 1215, 62, P0
2026/07/31 18:25:40.503, 45.53, 250.00, 0, 1140, 1215, 62, P0
2026/07/31 18:25:40.703, 45.56, 250.00, 0, 1140, 1215, 62, P0
2026/07/31 18:25:40.903, 45.53, 250.00, 0, 1140, 1215, 62, P0
2026/07/31 18:25:41.104, 45.45, 250.00, 0, 1140, 1215, 62, P0
2026/07/31 18:25:41.304, 45.52, 250.00, 0, 1140, 1215, 62, P0
2026/07/31 18:25:41.504, 45.26, 250.00, 0, 1140, 1215, 62, P0
2026/07/31 18:25:41.705, 45.15, 250.00, 0, 1140, 1215, 62, P0
2026/07/31 18:25:41.905, 45.21, 250.00, 0, 1140, 1215, 61, P0
2026/07/31 18:25:42.105, 45.07, 250.00, 0, 1140, 1215, 61, P0
2026/07/31 18:25:42.306, 45.05, 250.00, 0, 1140, 1215, 61, P0
2026/07/31 18:25:42.506, 45.05, 250.00, 0, 1140, 1215, 61, P0
2026/07/31 18:25:42.706, 45.05, 250.00, 0, 1140, 1215, 61, P0
2026/07/31 18:25:42.907, 44.95, 250.00, 0, 1140, 1215, 61, P0
2026/07/31 18:25:43.107, 44.84, 250.00, 0, 1140, 1215, 61, P0
2026/07/31 18:25:43.308, 44.92, 250.00, 0, 1140, 1215, 61, P0
2026/07/31 18:25:43.508, 44.73, 250.00, 0, 1140, 1215, 61, P0
2026/07/31 18:25:43.708, 44.74, 250.00, 0, 1140, 1215, 61, P0
2026/07/31 18:25:43.909, 44.76, 250.00, 0, 1140, 1215, 61, P0
2026/07/31 18:25:44.109, 44.65, 250.00, 0, 1140, 1215, 61, P0
2026/07/31 18:25:44.310, 44.65, 250.00, 0, 1140, 1215, 60, P0
2026/07/31 18:25:44.510, 44.47, 250.00, 0, 1140, 1215, 60, P0
2026/07/31 18:25:44.710, 44.47, 250.00, 0, 1140, 1215, 60, P0
2026/07/31 18:25:44.911, 44.47, 250.00, 0, 1140, 1215, 60, P0
2026/07/31 18:25:45.113, 44.38, 250.00, 0, 1140, 1215, 60, P0
2026/07/31 18:25:45.313, 44.37, 250.00, 0, 1140, 1215, 60, P0
2026/07/31 18:25:45.513, 44.34, 250.00, 0, 1140, 1215, 60, P0
2026/07/31 18:25:45.714, 44.37, 250.00, 0, 1140, 1215, 60, P0
2026/07/31 18:25:45.914, 44.26, 250.00, 0, 1140, 1215, 60, P0
2026/07/31 18:25:46.115, 44.28, 250.00, 0, 1140, 1215, 60, P0
2026/07/31 18:25:46.315, 44.15, 250.00, 0, 1140, 1215, 60, P0
2026/07/31 18:25:46.515, 44.04, 250.00, 0, 1140, 1215, 60, P0
2026/07/31 18:25:46.716, 44.04, 250.00, 0, 1140, 1215, 59, P0
2026/07/31 18:25:46.916, 43.94, 250.00, 0, 1140, 1215, 59, P0
2026/07/31 18:25:47.117, 43.96, 250.00, 0, 1140, 1215, 59, P0
2026/07/31 18:25:47.317, 43.97, 250.00, 0, 1140, 1215, 59, P0
2026/07/31 18:25:47.517, 43.85, 250.00, 0, 1140, 1215, 59, P0
2026/07/31 18:25:47.718, 43.88, 250.00, 0, 1140, 1215, 59, P0
2026/07/31 18:25:47.918, 43.76, 250.00, 0, 1140, 1215, 59, P0
2026/07/31 18:25:48.119, 43.80, 250.00, 0, 1140, 1215, 59, P0
2026/07/31 18:25:48.319, 43.66, 250.00, 0, 1140, 1215, 59, P0
2026/07/31 18:25:48.519, 43.66, 250.00, 0, 1140, 1215, 59, P0
2026/07/31 18:25:48.720, 43.66, 250.00, 0, 1140, 1215, 59, P0
2026/07/31 18:25:48.920, 43.57, 250.00, 0, 1140, 1215, 59, P0
2026/07/31 18:25:49.121, 43.57, 250.00, 0, 1140, 1215, 59, P0
2026/07/31 18:25:49.321, 43.53, 250.00, 0, 1140, 1215, 58, P0
2026/07/31 18:25:49.521, 43.44, 250.00, 0, 1140, 1215, 58, P0
2026/07/31 18:25:49.722, 43.55, 250.00, 0, 1140, 1215, 58, P0
2026/07/31 18:25:49.922, 43.48, 250.00, 0, 1140, 1215, 58, P0
2026/07/31 18:25:50.123, 43.38, 250.00, 0, 1140, 1215, 58, P0
2026/07/31 18:25:50.323, 43.37, 250.00, 0, 1140, 1215, 58, P0
2026/07/31 18:25:50.523, 43.28, 250.00, 0, 1140, 1215, 58, P0
2026/07/31 18:25:50.724, 43.18, 250.00, 0, 1140, 1215, 58, P0
2026/07/31 18:25:50.924, 43.29, 250.00, 0, 1140, 1215, 58, P0
2026/07/31 18:25:51.125, 43.26, 250.00, 0, 1140, 1215, 58, P0
2026/07/31 18:25:51.338, 43.19, 250.00, 0, 1140, 1215, 58, P0
2026/07/31 18:25:51.539, 43.08, 250.00, 0, 1140, 1215, 58, P0
2026/07/31 18:25:51.739, 43.07, 250.00, 0, 1140, 1215, 58, P0
2026/07/31 18:25:51.939, 43.09, 250.00, 0, 1140, 1215, 58, P0
2026/07/31 18:25:52.140, 43.09, 250.00, 0, 1140, 1215, 57, P0
2026/07/31 18:25:52.340, 43.25, 250.00, 0, 1140, 1215, 57, P0
2026/07/31 18:25:52.541, 42.98, 250.00, 10, 1140, 1215, 57, P0
2026/07/31 18:25:52.741, 42.99, 250.00, 0, 1140, 1215, 57, P0
2026/07/31 18:25:52.942, 42.99, 250.00, 0, 1140, 1215, 57, P0
2026/07/31 18:25:53.142, 42.90, 250.00, 0, 1140, 1215, 57, P0
2026/07/31 18:25:53.342, 42.79, 250.00, 0, 1140, 1215, 57, P0
2026/07/31 18:25:53.543, 188.77, 250.00, 0, 1140, 1215, 62, P0
2026/07/31 18:25:53.743, 252.01, 250.00, 93, 1290, 1215, 66, P0
2026/07/31 18:25:53.952, 250.70, 250.00, 100, 1305, 1215, 67, P0
2026/07/31 18:25:54.152, 257.99, 250.00, 95, 1275, 1215, 68, P0
2026/07/31 18:25:54.353, 265.96, 250.00, 100, 1320, 1215, 68, P0
2026/07/31 18:25:54.553, 240.94, 250.00, 95, 1275, 1215, 69, P0
2026/07/31 18:25:54.753, 255.96, 250.00, 100, 1290, 1215, 69, P0
2026/07/31 18:25:54.954, 240.28, 250.00, 98, 1290, 1215, 69, P0
2026/07/31 18:25:55.154, 251.73, 250.00, 97, 1290, 1215, 70, P0
2026/07/31 18:25:55.355, 244.82, 250.00, 100, 1305, 1215, 70, P0
2026/07/31 18:25:55.555, 249.94, 250.00, 95, 1275, 1215, 70, P0
2026/07/31 18:25:55.755, 239.09, 250.00, 100, 1290, 1215, 70, P0
2026/07/31 18:25:55.956, 265.40, 250.00, 98, 1290, 1215, 71, P0
2026/07/31 18:25:56.156, 250.29, 250.00, 97, 1275, 1215, 71, P0
2026/07/31 18:25:56.357, 241.11, 250.00, 100, 1350, 1215, 70, P0
2026/07/31 18:25:56.557, 243.97, 250.00, 96, 1305, 1215, 71, P0
2026/07/31 18:25:56.758, 256.15, 250.00, 100, 1275, 1215, 71, P0
2026/07/31 18:25:56.958, 241.54, 250.00, 100, 1305, 1215, 71, P0
2026/07/31 18:25:57.159, 239.79, 250.00, 95, 1290, 1215, 71, P0
2026/07/31 18:25:57.359, 241.58, 250.00, 100, 1290, 1215, 71, P0
2026/07/31 18:25:57.559, 254.91, 250.00, 100, 1290, 1215, 71, P0
2026/07/31 18:25:57.760, 247.35, 250.00, 95, 1290, 1215, 72, P0
2026/07/31 18:25:57.960, 237.40, 250.00, 100, 1290, 1215, 72, P0
2026/07/31 18:25:58.161, 248.20, 250.00, 98, 1290, 1215, 72, P0
2026/07/31 18:25:58.361, 258.27, 250.00, 97, 1290, 1215, 72, P0
2026/07/31 18:25:58.562, 254.39, 250.00, 100, 1290, 1215, 72, P0
2026/07/31 18:25:58.762, 217.82, 250.00, 98, 1410, 1215, 69, P0
2026/07/31 18:25:58.963, 225.54, 250.00, 95, 1410, 1215, 68, P0
2026/07/31 18:25:59.163, 233.04, 250.00, 94, 1410, 1215, 68, P0
2026/07/31 18:25:59.364, 226.51, 250.00, 94, 1410, 1215, 68, P0
2026/07/31 18:25:59.564, 227.77, 250.00, 96, 1410, 1215, 67, P0
2026/07/31 18:25:59.765, 232.24, 250.00, 95, 1410, 1215, 67, P0
2026/07/31 18:25:59.965, 227.27, 250.00, 95, 1410, 1215, 67, P0
2026/07/31 18:26:00.166, 225.01, 250.00, 95, 1410, 1215, 67, P0
2026/07/31 18:26:00.366, 239.76, 250.00, 93, 1410, 1215, 67, P0
2026/07/31 18:26:00.567, 226.16, 250.00, 95, 1410, 1215, 67, P0
2026/07/31 18:26:00.767, 228.43, 250.00, 96, 1410, 1215, 67, P0
2026/07/31 18:26:00.967, 234.12, 250.00, 95, 1410, 1215, 67, P0
2026/07/31 18:26:01.168, 227.59, 250.00, 95, 1410, 1215, 67, P0
2026/07/31 18:26:01.368, 227.94, 250.00, 96, 1410, 1215, 68, P0
2026/07/31 18:26:01.569, 243.09, 250.00, 95, 1410, 1215, 68, P0
2026/07/31 18:26:01.770, 227.26, 250.00, 95, 1410, 1215, 68, P0
2026/07/31 18:26:01.970, 227.28, 250.00, 95, 1410, 1215, 68, P0
2026/07/31 18:26:02.171, 227.49, 250.00, 94, 1410, 1215, 68, P0
2026/07/31 18:26:02.371, 228.00, 250.00, 95, 1410, 1215, 68, P0
2026/07/31 18:26:02.572, 233.55, 250.00, 96, 1410, 1215, 68, P0
2026/07/31 18:26:02.772, 226.46, 250.00, 95, 1410, 1215, 68, P0
2026/07/31 18:26:02.973, 228.40, 250.00, 96, 1410, 1215, 68, P0
2026/07/31 18:26:03.173, 232.06, 250.00, 95, 1410, 1215, 68, P0
2026/07/31 18:26:03.373, 226.20, 250.00, 94, 1410, 1215, 68, P0
2026/07/31 18:26:03.574, 228.29, 250.00, 96, 1410, 1215, 68, P0
2026/07/31 18:26:03.774, 239.90, 250.00, 95, 1410, 1215, 68, P0
2026/07/31 18:26:03.975, 227.32, 250.00, 95, 1410, 1215, 68, P0
2026/07/31 18:26:04.175, 228.11, 250.00, 95, 1410, 1215, 68, P0
2026/07/31 18:26:04.376, 227.93, 250.00, 95, 1410, 1215, 68, P0
2026/07/31 18:26:04.576, 228.24, 250.00, 95, 1410, 1215, 68, P0
2026/07/31 18:26:04.777, 237.25, 250.00, 96, 1410, 1215, 68, P0
2026/07/31 18:26:04.977, 228.65, 250.00, 95, 1410, 1215, 68, P0
2026/07/31 18:26:05.178, 227.46, 250.00, 95, 1410, 1215, 68, P0
2026/07/31 18:26:05.378, 233.75, 250.00, 95, 1410, 1215, 68, P0
2026/07/31 18:26:05.579, 227.98, 250.00, 95, 1410, 1215, 68, P0
2026/07/31 18:26:05.779, 227.92, 250.00, 96, 1410, 1215, 68, P0
2026/07/31 18:26:05.980, 240.53, 250.00, 95, 1410, 1215, 68, P0
2026/07/31 18:26:06.180, 227.42, 250.00, 95, 1410, 1215, 68, P0
2026/07/31 18:26:06.381, 228.98, 250.00, 94, 1410, 1215, 68, P0
2026/07/31 18:26:06.581, 240.06, 250.00, 95, 1410, 1215, 68, P0
2026/07/31 18:26:06.782, 226.96, 250.00, 95, 1410, 1215, 68, P0
2026/07/31 18:26:06.982, 229.61, 250.00, 95, 1410, 1215, 68, P0
2026/07/31 18:26:07.183, 238.25, 250.00, 95, 1410, 1215, 68, P0
2026/07/31 18:26:07.385, 228.04, 250.00, 95, 1410, 1215, 68, P0
2026/07/31 18:26:07.590, 230.49, 250.00, 95, 1410, 1215, 68, P0
2026/07/31 18:26:07.791, 237.19, 250.00, 94, 1410, 1215, 69, P0
2026/07/31 18:26:07.991, 227.43, 250.00, 95, 1410, 1215, 69, P0
2026/07/31 18:26:08.193, 227.75, 250.00, 96, 1410, 1215, 69, P0
2026/07/31 18:26:08.394, 234.03, 250.00, 94, 1410, 1215, 69, P0
2026/07/31 18:26:08.594, 223.80, 250.00, 96, 1410, 1215, 69, P0
2026/07/31 18:26:08.795, 229.72, 250.00, 95, 1410, 1215, 69, P0
2026/07/31 18:26:08.995, 235.89, 250.00, 95, 1410, 1215, 69, P0
2026/07/31 18:26:09.196, 227.23, 250.00, 96, 1410, 1215, 69, P0
2026/07/31 18:26:09.396, 228.53, 250.00, 95, 1410, 1215, 69, P0
2026/07/31 18:26:09.597, 242.97, 250.00, 95, 1410, 1215, 69, P0
2026/07/31 18:26:09.797, 226.66, 250.00, 96, 1410, 1215, 69, P0
2026/07/31 18:26:09.998, 230.56, 250.00, 94, 1410, 1215, 69, P0
2026/07/31 18:26:10.198, 244.93, 250.00, 95, 1410, 1215, 69, P0
2026/07/31 18:26:10.399, 227.30, 250.00, 96, 1410, 1215, 69, P0
2026/07/31 18:26:10.599, 249.90, 250.00, 94, 1275, 1215, 71, P0
2026/07/31 18:26:10.799, 248.21, 250.00, 76, 1290, 1215, 73, P0
2026/07/31 18:26:11.000, 253.49, 250.00, 100, 1290, 1215, 73, P0
2026/07/31 18:26:11.200, 248.34, 250.00, 96, 1290, 1215, 73, P0
2026/07/31 18:26:11.401, 246.50, 250.00, 100, 1245, 1215, 73, P0
2026/07/31 18:26:11.601, 250.60, 250.00, 96, 1290, 1215, 73, P0
2026/07/31 18:26:11.802, 250.60, 250.00, 100, 1290, 1215, 74, P0
2026/07/31 18:26:12.002, 238.73, 250.00, 100, 1290, 1215, 74, P0
2026/07/31 18:26:12.202, 249.33, 250.00, 96, 1290, 1215, 74, P0
2026/07/31 18:26:12.403, 248.79, 250.00, 100, 1365, 1215, 74, P0
2026/07/31 18:26:12.603, 244.90, 250.00, 95, 1290, 1215, 74, P0
2026/07/31 18:26:12.804, 251.90, 250.00, 100, 1290, 1215, 74, P0
2026/07/31 18:26:13.004, 217.25, 250.00, 100, 1290, 1215, 74, P0
2026/07/31 18:26:13.204, 246.26, 250.00, 96, 1290, 1215, 74, P0
2026/07/31 18:26:13.405, 250.41, 250.00, 100, 1290, 1215, 74, P0
2026/07/31 18:26:13.605, 255.34, 250.00, 96, 1290, 1215, 75, P0
2026/07/31 18:26:13.806, 242.94, 250.00, 100, 1290, 1215, 75, P0
2026/07/31 18:26:14.006, 253.96, 250.00, 100, 1365, 1215, 74, P0
2026/07/31 18:26:14.207, 247.80, 250.00, 96, 1290, 1215, 75, P0
2026/07/31 18:26:14.407, 254.53, 250.00, 100, 1290, 1215, 75, P0
2026/07/31 18:26:14.607, 229.23, 250.00, 100, 1290, 1215, 75, P0
2026/07/31 18:26:14.808, 257.57, 250.00, 96, 1290, 1215, 75, P0
2026/07/31 18:26:15.008, 247.41, 250.00, 100, 1290, 1215, 75, P0
2026/07/31 18:26:15.209, 222.77, 250.00, 100, 1290, 1215, 75, P0
2026/07/31 18:26:15.409, 240.57, 250.00, 96, 1290, 1215, 75, P0
2026/07/31 18:26:15.610, 240.58, 250.00, 100, 1290, 1215, 75, P0
2026/07/31 18:26:15.810, 211.69, 250.00, 100, 1395, 1215, 72, P0
2026/07/31 18:26:16.011, 241.94, 250.00, 94, 1410, 1215, 71, P0
2026/07/31 18:26:16.211, 230.68, 250.00, 94, 1410, 1215, 71, P0
2026/07/31 18:26:16.412, 229.92, 250.00, 95, 1410, 1215, 71, P0
2026/07/31 18:26:16.612, 242.68, 250.00, 95, 1410, 1215, 70, P0
2026/07/31 18:26:16.813, 229.95, 250.00, 95, 1410, 1215, 70, P0
2026/07/31 18:26:17.013, 230.91, 250.00, 96, 1410, 1215, 70, P0
2026/07/31 18:26:17.214, 240.32, 250.00, 95, 1410, 1215, 70, P0
2026/07/31 18:26:17.414, 229.68, 250.00, 95, 1410, 1215, 70, P0
2026/07/31 18:26:17.615, 232.67, 250.00, 95, 1410, 1215, 70, P0
2026/07/31 18:26:17.815, 228.91, 250.00, 95, 1410, 1215, 70, P0
2026/07/31 18:26:18.015, 230.36, 250.00, 96, 1410, 1215, 70, P0
2026/07/31 18:26:18.216, 241.87, 250.00, 95, 1410, 1215, 70, P0
2026/07/31 18:26:18.416, 230.38, 250.00, 94, 1410, 1215, 70, P0
2026/07/31 18:26:18.617, 229.69, 250.00, 95, 1410, 1215, 70, P0
2026/07/31 18:26:18.817, 232.97, 250.00, 95, 1410, 1215, 70, P0
2026/07/31 18:26:19.018, 231.47, 250.00, 94, 1410, 1215, 70, P0
2026/07/31 18:26:19.219, 231.94, 250.00, 96, 1410, 1215, 70, P0
2026/07/31 18:26:19.419, 241.58, 250.00, 95, 1410, 1215, 70, P0
2026/07/31 18:26:19.620, 230.04, 250.00, 94, 1410, 1215, 70, P0
2026/07/31 18:26:19.820, 231.04, 250.00, 95, 1410, 1215, 70, P0
2026/07/31 18:26:20.021, 247.00, 250.00, 95, 1410, 1215, 70, P0
2026/07/31 18:26:20.221, 229.97, 250.00, 95, 1410, 1215, 70, P0
2026/07/31 18:26:20.422, 233.83, 250.00, 96, 1410, 1215, 70, P0
2026/07/31 18:26:20.622, 230.44, 250.00, 94, 1410, 1215, 70, P0
2026/07/31 18:26:20.822, 230.26, 250.00, 96, 1410, 1215, 70, P0
2026/07/31 18:26:21.023, 238.41, 250.00, 95, 1410, 1215, 70, P0
2026/07/31 18:26:21.223, 225.62, 250.00, 94, 1410, 1215, 70, P0
2026/07/31 18:26:21.424, 232.04, 250.00, 95, 1410, 1215, 71, P0
2026/07/31 18:26:21.624, 235.97, 250.00, 95, 1410, 1215, 71, P0
2026/07/31 18:26:21.825, 220.58, 250.00, 95, 1410, 1215, 70, P0
2026/07/31 18:26:22.025, 230.19, 250.00, 94, 1410, 1215, 71, P0
2026/07/31 18:26:22.226, 237.11, 250.00, 95, 1410, 1215, 71, P0
2026/07/31 18:26:22.426, 230.85, 250.00, 95, 1410, 1215, 71, P0
2026/07/31 18:26:22.627, 231.21, 250.00, 95, 1410, 1215, 71, P0
2026/07/31 18:26:22.827, 246.07, 250.00, 95, 1410, 1215, 71, P0
2026/07/31 18:26:23.028, 230.36, 250.00, 95, 1410, 1215, 71, P0
2026/07/31 18:26:23.228, 232.74, 250.00, 96, 1410, 1215, 71, P0
2026/07/31 18:26:23.429, 229.01, 250.00, 95, 1410, 1215, 71, P0
2026/07/31 18:26:23.629, 230.25, 250.00, 95, 1410, 1215, 71, P0
2026/07/31 18:26:23.830, 237.22, 250.00, 95, 1410, 1215, 71, P0
2026/07/31 18:26:24.030, 229.48, 250.00, 95, 1410, 1215, 71, P0
2026/07/31 18:26:24.231, 230.23, 250.00, 96, 1410, 1215, 71, P0
2026/07/31 18:26:24.431, 241.27, 250.00, 95, 1410, 1215, 71, P0
2026/07/31 18:26:24.632, 230.50, 250.00, 95, 1410, 1215, 71, P0
2026/07/31 18:26:24.832, 227.89, 250.00, 95, 1410, 1215, 71, P0
2026/07/31 18:26:25.033, 236.41, 250.00, 94, 1410, 1215, 71, P0
2026/07/31 18:26:25.233, 230.52, 250.00, 95, 1410, 1215, 71, P0
2026/07/31 18:26:25.434, 90.69, 250.00, 95, 1410, 1215, 70, P0
2026/07/31 18:26:25.634, 250.93, 250.00, 80, 1275, 1215, 74, P0
2026/07/31 18:26:25.835, 251.46, 250.00, 100, 1275, 1215, 75, P0
2026/07/31 18:26:26.035, 251.55, 250.00, 96, 1290, 1215, 75, P0
2026/07/31 18:26:26.236, 255.89, 250.00, 100, 1290, 1215, 75, P0
2026/07/31 18:26:26.436, 253.85, 250.00, 96, 1290, 1215, 75, P0
2026/07/31 18:26:26.636, 246.25, 250.00, 100, 1275, 1215, 76, P0
2026/07/31 18:26:26.837, 245.21, 250.00, 100, 1290, 1215, 75, P0
2026/07/31 18:26:27.037, 258.37, 250.00, 96, 1275, 1215, 76, P0
2026/07/31 18:26:27.238, 251.60, 250.00, 100, 1290, 1215, 76, P0
2026/07/31 18:26:27.438, 202.91, 250.00, 96, 1290, 1215, 76, P0
2026/07/31 18:26:27.639, 241.95, 250.00, 100, 1290, 1215, 76, P0
2026/07/31 18:26:27.839, 244.81, 250.00, 100, 1335, 1215, 76, P0
2026/07/31 18:26:28.039, 253.19, 250.00, 95, 1290, 1215, 76, P0
2026/07/31 18:26:28.240, 253.28, 250.00, 100, 1290, 1215, 76, P0
2026/07/31 18:26:28.440, 242.60, 250.00, 98, 1305, 1215, 76, P0
2026/07/31 18:26:28.641, 250.92, 250.00, 98, 1290, 1215, 76, P0
2026/07/31 18:26:28.841, 234.36, 250.00, 100, 1275, 1215, 76, P0
2026/07/31 18:26:29.042, 262.71, 250.00, 96, 1290, 1215, 76, P0
2026/07/31 18:26:29.242, 247.43, 250.00, 100, 1290, 1215, 76, P0
2026/07/31 18:26:29.443, 248.18, 250.00, 100, 1290, 1215, 77, P0
2026/07/31 18:26:29.643, 248.59, 250.00, 96, 1275, 1215, 76, P0
2026/07/31 18:26:29.843, 240.91, 250.00, 100, 1260, 1215, 77, P0
2026/07/31 18:26:30.044, 254.44, 250.00, 100, 1290, 1215, 77, P0
2026/07/31 18:26:30.244, 249.41, 250.00, 96, 1290, 1215, 77, P0
2026/07/31 18:26:30.445, 241.65, 250.00, 100, 1290, 1215, 77, P0
2026/07/31 18:26:30.645, 249.43, 250.00, 100, 1350, 1215, 76, P0
2026/07/31 18:26:30.846, 235.04, 250.00, 94, 1410, 1215, 73, P0
2026/07/31 18:26:31.046, 238.19, 250.00, 94, 1410, 1215, 73, P0
2026/07/31 18:26:31.247, 232.28, 250.00, 95, 1410, 1215, 72, P0
2026/07/31 18:26:31.447, 239.15, 250.00, 95, 1410, 1215, 72, P0
2026/07/31 18:26:31.648, 227.38, 250.00, 94, 1410, 1215, 72, P0
2026/07/31 18:26:31.848, 231.69, 250.00, 95, 1410, 1215, 72, P0
2026/07/31 18:26:32.048, 233.85, 250.00, 95, 1410, 1215, 72, P0
2026/07/31 18:26:32.249, 232.35, 250.00, 96, 1410, 1215, 72, P0
2026/07/31 18:26:32.449, 232.84, 250.00, 95, 1410, 1215, 72, P0
2026/07/31 18:26:32.650, 242.90, 250.00, 96, 1410, 1215, 72, P0
2026/07/31 18:26:32.850, 232.35, 250.00, 96, 1410, 1215, 72, P0
2026/07/31 18:26:33.051, 233.14, 250.00, 94, 1410, 1215, 72, P0
2026/07/31 18:26:33.251, 238.46, 250.00, 96, 1410, 1215, 72, P0
2026/07/31 18:26:33.452, 232.15, 250.00, 95, 1410, 1215, 72, P0
2026/07/31 18:26:33.652, 233.05, 250.00, 95, 1410, 1215, 72, P0
2026/07/31 18:26:33.853, 248.34, 250.00, 96, 1410, 1215, 72, P0
2026/07/31 18:26:34.053, 232.20, 250.00, 94, 1410, 1215, 72, P0
2026/07/31 18:26:34.253, 232.95, 250.00, 94, 1410, 1215, 72, P0
2026/07/31 18:26:34.454, 241.67, 250.00, 95, 1410, 1215, 72, P0
2026/07/31 18:26:34.655, 231.51, 250.00, 94, 1410, 1215, 72, P0
2026/07/31 18:26:34.855, 232.28, 250.00, 94, 1410, 1215, 72, P0
2026/07/31 18:26:35.055, 234.40, 250.00, 95, 1410, 1215, 72, P0
2026/07/31 18:26:35.256, 231.47, 250.00, 95, 1410, 1215, 72, P0
2026/07/31 18:26:35.456, 236.91, 250.00, 95, 1410, 1215, 72, P0
2026/07/31 18:26:35.657, 231.88, 250.00, 95, 1410, 1215, 72, P0
2026/07/31 18:26:35.857, 232.99, 250.00, 95, 1410, 1215, 72, P0
2026/07/31 18:26:36.058, 240.26, 250.00, 95, 1410, 1215, 72, P0
2026/07/31 18:26:36.258, 232.32, 250.00, 95, 1410, 1215, 72, P0
2026/07/31 18:26:36.459, 232.48, 250.00, 94, 1410, 1215, 72, P0
2026/07/31 18:26:36.659, 238.55, 250.00, 95, 1410, 1215, 72, P0
2026/07/31 18:26:36.860, 231.99, 250.00, 95, 1410, 1215, 72, P0
2026/07/31 18:26:37.060, 232.22, 250.00, 94, 1410, 1215, 72, P0
2026/07/31 18:26:37.261, 237.70, 250.00, 95, 1410, 1215, 72, P0
2026/07/31 18:26:37.461, 231.23, 250.00, 95, 1410, 1215, 72, P0
2026/07/31 18:26:37.662, 232.99, 250.00, 94, 1410, 1215, 72, P0
2026/07/31 18:26:37.862, 237.67, 250.00, 95, 1410, 1215, 72, P0
2026/07/31 18:26:38.062, 232.01, 250.00, 95, 1410, 1215, 72, P0
2026/07/31 18:26:38.263, 233.42, 250.00, 95, 1410, 1215, 72, P0
2026/07/31 18:26:38.463, 248.77, 250.00, 96, 1410, 1215, 72, P0
2026/07/31 18:26:38.664, 232.02, 250.00, 95, 1410, 1215, 72, P0
2026/07/31 18:26:38.864, 235.05, 250.00, 95, 1410, 1215, 72, P0
2026/07/31 18:26:39.065, 229.23, 250.00, 95, 1410, 1215, 72, P0
2026/07/31 18:26:39.265, 231.84, 250.00, 95, 1410, 1215, 72, P0
2026/07/31 18:26:39.466, 241.76, 250.00, 95, 1410, 1215, 72, P0
2026/07/31 18:26:39.666, 232.93, 250.00, 96, 1410, 1215, 72, P0
2026/07/31 18:26:39.867, 233.09, 250.00, 94, 1410, 1215, 72, P0
2026/07/31 18:26:40.067, 240.27, 250.00, 95, 1410, 1215, 72, P0
2026/07/31 18:26:40.268, 231.30, 250.00, 95, 1410, 1215, 72, P0
2026/07/31 18:26:40.468, 233.99, 250.00, 95, 1410, 1215, 72, P0
2026/07/31 18:26:40.669, 235.32, 250.00, 95, 1410, 1215, 72, P0
2026/07/31 18:26:40.869, 232.04, 250.00, 95, 1410, 1215, 72, P0
2026/07/31 18:26:41.070, 232.78, 250.00, 94, 1410, 1215, 72, P0
2026/07/31 18:26:41.270, 239.46, 250.00, 95, 1410, 1215, 72, P0
2026/07/31 18:26:41.471, 233.01, 250.00, 95, 1410, 1215, 72, P0
2026/07/31 18:26:41.671, 234.74, 250.00, 95, 1410, 1215, 72, P0
2026/07/31 18:26:41.872, 244.34, 250.00, 94, 1410, 1215, 72, P0
2026/07/31 18:26:42.072, 232.56, 250.00, 96, 1410, 1215, 72, P0
2026/07/31 18:26:42.273, 233.73, 250.00, 95, 1410, 1215, 72, P0
2026/07/31 18:26:42.473, 247.12, 250.00, 95, 1410, 1215, 72, P0
2026/07/31 18:26:42.674, 230.51, 250.00, 95, 1410, 1215, 72, P0
2026/07/31 18:26:42.874, 234.49, 250.00, 95, 1410, 1215, 72, P0
2026/07/31 18:26:43.075, 234.12, 250.00, 94, 1410, 1215, 73, P0
2026/07/31 18:26:43.275, 233.61, 250.00, 95, 1410, 1215, 72, P0
2026/07/31 18:26:43.476, 239.99, 250.00, 95, 1410, 1215, 73, P0
2026/07/31 18:26:43.676, 229.61, 250.00, 95, 1410, 1215, 73, P0
2026/07/31 18:26:43.877, 231.80, 250.00, 95, 1410, 1215, 72, P0
2026/07/31 18:26:44.077, 233.46, 250.00, 94, 1410, 1215, 73, P0
2026/07/31 18:26:44.278, 69.26, 250.00, 94, 1410, 1215, 70, P0
2026/07/31 18:26:44.479, 66.94, 250.00, 46, 1410, 1215, 68, P0
2026/07/31 18:26:44.679, 67.23, 250.00, 0, 1410, 1215, 67, P0
2026/07/31 18:26:44.880, 66.46, 250.00, 0, 1410, 1215, 66, P0
2026/07/31 18:26:45.080, 66.34, 250.00, 0, 1410, 1215, 66, P0
2026/07/31 18:26:45.280, 65.76, 250.00, 0, 1410, 1215, 65, P0
2026/07/31 18:26:45.481, 65.51, 250.00, 0, 1410, 1215, 65, P0
2026/07/31 18:26:45.681, 65.30, 250.00, 0, 1410, 1215, 65, P0
2026/07/31 18:26:45.882, 65.39, 250.00, 0, 1410, 1215, 65, P0
2026/07/31 18:26:46.082, 64.89, 250.00, 0, 1410, 1215, 64, P0
