2026/07/31 14:56:02.335, 36.19, 250.00, 0, 1140, 1215, 37, P0
2026/07/31 14:56:02.540, 36.18, 250.00, 0, 1140, 1215, 37, P0
2026/07/31 14:56:02.740, 36.19, 250.00, 0, 1140, 1215, 37, P0
2026/07/31 14:56:02.941, 36.18, 250.00, 0, 1140, 1215, 37, P0
2026/07/31 14:56:03.141, 36.18, 250.00, 0, 1140, 1215, 37, P0
2026/07/31 14:56:03.341, 36.28, 250.00, 0, 1140, 1215, 37, P0
2026/07/31 14:56:03.542, 36.16, 250.00, 0, 1140, 1215, 37, P0
2026/07/31 14:56:03.742, 36.28, 250.00, 0, 1140, 1215, 37, P0
2026/07/31 14:56:03.943, 36.16, 250.00, 0, 1140, 1215, 37, P0
2026/07/31 14:56:04.143, 36.18, 250.00, 0, 1140, 1215, 37, P0
2026/07/31 14:56:04.344, 36.09, 250.00, 0, 1140, 1215, 37, P0
2026/07/31 14:56:04.544, 36.18, 250.00, 0, 1140, 1215, 37, P0
2026/07/31 14:56:04.745, 36.20, 250.00, 0, 1140, 1215, 37, P0
2026/07/31 14:56:04.945, 36.09, 250.00, 0, 1140, 1215, 37, P0
2026/07/31 14:56:05.145, 36.18, 250.00, 0, 1140, 1215, 37, P0
2026/07/31 14:56:05.346, 36.10, 250.00, 0, 1140, 1215, 37, P0
2026/07/31 14:56:05.546, 36.20, 250.00, 0, 1140, 1215, 37, P0
2026/07/31 14:56:05.747, 35.89, 250.00, 0, 1140, 1215, 37, P0
2026/07/31 14:56:05.947, 35.99, 250.00, 0, 1140, 1215, 37, P0
2026/07/31 14:56:06.147, 36.09, 250.00, 0, 1140, 1215, 37, P0
2026/07/31 14:56:06.348, 36.00, 250.00, 0, 1140, 1215, 37, P0
2026/07/31 14:56:06.548, 35.98, 250.00, 0, 1140, 1215, 37, P0
2026/07/31 14:56:06.749, 35.99, 250.00, 0, 1140, 1215, 37, P0
2026/07/31 14:56:06.949, 36.04, 250.00, 0, 1140, 1215, 37, P0
2026/07/31 14:56:07.149, 36.00, 250.00, 0, 1140, 1215, 37, P0
2026/07/31 14:56:07.350, 36.00, 250.00, 0, 1140, 1215, 37, P0
2026/07/31 14:56:07.550, 35.99, 250.00, 0, 1140, 1215, 37, P0
2026/07/31 14:56:07.751, 35.99, 250.00, 0, 1140, 1215, 37, P0
2026/07/31 14:56:07.951, 35.99, 250.00, 0, 1140, 1215, 37, P0
2026/07/31 14:56:08.151, 35.99, 250.00, 0, 1140, 1215, 37, P0
2026/07/31 14:56:08.352, 36.00, 250.00, 0, 1140, 1215, 37, P0
2026/07/31 14:56:08.552, 36.00, 250.00, 0, 1140, 1215, 37, P0
2026/07/31 14:56:08.752, 35.99, 250.00, 0, 1140, 1215, 37, P0
2026/07/31 14:56:08.953, 35.99, 250.00, 0, 1140, 1215, 37, P0
2026/07/31 14:56:09.153, 36.01, 250.00, 0, 1140, 1215, 37, P0
2026/07/31 14:56:09.354, 36.09, 250.00, 0, 1140, 1215, 37, P0
2026/07/31 14:56:09.554, 35.97, 250.00, 0, 1140, 1215, 37, P0
2026/07/31 14:56:09.754, 36.09, 250.00, 0, 1140, 1215, 37, P0
2026/07/31 14:56:09.955, 35.97, 250.00, 0, 1140, 1215, 37, P0
2026/07/31 14:56:10.155, 35.99, 250.00, 0, 1140, 1215, 37, P0
2026/07/31 14:56:10.356, 35.99, 250.00, 0, 1140, 1215, 37, P0
2026/07/31 14:56:10.556, 35.99, 250.00, 0, 1140, 1215, 37, P0
2026/07/31 14:56:10.756, 36.01, 250.00, 0, 1140, 1215, 37, P0
2026/07/31 14:56:10.957, 36.09, 250.00, 0, 1140, 1215, 37, P0
2026/07/31 14:56:11.157, 36.00, 250.00, 0, 1140, 1215, 37, P0
2026/07/31 14:56:11.358, 35.99, 250.00, 0, 1140, 1215, 37, P0
2026/07/31 14:56:11.558, 35.92, 250.00, 0, 1140, 1215, 37, P0
2026/07/31 14:56:11.758, 35.89, 250.00, 0, 1140, 1215, 37, P0
2026/07/31 14:56:11.959, 36.00, 250.00, 0, 1140, 1215, 37, P0
2026/07/31 14:56:12.159, 36.01, 250.00, 0, 1140, 1215, 37, P0
2026/07/31 14:56:12.360, 35.99, 250.00, 0, 1140, 1215, 37, P0
2026/07/31 14:56:12.560, 35.99, 250.00, 0, 1140, 1215, 37, P0
2026/07/31 14:56:12.760, 36.09, 250.00, 0, 1140, 1215, 37, P0
2026/07/31 14:56:12.961, 36.04, 250.00, 0, 1140, 1215, 37, P0
2026/07/31 14:56:13.161, 35.97, 250.00, 0, 1140, 1215, 37, P0
2026/07/31 14:56:13.362, 36.19, 250.00, 0, 1140, 1215, 37, P0
2026/07/31 14:56:13.562, 36.18, 250.00, 0, 1140, 1215, 37, P0
2026/07/31 14:56:13.762, 36.18, 250.00, 0, 1140, 1215, 37, P0
2026/07/31 14:56:13.963, 36.28, 250.00, 0, 1140, 1215, 37, P0
2026/07/31 14:56:14.163, 36.28, 250.00, 0, 1140, 1215, 37, P0
2026/07/31 14:56:14.363, 36.28, 250.00, 0, 1140, 1215, 37, P0
2026/07/31 14:56:14.564, 36.18, 250.00, 0, 1140, 1215, 37, P0
2026/07/31 14:56:14.764, 36.28, 250.00, 0, 1140, 1215, 37, P0
2026/07/31 14:56:14.964, 36.18, 250.00, 0, 1140, 1215, 37, P0
2026/07/31 14:56:15.164, 36.18, 250.00, 0, 1140, 1215, 37, P0
2026/07/31 14:56:15.365, 36.18, 250.00, 0, 1140, 1215, 37, P0
2026/07/31 14:56:15.565, 36.04, 250.00, 0, 1140, 1215, 37, P0
2026/07/31 14:56:15.766, 36.09, 250.00, 0, 1140, 1215, 37, P0
2026/07/31 14:56:15.966, 36.14, 250.00, 0, 1140, 1215, 37, P0
2026/07/31 14:56:16.166, 36.09, 250.00, 0, 1140, 1215, 37, P0
2026/07/31 14:56:16.367, 36.19, 250.00, 0, 1140, 1215, 37, P0
2026/07/31 14:56:16.567, 36.16, 250.00, 0, 1140, 1215, 37, P0
2026/07/31 14:56:16.767, 36.09, 250.00, 0, 1140, 1215, 37, P0
2026/07/31 14:56:16.968, 36.09, 250.00, 0, 1140, 1215, 37, P0
2026/07/31 14:56:17.168, 35.99, 250.00, 0, 1140, 1215, 37, P0
2026/07/31 14:56:17.368, 36.00, 250.00, 0, 1140, 1215, 37, P0
2026/07/31 14:56:17.569, 35.99, 250.00, 0, 1140, 1215, 37, P0
2026/07/31 14:56:17.769, 36.00, 250.00, 0, 1140, 1215, 37, P0
2026/07/31 14:56:17.969, 36.09, 250.00, 0, 1140, 1215, 37, P0
2026/07/31 14:56:18.170, 36.09, 250.00, 0, 1140, 1215, 37, P0
2026/07/31 14:56:18.370, 35.99, 250.00, 0, 1140, 1215, 37, P0
2026/07/31 14:56:18.571, 35.98, 250.00, 0, 1140, 1215, 37, P0
2026/07/31 14:56:18.771, 36.09, 250.00, 0, 1140, 1215, 37, P0
2026/07/31 14:56:18.971, 36.08, 250.00, 0, 1140, 1215, 37, P0
2026/07/31 14:56:19.172, 35.97, 250.00, 0, 1140, 1215, 37, P0
2026/07/31 14:56:19.372, 35.99, 250.00, 0, 1140, 1215, 37, P0
2026/07/31 14:56:19.573, 35.99, 250.00, 0, 1140, 1215, 37, P0
2026/07/31 14:56:19.773, 36.01, 250.00, 0, 1140, 1215, 37, P0
2026/07/31 14:56:19.973, 36.00, 250.00, 0, 1140, 1215, 37, P0
2026/07/31 14:56:20.174, 35.99, 250.00, 0, 1140, 1215, 37, P0
2026/07/31 14:56:20.374, 35.99, 250.00, 0, 1140, 1215, 37, P0
2026/07/31 14:56:20.574, 35.99, 250.00, 0, 1140, 1215, 37, P0
2026/07/31 14:56:20.775, 36.00, 250.00, 0, 1140, 1215, 37, P0
2026/07/31 14:56:20.975, 35.99, 250.00, 0, 1140, 1215, 37, P0
2026/07/31 14:56:21.175, 35.99, 250.00, 0, 1140, 1215, 37, P0
2026/07/31 14:56:21.376, 35.99, 250.00, 0, 1140, 1215, 37, P0
2026/07/31 14:56:21.576, 35.97, 250.00, 0, 1140, 1215, 37, P0
2026/07/31 14:56:21.777, 35.99, 250.00, 0, 1140, 1215, 37, P0
2026/07/31 14:56:21.977, 36.09, 250.00, 0, 1140, 1215, 37, P0
2026/07/31 14:56:22.177, 35.99, 250.00, 0, 1140, 1215, 37, P0
2026/07/31 14:56:22.378, 35.99, 250.00, 0, 1140, 1215, 37, P0
2026/07/31 14:56:22.578, 35.99, 250.00, 0, 1140, 1215, 37, P0
2026/07/31 14:56:22.779, 35.99, 250.00, 0, 1140, 1215, 37, P0
2026/07/31 14:56:22.979, 35.99, 250.00, 0, 1140, 1215, 37, P0
2026/07/31 14:56:23.179, 35.99, 250.00, 0, 1140, 1215, 37, P0
2026/07/31 14:56:23.380, 35.89, 250.00, 0, 1140, 1215, 37, P0
2026/07/31 14:56:23.580, 35.89, 250.00, 0, 1140, 1215, 37, P0
2026/07/31 14:56:23.781, 35.88, 250.00, 0, 1140, 1215, 37, P0
2026/07/31 14:56:23.981, 35.99, 250.00, 0, 1140, 1215, 37, P0
2026/07/31 14:56:24.181, 35.99, 250.00, 0, 1140, 1215, 37, P0
2026/07/31 14:56:24.382, 35.99, 250.00, 0, 1140, 1215, 37, P0
2026/07/31 14:56:24.582, 35.98, 250.00, 0, 1140, 1215, 37, P0
2026/07/31 14:56:24.782, 35.97, 250.00, 0, 1140, 1215, 37, P0
2026/07/31 14:56:24.983, 35.98, 250.00, 0, 1140, 1215, 37, P0
2026/07/31 14:56:25.183, 36.09, 250.00, 0, 1140, 1215, 37, P0
2026/07/31 14:56:25.384, 35.90, 250.00, 0, 1140, 1215, 37, P0
2026/07/31 14:56:25.584, 35.99, 250.00, 0, 1140, 1215, 37, P0
2026/07/31 14:56:25.784, 35.99, 250.00, 0, 1140, 1215, 37, P0
2026/07/31 14:56:25.985, 35.99, 250.00, 0, 1140, 1215, 37, P0
2026/07/31 14:56:26.185, 36.09, 250.00, 0, 1140, 1215, 37, P0
2026/07/31 14:56:26.386, 35.99, 250.00, 0, 1140, 1215, 37, P0
2026/07/31 14:56:26.586, 36.09, 250.00, 0, 1140, 1215, 37, P0
2026/07/31 14:56:26.786, 36.07, 250.00, 0, 1140, 1215, 37, P0
2026/07/31 14:56:26.987, 36.09, 250.00, 0, 1140, 1215, 37, P0
2026/07/31 14:56:27.187, 35.99, 250.00, 0, 1140, 1215, 37, P0
2026/07/31 14:56:27.388, 35.89, 250.00, 0, 1140, 1215, 37, P0
2026/07/31 14:56:27.588, 35.97, 250.00, 0, 1140, 1215, 37, P0
2026/07/31 14:56:27.788, 35.99, 250.00, 0, 1140, 1215, 37, P0
2026/07/31 14:56:27.989, 35.96, 250.00, 0, 1140, 1215, 37, P0
2026/07/31 14:56:28.189, 35.89, 250.00, 0, 1140, 1215, 37, P0
2026/07/31 14:56:28.390, 35.94, 250.00, 0, 1140, 1215, 37, P0
2026/07/31 14:56:28.590, 36.09, 250.00, 0, 1140, 1215, 37, P0
2026/07/31 14:56:28.790, 35.98, 250.00, 0, 1140, 1215, 37, P0
2026/07/31 14:56:28.991, 35.89, 250.00, 0, 1140, 1215, 37, P0
2026/07/31 14:56:29.191, 36.09, 250.00, 0, 1140, 1215, 37, P0
2026/07/31 14:56:29.391, 35.99, 250.00, 0, 1140, 1215, 37, P0
2026/07/31 14:56:29.592, 35.99, 250.00, 0, 1140, 1215, 37, P0
2026/07/31 14:56:29.792, 35.99, 250.00, 0, 1140, 1215, 37, P0
2026/07/31 14:56:29.992, 36.09, 250.00, 0, 1140, 1215, 37, P0
2026/07/31 14:56:30.193, 36.09, 250.00, 0, 1140, 1215, 37, P0
2026/07/31 14:56:30.393, 35.99, 250.00, 0, 1140, 1215, 37, P0
2026/07/31 14:56:30.594, 35.98, 250.00, 0, 1140, 1215, 37, P0
2026/07/31 14:56:30.794, 35.99, 250.00, 0, 1140, 1215, 37, P0
2026/07/31 14:56:30.994, 35.94, 250.00, 0, 1140, 1215, 37, P0
2026/07/31 14:56:31.195, 35.87, 250.00, 0, 1140, 1215, 37, P0
2026/07/31 14:56:31.395, 35.99, 250.00, 0, 1140, 1215, 37, P0
2026/07/31 14:56:31.596, 35.99, 250.00, 0, 1140, 1215, 37, P0
2026/07/31 14:56:31.796, 35.99, 250.00, 0, 1140, 1215, 37, P0
2026/07/31 14:56:31.996, 35.99, 250.00, 0, 1140, 1215, 37, P0
2026/07/31 14:56:32.197, 35.99, 250.00, 0, 1140, 1215, 37, P0
2026/07/31 14:56:32.397, 35.98, 250.00, 0, 1140, 1215, 37, P0
2026/07/31 14:56:32.597, 35.99, 250.00, 0, 1140, 1215, 37, P0
2026/07/31 14:56:32.798, 35.89, 250.00, 0, 1140, 1215, 37, P0
2026/07/31 14:56:32.998, 36.09, 250.00, 0, 1140, 1215, 37, P0
2026/07/31 14:56:33.199, 35.99, 250.00, 0, 1140, 1215, 37, P0
2026/07/31 14:56:33.399, 35.99, 250.00, 0, 1140, 1215, 37, P0
2026/07/31 14:56:33.599, 36.35, 250.00, 0, 1140, 1215, 37, P0
2026/07/31 14:56:33.800, 36.26, 250.00, 0, 1140, 1215, 37, P0
2026/07/31 14:56:34.000, 36.26, 250.00, 0, 1140, 1215, 37, P0
2026/07/31 14:56:34.201, 36.23, 250.00, 0, 1140, 1215, 37, P0
2026/07/31 14:56:34.401, 36.28, 250.00, 0, 1140, 1215, 37, P0
2026/07/31 14:56:34.601, 36.28, 250.00, 0, 1140, 1215, 37, P0
2026/07/31 14:56:34.802, 36.18, 250.00, 0, 1140, 1215, 37, P0
2026/07/31 14:56:35.002, 36.28, 250.00, 0, 1140, 1215, 37, P0
2026/07/31 14:56:35.202, 36.18, 250.00, 0, 1140, 1215, 37, P0
2026/07/31 14:56:35.403, 36.18, 250.00, 0, 1140, 1215, 37, P0
2026/07/31 14:56:35.603, 36.18, 250.00, 0, 1140, 1215, 37, P0
2026/07/31 14:56:35.803, 36.19, 250.00, 0, 1140, 1215, 37, P0
2026/07/31 14:56:36.004, 36.18, 250.00, 0, 1140, 1215, 37, P0
2026/07/31 14:56:36.204, 35.95, 250.00, 0, 1140, 1215, 37, P0
2026/07/31 14:56:36.405, 36.09, 250.00, 0, 1140, 1215, 37, P0
2026/07/31 14:56:36.605, 36.06, 250.00, 0, 1140, 1215, 37, P0
2026/07/31 14:56:36.806, 36.18, 250.00, 0, 1140, 1215, 37, P0
2026/07/31 14:56:37.006, 36.16, 250.00, 0, 1140, 1215, 37, P0
2026/07/31 14:56:37.206, 35.94, 250.00, 0, 1140, 1215, 37, P0
2026/07/31 14:56:37.407, 36.09, 250.00, 0, 1140, 1215, 37, P0
2026/07/31 14:56:37.607, 35.99, 250.00, 0, 1140, 1215, 37, P0
2026/07/31 14:56:37.808, 35.89, 250.00, 0, 1140, 1215, 37, P0
2026/07/31 14:56:38.008, 35.99, 250.00, 0, 1140, 1215, 37, P0
2026/07/31 14:56:38.208, 35.99, 250.00, 0, 1140, 1215, 37, P0
2026/07/31 14:56:38.409, 36.09, 250.00, 0, 1140, 1215, 37, P0
2026/07/31 14:56:38.609, 36.09, 250.00, 0, 1140, 1215, 37, P0
2026/07/31 14:56:38.810, 35.89, 250.00, 0, 1140, 1215, 37, P0
2026/07/31 14:56:39.010, 35.99, 250.00, 0, 1140, 1215, 37, P0
2026/07/31 14:56:39.211, 35.99, 250.00, 0, 1140, 1215, 37, P0
2026/07/31 14:56:39.412, 35.99, 250.00, 0, 1140, 1215, 37, P0
2026/07/31 14:56:39.614, 36.06, 250.00, 0, 1140, 1215, 37, P0
2026/07/31 14:56:39.815, 35.97, 250.00, 0, 1140, 1215, 37, P0
2026/07/31 14:56:40.016, 36.09, 250.00, 0, 1140, 1215, 37, P0
2026/07/31 14:56:40.217, 36.06, 250.00, 0, 1140, 1215, 37, P0
2026/07/31 14:56:40.417, 35.99, 250.00, 0, 1140, 1215, 37, P0
2026/07/31 14:56:40.617, 35.94, 250.00, 0, 1140, 1215, 37, P0
2026/07/31 14:56:40.818, 36.09, 250.00, 0, 1140, 1215, 37, P0
2026/07/31 14:56:41.018, 36.06, 250.00, 0, 1140, 1215, 37, P0
2026/07/31 14:56:41.219, 35.97, 250.00, 0, 1140, 1215, 37, P0
2026/07/31 14:56:41.419, 35.99, 250.00, 0, 1140, 1215, 37, P0
2026/07/31 14:56:41.620, 36.09, 250.00, 0, 1140, 1215, 37, P0
2026/07/31 14:56:41.820, 35.99, 250.00, 0, 1140, 1215, 37, P0
2026/07/31 14:56:42.020, 35.99, 250.00, 0, 1140, 1215, 37, P0
2026/07/31 14:56:42.221, 40.00, 250.00, 3, 1140, 1215, 37, P0
2026/07/31 14:56:42.421, 47.28, 250.00, 9, 1140, 1215, 37, P0
2026/07/31 14:56:42.622, 48.94, 250.00, 10, 1140, 1215, 37, P0
2026/07/31 14:56:42.822, 140.91, 250.00, 57, 1410, 1215, 39, P0
2026/07/31 14:56:43.024, 203.65, 250.00, 87, 1410, 1215, 41, P0
2026/07/31 14:56:43.224, 50.62, 250.00, 53, 1410, 1215, 39, P0
2026/07/31 14:56:43.425, 48.16, 250.00, 0, 1410, 1215, 39, P0
2026/07/31 14:56:43.625, 47.97, 250.00, 0, 1410, 1215, 38, P0
2026/07/31 14:56:43.826, 48.36, 250.00, 0, 1410, 1215, 38, P0
2026/07/31 14:56:44.026, 47.87, 250.00, 0, 1410, 1215, 38, P0
2026/07/31 14:56:44.226, 92.54, 250.00, 10, 1410, 1215, 39, P0
2026/07/31 14:56:44.427, 172.32, 250.00, 52, 1410, 1215, 41, P0
2026/07/31 14:56:44.627, 198.99, 250.00, 95, 1410, 1215, 42, P0
2026/07/31 14:56:44.828, 198.71, 250.00, 95, 1410, 1215, 42, P0
2026/07/31 14:56:45.061, 206.44, 250.00, 96, 1410, 1215, 43, P0
2026/07/31 14:56:45.261, 199.74, 250.00, 95, 1410, 1215, 44, P0
2026/07/31 14:56:45.462, 215.45, 250.00, 95, 1410, 1215, 44, P0
2026/07/31 14:56:45.662, 199.99, 250.00, 94, 1410, 1215, 44, P0
2026/07/31 14:56:45.863, 93.25, 250.00, 68, 1410, 1215, 43, P0
2026/07/31 14:56:46.063, 189.56, 250.00, 53, 1410, 1215, 44, P0
2026/07/31 14:56:46.264, 199.69, 250.00, 95, 1410, 1215, 44, P0
2026/07/31 14:56:46.464, 198.76, 250.00, 94, 1410, 1215, 45, P0
2026/07/31 14:56:46.665, 201.22, 250.00, 94, 1410, 1215, 45, P0
2026/07/31 14:56:46.872, 202.97, 250.00, 95, 1410, 1215, 45, P0
2026/07/31 14:56:47.072, 206.56, 250.00, 95, 1410, 1215, 45, P0
2026/07/31 14:56:47.273, 203.27, 250.00, 95, 1410, 1215, 46, P0
2026/07/31 14:56:47.473, 202.76, 250.00, 95, 1410, 1215, 46, P0
2026/07/31 14:56:47.673, 99.72, 250.00, 95, 1410, 1215, 44, P0
2026/07/31 14:56:47.874, 202.68, 250.00, 34, 1410, 1215, 45, P0
2026/07/31 14:56:48.074, 203.75, 250.00, 82, 1410, 1215, 46, P0
2026/07/31 14:56:48.275, 202.76, 250.00, 95, 1410, 1215, 46, P0
2026/07/31 14:56:48.476, 199.16, 250.00, 95, 1410, 1215, 46, P0
2026/07/31 14:56:48.676, 206.53, 250.00, 94, 1410, 1215, 46, P0
2026/07/31 14:56:48.877, 202.37, 250.00, 95, 1410, 1215, 46, P0
2026/07/31 14:56:49.077, 210.60, 250.00, 94, 1410, 1215, 47, P0
2026/07/31 14:56:49.278, 94.81, 250.00, 95, 1410, 1215, 45, P0
2026/07/31 14:56:49.478, 200.78, 250.00, 26, 1410, 1215, 46, P0
2026/07/31 14:56:49.679, 210.05, 250.00, 92, 1410, 1215, 47, P0
2026/07/31 14:56:49.879, 203.29, 250.00, 95, 1410, 1215, 47, P0
2026/07/31 14:56:50.080, 205.12, 250.00, 95, 1410, 1215, 47, P0
2026/07/31 14:56:50.280, 203.53, 250.00, 95, 1410, 1215, 47, P0
2026/07/31 14:56:50.481, 204.23, 250.00, 95, 1410, 1215, 47, P0
2026/07/31 14:56:50.686, 207.75, 250.00, 95, 1410, 1215, 47, P0
2026/07/31 14:56:50.886, 92.80, 250.00, 95, 1410, 1215, 46, P0
2026/07/31 14:56:51.087, 215.84, 250.00, 40, 1410, 1215, 47, P0
2026/07/31 14:56:51.287, 203.20, 250.00, 76, 1410, 1215, 47, P0
2026/07/31 14:56:51.488, 202.56, 250.00, 94, 1410, 1215, 47, P0
2026/07/31 14:56:51.688, 203.60, 250.00, 95, 1410, 1215, 48, P0
2026/07/31 14:56:51.889, 203.42, 250.00, 94, 1410, 1215, 48, P0
2026/07/31 14:56:52.089, 220.07, 250.00, 94, 1410, 1215, 48, P0
2026/07/31 14:56:52.290, 203.71, 250.00, 93, 1410, 1215, 48, P0
2026/07/31 14:56:52.490, 215.19, 250.00, 94, 1410, 1215, 48, P0
2026/07/31 14:56:52.691, 53.66, 250.00, 96, 1410, 1215, 45, P0
2026/07/31 14:56:52.891, 51.90, 250.00, 4, 1410, 1215, 44, P0
2026/07/31 14:56:53.091, 51.61, 250.00, 0, 1410, 1215, 43, P0
2026/07/31 14:56:53.292, 51.48, 250.00, 0, 1410, 1215, 43, P0
2026/07/31 14:56:53.492, 51.30, 250.00, 0, 1410, 1215, 43, P0
2026/07/31 14:56:53.693, 51.15, 250.00, 0, 1410, 1215, 42, P0
2026/07/31 14:56:53.893, 50.53, 250.00, 0, 1410, 1215, 42, P0
2026/07/31 14:56:54.093, 50.92, 250.00, 0, 1410, 1215, 42, P0
2026/07/31 14:56:54.293, 50.71, 250.00, 0, 1410, 1215, 42, P0
2026/07/31 14:56:54.494, 37.26, 250.00, 0, 1140, 1215, 42, P0
2026/07/31 14:56:54.694, 37.06, 250.00, 0, 1140, 1215, 41, P0
2026/07/31 14:56:54.895, 36.97, 250.00, 0, 1140, 1215, 41, P0
2026/07/31 14:56:55.095, 36.94, 250.00, 0, 1140, 1215, 41, P0
2026/07/31 14:56:55.296, 36.88, 250.00, 0, 1140, 1215, 41, P0
2026/07/31 14:56:55.496, 36.88, 250.00, 0, 1140, 1215, 41, P0
2026/07/31 14:56:55.696, 36.88, 250.00, 0, 1140, 1215, 41, P0
2026/07/31 14:56:55.897, 36.88, 250.00, 0, 1140, 1215, 41, P0
2026/07/31 14:56:56.097, 37.07, 250.00, 0, 1140, 1215, 41, P0
2026/07/31 14:56:56.297, 36.78, 250.00, 0, 1140, 1215, 41, P0
2026/07/31 14:56:56.498, 36.79, 250.00, 0, 1140, 1215, 41, P0
2026/07/31 14:56:56.698, 36.67, 250.00, 0, 1140, 1215, 41, P0
2026/07/31 14:56:56.899, 36.67, 250.00, 0, 1140, 1215, 40, P0
2026/07/31 14:56:57.099, 36.78, 250.00, 0, 1140, 1215, 40, P0
2026/07/31 14:56:57.299, 36.67, 250.00, 0, 1140, 1215, 40, P0
2026/07/31 14:56:57.500, 36.67, 250.00, 0, 1140, 1215, 40, P0
2026/07/31 14:56:57.700, 36.65, 250.00, 0, 1140, 1215, 40, P0
2026/07/31 14:56:57.901, 36.67, 250.00, 0, 1140, 1215, 40, P0
2026/07/31 14:56:58.101, 36.62, 250.00, 0, 1140, 1215, 40, P0
2026/07/31 14:56:58.301, 36.57, 250.00, 0, 1140, 1215, 40, P0
2026/07/31 14:56:58.502, 36.58, 250.00, 0, 1140, 1215, 40, P0
2026/07/31 14:56:58.702, 36.57, 250.00, 0, 1140, 1215, 40, P0
2026/07/31 14:56:58.902, 36.57, 250.00, 0, 1140, 1215, 40, P0
2026/07/31 14:56:59.103, 36.57, 250.00, 0, 1140, 1215, 40, P0
2026/07/31 14:56:59.303, 36.67, 250.00, 0, 1140, 1215, 40, P0
2026/07/31 14:56:59.504, 36.57, 250.00, 0, 1140, 1215, 40, P0
2026/07/31 14:56:59.704, 36.57, 250.00, 0, 1140, 1215, 40, P0
2026/07/31 14:56:59.904, 36.59, 250.00, 0, 1140, 1215, 40, P0
2026/07/31 14:57:00.105, 36.48, 250.00, 0, 1140, 1215, 40, P0
2026/07/31 14:57:00.305, 36.48, 250.00, 0, 1140, 1215, 40, P0
2026/07/31 14:57:00.505, 36.57, 250.00, 0, 1140, 1215, 40, P0
2026/07/31 14:57:00.706, 36.55, 250.00, 0, 1140, 1215, 40, P0
2026/07/31 14:57:00.906, 36.57, 250.00, 0, 1140, 1215, 40, P0
2026/07/31 14:57:01.107, 36.45, 250.00, 0, 1140, 1215, 40, P0
2026/07/31 14:57:01.307, 36.48, 250.00, 0, 1140, 1215, 40, P0
2026/07/31 14:57:01.507, 36.49, 250.00, 0, 1140, 1215, 40, P0
2026/07/31 14:57:01.708, 37.26, 250.00, 0, 1140, 1215, 40, P0
2026/07/31 14:57:01.908, 36.86, 250.00, 0, 1140, 1215, 40, P0
2026/07/31 14:57:02.108, 36.79, 250.00, 0, 1140, 1215, 40, P0
2026/07/31 14:57:02.309, 36.88, 250.00, 0, 1140, 1215, 40, P0
2026/07/31 14:57:02.509, 36.77, 250.00, 0, 1140, 1215, 40, P0
2026/07/31 14:57:02.709, 36.88, 250.00, 0, 1140, 1215, 40, P0
2026/07/31 14:57:02.910, 36.85, 250.00, 0, 1140, 1215, 40, P0
2026/07/31 14:57:03.110, 36.78, 250.00, 0, 1140, 1215, 40, P0
2026/07/31 14:57:03.310, 36.78, 250.00, 0, 1140, 1215, 40, P0
2026/07/31 14:57:03.511, 36.78, 250.00, 0, 1140, 1215, 40, P0
2026/07/31 14:57:03.711, 36.87, 250.00, 0, 1140, 1215, 40, P0
2026/07/31 14:57:03.912, 36.78, 250.00, 0, 1140, 1215, 40, P0
2026/07/31 14:57:04.112, 36.84, 250.00, 0, 1140, 1215, 40, P0
2026/07/31 14:57:04.312, 36.88, 250.00, 0, 1140, 1215, 40, P0
2026/07/31 14:57:04.513, 36.88, 250.00, 0, 1140, 1215, 40, P0
2026/07/31 14:57:04.713, 36.88, 250.00, 0, 1140, 1215, 40, P0
2026/07/31 14:57:04.914, 36.89, 250.00, 0, 1140, 1215, 40, P0
2026/07/31 14:57:05.115, 36.89, 250.00, 0, 1140, 1215, 39, P0
2026/07/31 14:57:05.318, 36.78, 250.00, 0, 1140, 1215, 39, P0
2026/07/31 14:57:05.519, 36.78, 250.00, 0, 1140, 1215, 39, P0
2026/07/31 14:57:05.719, 36.79, 250.00, 0, 1140, 1215, 39, P0
2026/07/31 14:57:05.919, 36.78, 250.00, 0, 1140, 1215, 39, P0
2026/07/31 14:57:06.120, 36.78, 250.00, 0, 1140, 1215, 39, P0
2026/07/31 14:57:06.320, 36.78, 250.00, 0, 1140, 1215, 39, P0
2026/07/31 14:57:06.521, 36.76, 250.00, 0, 1140, 1215, 39, P0
2026/07/31 14:57:06.721, 36.78, 250.00, 0, 1140, 1215, 39, P0
2026/07/31 14:57:06.922, 36.74, 250.00, 0, 1140, 1215, 39, P0
2026/07/31 14:57:07.122, 36.76, 250.00, 0, 1140, 1215, 39, P0
2026/07/31 14:57:07.323, 36.67, 250.00, 0, 1140, 1215, 39, P0
2026/07/31 14:57:07.523, 36.67, 250.00, 0, 1140, 1215, 39, P0
2026/07/31 14:57:07.723, 36.66, 250.00, 0, 1140, 1215, 39, P0
2026/07/31 14:57:07.924, 36.67, 250.00, 0, 1140, 1215, 39, P0
2026/07/31 14:57:08.124, 36.66, 250.00, 0, 1140, 1215, 39, P0
2026/07/31 14:57:08.325, 36.67, 250.00, 0, 1140, 1215, 39, P0
2026/07/31 14:57:08.525, 36.67, 250.00, 0, 1140, 1215, 39, P0
2026/07/31 14:57:08.725, 36.78, 250.00, 0, 1140, 1215, 39, P0
2026/07/31 14:57:08.926, 36.65, 250.00, 0, 1140, 1215, 39, P0
2026/07/31 14:57:09.126, 36.76, 250.00, 0, 1140, 1215, 39, P0
2026/07/31 14:57:09.326, 36.68, 250.00, 0, 1140, 1215, 39, P0
2026/07/31 14:57:09.527, 36.65, 250.00, 0, 1140, 1215, 39, P0
2026/07/31 14:57:09.727, 36.65, 250.00, 0, 1140, 1215, 39, P0
2026/07/31 14:57:09.928, 36.77, 250.00, 0, 1140, 1215, 39, P0
2026/07/31 14:57:10.128, 36.73, 250.00, 0, 1140, 1215, 39, P0
2026/07/31 14:57:10.328, 36.78, 250.00, 0, 1140, 1215, 39, P0
2026/07/31 14:57:10.529, 36.78, 250.00, 0, 1140, 1215, 39, P0
2026/07/31 14:57:10.729, 36.96, 250.00, 0, 1140, 1215, 39, P0
2026/07/31 14:57:10.930, 36.97, 250.00, 0, 1140, 1215, 39, P0
2026/07/31 14:57:11.130, 36.95, 250.00, 0, 1140, 1215, 39, P0
2026/07/31 14:57:11.330, 36.96, 250.00, 0, 1140, 1215, 39, P0
2026/07/31 14:57:11.531, 36.87, 250.00, 0, 1140, 1215, 39, P0
2026/07/31 14:57:11.731, 36.88, 250.00, 0, 1140, 1215, 39, P0
2026/07/31 14:57:11.931, 36.88, 250.00, 0, 1140, 1215, 39, P0
2026/07/31 14:57:12.132, 36.88, 250.00, 0, 1140, 1215, 39, P0
2026/07/31 14:57:12.332, 36.88, 250.00, 0, 1140, 1215, 39, P0
2026/07/31 14:57:12.533, 36.88, 250.00, 0, 1140, 1215, 39, P0
2026/07/31 14:57:12.733, 36.85, 250.00, 0, 1140, 1215, 39, P0
2026/07/31 14:57:12.933, 36.57, 250.00, 0, 1140, 1215, 39, P0
2026/07/31 14:57:13.134, 36.55, 250.00, 0, 1140, 1215, 39, P0
2026/07/31 14:57:13.334, 36.57, 250.00, 0, 1140, 1215, 39, P0
2026/07/31 14:57:13.535, 36.57, 250.00, 0, 1140, 1215, 39, P0
2026/07/31 14:57:13.735, 36.45, 250.00, 0, 1140, 1215, 39, P0
2026/07/31 14:57:13.935, 36.56, 250.00, 0, 1140, 1215, 39, P0
2026/07/31 14:57:14.136, 36.57, 250.00, 0, 1140, 1215, 39, P0
2026/07/31 14:57:14.336, 36.57, 250.00, 0, 1140, 1215, 39, P0
2026/07/31 14:57:14.537, 36.57, 250.00, 0, 1140, 1215, 39, P0
2026/07/31 14:57:14.737, 36.57, 250.00, 0, 1140, 1215, 39, P0
2026/07/31 14:57:14.937, 36.48, 250.00, 0, 1140, 1215, 39, P0
2026/07/31 14:57:15.138, 36.57, 250.00, 0, 1140, 1215, 39, P0
2026/07/31 14:57:15.338, 36.48, 250.00, 0, 1140, 1215, 39, P0
2026/07/31 14:57:15.538, 36.48, 250.00, 0, 1140, 1215, 39, P0
2026/07/31 14:57:15.739, 36.46, 250.00, 0, 1140, 1215, 39, P0
2026/07/31 14:57:15.939, 36.57, 250.00, 0, 1140, 1215, 39, P0
2026/07/31 14:57:16.140, 36.55, 250.00, 0, 1140, 1215, 39, P0
2026/07/31 14:57:16.340, 36.35, 250.00, 0, 1140, 1215, 39, P0
2026/07/31 14:57:16.541, 36.38, 250.00, 0, 1140, 1215, 39, P0
2026/07/31 14:57:16.741, 36.43, 250.00, 0, 1140, 1215, 39, P0
2026/07/31 14:57:16.941, 36.48, 250.00, 0, 1140, 1215, 39, P0
2026/07/31 14:57:17.142, 36.48, 250.00, 0, 1140, 1215, 39, P0
2026/07/31 14:57:17.342, 36.48, 250.00, 0, 1140, 1215, 39, P0
2026/07/31 14:57:17.542, 36.48, 250.00, 0, 1140, 1215, 39, P0
2026/07/31 14:57:17.743, 36.38, 250.00, 0, 1140, 1215, 39, P0
2026/07/31 14:57:17.943, 36.38, 250.00, 0, 1140, 1215, 39, P0
2026/07/31 14:57:18.143, 36.48, 250.00, 0, 1140, 1215, 39, P0
2026/07/31 14:57:18.344, 36.38, 250.00, 0, 1140, 1215, 39, P0
2026/07/31 14:57:18.544, 36.38, 250.00, 0, 1140, 1215, 39, P0
2026/07/31 14:57:18.745, 36.44, 250.00, 0, 1140, 1215, 39, P0
2026/07/31 14:57:18.945, 36.48, 250.00, 0, 1140, 1215, 39, P0
2026/07/31 14:57:19.145, 36.45, 250.00, 0, 1140, 1215, 39, P0
2026/07/31 14:57:19.346, 36.35, 250.00, 0, 1140, 1215, 39, P0
2026/07/31 14:57:19.546, 36.38, 250.00, 0, 1140, 1215, 39, P0
2026/07/31 14:57:19.747, 36.33, 250.00, 0, 1140, 1215, 39, P0
2026/07/31 14:57:19.947, 36.48, 250.00, 0, 1140, 1215, 39, P0
2026/07/31 14:57:20.147, 36.38, 250.00, 0, 1140, 1215, 39, P0
2026/07/31 14:57:20.348, 36.45, 250.00, 0, 1140, 1215, 39, P0
2026/07/31 14:57:20.548, 36.38, 250.00, 0, 1140, 1215, 39, P0
2026/07/31 14:57:20.748, 36.38, 250.00, 0, 1140, 1215, 39, P0
2026/07/31 14:57:20.949, 36.39, 250.00, 0, 1140, 1215, 39, P0
2026/07/31 14:57:21.149, 36.27, 250.00, 0, 1140, 1215, 39, P0
2026/07/31 14:57:21.350, 36.38, 250.00, 0, 1140, 1215, 39, P0
2026/07/31 14:57:21.550, 36.38, 250.00, 0, 1140, 1215, 39, P0
2026/07/31 14:57:21.750, 36.45, 250.00, 0, 1140, 1215, 39, P0
2026/07/31 14:57:21.951, 36.38, 250.00, 0, 1140, 1215, 39, P0
2026/07/31 14:57:22.151, 36.28, 250.00, 0, 1140, 1215, 39, P0
2026/07/31 14:57:22.351, 36.26, 250.00, 0, 1140, 1215, 39, P0
2026/07/31 14:57:22.552, 36.28, 250.00, 0, 1140, 1215, 39, P0
2026/07/31 14:57:22.752, 36.33, 250.00, 0, 1140, 1215, 39, P0
2026/07/31 14:57:22.953, 36.38, 250.00, 0, 1140, 1215, 38, P0
2026/07/31 14:57:23.153, 36.38, 250.00, 0, 1140, 1215, 39, P0
2026/07/31 14:57:23.353, 36.38, 250.00, 0, 1140, 1215, 38, P0
2026/07/31 14:57:23.554, 36.38, 250.00, 0, 1140, 1215, 38, P0
2026/07/31 14:57:23.754, 36.38, 250.00, 0, 1140, 1215, 38, P0
2026/07/31 14:57:23.954, 36.28, 250.00, 0, 1140, 1215, 38, P0
2026/07/31 14:57:24.155, 36.28, 250.00, 0, 1140, 1215, 38, P0
2026/07/31 14:57:24.355, 36.38, 250.00, 0, 1140, 1215, 38, P0
2026/07/31 14:57:24.555, 36.28, 250.00, 0, 1140, 1215, 38, P0
2026/07/31 14:57:24.756, 36.26, 250.00, 0, 1140, 1215, 38, P0
2026/07/31 14:57:24.956, 36.36, 250.00, 0, 1140, 1215, 38, P0
2026/07/31 14:57:25.157, 36.37, 250.00, 0, 1140, 1215, 38, P0
2026/07/31 14:57:25.357, 36.28, 250.00, 0, 1140, 1215, 38, P0
2026/07/31 14:57:25.557, 36.38, 250.00, 0, 1140, 1215, 38, P0
2026/07/31 14:57:25.758, 36.23, 250.00, 0, 1140, 1215, 38, P0
2026/07/31 14:57:25.958, 36.28, 250.00, 0, 1140, 1215, 38, P0
2026/07/31 14:57:26.159, 36.47, 250.00, 0, 1140, 1215, 38, P0
2026/07/31 14:57:26.359, 46.86, 250.00, 0, 1140, 1215, 39, P0
2026/07/31 14:57:26.559, 70.32, 250.00, 0, 1140, 1215, 39, P0
2026/07/31 14:57:26.760, 197.58, 250.00, 12, 1410, 1215, 42, P0
2026/07/31 14:57:26.960, 211.54, 250.00, 58, 1410, 1215, 43, P0
2026/07/31 14:57:27.161, 48.86, 250.00, 95, 1410, 1215, 40, P0
2026/07/31 14:57:27.361, 48.55, 250.00, 53, 1410, 1215, 40, P0
2026/07/31 14:57:27.562, 48.25, 250.00, 0, 1410, 1215, 40, P0
2026/07/31 14:57:27.762, 48.34, 250.00, 0, 1410, 1215, 40, P0
2026/07/31 14:57:27.962, 48.36, 250.00, 0, 1410, 1215, 39, P0
2026/07/31 14:57:28.163, 79.09, 250.00, 0, 1410, 1215, 40, P0
2026/07/31 14:57:28.363, 197.89, 250.00, 8, 1410, 1215, 43, P0
2026/07/31 14:57:28.564, 199.32, 250.00, 50, 1410, 1215, 44, P0
2026/07/31 14:57:28.764, 198.39, 250.00, 95, 1410, 1215, 45, P0
2026/07/31 14:57:28.965, 207.09, 250.00, 94, 1410, 1215, 45, P0
2026/07/31 14:57:29.165, 202.83, 250.00, 95, 1410, 1215, 45, P0
2026/07/31 14:57:29.366, 215.21, 250.00, 95, 1410, 1215, 46, P0
2026/07/31 14:57:29.566, 203.85, 250.00, 96, 1410, 1215, 46, P0
2026/07/31 14:57:29.767, 202.62, 250.00, 95, 1410, 1215, 46, P0
2026/07/31 14:57:29.967, 207.98, 250.00, 95, 1410, 1215, 46, P0
2026/07/31 14:57:30.168, 202.82, 250.00, 95, 1410, 1215, 47, P0
2026/07/31 14:57:30.368, 204.90, 250.00, 95, 1410, 1215, 47, P0
2026/07/31 14:57:30.569, 203.23, 250.00, 96, 1410, 1215, 47, P0
2026/07/31 14:57:30.769, 201.07, 250.00, 95, 1410, 1215, 47, P0
2026/07/31 14:57:30.970, 202.17, 250.00, 95, 1410, 1215, 47, P0
2026/07/31 14:57:31.170, 93.44, 250.00, 93, 1410, 1215, 45, P0
2026/07/31 14:57:31.371, 200.67, 250.00, 69, 1410, 1215, 47, P0
2026/07/31 14:57:31.571, 210.89, 250.00, 52, 1410, 1215, 47, P0
2026/07/31 14:57:31.772, 202.72, 250.00, 95, 1410, 1215, 47, P0
2026/07/31 14:57:31.972, 216.31, 250.00, 95, 1410, 1215, 48, P0
2026/07/31 14:57:32.173, 204.24, 250.00, 95, 1410, 1215, 48, P0
2026/07/31 14:57:32.373, 203.78, 250.00, 95, 1410, 1215, 48, P0
2026/07/31 14:57:32.574, 204.46, 250.00, 95, 1410, 1215, 48, P0
2026/07/31 14:57:32.774, 204.58, 250.00, 94, 1410, 1215, 48, P0
2026/07/31 14:57:32.975, 212.06, 250.00, 95, 1410, 1215, 48, P0
2026/07/31 14:57:33.175, 205.10, 250.00, 95, 1410, 1215, 48, P0
2026/07/31 14:57:33.376, 212.07, 250.00, 95, 1410, 1215, 48, P0
2026/07/31 14:57:33.576, 204.55, 250.00, 95, 1410, 1215, 49, P0
2026/07/31 14:57:33.777, 219.99, 250.00, 94, 1410, 1215, 49, P0
2026/07/31 14:57:33.977, 204.84, 250.00, 95, 1410, 1215, 49, P0
2026/07/31 14:57:34.178, 203.58, 250.00, 94, 1410, 1215, 49, P0
2026/07/31 14:57:34.378, 97.52, 250.00, 95, 1410, 1215, 47, P0
2026/07/31 14:57:34.579, 204.33, 250.00, 37, 1410, 1215, 48, P0
2026/07/31 14:57:34.779, 223.31, 250.00, 79, 1410, 1215, 49, P0
2026/07/31 14:57:34.980, 205.10, 250.00, 95, 1410, 1215, 49, P0
2026/07/31 14:57:35.180, 206.03, 250.00, 94, 1410, 1215, 49, P0
2026/07/31 14:57:35.381, 205.25, 250.00, 95, 1410, 1215, 49, P0
2026/07/31 14:57:35.582, 205.69, 250.00, 95, 1410, 1215, 49, P0
2026/07/31 14:57:35.782, 212.93, 250.00, 95, 1410, 1215, 49, P0
2026/07/31 14:57:35.982, 205.61, 250.00, 95, 1410, 1215, 50, P0
2026/07/31 14:57:36.183, 217.49, 250.00, 94, 1410, 1215, 50, P0
2026/07/31 14:57:36.383, 205.33, 250.00, 95, 1410, 1215, 50, P0
2026/07/31 14:57:36.584, 206.96, 250.00, 95, 1410, 1215, 50, P0
2026/07/31 14:57:36.784, 205.48, 250.00, 95, 1410, 1215, 50, P0
2026/07/31 14:57:36.985, 201.57, 250.00, 93, 1410, 1215, 50, P0
2026/07/31 14:57:37.185, 104.48, 250.00, 95, 1410, 1215, 49, P0
2026/07/31 14:57:37.386, 196.35, 250.00, 75, 1410, 1215, 49, P0
2026/07/31 14:57:37.586, 205.72, 250.00, 44, 1410, 1215, 50, P0
2026/07/31 14:57:37.787, 215.16, 250.00, 95, 1410, 1215, 50, P0
2026/07/31 14:57:37.987, 204.68, 250.00, 95, 1410, 1215, 50, P0
2026/07/31 14:57:38.188, 215.61, 250.00, 94, 1410, 1215, 50, P0
2026/07/31 14:57:38.388, 206.12, 250.00, 95, 1410, 1215, 50, P0
2026/07/31 14:57:38.589, 206.41, 250.00, 94, 1410, 1215, 51, P0
2026/07/31 14:57:38.789, 206.51, 250.00, 95, 1410, 1215, 51, P0
2026/07/31 14:57:38.990, 206.16, 250.00, 95, 1410, 1215, 51, P0
2026/07/31 14:57:39.190, 210.75, 250.00, 95, 1410, 1215, 51, P0
2026/07/31 14:57:39.391, 205.95, 250.00, 95, 1410, 1215, 51, P0
2026/07/31 14:57:39.591, 209.30, 250.00, 95, 1410, 1215, 51, P0
2026/07/31 14:57:39.792, 204.27, 250.00, 94, 1410, 1215, 51, P0
2026/07/31 14:57:39.992, 216.91, 250.00, 94, 1410, 1215, 51, P0
2026/07/31 14:57:40.193, 204.69, 250.00, 93, 1410, 1215, 51, P0
2026/07/31 14:57:40.393, 215.36, 250.00, 94, 1410, 1215, 51, P0
2026/07/31 14:57:40.594, 92.53, 250.00, 93, 1410, 1215, 49, P0
2026/07/31 14:57:40.794, 202.33, 250.00, 40, 1410, 1215, 50, P0
2026/07/31 14:57:40.995, 218.20, 250.00, 64, 1410, 1215, 51, P0
2026/07/31 14:57:41.195, 204.27, 250.00, 92, 1410, 1215, 51, P0
2026/07/31 14:57:41.396, 218.91, 250.00, 94, 1410, 1215, 51, P0
2026/07/31 14:57:41.596, 204.87, 250.00, 94, 1410, 1215, 51, P0
2026/07/31 14:57:41.797, 216.57, 250.00, 94, 1410, 1215, 52, P0
2026/07/31 14:57:41.997, 204.04, 250.00, 94, 1410, 1215, 52, P0
2026/07/31 14:57:42.198, 218.67, 250.00, 94, 1410, 1215, 52, P0
2026/07/31 14:57:42.398, 205.03, 250.00, 93, 1410, 1215, 52, P0
2026/07/31 14:57:42.599, 218.92, 250.00, 94, 1410, 1215, 52, P0
2026/07/31 14:57:42.799, 204.57, 250.00, 94, 1410, 1215, 52, P0
2026/07/31 14:57:43.000, 211.56, 250.00, 93, 1410, 1215, 52, P0
2026/07/31 14:57:43.200, 202.52, 250.00, 93, 1410, 1215, 52, P0
2026/07/31 14:57:43.401, 209.22, 250.00, 94, 1410, 1215, 52, P0
2026/07/31 14:57:43.602, 203.21, 250.00, 93, 1410, 1215, 52, P0
2026/07/31 14:57:43.802, 206.15, 250.00, 94, 1410, 1215, 52, P0
2026/07/31 14:57:44.002, 52.96, 250.00, 86, 1410, 1215, 49, P0
2026/07/31 14:57:44.203, 52.47, 250.00, 0, 1410, 1215, 48, P0
2026/07/31 14:57:44.403, 52.92, 250.00, 0, 1410, 1215, 47, P0
2026/07/31 14:57:44.604, 52.18, 250.00, 0, 1410, 1215, 47, P0
2026/07/31 14:57:44.804, 51.88, 250.00, 0, 1410, 1215, 47, P0
2026/07/31 14:57:45.004, 51.88, 250.00, 0, 1410, 1215, 46, P0
2026/07/31 14:57:45.205, 51.89, 250.00, 0, 1410, 1215, 46, P0
2026/07/31 14:57:45.405, 51.90, 250.00, 0, 1410, 1215, 46, P0
2026/07/31 14:57:45.605, 51.58, 250.00, 0, 1410, 1215, 46, P0
2026/07/31 14:57:45.806, 38.03, 250.00, 0, 1140, 1215, 45, P0
2026/07/31 14:57:46.006, 38.05, 250.00, 0, 1140, 1215, 45, P0
2026/07/31 14:57:46.207, 38.03, 250.00, 0, 1140, 1215, 45, P0
2026/07/31 14:57:46.407, 38.14, 250.00, 0, 1140, 1215, 45, P0
2026/07/31 14:57:46.607, 37.86, 250.00, 0, 1140, 1215, 45, P0
2026/07/31 14:57:46.808, 37.81, 250.00, 0, 1140, 1215, 45, P0
2026/07/31 14:57:47.008, 37.76, 250.00, 0, 1140, 1215, 45, P0
2026/07/31 14:57:47.209, 37.76, 250.00, 0, 1140, 1215, 45, P0
2026/07/31 14:57:47.409, 37.86, 250.00, 0, 1140, 1215, 44, P0
2026/07/31 14:57:47.609, 37.67, 250.00, 0, 1140, 1215, 44, P0
2026/07/31 14:57:47.810, 37.67, 250.00, 0, 1140, 1215, 44, P0
2026/07/31 14:57:48.010, 37.74, 250.00, 0, 1140, 1215, 44, P0
2026/07/31 14:57:48.210, 37.67, 250.00, 0, 1140, 1215, 44, P0
2026/07/31 14:57:48.411, 37.67, 250.00, 0, 1140, 1215, 44, P0
2026/07/31 14:57:48.611, 37.75, 250.00, 0, 1140, 1215, 44, P0
2026/07/31 14:57:48.811, 38.03, 250.00, 0, 1140, 1215, 44, P0
2026/07/31 14:57:49.012, 37.94, 250.00, 0, 1140, 1215, 44, P0
2026/07/31 14:57:49.212, 37.96, 250.00, 0, 1140, 1215, 44, P0
2026/07/31 14:57:49.412, 37.85, 250.00, 0, 1140, 1215, 44, P0
2026/07/31 14:57:49.613, 37.86, 250.00, 0, 1140, 1215, 44, P0
2026/07/31 14:57:49.813, 37.96, 250.00, 0, 1140, 1215, 44, P0
2026/07/31 14:57:50.014, 37.84, 250.00, 0, 1140, 1215, 44, P0
2026/07/31 14:57:50.214, 37.77, 250.00, 0, 1140, 1215, 44, P0
2026/07/31 14:57:50.414, 37.67, 250.00, 0, 1140, 1215, 44, P0
2026/07/31 14:57:50.615, 37.66, 250.00, 0, 1140, 1215, 44, P0
2026/07/31 14:57:50.815, 37.67, 250.00, 0, 1140, 1215, 44, P0
2026/07/31 14:57:51.015, 37.68, 250.00, 0, 1140, 1215, 43, P0
2026/07/31 14:57:51.216, 37.67, 250.00, 0, 1140, 1215, 43, P0
2026/07/31 14:57:51.416, 37.67, 250.00, 0, 1140, 1215, 43, P0
2026/07/31 14:57:51.616, 37.57, 250.00, 0, 1140, 1215, 43, P0
2026/07/31 14:57:51.817, 37.53, 250.00, 0, 1140, 1215, 43, P0
2026/07/31 14:57:52.017, 37.57, 250.00, 0, 1140, 1215, 43, P0
2026/07/31 14:57:52.217, 37.47, 250.00, 0, 1140, 1215, 43, P0
2026/07/31 14:57:52.418, 37.47, 250.00, 0, 1140, 1215, 43, P0
2026/07/31 14:57:52.618, 37.47, 250.00, 0, 1140, 1215, 43, P0
2026/07/31 14:57:52.819, 37.48, 250.00, 0, 1140, 1215, 43, P0
2026/07/31 14:57:53.019, 37.46, 250.00, 0, 1140, 1215, 43, P0
2026/07/31 14:57:53.219, 37.38, 250.00, 0, 1140, 1215, 43, P0
2026/07/31 14:57:53.420, 37.35, 250.00, 0, 1140, 1215, 43, P0
2026/07/31 14:57:53.621, 37.38, 250.00, 0, 1140, 1215, 43, P0
2026/07/31 14:57:53.826, 37.48, 250.00, 0, 1140, 1215, 43, P0
2026/07/31 14:57:54.026, 37.37, 250.00, 0, 1140, 1215, 43, P0
2026/07/31 14:57:54.227, 37.38, 250.00, 0, 1140, 1215, 43, P0
2026/07/31 14:57:54.427, 37.45, 250.00, 0, 1140, 1215, 43, P0
2026/07/31 14:57:54.628, 37.28, 250.00, 0, 1140, 1215, 43, P0
2026/07/31 14:57:54.828, 37.35, 250.00, 0, 1140, 1215, 43, P0
2026/07/31 14:57:55.028, 37.28, 250.00, 0, 1140, 1215, 43, P0
2026/07/31 14:57:55.229, 37.38, 250.00, 0, 1140, 1215, 43, P0
2026/07/31 14:57:55.429, 37.38, 250.00, 0, 1140, 1215, 43, P0
2026/07/31 14:57:55.630, 37.28, 250.00, 0, 1140, 1215, 43, P0
2026/07/31 14:57:55.830, 37.23, 250.00, 0, 1140, 1215, 43, P0
2026/07/31 14:57:56.030, 37.28, 250.00, 0, 1140, 1215, 43, P0
2026/07/31 14:57:56.231, 37.28, 250.00, 0, 1140, 1215, 43, P0
2026/07/31 14:57:56.431, 37.35, 250.00, 0, 1140, 1215, 43, P0
2026/07/31 14:57:56.631, 37.28, 250.00, 0, 1140, 1215, 42, P0
2026/07/31 14:57:56.832, 37.28, 250.00, 0, 1140, 1215, 42, P0
2026/07/31 14:57:57.032, 37.28, 250.00, 0, 1140, 1215, 42, P0
2026/07/31 14:57:57.233, 37.28, 250.00, 0, 1140, 1215, 42, P0
2026/07/31 14:57:57.433, 37.25, 250.00, 0, 1140, 1215, 42, P0
2026/07/31 14:57:57.633, 37.17, 250.00, 0, 1140, 1215, 42, P0
2026/07/31 14:57:57.834, 37.26, 250.00, 0, 1140, 1215, 42, P0
2026/07/31 14:57:58.034, 37.06, 250.00, 0, 1140, 1215, 42, P0
2026/07/31 14:57:58.234, 37.07, 250.00, 0, 1140, 1215, 42, P0
2026/07/31 14:57:58.435, 37.28, 250.00, 0, 1140, 1215, 42, P0
2026/07/31 14:57:58.635, 37.28, 250.00, 0, 1140, 1215, 42, P0
2026/07/31 14:57:58.836, 37.02, 250.00, 0, 1140, 1215, 42, P0
2026/07/31 14:57:59.036, 37.18, 250.00, 0, 1140, 1215, 42, P0
2026/07/31 14:57:59.236, 37.18, 250.00, 0, 1140, 1215, 42, P0
2026/07/31 14:57:59.437, 37.17, 250.00, 0, 1140, 1215, 42, P0
2026/07/31 14:57:59.637, 37.07, 250.00, 0, 1140, 1215, 42, P0
2026/07/31 14:57:59.838, 37.07, 250.00, 0, 1140, 1215, 42, P0
2026/07/31 14:58:00.038, 36.97, 250.00, 0, 1140, 1215, 42, P0
2026/07/31 14:58:00.238, 37.18, 250.00, 0, 1140, 1215, 42, P0
2026/07/31 14:58:00.439, 37.17, 250.00, 0, 1140, 1215, 42, P0
2026/07/31 14:58:00.639, 37.07, 250.00, 0, 1140, 1215, 42, P0
2026/07/31 14:58:00.840, 36.95, 250.00, 0, 1140, 1215, 42, P0
2026/07/31 14:58:01.040, 37.07, 250.00, 0, 1140, 1215, 42, P0
2026/07/31 14:58:01.240, 36.97, 250.00, 0, 1140, 1215, 42, P0
2026/07/31 14:58:01.441, 37.18, 250.00, 0, 1140, 1215, 42, P0
2026/07/31 14:58:01.641, 37.07, 250.00, 0, 1140, 1215, 42, P0
2026/07/31 14:58:01.842, 37.12, 250.00, 0, 1140, 1215, 42, P0
2026/07/31 14:58:02.042, 37.07, 250.00, 0, 1140, 1215, 42, P0
2026/07/31 14:58:02.242, 37.07, 250.00, 0, 1140, 1215, 42, P0
2026/07/31 14:58:02.443, 37.07, 250.00, 0, 1140, 1215, 42, P0
2026/07/31 14:58:02.643, 37.05, 250.00, 0, 1140, 1215, 42, P0
2026/07/31 14:58:02.843, 36.97, 250.00, 0, 1140, 1215, 42, P0
2026/07/31 14:58:03.044, 36.97, 250.00, 0, 1140, 1215, 42, P0
2026/07/31 14:58:03.244, 36.97, 250.00, 0, 1140, 1215, 42, P0
2026/07/31 14:58:03.445, 37.17, 250.00, 0, 1140, 1215, 42, P0
2026/07/31 14:58:03.645, 37.03, 250.00, 0, 1140, 1215, 42, P0
2026/07/31 14:58:03.845, 37.04, 250.00, 0, 1140, 1215, 42, P0
2026/07/31 14:58:04.046, 36.96, 250.00, 0, 1140, 1215, 42, P0
2026/07/31 14:58:04.246, 36.97, 250.00, 0, 1140, 1215, 42, P0
2026/07/31 14:58:04.447, 36.97, 250.00, 0, 1140, 1215, 42, P0
2026/07/31 14:58:04.647, 36.88, 250.00, 0, 1140, 1215, 41, P0
2026/07/31 14:58:04.847, 36.93, 250.00, 0, 1140, 1215, 41, P0
2026/07/31 14:58:05.048, 36.96, 250.00, 0, 1140, 1215, 41, P0
2026/07/31 14:58:05.248, 36.97, 250.00, 0, 1140, 1215, 41, P0
2026/07/31 14:58:05.449, 37.07, 250.00, 0, 1140, 1215, 41, P0
2026/07/31 14:58:05.649, 36.88, 250.00, 0, 1140, 1215, 41, P0
2026/07/31 14:58:05.849, 36.88, 250.00, 0, 1140, 1215, 41, P0
2026/07/31 14:58:06.050, 36.97, 250.00, 0, 1140, 1215, 41, P0
2026/07/31 14:58:06.250, 36.96, 250.00, 0, 1140, 1215, 41, P0
2026/07/31 14:58:06.451, 36.97, 250.00, 0, 1140, 1215, 41, P0
2026/07/31 14:58:06.651, 36.96, 250.00, 0, 1140, 1215, 41, P0
2026/07/31 14:58:06.851, 36.86, 250.00, 0, 1140, 1215, 41, P0
2026/07/31 14:58:07.052, 36.95, 250.00, 0, 1140, 1215, 41, P0
2026/07/31 14:58:07.252, 36.97, 250.00, 0, 1140, 1215, 41, P0
2026/07/31 14:58:07.453, 36.95, 250.00, 0, 1140, 1215, 41, P0
2026/07/31 14:58:07.653, 36.88, 250.00, 0, 1140, 1215, 41, P0
2026/07/31 14:58:07.853, 36.83, 250.00, 0, 1140, 1215, 41, P0
2026/07/31 14:58:08.054, 36.88, 250.00, 0, 1140, 1215, 41, P0
2026/07/31 14:58:08.254, 36.88, 250.00, 0, 1140, 1215, 41, P0
2026/07/31 14:58:08.454, 37.18, 250.00, 0, 1140, 1215, 41, P0
2026/07/31 14:58:08.655, 37.16, 250.00, 0, 1140, 1215, 41, P0
2026/07/31 14:58:08.855, 37.05, 250.00, 0, 1140, 1215, 41, P0
2026/07/31 14:58:09.056, 37.16, 250.00, 0, 1140, 1215, 41, P0
2026/07/31 14:58:09.256, 37.07, 250.00, 0, 1140, 1215, 41, P0
2026/07/31 14:58:09.456, 36.97, 250.00, 0, 1140, 1215, 41, P0
2026/07/31 14:58:09.657, 36.96, 250.00, 0, 1140, 1215, 41, P0
2026/07/31 14:58:09.857, 37.05, 250.00, 0, 1140, 1215, 41, P0
2026/07/31 14:58:10.058, 37.05, 250.00, 0, 1140, 1215, 41, P0
2026/07/31 14:58:10.258, 36.97, 250.00, 0, 1140, 1215, 41, P0
2026/07/31 14:58:10.458, 36.88, 250.00, 0, 1140, 1215, 41, P0
2026/07/31 14:58:10.659, 36.88, 250.00, 0, 1140, 1215, 41, P0
2026/07/31 14:58:10.859, 36.97, 250.00, 0, 1140, 1215, 41, P0
2026/07/31 14:58:11.060, 36.97, 250.00, 0, 1140, 1215, 41, P0
2026/07/31 14:58:11.260, 36.86, 250.00, 0, 1140, 1215, 41, P0
2026/07/31 14:58:11.460, 36.88, 250.00, 0, 1140, 1215, 41, P0
2026/07/31 14:58:11.661, 36.88, 250.00, 0, 1140, 1215, 41, P0
2026/07/31 14:58:11.861, 36.88, 250.00, 0, 1140, 1215, 41, P0
2026/07/31 14:58:12.061, 36.88, 250.00, 0, 1140, 1215, 41, P0
2026/07/31 14:58:12.262, 36.88, 250.00, 0, 1140, 1215, 41, P0
2026/07/31 14:58:12.462, 36.85, 250.00, 0, 1140, 1215, 41, P0
2026/07/31 14:58:12.663, 36.78, 250.00, 0, 1140, 1215, 41, P0
2026/07/31 14:58:12.863, 36.85, 250.00, 0, 1140, 1215, 41, P0
2026/07/31 14:58:13.063, 36.75, 250.00, 0, 1140, 1215, 41, P0
2026/07/31 14:58:13.264, 36.88, 250.00, 0, 1140, 1215, 41, P0
2026/07/31 14:58:13.464, 36.78, 250.00, 0, 1140, 1215, 41, P0
2026/07/31 14:58:13.665, 36.77, 250.00, 0, 1140, 1215, 41, P0
2026/07/31 14:58:13.865, 36.67, 250.00, 0, 1140, 1215, 41, P0
2026/07/31 14:58:14.065, 36.88, 250.00, 0, 1140, 1215, 41, P0
2026/07/31 14:58:14.266, 36.78, 250.00, 0, 1140, 1215, 41, P0
2026/07/31 14:58:14.466, 36.67, 250.00, 0, 1140, 1215, 41, P0
2026/07/31 14:58:14.666, 36.67, 250.00, 0, 1140, 1215, 41, P0
2026/07/31 14:58:14.867, 36.77, 250.00, 0, 1140, 1215, 41, P0
2026/07/31 14:58:15.067, 36.65, 250.00, 0, 1140, 1215, 40, P0
2026/07/31 14:58:15.268, 36.78, 250.00, 0, 1140, 1215, 40, P0
2026/07/31 14:58:15.468, 36.67, 250.00, 0, 1140, 1215, 40, P0
2026/07/31 14:58:15.668, 36.66, 250.00, 0, 1140, 1215, 40, P0
2026/07/31 14:58:15.869, 36.76, 250.00, 0, 1140, 1215, 40, P0
2026/07/31 14:58:16.069, 36.60, 250.00, 0, 1140, 1215, 40, P0
2026/07/31 14:58:16.269, 36.78, 250.00, 0, 1140, 1215, 40, P0
2026/07/31 14:58:16.470, 36.67, 250.00, 0, 1140, 1215, 40, P0
2026/07/31 14:58:16.670, 36.67, 250.00, 0, 1140, 1215, 40, P0
2026/07/31 14:58:16.871, 36.67, 250.00, 0, 1140, 1215, 40, P0
2026/07/31 14:58:17.071, 36.67, 250.00, 0, 1140, 1215, 40, P0
2026/07/31 14:58:17.271, 36.76, 250.00, 0, 1140, 1215, 40, P0
2026/07/31 14:58:17.472, 36.66, 250.00, 0, 1140, 1215, 40, P0
2026/07/31 14:58:17.672, 36.67, 250.00, 0, 1140, 1215, 40, P0
2026/07/31 14:58:17.872, 36.66, 250.00, 0, 1140, 1215, 40, P0
2026/07/31 14:58:18.073, 36.66, 250.00, 0, 1140, 1215, 40, P0
2026/07/31 14:58:18.273, 36.57, 250.00, 0, 1140, 1215, 40, P0
2026/07/31 14:58:18.474, 36.65, 250.00, 0, 1140, 1215, 40, P0
2026/07/31 14:58:18.674, 36.66, 250.00, 0, 1140, 1215, 40, P0
2026/07/31 14:58:18.874, 36.65, 250.00, 0, 1140, 1215, 40, P0
2026/07/31 14:58:19.075, 36.66, 250.00, 0, 1140, 1215, 40, P0
2026/07/31 14:58:19.275, 36.67, 250.00, 0, 1140, 1215, 40, P0
2026/07/31 14:58:19.476, 36.67, 250.00, 0, 1140, 1215, 40, P0
2026/07/31 14:58:19.676, 36.56, 250.00, 0, 1140, 1215, 40, P0
2026/07/31 14:58:19.876, 36.45, 250.00, 0, 1140, 1215, 40, P0
2026/07/31 14:58:20.077, 36.48, 250.00, 0, 1140, 1215, 40, P0
2026/07/31 14:58:20.277, 36.48, 250.00, 0, 1140, 1215, 40, P0
2026/07/31 14:58:20.478, 36.47, 250.00, 0, 1140, 1215, 40, P0
2026/07/31 14:58:20.678, 36.48, 250.00, 0, 1140, 1215, 40, P0
2026/07/31 14:58:20.878, 36.35, 250.00, 0, 1140, 1215, 40, P0
2026/07/31 14:58:21.079, 36.38, 250.00, 0, 1140, 1215, 40, P0
2026/07/31 14:58:21.279, 36.38, 250.00, 0, 1140, 1215, 40, P0
2026/07/31 14:58:21.480, 36.38, 250.00, 0, 1140, 1215, 40, P0
2026/07/31 14:58:21.680, 36.47, 250.00, 0, 1140, 1215, 40, P0
2026/07/31 14:58:21.881, 36.35, 250.00, 0, 1140, 1215, 40, P0
2026/07/31 14:58:22.081, 36.45, 250.00, 0, 1140, 1215, 40, P0
2026/07/31 14:58:22.281, 67.46, 250.00, 5, 1140, 1215, 41, P0
2026/07/31 14:58:22.482, 156.34, 250.00, 40, 1140, 1215, 42, P0
2026/07/31 14:58:22.683, 202.06, 250.00, 94, 1410, 1215, 44, P0
2026/07/31 14:58:22.883, 49.97, 250.00, 83, 1410, 1215, 42, P0
2026/07/31 14:58:23.083, 49.65, 250.00, 0, 1410, 1215, 42, P0
2026/07/31 14:58:23.284, 49.61, 250.00, 0, 1410, 1215, 41, P0
2026/07/31 14:58:23.484, 49.34, 250.00, 0, 1410, 1215, 41, P0
2026/07/31 14:58:23.685, 49.35, 250.00, 0, 1410, 1215, 41, P0
2026/07/31 14:58:23.885, 80.29, 250.00, 2, 1410, 1215, 42, P0
2026/07/31 14:58:24.085, 206.74, 250.00, 31, 1410, 1215, 44, P0
2026/07/31 14:58:24.286, 201.24, 250.00, 94, 1410, 1215, 45, P0
2026/07/31 14:58:24.486, 220.15, 250.00, 95, 1410, 1215, 46, P0
2026/07/31 14:58:24.687, 203.30, 250.00, 94, 1410, 1215, 47, P0
2026/07/31 14:58:24.888, 202.74, 250.00, 95, 1410, 1215, 47, P0
2026/07/31 14:58:25.088, 203.33, 250.00, 94, 1410, 1215, 47, P0
2026/07/31 14:58:25.289, 203.70, 250.00, 95, 1410, 1215, 47, P0
2026/07/31 14:58:25.489, 210.55, 250.00, 94, 1410, 1215, 48, P0
2026/07/31 14:58:25.690, 204.63, 250.00, 95, 1410, 1215, 48, P0
2026/07/31 14:58:25.890, 211.46, 250.00, 95, 1410, 1215, 48, P0
2026/07/31 14:58:26.091, 203.89, 250.00, 94, 1410, 1215, 48, P0
2026/07/31 14:58:26.291, 217.71, 250.00, 95, 1410, 1215, 48, P0
2026/07/31 14:58:26.492, 205.12, 250.00, 94, 1410, 1215, 48, P0
2026/07/31 14:58:26.692, 205.10, 250.00, 95, 1410, 1215, 49, P0
2026/07/31 14:58:26.893, 207.79, 250.00, 94, 1410, 1215, 49, P0
2026/07/31 14:58:27.093, 202.66, 250.00, 94, 1410, 1215, 49, P0
2026/07/31 14:58:27.294, 213.33, 250.00, 94, 1410, 1215, 49, P0
2026/07/31 14:58:27.494, 205.38, 250.00, 95, 1410, 1215, 49, P0
2026/07/31 14:58:27.695, 205.58, 250.00, 95, 1410, 1215, 49, P0
2026/07/31 14:58:27.896, 205.60, 250.00, 94, 1410, 1215, 49, P0
2026/07/31 14:58:28.096, 203.90, 250.00, 95, 1410, 1215, 49, P0
2026/07/31 14:58:28.297, 212.23, 250.00, 94, 1410, 1215, 50, P0
2026/07/31 14:58:28.497, 204.18, 250.00, 95, 1410, 1215, 50, P0
2026/07/31 14:58:28.698, 216.92, 250.00, 94, 1410, 1215, 50, P0
2026/07/31 14:58:28.898, 205.83, 250.00, 95, 1410, 1215, 50, P0
2026/07/31 14:58:29.099, 219.27, 250.00, 94, 1410, 1215, 50, P0
2026/07/31 14:58:29.299, 205.80, 250.00, 95, 1410, 1215, 50, P0
2026/07/31 14:58:29.500, 99.84, 250.00, 47, 1410, 1215, 48, P0
2026/07/31 14:58:29.700, 204.87, 250.00, 66, 1410, 1215, 49, P0
2026/07/31 14:58:29.901, 204.37, 250.00, 95, 1410, 1215, 50, P0
2026/07/31 14:58:30.101, 212.02, 250.00, 94, 1410, 1215, 50, P0
2026/07/31 14:58:30.302, 204.93, 250.00, 95, 1410, 1215, 50, P0
2026/07/31 14:58:30.502, 210.76, 250.00, 94, 1410, 1215, 50, P0
2026/07/31 14:58:30.703, 204.89, 250.00, 95, 1410, 1215, 50, P0
2026/07/31 14:58:30.904, 217.25, 250.00, 94, 1410, 1215, 51, P0
2026/07/31 14:58:31.104, 205.38, 250.00, 95, 1410, 1215, 51, P0
2026/07/31 14:58:31.305, 204.87, 250.00, 95, 1410, 1215, 51, P0
2026/07/31 14:58:31.505, 206.57, 250.00, 95, 1410, 1215, 51, P0
2026/07/31 14:58:31.706, 206.38, 250.00, 95, 1410, 1215, 51, P0
2026/07/31 14:58:31.906, 214.23, 250.00, 95, 1410, 1215, 51, P0
2026/07/31 14:58:32.107, 204.78, 250.00, 94, 1410, 1215, 51, P0
2026/07/31 14:58:32.307, 218.50, 250.00, 94, 1410, 1215, 51, P0
2026/07/31 14:58:32.508, 206.98, 250.00, 95, 1410, 1215, 51, P0
2026/07/31 14:58:32.708, 218.84, 250.00, 94, 1410, 1215, 51, P0
2026/07/31 14:58:32.909, 207.18, 250.00, 95, 1410, 1215, 52, P0
2026/07/31 14:58:33.109, 207.02, 250.00, 95, 1410, 1215, 52, P0
2026/07/31 14:58:33.310, 207.59, 250.00, 95, 1410, 1215, 52, P0
2026/07/31 14:58:33.510, 206.18, 250.00, 95, 1410, 1215, 52, P0
2026/07/31 14:58:33.711, 211.69, 250.00, 94, 1410, 1215, 52, P0
2026/07/31 14:58:33.911, 205.79, 250.00, 95, 1410, 1215, 52, P0
2026/07/31 14:58:34.112, 212.47, 250.00, 94, 1410, 1215, 52, P0
2026/07/31 14:58:34.312, 206.51, 250.00, 95, 1410, 1215, 52, P0
2026/07/31 14:58:34.513, 218.46, 250.00, 94, 1410, 1215, 52, P0
2026/07/31 14:58:34.713, 206.64, 250.00, 95, 1410, 1215, 52, P0
2026/07/31 14:58:34.914, 218.64, 250.00, 94, 1410, 1215, 52, P0
2026/07/31 14:58:35.115, 207.49, 250.00, 95, 1410, 1215, 52, P0
2026/07/31 14:58:35.315, 212.83, 250.00, 95, 1410, 1215, 52, P0
2026/07/31 14:58:35.516, 207.98, 250.00, 93, 1410, 1215, 51, P0
2026/07/31 14:58:35.716, 102.96, 250.00, 24, 1410, 1215, 51, P0
2026/07/31 14:58:35.917, 211.74, 250.00, 93, 1410, 1215, 52, P0
2026/07/31 14:58:36.117, 207.09, 250.00, 95, 1410, 1215, 52, P0
2026/07/31 14:58:36.318, 225.33, 250.00, 94, 1410, 1215, 52, P0
2026/07/31 14:58:36.518, 207.79, 250.00, 95, 1410, 1215, 53, P0
2026/07/31 14:58:36.719, 202.54, 250.00, 95, 1410, 1215, 53, P0
2026/07/31 14:58:36.919, 215.07, 250.00, 94, 1410, 1215, 53, P0
2026/07/31 14:58:37.120, 206.86, 250.00, 95, 1410, 1215, 53, P0
2026/07/31 14:58:37.320, 213.38, 250.00, 94, 1410, 1215, 53, P0
2026/07/31 14:58:37.521, 206.93, 250.00, 95, 1410, 1215, 53, P0
2026/07/31 14:58:37.721, 223.32, 250.00, 94, 1410, 1215, 53, P0
2026/07/31 14:58:37.922, 207.88, 250.00, 95, 1410, 1215, 53, P0
2026/07/31 14:58:38.122, 206.93, 250.00, 93, 1410, 1215, 53, P0
2026/07/31 14:58:38.323, 208.79, 250.00, 95, 1410, 1215, 53, P0
2026/07/31 14:58:38.523, 207.15, 250.00, 95, 1410, 1215, 53, P0
2026/07/31 14:58:38.724, 213.01, 250.00, 94, 1410, 1215, 53, P0
2026/07/31 14:58:38.925, 208.83, 250.00, 95, 1410, 1215, 54, P0
2026/07/31 14:58:39.125, 214.27, 250.00, 95, 1410, 1215, 54, P0
2026/07/31 14:58:39.327, 208.66, 250.00, 95, 1410, 1215, 54, P0
2026/07/31 14:58:39.530, 217.17, 250.00, 95, 1410, 1215, 54, P0
2026/07/31 14:58:39.732, 207.46, 250.00, 95, 1410, 1215, 54, P0
2026/07/31 14:58:39.933, 219.68, 250.00, 94, 1410, 1215, 54, P0
2026/07/31 14:58:40.134, 208.76, 250.00, 94, 1410, 1215, 54, P0
2026/07/31 14:58:40.334, 208.49, 250.00, 95, 1410, 1215, 54, P0
2026/07/31 14:58:40.535, 209.01, 250.00, 95, 1410, 1215, 54, P0
2026/07/31 14:58:40.735, 201.38, 250.00, 95, 1410, 1215, 54, P0
2026/07/31 14:58:40.936, 211.98, 250.00, 94, 1410, 1215, 54, P0
2026/07/31 14:58:41.136, 209.33, 250.00, 95, 1410, 1215, 54, P0
2026/07/31 14:58:41.337, 214.65, 250.00, 95, 1410, 1215, 54, P0
2026/07/31 14:58:41.537, 107.21, 250.00, 95, 1410, 1215, 53, P0
2026/07/31 14:58:41.738, 205.66, 250.00, 35, 1410, 1215, 53, P0
2026/07/31 14:58:41.938, 219.91, 250.00, 86, 1410, 1215, 54, P0
2026/07/31 14:58:42.139, 208.46, 250.00, 95, 1410, 1215, 54, P0
2026/07/31 14:58:42.339, 209.53, 250.00, 95, 1410, 1215, 54, P0
2026/07/31 14:58:42.540, 213.74, 250.00, 95, 1410, 1215, 54, P0
2026/07/31 14:58:42.740, 208.15, 250.00, 95, 1410, 1215, 55, P0
2026/07/31 14:58:42.941, 214.39, 250.00, 94, 1410, 1215, 55, P0
2026/07/31 14:58:43.141, 208.87, 250.00, 94, 1410, 1215, 55, P0
2026/07/31 14:58:43.342, 220.46, 250.00, 95, 1410, 1215, 55, P0
2026/07/31 14:58:43.542, 209.88, 250.00, 95, 1410, 1215, 55, P0
2026/07/31 14:58:43.743, 210.38, 250.00, 95, 1410, 1215, 55, P0
2026/07/31 14:58:43.943, 208.71, 250.00, 95, 1410, 1215, 55, P0
2026/07/31 14:58:44.144, 209.06, 250.00, 95, 1410, 1215, 55, P0
2026/07/31 14:58:44.344, 213.95, 250.00, 95, 1410, 1215, 55, P0
2026/07/31 14:58:44.545, 208.97, 250.00, 95, 1410, 1215, 55, P0
2026/07/31 14:58:44.745, 220.59, 250.00, 95, 1410, 1215, 55, P0
2026/07/31 14:58:44.945, 209.64, 250.00, 95, 1410, 1215, 55, P0
2026/07/31 14:58:45.146, 208.55, 250.00, 95, 1410, 1215, 55, P0
2026/07/31 14:58:45.346, 209.04, 250.00, 96, 1410, 1215, 55, P0
2026/07/31 14:58:45.547, 208.66, 250.00, 95, 1410, 1215, 55, P0
2026/07/31 14:58:45.747, 220.75, 250.00, 95, 1410, 1215, 55, P0
2026/07/31 14:58:45.948, 207.87, 250.00, 94, 1410, 1215, 56, P0
2026/07/31 14:58:46.149, 213.32, 250.00, 95, 1410, 1215, 56, P0
2026/07/31 14:58:46.349, 210.69, 250.00, 94, 1410, 1215, 56, P0
2026/07/31 14:58:46.550, 209.80, 250.00, 95, 1410, 1215, 56, P0
2026/07/31 14:58:46.750, 213.64, 250.00, 95, 1410, 1215, 56, P0
2026/07/31 14:58:46.951, 210.63, 250.00, 94, 1410, 1215, 56, P0
2026/07/31 14:58:47.151, 222.07, 250.00, 95, 1410, 1215, 56, P0
2026/07/31 14:58:47.352, 210.50, 250.00, 94, 1410, 1215, 56, P0
2026/07/31 14:58:47.552, 226.72, 250.00, 96, 1410, 1215, 56, P0
2026/07/31 14:58:47.753, 210.02, 250.00, 95, 1410, 1215, 56, P0
2026/07/31 14:58:47.953, 210.46, 250.00, 95, 1410, 1215, 56, P0
2026/07/31 14:58:48.154, 210.97, 250.00, 95, 1410, 1215, 56, P0
2026/07/31 14:58:48.354, 97.89, 250.00, 95, 1410, 1215, 54, P0
2026/07/31 14:58:48.555, 208.76, 250.00, 60, 1410, 1215, 56, P0
2026/07/31 14:58:48.755, 217.05, 250.00, 60, 1410, 1215, 56, P0
2026/07/31 14:58:48.956, 209.24, 250.00, 95, 1410, 1215, 56, P0
2026/07/31 14:58:49.156, 213.52, 250.00, 95, 1410, 1215, 56, P0
2026/07/31 14:58:49.357, 210.48, 250.00, 93, 1410, 1215, 56, P0
2026/07/31 14:58:49.557, 225.82, 250.00, 95, 1410, 1215, 56, P0
2026/07/31 14:58:49.758, 210.71, 250.00, 95, 1410, 1215, 56, P0
2026/07/31 14:58:49.958, 211.18, 250.00, 95, 1410, 1215, 56, P0
2026/07/31 14:58:50.159, 210.74, 250.00, 95, 1410, 1215, 56, P0
2026/07/31 14:58:50.359, 204.20, 250.00, 94, 1410, 1215, 56, P0
2026/07/31 14:58:50.560, 215.60, 250.00, 94, 1410, 1215, 57, P0
2026/07/31 14:58:50.760, 210.65, 250.00, 94, 1410, 1215, 57, P0
2026/07/31 14:58:50.961, 220.88, 250.00, 96, 1410, 1215, 57, P0
2026/07/31 14:58:51.161, 210.46, 250.00, 95, 1410, 1215, 57, P0
2026/07/31 14:58:51.362, 212.94, 250.00, 95, 1410, 1215, 57, P0
2026/07/31 14:58:51.562, 211.28, 250.00, 95, 1410, 1215, 57, P0
2026/07/31 14:58:51.763, 210.35, 250.00, 95, 1410, 1215, 57, P0
2026/07/31 14:58:51.963, 215.37, 250.00, 95, 1410, 1215, 57, P0
2026/07/31 14:58:52.164, 209.53, 250.00, 94, 1410, 1215, 57, P0
2026/07/31 14:58:52.364, 216.06, 250.00, 95, 1410, 1215, 57, P0
2026/07/31 14:58:52.565, 211.92, 250.00, 95, 1410, 1215, 57, P0
2026/07/31 14:58:52.765, 223.33, 250.00, 95, 1410, 1215, 57, P0
2026/07/31 14:58:52.966, 211.77, 250.00, 94, 1410, 1215, 57, P0
2026/07/31 14:58:53.167, 209.60, 250.00, 95, 1410, 1215, 57, P0
2026/07/31 14:58:53.367, 211.28, 250.00, 94, 1410, 1215, 57, P0
2026/07/31 14:58:53.568, 211.12, 250.00, 95, 1410, 1215, 57, P0
2026/07/31 14:58:53.768, 216.53, 250.00, 95, 1410, 1215, 57, P0
2026/07/31 14:58:53.969, 210.95, 250.00, 95, 1410, 1215, 57, P0
2026/07/31 14:58:54.169, 224.82, 250.00, 95, 1410, 1215, 57, P0
2026/07/31 14:58:54.370, 211.28, 250.00, 94, 1410, 1215, 58, P0
2026/07/31 14:58:54.570, 56.46, 250.00, 95, 1410, 1215, 54, P0
2026/07/31 14:58:54.771, 55.67, 250.00, 34, 1410, 1215, 53, P0
2026/07/31 14:58:54.971, 55.77, 250.00, 0, 1410, 1215, 53, P0
2026/07/31 14:58:55.171, 54.99, 250.00, 0, 1410, 1215, 52, P0
2026/07/31 14:58:55.372, 54.70, 250.00, 0, 1410, 1215, 52, P0
2026/07/31 14:58:55.572, 54.61, 250.00, 0, 1410, 1215, 52, P0
2026/07/31 14:58:55.773, 54.53, 250.00, 0, 1410, 1215, 52, P0
2026/07/31 14:58:55.973, 54.26, 250.00, 0, 1410, 1215, 51, P0
2026/07/31 14:58:56.173, 54.33, 250.00, 0, 1140, 1215, 51, P0
2026/07/31 14:58:56.374, 39.92, 250.00, 0, 1140, 1215, 51, P0
2026/07/31 14:58:56.574, 39.85, 250.00, 0, 1140, 1215, 50, P0
2026/07/31 14:58:56.774, 39.73, 250.00, 0, 1140, 1215, 50, P0
2026/07/31 14:58:56.975, 39.75, 250.00, 0, 1140, 1215, 50, P0
2026/07/31 14:58:57.175, 39.74, 250.00, 0, 1140, 1215, 50, P0
2026/07/31 14:58:57.376, 39.63, 250.00, 0, 1140, 1215, 50, P0
2026/07/31 14:58:57.576, 39.62, 250.00, 0, 1140, 1215, 50, P0
2026/07/31 14:58:57.776, 39.53, 250.00, 0, 1140, 1215, 50, P0
2026/07/31 14:58:57.977, 39.41, 250.00, 0, 1140, 1215, 50, P0
2026/07/31 14:58:58.178, 39.51, 250.00, 0, 1140, 1215, 49, P0
2026/07/31 14:58:58.379, 39.42, 250.00, 0, 1140, 1215, 49, P0
2026/07/31 14:58:58.579, 39.31, 250.00, 0, 1140, 1215, 49, P0
2026/07/31 14:58:58.780, 39.40, 250.00, 0, 1140, 1215, 49, P0
2026/07/31 14:58:58.980, 39.27, 250.00, 0, 1140, 1215, 49, P0
2026/07/31 14:58:59.180, 39.22, 250.00, 0, 1140, 1215, 49, P0
2026/07/31 14:58:59.381, 39.22, 250.00, 0, 1140, 1215, 49, P0
2026/07/31 14:58:59.581, 39.23, 250.00, 0, 1140, 1215, 49, P0
2026/07/31 14:58:59.782, 39.23, 250.00, 0, 1140, 1215, 49, P0
2026/07/31 14:58:59.982, 39.12, 250.00, 0, 1140, 1215, 49, P0
2026/07/31 14:59:00.182, 39.14, 250.00, 0, 1140, 1215, 49, P0
2026/07/31 14:59:00.383, 39.13, 250.00, 0, 1140, 1215, 49, P0
2026/07/31 14:59:00.583, 39.04, 250.00, 0, 1140, 1215, 48, P0
2026/07/31 14:59:00.783, 39.13, 250.00, 0, 1140, 1215, 48, P0
2026/07/31 14:59:00.984, 38.94, 250.00, 0, 1140, 1215, 48, P0
2026/07/31 14:59:01.184, 39.02, 250.00, 0, 1140, 1215, 48, P0
2026/07/31 14:59:01.385, 39.01, 250.00, 0, 1140, 1215, 48, P0
2026/07/31 14:59:01.585, 38.92, 250.00, 0, 1140, 1215, 48, P0
2026/07/31 14:59:01.785, 39.02, 250.00, 0, 1140, 1215, 48, P0
2026/07/31 14:59:01.986, 38.88, 250.00, 0, 1140, 1215, 48, P0
2026/07/31 14:59:02.186, 38.93, 250.00, 0, 1140, 1215, 48, P0
2026/07/31 14:59:02.386, 38.90, 250.00, 0, 1140, 1215, 48, P0
2026/07/31 14:59:02.587, 38.92, 250.00, 0, 1140, 1215, 48, P0
2026/07/31 14:59:02.787, 38.85, 250.00, 0, 1140, 1215, 48, P0
2026/07/31 14:59:02.987, 38.93, 250.00, 0, 1140, 1215, 48, P0
2026/07/31 14:59:03.188, 38.75, 250.00, 0, 1140, 1215, 48, P0
2026/07/31 14:59:03.388, 38.85, 250.00, 0, 1140, 1215, 48, P0
2026/07/31 14:59:03.588, 38.83, 250.00, 0, 1140, 1215, 48, P0
2026/07/31 14:59:03.789, 39.12, 250.00, 0, 1140, 1215, 47, P0
2026/07/31 14:59:03.989, 39.03, 250.00, 0, 1140, 1215, 47, P0
2026/07/31 14:59:04.189, 39.04, 250.00, 0, 1140, 1215, 47, P0
2026/07/31 14:59:04.390, 39.04, 250.00, 0, 1140, 1215, 47, P0
2026/07/31 14:59:04.590, 39.01, 250.00, 0, 1140, 1215, 47, P0
2026/07/31 14:59:04.791, 39.02, 250.00, 0, 1140, 1215, 47, P0
2026/07/31 14:59:04.991, 39.02, 250.00, 0, 1140, 1215, 47, P0
2026/07/31 14:59:05.191, 38.93, 250.00, 0, 1140, 1215, 47, P0
2026/07/31 14:59:05.392, 38.94, 250.00, 0, 1140, 1215, 47, P0
2026/07/31 14:59:05.592, 38.92, 250.00, 0, 1140, 1215, 47, P0
2026/07/31 14:59:05.792, 38.85, 250.00, 0, 1140, 1215, 47, P0
2026/07/31 14:59:05.993, 38.74, 250.00, 0, 1140, 1215, 47, P0
2026/07/31 14:59:06.193, 38.74, 250.00, 0, 1140, 1215, 47, P0
2026/07/31 14:59:06.394, 38.74, 250.00, 0, 1140, 1215, 47, P0
2026/07/31 14:59:06.594, 38.82, 250.00, 0, 1140, 1215, 47, P0
2026/07/31 14:59:06.794, 38.65, 250.00, 0, 1140, 1215, 47, P0
2026/07/31 14:59:06.995, 38.74, 250.00, 0, 1140, 1215, 47, P0
2026/07/31 14:59:07.195, 38.64, 250.00, 0, 1140, 1215, 47, P0
2026/07/31 14:59:07.396, 38.63, 250.00, 0, 1140, 1215, 47, P0
2026/07/31 14:59:07.596, 38.53, 250.00, 0, 1140, 1215, 47, P0
2026/07/31 14:59:07.796, 38.63, 250.00, 0, 1140, 1215, 47, P0
2026/07/31 14:59:07.997, 38.54, 250.00, 0, 1140, 1215, 46, P0
2026/07/31 14:59:08.197, 38.54, 250.00, 0, 1140, 1215, 46, P0
2026/07/31 14:59:08.397, 38.54, 250.00, 0, 1140, 1215, 46, P0
2026/07/31 14:59:08.598, 38.43, 250.00, 0, 1140, 1215, 46, P0
2026/07/31 14:59:08.798, 38.53, 250.00, 0, 1140, 1215, 46, P0
2026/07/31 14:59:08.999, 38.45, 250.00, 0, 1140, 1215, 46, P0
2026/07/31 14:59:09.199, 38.45, 250.00, 0, 1140, 1215, 46, P0
2026/07/31 14:59:09.399, 38.45, 250.00, 0, 1140, 1215, 46, P0
2026/07/31 14:59:09.600, 38.36, 250.00, 0, 1140, 1215, 46, P0
2026/07/31 14:59:09.800, 38.34, 250.00, 0, 1140, 1215, 46, P0
2026/07/31 14:59:10.000, 38.36, 250.00, 0, 1140, 1215, 46, P0
2026/07/31 14:59:10.201, 38.35, 250.00, 0, 1140, 1215, 46, P0
2026/07/31 14:59:10.401, 38.25, 250.00, 0, 1140, 1215, 46, P0
2026/07/31 14:59:10.601, 38.33, 250.00, 0, 1140, 1215, 46, P0
2026/07/31 14:59:10.802, 38.34, 250.00, 0, 1140, 1215, 46, P0
2026/07/31 14:59:11.002, 38.24, 250.00, 0, 1140, 1215, 46, P0
2026/07/31 14:59:11.203, 38.25, 250.00, 0, 1140, 1215, 46, P0
2026/07/31 14:59:11.403, 38.15, 250.00, 0, 1140, 1215, 46, P0
2026/07/31 14:59:11.603, 38.15, 250.00, 0, 1140, 1215, 46, P0
2026/07/31 14:59:11.804, 38.25, 250.00, 0, 1140, 1215, 46, P0
2026/07/31 14:59:12.004, 38.25, 250.00, 0, 1140, 1215, 46, P0
2026/07/31 14:59:12.204, 38.25, 250.00, 0, 1140, 1215, 46, P0
2026/07/31 14:59:12.405, 38.25, 250.00, 0, 1140, 1215, 46, P0
2026/07/31 14:59:12.605, 38.15, 250.00, 0, 1140, 1215, 46, P0
2026/07/31 14:59:12.806, 38.14, 250.00, 0, 1140, 1215, 46, P0
2026/07/31 14:59:13.006, 38.15, 250.00, 0, 1140, 1215, 45, P0
2026/07/31 14:59:13.206, 38.15, 250.00, 0, 1140, 1215, 45, P0
2026/07/31 14:59:13.406, 38.03, 250.00, 0, 1140, 1215, 45, P0
2026/07/31 14:59:13.607, 38.13, 250.00, 0, 1140, 1215, 45, P0
2026/07/31 14:59:13.807, 38.01, 250.00, 0, 1140, 1215, 45, P0
2026/07/31 14:59:14.008, 38.06, 250.00, 0, 1140, 1215, 45, P0
2026/07/31 14:59:14.208, 38.14, 250.00, 0, 1140, 1215, 45, P0
2026/07/31 14:59:14.408, 38.06, 250.00, 0, 1140, 1215, 45, P0
2026/07/31 14:59:14.609, 38.04, 250.00, 0, 1140, 1215, 45, P0
2026/07/31 14:59:14.809, 38.06, 250.00, 0, 1140, 1215, 45, P0
2026/07/31 14:59:15.010, 38.08, 250.00, 0, 1140, 1215, 45, P0
2026/07/31 14:59:15.210, 37.96, 250.00, 0, 1140, 1215, 45, P0
2026/07/31 14:59:15.410, 37.96, 250.00, 0, 1140, 1215, 45, P0
2026/07/31 14:59:15.611, 38.06, 250.00, 0, 1140, 1215, 45, P0
2026/07/31 14:59:15.811, 38.05, 250.00, 0, 1140, 1215, 45, P0
2026/07/31 14:59:16.012, 38.05, 250.00, 0, 1140, 1215, 45, P0
2026/07/31 14:59:16.212, 37.86, 250.00, 0, 1140, 1215, 45, P0
2026/07/31 14:59:16.412, 37.95, 250.00, 0, 1140, 1215, 45, P0
2026/07/31 14:59:16.613, 37.94, 250.00, 0, 1140, 1215, 45, P0
2026/07/31 14:59:16.813, 37.94, 250.00, 0, 1140, 1215, 45, P0
2026/07/31 14:59:17.014, 38.03, 250.00, 0, 1140, 1215, 45, P0
2026/07/31 14:59:17.214, 37.96, 250.00, 0, 1140, 1215, 45, P0
2026/07/31 14:59:17.414, 37.96, 250.00, 0, 1140, 1215, 45, P0
2026/07/31 14:59:17.615, 37.86, 250.00, 0, 1140, 1215, 45, P0
2026/07/31 14:59:17.815, 37.96, 250.00, 0, 1140, 1215, 45, P0
2026/07/31 14:59:18.015, 37.86, 250.00, 0, 1140, 1215, 45, P0
2026/07/31 14:59:18.216, 37.94, 250.00, 0, 1140, 1215, 44, P0
2026/07/31 14:59:18.416, 37.95, 250.00, 0, 1140, 1215, 44, P0
2026/07/31 14:59:18.617, 37.96, 250.00, 0, 1140, 1215, 44, P0
2026/07/31 14:59:18.817, 37.76, 250.00, 0, 1140, 1215, 44, P0
2026/07/31 14:59:19.017, 37.86, 250.00, 0, 1140, 1215, 44, P0
2026/07/31 14:59:19.218, 37.75, 250.00, 0, 1140, 1215, 44, P0
2026/07/31 14:59:19.418, 37.84, 250.00, 0, 1140, 1215, 44, P0
2026/07/31 14:59:19.619, 37.83, 250.00, 0, 1140, 1215, 44, P0
2026/07/31 14:59:19.819, 37.85, 250.00, 0, 1140, 1215, 44, P0
2026/07/31 14:59:20.019, 37.74, 250.00, 0, 1140, 1215, 44, P0
2026/07/31 14:59:20.220, 37.76, 250.00, 0, 1140, 1215, 44, P0
2026/07/31 14:59:20.420, 37.76, 250.00, 0, 1140, 1215, 44, P0
2026/07/31 14:59:20.620, 37.74, 250.00, 0, 1140, 1215, 44, P0
2026/07/31 14:59:20.821, 37.85, 250.00, 0, 1140, 1215, 44, P0
2026/07/31 14:59:21.021, 37.74, 250.00, 0, 1140, 1215, 44, P0
2026/07/31 14:59:21.222, 37.76, 250.00, 0, 1140, 1215, 44, P0
2026/07/31 14:59:21.422, 37.75, 250.00, 0, 1140, 1215, 44, P0
2026/07/31 14:59:21.622, 37.76, 250.00, 0, 1140, 1215, 44, P0
2026/07/31 14:59:21.823, 37.75, 250.00, 0, 1140, 1215, 44, P0
2026/07/31 14:59:22.023, 37.74, 250.00, 0, 1140, 1215, 44, P0
2026/07/31 14:59:22.223, 37.67, 250.00, 0, 1140, 1215, 44, P0
2026/07/31 14:59:22.424, 37.76, 250.00, 0, 1140, 1215, 44, P0
2026/07/31 14:59:22.624, 37.64, 250.00, 0, 1140, 1215, 44, P0
2026/07/31 14:59:22.825, 37.74, 250.00, 0, 1140, 1215, 44, P0
2026/07/31 14:59:23.025, 37.94, 250.00, 0, 1140, 1215, 44, P0
2026/07/31 14:59:23.225, 37.91, 250.00, 0, 1140, 1215, 44, P0
2026/07/31 14:59:23.426, 37.86, 250.00, 0, 1140, 1215, 44, P0
2026/07/31 14:59:23.626, 37.96, 250.00, 0, 1140, 1215, 44, P0
2026/07/31 14:59:23.827, 37.85, 250.00, 0, 1140, 1215, 44, P0
2026/07/31 14:59:24.027, 37.76, 250.00, 0, 1140, 1215, 44, P0
2026/07/31 14:59:24.227, 37.74, 250.00, 0, 1140, 1215, 44, P0
2026/07/31 14:59:24.428, 37.84, 250.00, 0, 1140, 1215, 44, P0
2026/07/31 14:59:24.628, 37.76, 250.00, 0, 1140, 1215, 43, P0
2026/07/31 14:59:24.829, 37.76, 250.00, 0, 1140, 1215, 43, P0
2026/07/31 14:59:25.029, 37.76, 250.00, 0, 1140, 1215, 43, P0
2026/07/31 14:59:25.229, 37.66, 250.00, 0, 1140, 1215, 43, P0
2026/07/31 14:59:25.430, 37.67, 250.00, 0, 1140, 1215, 43, P0
2026/07/31 14:59:25.630, 37.63, 250.00, 0, 1140, 1215, 43, P0
2026/07/31 14:59:25.831, 37.64, 250.00, 0, 1140, 1215, 43, P0
2026/07/31 14:59:26.031, 37.65, 250.00, 0, 1140, 1215, 43, P0
2026/07/31 14:59:26.232, 37.72, 250.00, 0, 1140, 1215, 43, P0
2026/07/31 14:59:26.436, 37.66, 250.00, 0, 1140, 1215, 43, P0
2026/07/31 14:59:26.637, 37.56, 250.00, 0, 1140, 1215, 43, P0
2026/07/31 14:59:26.838, 37.55, 250.00, 0, 1140, 1215, 43, P0
2026/07/31 14:59:27.038, 37.38, 250.00, 0, 1140, 1215, 43, P0
2026/07/31 14:59:27.239, 37.38, 250.00, 0, 1140, 1215, 43, P0
2026/07/31 14:59:27.439, 37.38, 250.00, 0, 1140, 1215, 43, P0
2026/07/31 14:59:27.640, 37.28, 250.00, 0, 1140, 1215, 43, P0
2026/07/31 14:59:27.840, 37.28, 250.00, 0, 1140, 1215, 43, P0
2026/07/31 14:59:28.040, 37.16, 250.00, 0, 1140, 1215, 43, P0
2026/07/31 14:59:28.241, 37.28, 250.00, 0, 1140, 1215, 43, P0
2026/07/31 14:59:28.441, 181.35, 250.00, 24, 1140, 1215, 48, P0
2026/07/31 14:59:28.642, 179.61, 250.00, 24, 1335, 1215, 49, P0
2026/07/31 14:59:28.844, 248.09, 250.00, 100, 1320, 1215, 52, P0
2026/07/31 14:59:29.045, 248.68, 250.00, 100, 1320, 1215, 54, P0
2026/07/31 14:59:29.248, 184.69, 250.00, 100, 1320, 1215, 55, P0
2026/07/31 14:59:29.449, 247.99, 250.00, 93, 1320, 1215, 55, P0
2026/07/31 14:59:29.650, 253.07, 250.00, 100, 1365, 1215, 55, P0
2026/07/31 14:59:29.851, 253.85, 250.00, 94, 1320, 1215, 56, P0
2026/07/31 14:59:30.051, 248.34, 250.00, 94, 1320, 1215, 56, P0
2026/07/31 14:59:30.253, 269.20, 250.00, 100, 1320, 1215, 55, P0
2026/07/31 14:59:30.454, 252.21, 250.00, 94, 1320, 1215, 57, P0
2026/07/31 14:59:30.655, 252.18, 250.00, 94, 1365, 1215, 57, P0
2026/07/31 14:59:30.857, 221.61, 250.00, 97, 1410, 1215, 53, P0
2026/07/31 14:59:31.058, 209.24, 250.00, 95, 1410, 1215, 51, P0
2026/07/31 14:59:31.259, 52.95, 250.00, 52, 1410, 1215, 49, P0
2026/07/31 14:59:31.459, 52.37, 250.00, 0, 1410, 1215, 48, P0
2026/07/31 14:59:31.660, 52.63, 250.00, 0, 1410, 1215, 47, P0
2026/07/31 14:59:31.860, 51.79, 250.00, 0, 1410, 1215, 47, P0
2026/07/31 14:59:32.060, 52.01, 250.00, 0, 1410, 1215, 46, P0
2026/07/31 14:59:32.261, 246.84, 250.00, 24, 1320, 1215, 54, P0
2026/07/31 14:59:32.461, 256.91, 250.00, 100, 1320, 1215, 55, P0
2026/07/31 14:59:32.662, 193.41, 250.00, 100, 1395, 1215, 53, P0
2026/07/31 14:59:32.862, 208.99, 250.00, 94, 1410, 1215, 52, P0
2026/07/31 14:59:33.063, 208.41, 250.00, 95, 1410, 1215, 52, P0
2026/07/31 14:59:33.263, 209.90, 250.00, 95, 1410, 1215, 52, P0
2026/07/31 14:59:33.464, 218.79, 250.00, 94, 1410, 1215, 52, P0
2026/07/31 14:59:33.664, 208.50, 250.00, 95, 1410, 1215, 52, P0
2026/07/31 14:59:33.865, 187.47, 250.00, 95, 1410, 1215, 53, P0
2026/07/31 14:59:34.065, 248.50, 250.00, 90, 1320, 1215, 57, P0
2026/07/31 14:59:34.266, 252.54, 250.00, 100, 1320, 1215, 57, P0
2026/07/31 14:59:34.466, 251.67, 250.00, 93, 1320, 1215, 58, P0
2026/07/31 14:59:34.667, 255.69, 250.00, 100, 1320, 1215, 58, P0
2026/07/31 14:59:34.867, 241.85, 250.00, 95, 1305, 1215, 58, P0
2026/07/31 14:59:35.068, 245.78, 250.00, 99, 1320, 1215, 58, P0
2026/07/31 14:59:35.268, 244.95, 250.00, 100, 1320, 1215, 58, P0
2026/07/31 14:59:35.468, 254.99, 250.00, 94, 1320, 1215, 59, P0
2026/07/31 14:59:35.669, 256.43, 250.00, 100, 1320, 1215, 59, P0
2026/07/31 14:59:35.869, 248.60, 250.00, 94, 1320, 1215, 59, P0
2026/07/31 14:59:36.070, 250.32, 250.00, 100, 1320, 1215, 59, P0
2026/07/31 14:59:36.270, 197.54, 250.00, 100, 1380, 1215, 57, P0
2026/07/31 14:59:36.470, 209.50, 250.00, 96, 1410, 1215, 55, P0
2026/07/31 14:59:36.671, 220.82, 250.00, 94, 1410, 1215, 55, P0
2026/07/31 14:59:36.872, 211.45, 250.00, 95, 1410, 1215, 55, P0
2026/07/31 14:59:37.072, 213.63, 250.00, 94, 1410, 1215, 55, P0
2026/07/31 14:59:37.273, 209.36, 250.00, 95, 1410, 1215, 55, P0
2026/07/31 14:59:37.473, 237.13, 250.00, 94, 1410, 1215, 55, P0
2026/07/31 14:59:37.674, 256.58, 250.00, 92, 1305, 1215, 59, P0
2026/07/31 14:59:37.874, 228.88, 250.00, 100, 1350, 1215, 59, P0
2026/07/31 14:59:38.074, 242.56, 250.00, 94, 1305, 1215, 59, P0
2026/07/31 14:59:38.275, 250.11, 250.00, 100, 1305, 1215, 60, P0
2026/07/31 14:59:38.475, 257.06, 250.00, 94, 1320, 1215, 60, P0
2026/07/31 14:59:38.676, 253.78, 250.00, 100, 1305, 1215, 60, P0
2026/07/31 14:59:38.876, 252.95, 250.00, 100, 1350, 1215, 60, P0
2026/07/31 14:59:39.077, 237.90, 250.00, 94, 1320, 1215, 60, P0
2026/07/31 14:59:39.277, 248.38, 250.00, 100, 1305, 1215, 60, P0
2026/07/31 14:59:39.478, 262.33, 250.00, 94, 1320, 1215, 61, P0
2026/07/31 14:59:39.678, 251.60, 250.00, 100, 1320, 1215, 61, P0
2026/07/31 14:59:39.878, 248.64, 250.00, 100, 1395, 1215, 59, P0
2026/07/31 14:59:40.079, 211.24, 250.00, 93, 1410, 1215, 57, P0
2026/07/31 14:59:40.279, 224.47, 250.00, 95, 1410, 1215, 56, P0
2026/07/31 14:59:40.480, 211.12, 250.00, 95, 1410, 1215, 56, P0
2026/07/31 14:59:40.680, 216.50, 250.00, 95, 1410, 1215, 56, P0
2026/07/31 14:59:40.881, 210.73, 250.00, 94, 1410, 1215, 56, P0
2026/07/31 14:59:41.082, 211.96, 250.00, 95, 1410, 1215, 56, P0
2026/07/31 14:59:41.282, 152.95, 250.00, 89, 1410, 1215, 54, P0
2026/07/31 14:59:41.482, 54.80, 250.00, 0, 1410, 1215, 52, P0
2026/07/31 14:59:41.683, 54.82, 250.00, 0, 1410, 1215, 51, P0
2026/07/31 14:59:41.883, 53.95, 250.00, 0, 1410, 1215, 51, P0
2026/07/31 14:59:42.084, 53.95, 250.00, 0, 1410, 1215, 50, P0
2026/07/31 14:59:42.284, 53.75, 250.00, 0, 1410, 1215, 50, P0
2026/07/31 14:59:42.484, 53.55, 250.00, 0, 1410, 1215, 50, P0
2026/07/31 14:59:42.685, 53.42, 250.00, 0, 1410, 1215, 50, P0
2026/07/31 14:59:42.885, 53.35, 250.00, 0, 1410, 1215, 49, P0
2026/07/31 14:59:43.085, 53.45, 250.00, 0, 1140, 1215, 49, P0
2026/07/31 14:59:43.286, 39.24, 250.00, 0, 1140, 1215, 49, P0
2026/07/31 14:59:43.486, 39.03, 250.00, 0, 1140, 1215, 49, P0
2026/07/31 14:59:43.686, 39.10, 250.00, 0, 1140, 1215, 48, P0
2026/07/31 14:59:43.887, 38.91, 250.00, 0, 1140, 1215, 48, P0
2026/07/31 14:59:44.087, 38.88, 250.00, 0, 1140, 1215, 48, P0
2026/07/31 14:59:44.288, 38.84, 250.00, 0, 1140, 1215, 48, P0
2026/07/31 14:59:44.488, 38.85, 250.00, 0, 1140, 1215, 48, P0
2026/07/31 14:59:44.688, 38.72, 250.00, 0, 1140, 1215, 48, P0
2026/07/31 14:59:44.889, 38.75, 250.00, 0, 1140, 1215, 48, P0
2026/07/31 14:59:45.089, 38.83, 250.00, 0, 1140, 1215, 48, P0
2026/07/31 14:59:45.290, 38.64, 250.00, 0, 1140, 1215, 47, P0
2026/07/31 14:59:45.490, 38.65, 250.00, 0, 1140, 1215, 47, P0
2026/07/31 14:59:45.691, 38.63, 250.00, 0, 1140, 1215, 47, P0
2026/07/31 14:59:45.891, 38.74, 250.00, 0, 1140, 1215, 47, P0
2026/07/31 14:59:46.091, 38.75, 250.00, 0, 1140, 1215, 47, P0
2026/07/31 14:59:46.292, 38.53, 250.00, 0, 1140, 1215, 47, P0
2026/07/31 14:59:46.492, 38.54, 250.00, 0, 1140, 1215, 47, P0
2026/07/31 14:59:46.693, 38.51, 250.00, 0, 1140, 1215, 47, P0
2026/07/31 14:59:46.893, 38.53, 250.00, 0, 1140, 1215, 47, P0
2026/07/31 14:59:47.093, 38.62, 250.00, 0, 1140, 1215, 47, P0
2026/07/31 14:59:47.294, 38.54, 250.00, 0, 1140, 1215, 47, P0
2026/07/31 14:59:47.494, 38.46, 250.00, 0, 1140, 1215, 47, P0
2026/07/31 14:59:47.694, 38.44, 250.00, 0, 1140, 1215, 47, P0
2026/07/31 14:59:47.895, 38.39, 250.00, 0, 1140, 1215, 47, P0
2026/07/31 14:59:48.095, 38.48, 250.00, 0, 1140, 1215, 47, P0
2026/07/31 14:59:48.296, 38.38, 250.00, 0, 1140, 1215, 46, P0
2026/07/31 14:59:48.496, 38.39, 250.00, 0, 1140, 1215, 46, P0
2026/07/31 14:59:48.696, 38.39, 250.00, 0, 1140, 1215, 46, P0
2026/07/31 14:59:48.897, 38.40, 250.00, 0, 1140, 1215, 46, P0
2026/07/31 14:59:49.097, 38.41, 250.00, 0, 1140, 1215, 46, P0
2026/07/31 14:59:49.298, 38.31, 250.00, 0, 1140, 1215, 46, P0
2026/07/31 14:59:49.498, 38.31, 250.00, 0, 1140, 1215, 46, P0
2026/07/31 14:59:49.698, 38.20, 250.00, 0, 1140, 1215, 46, P0
2026/07/31 14:59:49.899, 38.20, 250.00, 0, 1140, 1215, 46, P0
2026/07/31 14:59:50.099, 38.38, 250.00, 0, 1140, 1215, 46, P0
2026/07/31 14:59:50.299, 38.23, 250.00, 0, 1140, 1215, 46, P0
2026/07/31 14:59:50.500, 38.13, 250.00, 0, 1140, 1215, 46, P0
2026/07/31 14:59:50.700, 38.23, 250.00, 0, 1140, 1215, 46, P0
2026/07/31 14:59:50.901, 38.23, 250.00, 0, 1140, 1215, 46, P0
2026/07/31 14:59:51.101, 38.31, 250.00, 0, 1140, 1215, 46, P0
2026/07/31 14:59:51.301, 38.12, 250.00, 0, 1140, 1215, 46, P0
2026/07/31 14:59:51.502, 38.23, 250.00, 0, 1140, 1215, 46, P0
2026/07/31 14:59:51.702, 38.13, 250.00, 0, 1140, 1215, 46, P0
2026/07/31 14:59:51.902, 38.02, 250.00, 0, 1140, 1215, 46, P0
2026/07/31 14:59:52.103, 38.13, 250.00, 0, 1140, 1215, 46, P0
2026/07/31 14:59:52.303, 38.11, 250.00, 0, 1140, 1215, 46, P0
2026/07/31 14:59:52.504, 38.11, 250.00, 0, 1140, 1215, 46, P0
2026/07/31 14:59:52.704, 38.20, 250.00, 0, 1140, 1215, 46, P0
2026/07/31 14:59:52.905, 38.11, 250.00, 0, 1140, 1215, 46, P0
2026/07/31 14:59:53.105, 38.16, 250.00, 0, 1140, 1215, 46, P0
2026/07/31 14:59:53.305, 38.12, 250.00, 0, 1140, 1215, 46, P0
2026/07/31 14:59:53.506, 38.01, 250.00, 0, 1140, 1215, 46, P0
2026/07/31 14:59:53.706, 38.01, 250.00, 0, 1140, 1215, 46, P0
2026/07/31 14:59:53.906, 38.01, 250.00, 0, 1140, 1215, 45, P0
2026/07/31 14:59:54.107, 38.13, 250.00, 0, 1140, 1215, 45, P0
2026/07/31 14:59:54.307, 38.12, 250.00, 0, 1140, 1215, 45, P0
2026/07/31 14:59:54.507, 38.12, 250.00, 0, 1140, 1215, 45, P0
2026/07/31 14:59:54.708, 38.01, 250.00, 0, 1140, 1215, 45, P0
2026/07/31 14:59:54.908, 38.01, 250.00, 0, 1140, 1215, 45, P0
2026/07/31 14:59:55.109, 38.31, 250.00, 0, 1140, 1215, 45, P0
2026/07/31 14:59:55.309, 38.22, 250.00, 0, 1140, 1215, 45, P0
2026/07/31 14:59:55.509, 38.31, 250.00, 0, 1140, 1215, 45, P0
2026/07/31 14:59:55.710, 38.20, 250.00, 0, 1140, 1215, 45, P0
2026/07/31 14:59:55.910, 38.22, 250.00, 0, 1140, 1215, 45, P0
2026/07/31 14:59:56.110, 38.20, 250.00, 0, 1140, 1215, 45, P0
2026/07/31 14:59:56.311, 38.22, 250.00, 0, 1140, 1215, 45, P0
2026/07/31 14:59:56.511, 38.22, 250.00, 0, 1140, 1215, 45, P0
2026/07/31 14:59:56.712, 38.23, 250.00, 0, 1140, 1215, 45, P0
2026/07/31 14:59:56.912, 38.23, 250.00, 0, 1140, 1215, 45, P0
2026/07/31 14:59:57.112, 38.22, 250.00, 0, 1140, 1215, 45, P0
2026/07/31 14:59:57.313, 38.11, 250.00, 0, 1140, 1215, 45, P0
2026/07/31 14:59:57.513, 38.03, 250.00, 0, 1140, 1215, 45, P0
2026/07/31 14:59:57.713, 38.03, 250.00, 0, 1140, 1215, 45, P0
2026/07/31 14:59:57.914, 38.03, 250.00, 0, 1140, 1215, 45, P0
2026/07/31 14:59:58.114, 38.01, 250.00, 0, 1140, 1215, 45, P0
2026/07/31 14:59:58.314, 38.02, 250.00, 0, 1140, 1215, 45, P0
2026/07/31 14:59:58.515, 38.01, 250.00, 0, 1140, 1215, 45, P0
2026/07/31 14:59:58.715, 38.00, 250.00, 0, 1140, 1215, 45, P0
2026/07/31 14:59:58.915, 38.01, 250.00, 0, 1140, 1215, 45, P0
2026/07/31 14:59:59.116, 38.00, 250.00, 0, 1140, 1215, 45, P0
2026/07/31 14:59:59.316, 38.02, 250.00, 0, 1140, 1215, 45, P0
2026/07/31 14:59:59.516, 37.94, 250.00, 0, 1140, 1215, 45, P0
2026/07/31 14:59:59.717, 37.99, 250.00, 0, 1140, 1215, 45, P0
2026/07/31 14:59:59.917, 37.94, 250.00, 0, 1140, 1215, 45, P0
2026/07/31 15:00:00.118, 37.91, 250.00, 0, 1140, 1215, 45, P0
2026/07/31 15:00:00.318, 37.94, 250.00, 0, 1140, 1215, 45, P0
2026/07/31 15:00:00.518, 37.94, 250.00, 0, 1140, 1215, 45, P0
2026/07/31 15:00:00.719, 38.02, 250.00, 0, 1140, 1215, 45, P0
2026/07/31 15:00:00.919, 37.92, 250.00, 0, 1140, 1215, 45, P0
2026/07/31 15:00:01.119, 37.81, 250.00, 0, 1140, 1215, 45, P0
2026/07/31 15:00:01.320, 37.94, 250.00, 0, 1140, 1215, 45, P0
2026/07/31 15:00:01.520, 37.83, 250.00, 0, 1140, 1215, 45, P0
2026/07/31 15:00:01.720, 37.81, 250.00, 0, 1140, 1215, 45, P0
2026/07/31 15:00:01.921, 37.81, 250.00, 0, 1140, 1215, 45, P0
2026/07/31 15:00:02.121, 37.81, 250.00, 0, 1140, 1215, 45, P0
2026/07/31 15:00:02.322, 37.93, 250.00, 0, 1140, 1215, 45, P0
2026/07/31 15:00:02.522, 37.84, 250.00, 0, 1140, 1215, 45, P0
2026/07/31 15:00:02.722, 37.81, 250.00, 0, 1140, 1215, 45, P0
2026/07/31 15:00:02.923, 37.84, 250.00, 0, 1140, 1215, 45, P0
2026/07/31 15:00:03.123, 37.84, 250.00, 0, 1140, 1215, 45, P0
2026/07/31 15:00:03.323, 37.81, 250.00, 0, 1140, 1215, 45, P0
2026/07/31 15:00:03.524, 37.84, 250.00, 0, 1140, 1215, 45, P0
2026/07/31 15:00:03.724, 37.84, 250.00, 0, 1140, 1215, 45, P0
2026/07/31 15:00:03.925, 37.84, 250.00, 0, 1140, 1215, 45, P0
2026/07/31 15:00:04.125, 37.84, 250.00, 0, 1140, 1215, 45, P0
2026/07/31 15:00:04.325, 37.83, 250.00, 0, 1140, 1215, 44, P0
2026/07/31 15:00:04.525, 37.81, 250.00, 0, 1140, 1215, 44, P0
2026/07/31 15:00:04.726, 37.81, 250.00, 0, 1140, 1215, 44, P0
2026/07/31 15:00:04.926, 37.72, 250.00, 0, 1140, 1215, 44, P0
2026/07/31 15:00:05.127, 37.74, 250.00, 0, 1140, 1215, 44, P0
2026/07/31 15:00:05.327, 37.72, 250.00, 0, 1140, 1215, 44, P0
2026/07/31 15:00:05.527, 37.74, 250.00, 0, 1140, 1215, 44, P0
2026/07/31 15:00:05.728, 37.82, 250.00, 0, 1140, 1215, 44, P0
2026/07/31 15:00:05.928, 37.72, 250.00, 0, 1140, 1215, 44, P0
2026/07/31 15:00:06.128, 37.74, 250.00, 0, 1140, 1215, 44, P0
2026/07/31 15:00:06.329, 37.83, 250.00, 0, 1140, 1215, 44, P0
2026/07/31 15:00:06.529, 37.73, 250.00, 0, 1140, 1215, 44, P0
2026/07/31 15:00:06.730, 37.74, 250.00, 0, 1140, 1215, 44, P0
2026/07/31 15:00:06.930, 37.72, 250.00, 0, 1140, 1215, 44, P0
2026/07/31 15:00:07.131, 37.72, 250.00, 0, 1140, 1215, 44, P0
2026/07/31 15:00:07.331, 37.81, 250.00, 0, 1140, 1215, 44, P0
2026/07/31 15:00:07.531, 37.83, 250.00, 0, 1140, 1215, 44, P0
2026/07/31 15:00:07.732, 37.72, 250.00, 0, 1140, 1215, 44, P0
2026/07/31 15:00:07.932, 37.81, 250.00, 0, 1140, 1215, 44, P0
2026/07/31 15:00:08.133, 37.73, 250.00, 0, 1140, 1215, 44, P0
2026/07/31 15:00:08.333, 37.79, 250.00, 0, 1140, 1215, 44, P0
2026/07/31 15:00:08.533, 37.73, 250.00, 0, 1140, 1215, 44, P0
2026/07/31 15:00:08.734, 38.52, 250.00, 0, 1140, 1215, 44, P0
2026/07/31 15:00:08.934, 37.74, 250.00, 0, 1140, 1215, 44, P0
2026/07/31 15:00:09.134, 37.73, 250.00, 0, 1140, 1215, 44, P0
2026/07/31 15:00:09.335, 37.72, 250.00, 0, 1140, 1215, 44, P0
2026/07/31 15:00:09.535, 37.72, 250.00, 0, 1140, 1215, 44, P0
2026/07/31 15:00:09.736, 37.73, 250.00, 0, 1140, 1215, 44, P0
2026/07/31 15:00:09.936, 37.74, 250.00, 0, 1140, 1215, 44, P0
2026/07/31 15:00:10.136, 37.73, 250.00, 0, 1140, 1215, 44, P0
2026/07/31 15:00:10.337, 37.62, 250.00, 0, 1140, 1215, 44, P0
2026/07/31 15:00:10.537, 37.63, 250.00, 0, 1140, 1215, 44, P0
2026/07/31 15:00:10.737, 37.70, 250.00, 0, 1140, 1215, 44, P0
2026/07/31 15:00:10.938, 37.72, 250.00, 0, 1140, 1215, 44, P0
2026/07/31 15:00:11.138, 37.73, 250.00, 0, 1140, 1215, 44, P0
2026/07/31 15:00:11.338, 37.63, 250.00, 0, 1140, 1215, 44, P0
2026/07/31 15:00:11.539, 37.63, 250.00, 0, 1140, 1215, 44, P0
2026/07/31 15:00:11.739, 37.63, 250.00, 0, 1140, 1215, 44, P0
2026/07/31 15:00:11.940, 37.62, 250.00, 0, 1140, 1215, 44, P0
2026/07/31 15:00:12.140, 37.64, 250.00, 0, 1140, 1215, 44, P0
2026/07/31 15:00:12.340, 37.63, 250.00, 0, 1140, 1215, 44, P0
2026/07/31 15:00:12.541, 37.57, 250.00, 0, 1140, 1215, 44, P0
2026/07/31 15:00:12.741, 37.63, 250.00, 0, 1140, 1215, 44, P0
2026/07/31 15:00:12.942, 37.64, 250.00, 0, 1140, 1215, 44, P0
2026/07/31 15:00:13.142, 37.62, 250.00, 0, 1140, 1215, 44, P0
2026/07/31 15:00:13.342, 37.63, 250.00, 0, 1140, 1215, 44, P0
2026/07/31 15:00:13.543, 37.73, 250.00, 0, 1140, 1215, 44, P0
2026/07/31 15:00:13.743, 37.62, 250.00, 0, 1140, 1215, 44, P0
2026/07/31 15:00:13.943, 37.72, 250.00, 0, 1140, 1215, 44, P0
2026/07/31 15:00:14.144, 37.63, 250.00, 0, 1140, 1215, 44, P0
2026/07/31 15:00:14.344, 37.62, 250.00, 0, 1140, 1215, 44, P0
2026/07/31 15:00:14.545, 37.64, 250.00, 0, 1140, 1215, 44, P0
2026/07/31 15:00:14.745, 37.55, 250.00, 0, 1140, 1215, 44, P0
2026/07/31 15:00:14.945, 37.89, 250.00, 0, 1140, 1215, 44, P0
2026/07/31 15:00:15.146, 37.94, 250.00, 0, 1140, 1215, 44, P0
2026/07/31 15:00:15.346, 38.12, 250.00, 0, 1140, 1215, 44, P0
2026/07/31 15:00:15.547, 37.91, 250.00, 0, 1140, 1215, 44, P0
2026/07/31 15:00:15.747, 37.91, 250.00, 0, 1140, 1215, 44, P0
2026/07/31 15:00:15.947, 37.83, 250.00, 0, 1140, 1215, 44, P0
2026/07/31 15:00:16.148, 37.73, 250.00, 0, 1140, 1215, 44, P0
2026/07/31 15:00:16.348, 37.83, 250.00, 0, 1140, 1215, 44, P0
2026/07/31 15:00:16.548, 37.72, 250.00, 0, 1140, 1215, 44, P0
2026/07/31 15:00:16.749, 37.80, 250.00, 0, 1140, 1215, 44, P0
2026/07/31 15:00:16.949, 37.71, 250.00, 0, 1140, 1215, 44, P0
2026/07/31 15:00:17.150, 37.73, 250.00, 0, 1140, 1215, 44, P0
2026/07/31 15:00:17.350, 37.63, 250.00, 0, 1140, 1215, 44, P0
2026/07/31 15:00:17.550, 37.72, 250.00, 0, 1140, 1215, 44, P0
2026/07/31 15:00:17.751, 37.74, 250.00, 0, 1140, 1215, 44, P0
2026/07/31 15:00:17.951, 37.59, 250.00, 0, 1140, 1215, 44, P0
2026/07/31 15:00:18.152, 37.62, 250.00, 0, 1140, 1215, 43, P0
2026/07/31 15:00:18.352, 37.63, 250.00, 0, 1140, 1215, 44, P0
2026/07/31 15:00:18.552, 37.62, 250.00, 0, 1140, 1215, 43, P0
2026/07/31 15:00:18.753, 37.55, 250.00, 0, 1140, 1215, 43, P0
2026/07/31 15:00:18.953, 37.63, 250.00, 0, 1140, 1215, 43, P0
2026/07/31 15:00:19.153, 37.64, 250.00, 0, 1140, 1215, 43, P0
2026/07/31 15:00:19.354, 37.72, 250.00, 0, 1140, 1215, 43, P0
2026/07/31 15:00:19.554, 37.63, 250.00, 0, 1140, 1215, 43, P0
2026/07/31 15:00:19.755, 37.51, 250.00, 0, 1140, 1215, 43, P0
2026/07/31 15:00:19.955, 37.62, 250.00, 0, 1140, 1215, 43, P0
2026/07/31 15:00:20.156, 37.62, 250.00, 0, 1140, 1215, 43, P0
2026/07/31 15:00:20.359, 37.62, 250.00, 0, 1140, 1215, 43, P0
2026/07/31 15:00:20.560, 37.54, 250.00, 0, 1140, 1215, 43, P0
2026/07/31 15:00:20.760, 37.62, 250.00, 0, 1140, 1215, 43, P0
2026/07/31 15:00:20.961, 37.52, 250.00, 0, 1140, 1215, 43, P0
2026/07/31 15:00:21.161, 37.64, 250.00, 0, 1140, 1215, 43, P0
2026/07/31 15:00:21.362, 37.52, 250.00, 0, 1140, 1215, 43, P0
2026/07/31 15:00:21.562, 37.52, 250.00, 0, 1140, 1215, 43, P0
2026/07/31 15:00:21.762, 37.53, 250.00, 0, 1140, 1215, 43, P0
2026/07/31 15:00:21.963, 37.52, 250.00, 0, 1140, 1215, 43, P0
2026/07/31 15:00:22.163, 37.54, 250.00, 0, 1140, 1215, 43, P0
2026/07/31 15:00:22.364, 37.53, 250.00, 0, 1140, 1215, 43, P0
2026/07/31 15:00:22.564, 37.52, 250.00, 0, 1140, 1215, 43, P0
2026/07/31 15:00:22.765, 37.40, 250.00, 0, 1140, 1215, 43, P0
2026/07/31 15:00:22.965, 37.52, 250.00, 0, 1140, 1215, 43, P0
2026/07/31 15:00:23.165, 37.53, 250.00, 0, 1140, 1215, 43, P0
2026/07/31 15:00:23.366, 37.54, 250.00, 0, 1140, 1215, 43, P0
2026/07/31 15:00:23.566, 37.54, 250.00, 0, 1140, 1215, 43, P0
2026/07/31 15:00:23.767, 37.49, 250.00, 0, 1140, 1215, 43, P0
2026/07/31 15:00:23.967, 37.52, 250.00, 0, 1140, 1215, 43, P0
2026/07/31 15:00:24.167, 37.53, 250.00, 0, 1140, 1215, 43, P0
2026/07/31 15:00:24.368, 37.52, 250.00, 0, 1140, 1215, 43, P0
2026/07/31 15:00:24.568, 37.45, 250.00, 0, 1140, 1215, 43, P0
2026/07/31 15:00:24.768, 37.52, 250.00, 0, 1140, 1215, 43, P0
2026/07/31 15:00:24.969, 37.44, 250.00, 0, 1140, 1215, 43, P0
2026/07/31 15:00:25.169, 37.52, 250.00, 0, 1140, 1215, 43, P0
2026/07/31 15:00:25.370, 37.42, 250.00, 0, 1140, 1215, 43, P0
2026/07/31 15:00:25.570, 37.52, 250.00, 0, 1140, 1215, 43, P0
2026/07/31 15:00:25.770, 37.50, 250.00, 0, 1140, 1215, 43, P0
2026/07/31 15:00:25.971, 179.17, 250.00, 31, 1140, 1215, 49, P0
2026/07/31 15:00:26.171, 247.26, 250.00, 100, 1320, 1215, 52, P0
2026/07/31 15:00:26.372, 263.92, 250.00, 98, 1320, 1215, 53, P0
2026/07/31 15:00:26.572, 253.86, 250.00, 95, 1320, 1215, 54, P0
2026/07/31 15:00:26.773, 266.24, 250.00, 100, 1335, 1215, 55, P0
2026/07/31 15:00:26.973, 251.06, 250.00, 92, 1320, 1215, 55, P0
2026/07/31 15:00:27.174, 239.44, 250.00, 100, 1350, 1215, 55, P0
2026/07/31 15:00:27.374, 250.16, 250.00, 93, 1320, 1215, 56, P0
2026/07/31 15:00:27.574, 253.12, 250.00, 100, 1320, 1215, 57, P0
2026/07/31 15:00:27.775, 266.40, 250.00, 100, 1320, 1215, 56, P0
2026/07/31 15:00:27.975, 250.62, 250.00, 92, 1320, 1215, 57, P0
2026/07/31 15:00:28.176, 243.10, 250.00, 100, 1305, 1215, 57, P0
2026/07/31 15:00:28.376, 250.29, 250.00, 92, 1320, 1215, 57, P0
2026/07/31 15:00:28.576, 246.30, 250.00, 100, 1320, 1215, 58, P0
2026/07/31 15:00:28.777, 285.06, 250.00, 100, 1350, 1215, 57, P0
2026/07/31 15:00:28.978, 250.24, 250.00, 91, 1320, 1215, 58, P0
2026/07/31 15:00:29.178, 248.43, 250.00, 100, 1320, 1215, 58, P0
2026/07/31 15:00:29.378, 260.52, 250.00, 96, 1320, 1215, 58, P0
2026/07/31 15:00:29.579, 250.12, 250.00, 97, 1320, 1215, 59, P0
2026/07/31 15:00:29.780, 253.99, 250.00, 100, 1320, 1215, 59, P0
2026/07/31 15:00:29.980, 247.53, 250.00, 89, 1320, 1215, 59, P0
2026/07/31 15:00:30.181, 252.39, 250.00, 100, 1320, 1215, 59, P0
2026/07/31 15:00:30.381, 217.76, 250.00, 100, 1320, 1215, 59, P0
2026/07/31 15:00:30.581, 267.27, 250.00, 94, 1320, 1215, 59, P0
2026/07/31 15:00:30.782, 244.38, 250.00, 100, 1320, 1215, 59, P0
2026/07/31 15:00:30.982, 237.51, 250.00, 100, 1320, 1215, 59, P0
2026/07/31 15:00:31.183, 207.51, 250.00, 96, 1410, 1215, 56, P0
2026/07/31 15:00:31.383, 222.61, 250.00, 96, 1410, 1215, 55, P0
2026/07/31 15:00:31.584, 56.88, 250.00, 74, 1410, 1215, 52, P0
2026/07/31 15:00:31.784, 55.58, 250.00, 0, 1410, 1215, 51, P0
2026/07/31 15:00:31.985, 54.97, 250.00, 0, 1410, 1215, 50, P0
2026/07/31 15:00:32.185, 54.15, 250.00, 0, 1410, 1215, 49, P0
2026/07/31 15:00:32.386, 54.05, 250.00, 0, 1410, 1215, 49, P0
2026/07/31 15:00:32.586, 53.42, 250.00, 0, 1335, 1215, 54, P0
2026/07/31 15:00:32.787, 265.22, 250.00, 0, 1320, 1215, 57, P0
2026/07/31 15:00:32.987, 246.74, 250.00, 94, 1320, 1215, 58, P0
2026/07/31 15:00:33.188, 200.09, 250.00, 100, 1395, 1215, 56, P0
2026/07/31 15:00:33.388, 219.74, 250.00, 98, 1410, 1215, 55, P0
2026/07/31 15:00:33.589, 208.95, 250.00, 94, 1410, 1215, 55, P0
2026/07/31 15:00:33.789, 212.48, 250.00, 95, 1410, 1215, 55, P0
2026/07/31 15:00:33.990, 217.92, 250.00, 95, 1410, 1215, 55, P0
2026/07/31 15:00:34.190, 222.73, 250.00, 95, 1410, 1215, 55, P0
2026/07/31 15:00:34.391, 207.59, 250.00, 94, 1410, 1215, 55, P0
2026/07/31 15:00:34.591, 287.13, 250.00, 93, 1320, 1215, 59, P0
2026/07/31 15:00:34.792, 251.31, 250.00, 76, 1320, 1215, 59, P0
2026/07/31 15:00:34.992, 234.56, 250.00, 100, 1335, 1215, 59, P0
2026/07/31 15:00:35.193, 246.43, 250.00, 98, 1320, 1215, 60, P0
2026/07/31 15:00:35.393, 255.15, 250.00, 96, 1320, 1215, 60, P0
2026/07/31 15:00:35.594, 246.26, 250.00, 100, 1320, 1215, 60, P0
2026/07/31 15:00:35.794, 249.93, 250.00, 94, 1320, 1215, 60, P0
2026/07/31 15:00:35.994, 254.68, 250.00, 100, 1320, 1215, 60, P0
2026/07/31 15:00:36.195, 254.98, 250.00, 93, 1305, 1215, 61, P0
2026/07/31 15:00:36.395, 251.72, 250.00, 100, 1365, 1215, 60, P0
2026/07/31 15:00:36.596, 255.75, 250.00, 100, 1320, 1215, 61, P0
2026/07/31 15:00:36.796, 253.94, 250.00, 94, 1290, 1215, 61, P0
2026/07/31 15:00:36.996, 255.57, 250.00, 100, 1320, 1215, 61, P0
2026/07/31 15:00:37.197, 250.31, 250.00, 94, 1320, 1215, 62, P0
2026/07/31 15:00:37.397, 245.75, 250.00, 100, 1305, 1215, 62, P0
2026/07/31 15:00:37.598, 245.31, 250.00, 100, 1320, 1215, 62, P0
2026/07/31 15:00:37.798, 247.30, 250.00, 94, 1320, 1215, 62, P0
2026/07/31 15:00:37.999, 153.92, 250.00, 100, 1365, 1215, 62, P0
2026/07/31 15:00:38.199, 246.18, 250.00, 95, 1335, 1215, 62, P0
2026/07/31 15:00:38.400, 256.86, 250.00, 99, 1320, 1215, 62, P0
2026/07/31 15:00:38.600, 285.26, 250.00, 100, 1320, 1215, 63, P0
2026/07/31 15:00:38.801, 256.88, 250.00, 92, 1320, 1215, 63, P0
2026/07/31 15:00:39.001, 252.09, 250.00, 100, 1320, 1215, 63, P0
2026/07/31 15:00:39.202, 262.95, 250.00, 100, 1320, 1215, 63, P0
2026/07/31 15:00:39.402, 244.80, 250.00, 94, 1320, 1215, 63, P0
2026/07/31 15:00:39.602, 247.34, 250.00, 100, 1320, 1215, 63, P0
2026/07/31 15:00:39.803, 214.07, 250.00, 100, 1395, 1215, 61, P0
2026/07/31 15:00:40.004, 227.34, 250.00, 96, 1410, 1215, 59, P0
2026/07/31 15:00:40.204, 216.75, 250.00, 95, 1410, 1215, 59, P0
2026/07/31 15:00:40.405, 218.27, 250.00, 95, 1410, 1215, 58, P0
2026/07/31 15:00:40.605, 227.25, 250.00, 96, 1410, 1215, 58, P0
2026/07/31 15:00:40.806, 216.34, 250.00, 95, 1410, 1215, 58, P0
2026/07/31 15:00:41.006, 232.91, 250.00, 94, 1410, 1215, 58, P0
2026/07/31 15:00:41.212, 247.78, 250.00, 75, 1305, 1215, 62, P0
2026/07/31 15:00:41.425, 238.02, 250.00, 100, 1305, 1215, 62, P0
2026/07/31 15:00:41.625, 247.55, 250.00, 98, 1305, 1215, 63, P0
2026/07/31 15:00:41.826, 250.45, 250.00, 96, 1305, 1215, 63, P0
2026/07/31 15:00:42.033, 278.50, 250.00, 100, 1305, 1215, 63, P0
2026/07/31 15:00:42.234, 251.76, 250.00, 93, 1305, 1215, 64, P0
2026/07/31 15:00:42.434, 253.70, 250.00, 100, 1320, 1215, 64, P0
2026/07/31 15:00:42.635, 243.29, 250.00, 93, 1305, 1215, 64, P0
2026/07/31 15:00:42.835, 250.94, 250.00, 100, 1290, 1215, 64, P0
2026/07/31 15:00:43.035, 266.03, 250.00, 100, 1305, 1215, 64, P0
2026/07/31 15:00:43.236, 252.47, 250.00, 95, 1305, 1215, 64, P0
2026/07/31 15:00:43.436, 248.96, 250.00, 100, 1335, 1215, 64, P0
2026/07/31 15:00:43.637, 249.51, 250.00, 94, 1305, 1215, 64, P0
2026/07/31 15:00:43.837, 256.72, 250.00, 100, 1290, 1215, 64, P0
2026/07/31 15:00:44.038, 244.15, 250.00, 100, 1320, 1215, 64, P0
2026/07/31 15:00:44.238, 246.70, 250.00, 94, 1305, 1215, 65, P0
2026/07/31 15:00:44.439, 251.73, 250.00, 100, 1305, 1215, 65, P0
2026/07/31 15:00:44.639, 254.67, 250.00, 98, 1305, 1215, 65, P0
2026/07/31 15:00:44.839, 246.59, 250.00, 96, 1290, 1215, 65, P0
2026/07/31 15:00:45.040, 239.36, 250.00, 100, 1365, 1215, 65, P0
2026/07/31 15:00:45.240, 245.00, 250.00, 94, 1305, 1215, 65, P0
2026/07/31 15:00:45.441, 234.57, 250.00, 100, 1305, 1215, 65, P0
2026/07/31 15:00:45.641, 248.50, 250.00, 100, 1365, 1215, 64, P0
2026/07/31 15:00:45.842, 248.49, 250.00, 94, 1320, 1215, 66, P0
2026/07/31 15:00:46.042, 249.03, 250.00, 100, 1305, 1215, 66, P0
2026/07/31 15:00:46.243, 205.62, 250.00, 100, 1395, 1215, 63, P0
2026/07/31 15:00:46.443, 223.13, 250.00, 95, 1410, 1215, 62, P0
2026/07/31 15:00:46.644, 219.86, 250.00, 95, 1410, 1215, 61, P0
2026/07/31 15:00:46.847, 220.27, 250.00, 96, 1410, 1215, 61, P0
2026/07/31 15:00:47.047, 229.51, 250.00, 94, 1410, 1215, 61, P0
2026/07/31 15:00:47.248, 218.29, 250.00, 95, 1410, 1215, 61, P0
2026/07/31 15:00:47.448, 220.48, 250.00, 94, 1410, 1215, 61, P0
2026/07/31 15:00:47.649, 228.68, 250.00, 94, 1410, 1215, 61, P0
2026/07/31 15:00:47.849, 219.88, 250.00, 96, 1410, 1215, 61, P0
2026/07/31 15:00:48.050, 220.97, 250.00, 96, 1410, 1215, 61, P0
2026/07/31 15:00:48.250, 58.95, 250.00, 72, 1410, 1215, 57, P0
2026/07/31 15:00:48.451, 58.62, 250.00, 0, 1410, 1215, 56, P0
2026/07/31 15:00:48.651, 57.57, 250.00, 0, 1410, 1215, 56, P0
2026/07/31 15:00:48.852, 57.28, 250.00, 0, 1410, 1215, 55, P0
2026/07/31 15:00:49.052, 56.49, 250.00, 0, 1410, 1215, 55, P0
2026/07/31 15:00:49.252, 56.39, 250.00, 0, 1410, 1215, 55, P0
2026/07/31 15:00:49.453, 56.29, 250.00, 0, 1410, 1215, 55, P0
2026/07/31 15:00:49.653, 55.97, 250.00, 0, 1410, 1215, 54, P0
2026/07/31 15:00:49.853, 55.94, 250.00, 0, 1410, 1215, 54, P0
2026/07/31 15:00:50.054, 41.64, 250.00, 0, 1140, 1215, 54, P0
2026/07/31 15:00:50.254, 41.19, 250.00, 0, 1140, 1215, 53, P0
2026/07/31 15:00:50.454, 40.96, 250.00, 0, 1140, 1215, 53, P0
2026/07/31 15:00:50.655, 40.98, 250.00, 0, 1140, 1215, 53, P0
2026/07/31 15:00:50.855, 40.97, 250.00, 0, 1140, 1215, 53, P0
2026/07/31 15:00:51.056, 40.79, 250.00, 0, 1140, 1215, 53, P0
2026/07/31 15:00:51.256, 40.79, 250.00, 0, 1140, 1215, 53, P0
2026/07/31 15:00:51.456, 40.79, 250.00, 0, 1140, 1215, 53, P0
2026/07/31 15:00:51.657, 40.79, 250.00, 0, 1140, 1215, 53, P0
2026/07/31 15:00:51.857, 40.69, 250.00, 0, 1140, 1215, 53, P0
2026/07/31 15:00:52.057, 40.77, 250.00, 0, 1140, 1215, 52, P0
2026/07/31 15:00:52.258, 40.70, 250.00, 0, 1140, 1215, 52, P0
2026/07/31 15:00:52.458, 40.70, 250.00, 0, 1140, 1215, 52, P0
2026/07/31 15:00:52.658, 40.59, 250.00, 0, 1140, 1215, 52, P0
2026/07/31 15:00:52.859, 40.48, 250.00, 0, 1140, 1215, 52, P0
2026/07/31 15:00:53.059, 40.37, 250.00, 0, 1140, 1215, 52, P0
2026/07/31 15:00:53.260, 40.48, 250.00, 0, 1140, 1215, 52, P0
2026/07/31 15:00:53.460, 40.47, 250.00, 0, 1140, 1215, 52, P0
2026/07/31 15:00:53.660, 40.50, 250.00, 0, 1140, 1215, 52, P0
2026/07/31 15:00:53.861, 40.40, 250.00, 0, 1140, 1215, 52, P0
2026/07/31 15:00:54.061, 40.40, 250.00, 0, 1140, 1215, 52, P0
2026/07/31 15:00:54.261, 40.29, 250.00, 0, 1140, 1215, 52, P0
2026/07/31 15:00:54.462, 40.38, 250.00, 0, 1140, 1215, 52, P0
2026/07/31 15:00:54.662, 40.38, 250.00, 0, 1140, 1215, 52, P0
2026/07/31 15:00:54.863, 40.20, 250.00, 0, 1140, 1215, 52, P0
2026/07/31 15:00:55.066, 40.21, 250.00, 0, 1140, 1215, 52, P0
2026/07/31 15:00:55.267, 40.11, 250.00, 0, 1140, 1215, 51, P0
2026/07/31 15:00:55.467, 40.11, 250.00, 0, 1140, 1215, 51, P0
2026/07/31 15:00:55.668, 40.06, 250.00, 0, 1140, 1215, 51, P0
2026/07/31 15:00:55.868, 40.19, 250.00, 0, 1140, 1215, 51, P0
2026/07/31 15:00:56.069, 40.21, 250.00, 0, 1140, 1215, 51, P0
2026/07/31 15:00:56.270, 40.11, 250.00, 0, 1140, 1215, 51, P0
2026/07/31 15:00:56.470, 40.08, 250.00, 0, 1140, 1215, 51, P0
2026/07/31 15:00:56.718, 40.20, 250.00, 0, 1140, 1215, 51, P0
2026/07/31 15:00:56.919, 40.25, 250.00, 0, 1140, 1215, 51, P0
2026/07/31 15:00:57.119, 40.00, 250.00, 0, 1140, 1215, 51, P0
2026/07/31 15:00:57.320, 40.19, 250.00, 0, 1140, 1215, 51, P0
2026/07/31 15:00:57.520, 40.41, 250.00, 0, 1140, 1215, 51, P0
2026/07/31 15:00:57.720, 40.29, 250.00, 0, 1140, 1215, 51, P0
2026/07/31 15:00:57.921, 40.30, 250.00, 0, 1140, 1215, 51, P0
2026/07/31 15:00:58.121, 40.28, 250.00, 0, 1140, 1215, 51, P0
2026/07/31 15:00:58.322, 40.30, 250.00, 0, 1140, 1215, 51, P0
2026/07/31 15:00:58.522, 40.19, 250.00, 0, 1140, 1215, 51, P0
2026/07/31 15:00:58.722, 40.10, 250.00, 0, 1140, 1215, 51, P0
2026/07/31 15:00:58.923, 40.18, 250.00, 0, 1140, 1215, 51, P0
2026/07/31 15:00:59.123, 40.19, 250.00, 0, 1140, 1215, 51, P0
2026/07/31 15:00:59.324, 40.00, 250.00, 0, 1140, 1215, 51, P0
2026/07/31 15:00:59.524, 40.09, 250.00, 0, 1140, 1215, 51, P0
2026/07/31 15:00:59.724, 39.90, 250.00, 0, 1140, 1215, 51, P0
2026/07/31 15:00:59.925, 40.00, 250.00, 0, 1140, 1215, 51, P0
2026/07/31 15:01:00.125, 39.98, 250.00, 0, 1140, 1215, 50, P0
2026/07/31 15:01:00.326, 40.01, 250.00, 0, 1140, 1215, 50, P0
2026/07/31 15:01:00.526, 39.90, 250.00, 0, 1140, 1215, 50, P0
2026/07/31 15:01:00.726, 39.80, 250.00, 0, 1140, 1215, 50, P0
2026/07/31 15:01:00.927, 39.81, 250.00, 0, 1140, 1215, 50, P0
2026/07/31 15:01:01.127, 39.80, 250.00, 0, 1140, 1215, 50, P0
2026/07/31 15:01:01.327, 39.81, 250.00, 0, 1140, 1215, 50, P0
2026/07/31 15:01:01.528, 39.81, 250.00, 0, 1140, 1215, 50, P0
2026/07/31 15:01:01.728, 39.80, 250.00, 0, 1140, 1215, 50, P0
2026/07/31 15:01:01.928, 39.89, 250.00, 0, 1140, 1215, 50, P0
2026/07/31 15:01:02.129, 39.80, 250.00, 0, 1140, 1215, 50, P0
2026/07/31 15:01:02.329, 39.70, 250.00, 0, 1140, 1215, 50, P0
2026/07/31 15:01:02.529, 39.70, 250.00, 0, 1140, 1215, 50, P0
2026/07/31 15:01:02.730, 39.81, 250.00, 0, 1140, 1215, 50, P0
2026/07/31 15:01:02.930, 39.66, 250.00, 0, 1140, 1215, 50, P0
2026/07/31 15:01:03.130, 39.69, 250.00, 0, 1140, 1215, 50, P0
2026/07/31 15:01:03.331, 39.61, 250.00, 0, 1140, 1215, 50, P0
2026/07/31 15:01:03.531, 39.61, 250.00, 0, 1140, 1215, 50, P0
2026/07/31 15:01:03.731, 39.60, 250.00, 0, 1140, 1215, 50, P0
2026/07/31 15:01:03.932, 39.68, 250.00, 0, 1140, 1215, 50, P0
2026/07/31 15:01:04.132, 39.60, 250.00, 0, 1140, 1215, 50, P0
2026/07/31 15:01:04.332, 39.59, 250.00, 0, 1140, 1215, 50, P0
2026/07/31 15:01:04.533, 39.60, 250.00, 0, 1140, 1215, 50, P0
2026/07/31 15:01:04.733, 39.60, 250.00, 0, 1140, 1215, 50, P0
2026/07/31 15:01:04.934, 39.47, 250.00, 0, 1140, 1215, 50, P0
2026/07/31 15:01:05.134, 39.49, 250.00, 0, 1140, 1215, 50, P0
2026/07/31 15:01:05.334, 39.51, 250.00, 0, 1140, 1215, 50, P0
2026/07/31 15:01:05.535, 39.47, 250.00, 0, 1140, 1215, 50, P0
2026/07/31 15:01:05.735, 39.40, 250.00, 0, 1140, 1215, 50, P0
2026/07/31 15:01:05.935, 39.41, 250.00, 0, 1140, 1215, 50, P0
2026/07/31 15:01:06.136, 39.51, 250.00, 0, 1140, 1215, 49, P0
2026/07/31 15:01:06.336, 39.40, 250.00, 0, 1140, 1215, 49, P0
2026/07/31 15:01:06.536, 39.40, 250.00, 0, 1140, 1215, 49, P0
2026/07/31 15:01:06.737, 39.38, 250.00, 0, 1140, 1215, 49, P0
2026/07/31 15:01:06.937, 39.40, 250.00, 0, 1140, 1215, 49, P0
2026/07/31 15:01:07.138, 39.40, 250.00, 0, 1140, 1215, 49, P0
2026/07/31 15:01:07.338, 39.40, 250.00, 0, 1140, 1215, 49, P0
2026/07/31 15:01:07.538, 39.40, 250.00, 0, 1140, 1215, 49, P0
2026/07/31 15:01:07.738, 39.40, 250.00, 0, 1140, 1215, 49, P0
2026/07/31 15:01:07.939, 39.36, 250.00, 0, 1140, 1215, 49, P0
2026/07/31 15:01:08.139, 39.38, 250.00, 0, 1140, 1215, 49, P0
2026/07/31 15:01:08.340, 39.30, 250.00, 0, 1140, 1215, 49, P0
2026/07/31 15:01:08.540, 39.37, 250.00, 0, 1140, 1215, 49, P0
2026/07/31 15:01:08.740, 39.30, 250.00, 0, 1140, 1215, 49, P0
2026/07/31 15:01:08.941, 39.40, 250.00, 0, 1140, 1215, 49, P0
2026/07/31 15:01:09.141, 39.29, 250.00, 0, 1140, 1215, 49, P0
2026/07/31 15:01:09.341, 39.30, 250.00, 0, 1140, 1215, 49, P0
2026/07/31 15:01:09.542, 39.30, 250.00, 0, 1140, 1215, 49, P0
2026/07/31 15:01:09.742, 39.29, 250.00, 0, 1140, 1215, 49, P0
2026/07/31 15:01:09.942, 39.30, 250.00, 0, 1140, 1215, 49, P0
2026/07/31 15:01:10.143, 39.26, 250.00, 0, 1140, 1215, 49, P0
2026/07/31 15:01:10.343, 39.19, 250.00, 0, 1140, 1215, 49, P0
2026/07/31 15:01:10.544, 39.20, 250.00, 0, 1140, 1215, 49, P0
2026/07/31 15:01:10.744, 39.20, 250.00, 0, 1140, 1215, 49, P0
2026/07/31 15:01:10.944, 39.19, 250.00, 0, 1140, 1215, 49, P0
2026/07/31 15:01:11.145, 39.18, 250.00, 0, 1140, 1215, 49, P0
2026/07/31 15:01:11.345, 39.20, 250.00, 0, 1140, 1215, 49, P0
2026/07/31 15:01:11.546, 39.16, 250.00, 0, 1140, 1215, 49, P0
2026/07/31 15:01:11.746, 39.20, 250.00, 0, 1140, 1215, 49, P0
2026/07/31 15:01:11.946, 39.20, 250.00, 0, 1140, 1215, 49, P0
2026/07/31 15:01:12.147, 39.18, 250.00, 0, 1140, 1215, 49, P0
2026/07/31 15:01:12.347, 39.22, 250.00, 0, 1140, 1215, 49, P0
2026/07/31 15:01:12.547, 39.11, 250.00, 0, 1140, 1215, 49, P0
2026/07/31 15:01:12.748, 39.19, 250.00, 0, 1140, 1215, 49, P0
2026/07/31 15:01:12.948, 39.20, 250.00, 0, 1140, 1215, 49, P0
2026/07/31 15:01:13.148, 39.09, 250.00, 0, 1140, 1215, 48, P0
2026/07/31 15:01:13.349, 39.12, 250.00, 0, 1140, 1215, 48, P0
2026/07/31 15:01:13.549, 39.01, 250.00, 0, 1140, 1215, 48, P0
2026/07/31 15:01:13.749, 39.09, 250.00, 0, 1140, 1215, 48, P0
2026/07/31 15:01:13.950, 39.17, 250.00, 0, 1140, 1215, 48, P0
2026/07/31 15:01:14.150, 39.09, 250.00, 0, 1140, 1215, 48, P0
2026/07/31 15:01:14.351, 39.01, 250.00, 0, 1140, 1215, 48, P0
2026/07/31 15:01:14.551, 39.09, 250.00, 0, 1140, 1215, 48, P0
2026/07/31 15:01:14.751, 39.00, 250.00, 0, 1140, 1215, 48, P0
2026/07/31 15:01:14.951, 39.02, 250.00, 0, 1140, 1215, 48, P0
2026/07/31 15:01:15.152, 38.99, 250.00, 0, 1140, 1215, 48, P0
2026/07/31 15:01:15.352, 39.11, 250.00, 0, 1140, 1215, 48, P0
2026/07/31 15:01:15.553, 39.11, 250.00, 0, 1140, 1215, 48, P0
2026/07/31 15:01:15.753, 39.01, 250.00, 0, 1140, 1215, 48, P0
2026/07/31 15:01:15.953, 39.01, 250.00, 0, 1140, 1215, 48, P0
2026/07/31 15:01:16.154, 39.01, 250.00, 0, 1140, 1215, 48, P0
2026/07/31 15:01:16.354, 38.99, 250.00, 0, 1140, 1215, 48, P0
2026/07/31 15:01:16.555, 39.02, 250.00, 0, 1140, 1215, 48, P0
2026/07/31 15:01:16.755, 39.01, 250.00, 0, 1140, 1215, 48, P0
2026/07/31 15:01:16.955, 39.26, 250.00, 0, 1140, 1215, 48, P0
2026/07/31 15:01:17.156, 39.29, 250.00, 0, 1140, 1215, 48, P0
2026/07/31 15:01:17.356, 39.18, 250.00, 0, 1140, 1215, 48, P0
2026/07/31 15:01:17.557, 39.30, 250.00, 0, 1140, 1215, 48, P0
2026/07/31 15:01:17.757, 39.29, 250.00, 0, 1140, 1215, 48, P0
2026/07/31 15:01:17.957, 39.29, 250.00, 0, 1140, 1215, 48, P0
2026/07/31 15:01:18.158, 39.25, 250.00, 0, 1140, 1215, 48, P0
2026/07/31 15:01:18.358, 39.01, 250.00, 0, 1140, 1215, 48, P0
2026/07/31 15:01:18.559, 39.01, 250.00, 0, 1140, 1215, 48, P0
2026/07/31 15:01:18.759, 39.00, 250.00, 0, 1140, 1215, 48, P0
2026/07/31 15:01:18.959, 39.09, 250.00, 0, 1140, 1215, 48, P0
2026/07/31 15:01:19.160, 39.11, 250.00, 0, 1140, 1215, 48, P0
2026/07/31 15:01:19.360, 39.01, 250.00, 0, 1140, 1215, 48, P0
2026/07/31 15:01:19.560, 39.02, 250.00, 0, 1140, 1215, 48, P0
2026/07/31 15:01:19.761, 39.11, 250.00, 0, 1140, 1215, 48, P0
2026/07/31 15:01:19.961, 38.98, 250.00, 0, 1140, 1215, 48, P0
2026/07/31 15:01:20.162, 38.98, 250.00, 0, 1140, 1215, 48, P0
2026/07/31 15:01:20.362, 39.01, 250.00, 0, 1140, 1215, 48, P0
2026/07/31 15:01:20.562, 38.92, 250.00, 0, 1140, 1215, 48, P0
2026/07/31 15:01:20.763, 38.90, 250.00, 0, 1140, 1215, 48, P0
2026/07/31 15:01:20.963, 38.81, 250.00, 0, 1140, 1215, 48, P0
2026/07/31 15:01:21.163, 38.87, 250.00, 0, 1140, 1215, 48, P0
2026/07/31 15:01:21.364, 38.90, 250.00, 0, 1140, 1215, 47, P0
2026/07/31 15:01:21.564, 38.83, 250.00, 0, 1140, 1215, 47, P0
2026/07/31 15:01:21.764, 38.91, 250.00, 0, 1140, 1215, 47, P0
2026/07/31 15:01:21.965, 38.91, 250.00, 0, 1140, 1215, 47, P0
2026/07/31 15:01:22.165, 38.81, 250.00, 0, 1140, 1215, 47, P0
2026/07/31 15:01:22.366, 38.81, 250.00, 0, 1140, 1215, 47, P0
2026/07/31 15:01:22.569, 38.81, 250.00, 0, 1140, 1215, 47, P0
2026/07/31 15:01:22.770, 38.81, 250.00, 0, 1140, 1215, 47, P0
2026/07/31 15:01:22.971, 38.78, 250.00, 0, 1140, 1215, 47, P0
2026/07/31 15:01:23.171, 38.81, 250.00, 0, 1140, 1215, 47, P0
2026/07/31 15:01:23.371, 38.81, 250.00, 0, 1140, 1215, 47, P0
2026/07/31 15:01:23.572, 38.78, 250.00, 0, 1140, 1215, 47, P0
2026/07/31 15:01:23.772, 38.71, 250.00, 0, 1140, 1215, 47, P0
2026/07/31 15:01:23.973, 38.71, 250.00, 0, 1140, 1215, 47, P0
2026/07/31 15:01:24.173, 38.72, 250.00, 0, 1140, 1215, 47, P0
2026/07/31 15:01:24.373, 38.63, 250.00, 0, 1140, 1215, 47, P0
2026/07/31 15:01:24.574, 38.81, 250.00, 0, 1140, 1215, 47, P0
2026/07/31 15:01:24.774, 38.71, 250.00, 0, 1140, 1215, 47, P0
2026/07/31 15:01:24.974, 38.61, 250.00, 0, 1140, 1215, 47, P0
2026/07/31 15:01:25.175, 38.79, 250.00, 0, 1140, 1215, 47, P0
2026/07/31 15:01:25.375, 38.81, 250.00, 0, 1140, 1215, 47, P0
2026/07/31 15:01:25.576, 38.72, 250.00, 0, 1140, 1215, 47, P0
2026/07/31 15:01:25.776, 38.73, 250.00, 0, 1140, 1215, 47, P0
2026/07/31 15:01:25.976, 38.69, 250.00, 0, 1140, 1215, 47, P0
2026/07/31 15:01:26.177, 38.69, 250.00, 0, 1140, 1215, 47, P0
2026/07/31 15:01:26.377, 38.73, 250.00, 0, 1140, 1215, 47, P0
2026/07/31 15:01:26.578, 38.59, 250.00, 0, 1140, 1215, 47, P0
2026/07/31 15:01:26.778, 38.62, 250.00, 0, 1140, 1215, 47, P0
2026/07/31 15:01:26.978, 38.62, 250.00, 0, 1140, 1215, 47, P0
2026/07/31 15:01:27.179, 38.62, 250.00, 0, 1140, 1215, 47, P0
2026/07/31 15:01:27.379, 38.60, 250.00, 0, 1140, 1215, 47, P0
2026/07/31 15:01:27.580, 38.63, 250.00, 0, 1140, 1215, 47, P0
2026/07/31 15:01:27.780, 38.62, 250.00, 0, 1140, 1215, 47, P0
2026/07/31 15:01:27.980, 38.63, 250.00, 0, 1140, 1215, 47, P0
2026/07/31 15:01:28.181, 38.62, 250.00, 0, 1140, 1215, 47, P0
2026/07/31 15:01:28.381, 38.53, 250.00, 0, 1140, 1215, 47, P0
2026/07/31 15:01:28.581, 38.51, 250.00, 0, 1140, 1215, 47, P0
2026/07/31 15:01:28.782, 38.62, 250.00, 0, 1140, 1215, 47, P0
2026/07/31 15:01:28.982, 38.60, 250.00, 0, 1140, 1215, 47, P0
2026/07/31 15:01:29.183, 38.51, 250.00, 0, 1140, 1215, 47, P0
2026/07/31 15:01:29.383, 38.63, 250.00, 0, 1140, 1215, 47, P0
2026/07/31 15:01:29.583, 38.57, 250.00, 0, 1140, 1215, 47, P0
2026/07/31 15:01:29.784, 38.60, 250.00, 0, 1140, 1215, 47, P0
2026/07/31 15:01:29.984, 38.63, 250.00, 0, 1140, 1215, 47, P0
2026/07/31 15:01:30.184, 38.61, 250.00, 0, 1140, 1215, 47, P0
2026/07/31 15:01:30.385, 38.63, 250.00, 0, 1140, 1215, 47, P0
2026/07/31 15:01:30.585, 38.51, 250.00, 0, 1140, 1215, 47, P0
2026/07/31 15:01:30.786, 38.52, 250.00, 0, 1140, 1215, 46, P0
2026/07/31 15:01:30.986, 38.42, 250.00, 0, 1140, 1215, 46, P0
2026/07/31 15:01:31.186, 38.52, 250.00, 0, 1140, 1215, 46, P0
2026/07/31 15:01:31.387, 38.62, 250.00, 0, 1140, 1215, 46, P0
2026/07/31 15:01:31.587, 38.53, 250.00, 0, 1140, 1215, 46, P0
2026/07/31 15:01:31.787, 38.52, 250.00, 0, 1140, 1215, 46, P0
2026/07/31 15:01:31.988, 38.51, 250.00, 0, 1140, 1215, 46, P0
2026/07/31 15:01:32.188, 38.41, 250.00, 0, 1140, 1215, 46, P0
2026/07/31 15:01:32.388, 38.53, 250.00, 0, 1140, 1215, 46, P0
2026/07/31 15:01:32.589, 38.41, 250.00, 0, 1140, 1215, 46, P0
2026/07/31 15:01:32.789, 38.42, 250.00, 0, 1140, 1215, 46, P0
2026/07/31 15:01:32.990, 38.42, 250.00, 0, 1140, 1215, 46, P0
2026/07/31 15:01:33.190, 38.42, 250.00, 0, 1140, 1215, 46, P0
2026/07/31 15:01:33.390, 38.41, 250.00, 0, 1140, 1215, 46, P0
2026/07/31 15:01:33.591, 38.44, 250.00, 0, 1140, 1215, 46, P0
2026/07/31 15:01:33.791, 38.42, 250.00, 0, 1140, 1215, 46, P0
2026/07/31 15:01:33.991, 38.52, 250.00, 0, 1140, 1215, 46, P0
2026/07/31 15:01:34.192, 38.42, 250.00, 0, 1140, 1215, 46, P0
2026/07/31 15:01:34.392, 38.42, 250.00, 0, 1140, 1215, 46, P0
2026/07/31 15:01:34.593, 38.42, 250.00, 0, 1140, 1215, 46, P0
2026/07/31 15:01:34.793, 38.42, 250.00, 0, 1140, 1215, 46, P0
2026/07/31 15:01:34.993, 38.29, 250.00, 0, 1140, 1215, 46, P0
2026/07/31 15:01:35.194, 38.39, 250.00, 0, 1140, 1215, 46, P0
2026/07/31 15:01:35.394, 38.31, 250.00, 0, 1140, 1215, 46, P0
2026/07/31 15:01:35.595, 38.31, 250.00, 0, 1140, 1215, 46, P0
2026/07/31 15:01:35.795, 38.41, 250.00, 0, 1140, 1215, 46, P0
2026/07/31 15:01:35.995, 38.31, 250.00, 0, 1140, 1215, 46, P0
2026/07/31 15:01:36.196, 38.70, 250.00, 0, 1140, 1215, 46, P0
2026/07/31 15:01:36.396, 38.62, 250.00, 0, 1140, 1215, 46, P0
2026/07/31 15:01:36.596, 38.63, 250.00, 0, 1140, 1215, 46, P0
2026/07/31 15:01:36.797, 38.62, 250.00, 0, 1140, 1215, 46, P0
2026/07/31 15:01:36.997, 38.61, 250.00, 0, 1140, 1215, 46, P0
2026/07/31 15:01:37.197, 38.53, 250.00, 0, 1140, 1215, 46, P0
2026/07/31 15:01:37.398, 38.52, 250.00, 0, 1140, 1215, 46, P0
2026/07/31 15:01:37.598, 38.62, 250.00, 0, 1140, 1215, 46, P0
2026/07/31 15:01:37.798, 38.52, 250.00, 0, 1140, 1215, 46, P0
2026/07/31 15:01:37.999, 38.40, 250.00, 0, 1140, 1215, 46, P0
2026/07/31 15:01:38.199, 38.51, 250.00, 0, 1140, 1215, 46, P0
2026/07/31 15:01:38.400, 38.42, 250.00, 0, 1140, 1215, 46, P0
2026/07/31 15:01:38.600, 38.44, 250.00, 0, 1140, 1215, 46, P0
2026/07/31 15:01:38.800, 38.42, 250.00, 0, 1140, 1215, 46, P0
2026/07/31 15:01:39.001, 38.42, 250.00, 0, 1140, 1215, 46, P0
2026/07/31 15:01:39.201, 38.41, 250.00, 0, 1140, 1215, 46, P0
2026/07/31 15:01:39.402, 38.31, 250.00, 0, 1140, 1215, 46, P0
2026/07/31 15:01:39.602, 38.31, 250.00, 0, 1140, 1215, 46, P0
2026/07/31 15:01:39.802, 38.23, 250.00, 0, 1140, 1215, 46, P0
2026/07/31 15:01:40.003, 38.21, 250.00, 0, 1140, 1215, 46, P0
2026/07/31 15:01:40.203, 38.34, 250.00, 0, 1140, 1215, 46, P0
2026/07/31 15:01:40.403, 38.23, 250.00, 0, 1140, 1215, 46, P0
2026/07/31 15:01:40.604, 38.21, 250.00, 0, 1140, 1215, 46, P0
2026/07/31 15:01:40.804, 38.22, 250.00, 0, 1140, 1215, 46, P0
2026/07/31 15:01:41.005, 38.29, 250.00, 0, 1140, 1215, 46, P0
2026/07/31 15:01:41.205, 38.01, 250.00, 0, 1140, 1215, 46, P0
2026/07/31 15:01:41.405, 38.11, 250.00, 0, 1140, 1215, 46, P0
2026/07/31 15:01:41.606, 38.02, 250.00, 0, 1140, 1215, 45, P0
2026/07/31 15:01:41.806, 38.11, 250.00, 0, 1140, 1215, 45, P0
2026/07/31 15:01:42.007, 38.01, 250.00, 0, 1140, 1215, 45, P0
2026/07/31 15:01:42.207, 38.02, 250.00, 0, 1140, 1215, 45, P0
2026/07/31 15:01:42.407, 38.02, 250.00, 0, 1140, 1215, 45, P0
2026/07/31 15:01:42.608, 38.02, 250.00, 0, 1140, 1215, 45, P0
2026/07/31 15:01:42.808, 38.02, 250.00, 0, 1140, 1215, 45, P0
2026/07/31 15:01:43.009, 37.99, 250.00, 0, 1140, 1215, 45, P0
2026/07/31 15:01:43.209, 38.01, 250.00, 0, 1140, 1215, 45, P0
2026/07/31 15:01:43.409, 38.02, 250.00, 0, 1140, 1215, 45, P0
2026/07/31 15:01:43.610, 38.01, 250.00, 0, 1140, 1215, 45, P0
2026/07/31 15:01:43.810, 38.02, 250.00, 0, 1140, 1215, 45, P0
2026/07/31 15:01:44.011, 38.01, 250.00, 0, 1140, 1215, 45, P0
2026/07/31 15:01:44.211, 38.01, 250.00, 0, 1140, 1215, 45, P0
2026/07/31 15:01:44.412, 37.91, 250.00, 0, 1140, 1215, 45, P0
2026/07/31 15:01:44.612, 38.01, 250.00, 0, 1140, 1215, 45, P0
2026/07/31 15:01:44.812, 38.02, 250.00, 0, 1140, 1215, 45, P0
2026/07/31 15:01:45.013, 38.02, 250.00, 0, 1140, 1215, 45, P0
2026/07/31 15:01:45.213, 37.92, 250.00, 0, 1140, 1215, 45, P0
2026/07/31 15:01:45.413, 37.93, 250.00, 0, 1140, 1215, 45, P0
2026/07/31 15:01:45.614, 37.81, 250.00, 0, 1140, 1215, 45, P0
2026/07/31 15:01:45.814, 37.92, 250.00, 0, 1140, 1215, 45, P0
2026/07/31 15:01:46.014, 37.84, 250.00, 0, 1140, 1215, 45, P0
2026/07/31 15:01:46.215, 37.93, 250.00, 0, 1140, 1215, 45, P0
2026/07/31 15:01:46.415, 37.94, 250.00, 0, 1140, 1215, 45, P0
2026/07/31 15:01:46.615, 37.92, 250.00, 0, 1140, 1215, 45, P0
2026/07/31 15:01:46.816, 37.81, 250.00, 0, 1140, 1215, 45, P0
2026/07/31 15:01:47.016, 37.90, 250.00, 0, 1140, 1215, 45, P0
2026/07/31 15:01:47.217, 37.81, 250.00, 0, 1140, 1215, 45, P0
2026/07/31 15:01:47.417, 37.83, 250.00, 0, 1140, 1215, 45, P0
2026/07/31 15:01:47.618, 37.93, 250.00, 0, 1140, 1215, 45, P0
2026/07/31 15:01:47.818, 37.94, 250.00, 0, 1140, 1215, 45, P0
2026/07/31 15:01:48.018, 37.91, 250.00, 0, 1140, 1215, 45, P0
2026/07/31 15:01:48.219, 37.92, 250.00, 0, 1140, 1215, 45, P0
2026/07/31 15:01:48.419, 37.83, 250.00, 0, 1140, 1215, 45, P0
2026/07/31 15:01:48.620, 37.83, 250.00, 0, 1140, 1215, 45, P0
2026/07/31 15:01:48.820, 37.83, 250.00, 0, 1140, 1215, 45, P0
2026/07/31 15:01:49.020, 37.83, 250.00, 0, 1140, 1215, 45, P0
2026/07/31 15:01:49.221, 37.81, 250.00, 0, 1140, 1215, 45, P0
2026/07/31 15:01:49.421, 37.84, 250.00, 0, 1140, 1215, 45, P0
2026/07/31 15:01:49.622, 37.84, 250.00, 0, 1140, 1215, 45, P0
2026/07/31 15:01:49.822, 37.83, 250.00, 0, 1140, 1215, 45, P0
2026/07/31 15:01:50.022, 37.80, 250.00, 0, 1140, 1215, 45, P0
2026/07/31 15:01:50.223, 37.89, 250.00, 0, 1140, 1215, 45, P0
2026/07/31 15:01:50.423, 37.81, 250.00, 0, 1140, 1215, 45, P0
2026/07/31 15:01:50.623, 37.94, 250.00, 0, 1140, 1215, 45, P0
2026/07/31 15:01:50.824, 37.83, 250.00, 0, 1140, 1215, 45, P0
2026/07/31 15:01:51.024, 37.84, 250.00, 0, 1140, 1215, 45, P0
2026/07/31 15:01:51.225, 37.91, 250.00, 0, 1140, 1215, 45, P0
2026/07/31 15:01:51.425, 37.83, 250.00, 0, 1140, 1215, 45, P0
2026/07/31 15:01:51.625, 37.82, 250.00, 0, 1140, 1215, 45, P0
2026/07/31 15:01:51.826, 37.73, 250.00, 0, 1140, 1215, 45, P0
2026/07/31 15:01:52.026, 37.84, 250.00, 0, 1140, 1215, 45, P0
2026/07/31 15:01:52.227, 37.83, 250.00, 0, 1140, 1215, 45, P0
2026/07/31 15:01:52.427, 37.74, 250.00, 0, 1140, 1215, 45, P0
2026/07/31 15:01:52.627, 37.84, 250.00, 0, 1140, 1215, 45, P0
2026/07/31 15:01:52.828, 37.72, 250.00, 0, 1140, 1215, 45, P0
2026/07/31 15:01:53.028, 37.72, 250.00, 0, 1140, 1215, 45, P0
2026/07/31 15:01:53.229, 37.72, 250.00, 0, 1140, 1215, 45, P0
2026/07/31 15:01:53.429, 37.74, 250.00, 0, 1140, 1215, 45, P0
2026/07/31 15:01:53.630, 37.73, 250.00, 0, 1140, 1215, 45, P0
2026/07/31 15:01:53.830, 37.83, 250.00, 0, 1140, 1215, 45, P0
2026/07/31 15:01:54.030, 37.81, 250.00, 0, 1140, 1215, 45, P0
2026/07/31 15:01:54.231, 37.74, 250.00, 0, 1140, 1215, 45, P0
2026/07/31 15:01:54.431, 37.74, 250.00, 0, 1140, 1215, 44, P0
2026/07/31 15:01:54.631, 37.73, 250.00, 0, 1140, 1215, 44, P0
2026/07/31 15:01:54.832, 37.74, 250.00, 0, 1140, 1215, 44, P0
2026/07/31 15:01:55.032, 37.74, 250.00, 0, 1140, 1215, 44, P0
2026/07/31 15:01:55.233, 37.72, 250.00, 0, 1140, 1215, 44, P0
2026/07/31 15:01:55.433, 37.73, 250.00, 0, 1140, 1215, 44, P0
2026/07/31 15:01:55.633, 38.02, 250.00, 0, 1140, 1215, 44, P0
2026/07/31 15:01:55.834, 38.02, 250.00, 0, 1140, 1215, 44, P0
2026/07/31 15:01:56.034, 37.99, 250.00, 0, 1140, 1215, 44, P0
2026/07/31 15:01:56.234, 38.01, 250.00, 0, 1140, 1215, 44, P0
2026/07/31 15:01:56.435, 38.01, 250.00, 0, 1140, 1215, 44, P0
2026/07/31 15:01:56.635, 38.02, 250.00, 0, 1140, 1215, 44, P0
2026/07/31 15:01:56.836, 37.92, 250.00, 0, 1140, 1215, 44, P0
2026/07/31 15:01:57.036, 37.91, 250.00, 0, 1140, 1215, 44, P0
2026/07/31 15:01:57.237, 37.89, 250.00, 0, 1140, 1215, 44, P0
2026/07/31 15:01:57.437, 37.93, 250.00, 0, 1140, 1215, 44, P0
2026/07/31 15:01:57.638, 37.81, 250.00, 0, 1140, 1215, 44, P0
2026/07/31 15:01:57.838, 37.83, 250.00, 0, 1140, 1215, 44, P0
2026/07/31 15:01:58.038, 37.93, 250.00, 0, 1140, 1215, 44, P0
2026/07/31 15:01:58.239, 37.83, 250.00, 0, 1140, 1215, 44, P0
2026/07/31 15:01:58.439, 37.83, 250.00, 0, 1140, 1215, 44, P0
2026/07/31 15:01:58.640, 37.82, 250.00, 0, 1140, 1215, 44, P0
2026/07/31 15:01:58.840, 37.72, 250.00, 0, 1140, 1215, 44, P0
2026/07/31 15:01:59.040, 37.80, 250.00, 0, 1140, 1215, 44, P0
2026/07/31 15:01:59.241, 37.81, 250.00, 0, 1140, 1215, 44, P0
2026/07/31 15:01:59.441, 37.73, 250.00, 0, 1140, 1215, 44, P0
2026/07/31 15:01:59.642, 37.74, 250.00, 0, 1140, 1215, 44, P0
2026/07/31 15:01:59.842, 37.73, 250.00, 0, 1140, 1215, 44, P0
2026/07/31 15:02:00.042, 37.72, 250.00, 0, 1140, 1215, 44, P0
2026/07/31 15:02:00.243, 37.69, 250.00, 0, 1140, 1215, 44, P0
2026/07/31 15:02:00.443, 37.64, 250.00, 0, 1140, 1215, 44, P0
2026/07/31 15:02:00.643, 37.63, 250.00, 0, 1140, 1215, 44, P0
2026/07/31 15:02:00.844, 37.64, 250.00, 0, 1140, 1215, 44, P0
2026/07/31 15:02:01.044, 37.73, 250.00, 0, 1140, 1215, 44, P0
2026/07/31 15:02:01.245, 37.63, 250.00, 0, 1140, 1215, 44, P0
2026/07/31 15:02:01.445, 37.72, 250.00, 0, 1140, 1215, 44, P0
2026/07/31 15:02:01.645, 37.62, 250.00, 0, 1140, 1215, 44, P0
2026/07/31 15:02:01.846, 37.64, 250.00, 0, 1140, 1215, 44, P0
2026/07/31 15:02:02.046, 37.52, 250.00, 0, 1140, 1215, 44, P0
2026/07/31 15:02:02.247, 37.62, 250.00, 0, 1140, 1215, 44, P0
2026/07/31 15:02:02.447, 37.54, 250.00, 0, 1140, 1215, 44, P0
2026/07/31 15:02:02.647, 37.60, 250.00, 0, 1140, 1215, 44, P0
2026/07/31 15:02:02.848, 37.55, 250.00, 0, 1140, 1215, 44, P0
2026/07/31 15:02:03.048, 37.55, 250.00, 0, 1140, 1215, 44, P0
2026/07/31 15:02:03.249, 37.59, 250.00, 0, 1140, 1215, 44, P0
2026/07/31 15:02:03.449, 37.64, 250.00, 0, 1140, 1215, 44, P0
2026/07/31 15:02:03.649, 37.62, 250.00, 0, 1140, 1215, 44, P0
2026/07/31 15:02:03.850, 37.52, 250.00, 0, 1140, 1215, 44, P0
2026/07/31 15:02:04.050, 37.55, 250.00, 0, 1140, 1215, 44, P0
2026/07/31 15:02:04.251, 37.63, 250.00, 0, 1140, 1215, 44, P0
2026/07/31 15:02:04.451, 37.55, 250.00, 0, 1140, 1215, 44, P0
2026/07/31 15:02:04.651, 37.55, 250.00, 0, 1140, 1215, 44, P0
2026/07/31 15:02:04.852, 37.55, 250.00, 0, 1140, 1215, 44, P0
2026/07/31 15:02:05.052, 37.50, 250.00, 0, 1140, 1215, 44, P0
2026/07/31 15:02:05.253, 37.52, 250.00, 0, 1140, 1215, 44, P0
2026/07/31 15:02:05.453, 37.52, 250.00, 0, 1140, 1215, 44, P0
2026/07/31 15:02:05.653, 37.55, 250.00, 0, 1140, 1215, 44, P0
2026/07/31 15:02:05.854, 37.45, 250.00, 0, 1140, 1215, 44, P0
2026/07/31 15:02:06.054, 37.55, 250.00, 0, 1140, 1215, 44, P0
2026/07/31 15:02:06.254, 37.49, 250.00, 0, 1140, 1215, 44, P0
2026/07/31 15:02:06.455, 37.55, 250.00, 0, 1140, 1215, 44, P0
2026/07/31 15:02:06.655, 37.54, 250.00, 0, 1140, 1215, 44, P0
2026/07/31 15:02:06.855, 37.55, 250.00, 0, 1140, 1215, 44, P0
2026/07/31 15:02:07.056, 37.54, 250.00, 0, 1140, 1215, 44, P0
2026/07/31 15:02:07.256, 37.54, 250.00, 0, 1140, 1215, 44, P0
2026/07/31 15:02:07.457, 37.52, 250.00, 0, 1140, 1215, 44, P0
2026/07/31 15:02:07.657, 37.54, 250.00, 0, 1140, 1215, 44, P0
2026/07/31 15:02:07.857, 37.54, 250.00, 0, 1140, 1215, 44, P0
2026/07/31 15:02:08.058, 37.52, 250.00, 0, 1140, 1215, 44, P0
2026/07/31 15:02:08.258, 37.42, 250.00, 0, 1140, 1215, 44, P0
2026/07/31 15:02:08.459, 37.45, 250.00, 0, 1140, 1215, 44, P0
2026/07/31 15:02:08.659, 37.42, 250.00, 0, 1140, 1215, 44, P0
2026/07/31 15:02:08.859, 37.54, 250.00, 0, 1140, 1215, 44, P0
2026/07/31 15:02:09.060, 37.55, 250.00, 0, 1140, 1215, 44, P0
2026/07/31 15:02:09.260, 37.50, 250.00, 0, 1140, 1215, 44, P0
2026/07/31 15:02:09.460, 37.45, 250.00, 0, 1140, 1215, 44, P0
2026/07/31 15:02:09.661, 37.45, 250.00, 0, 1140, 1215, 43, P0
2026/07/31 15:02:09.861, 37.42, 250.00, 0, 1140, 1215, 43, P0
2026/07/31 15:02:10.062, 37.44, 250.00, 0, 1140, 1215, 43, P0
2026/07/31 15:02:10.262, 37.43, 250.00, 0, 1140, 1215, 43, P0
2026/07/31 15:02:10.463, 37.55, 250.00, 0, 1140, 1215, 43, P0
2026/07/31 15:02:10.663, 37.45, 250.00, 0, 1140, 1215, 43, P0
2026/07/31 15:02:10.864, 37.52, 250.00, 0, 1140, 1215, 43, P0
2026/07/31 15:02:11.064, 37.50, 250.00, 0, 1140, 1215, 43, P0
2026/07/31 15:02:11.264, 37.42, 250.00, 0, 1140, 1215, 43, P0
2026/07/31 15:02:11.465, 37.45, 250.00, 0, 1140, 1215, 43, P0
2026/07/31 15:02:11.665, 37.45, 250.00, 0, 1140, 1215, 43, P0
2026/07/31 15:02:11.865, 37.42, 250.00, 0, 1140, 1215, 43, P0
2026/07/31 15:02:12.066, 37.45, 250.00, 0, 1140, 1215, 43, P0
2026/07/31 15:02:12.266, 37.40, 250.00, 0, 1140, 1215, 43, P0
2026/07/31 15:02:12.467, 37.45, 250.00, 0, 1140, 1215, 43, P0
2026/07/31 15:02:12.667, 37.45, 250.00, 0, 1140, 1215, 43, P0
2026/07/31 15:02:12.867, 37.55, 250.00, 0, 1140, 1215, 43, P0
2026/07/31 15:02:13.068, 37.45, 250.00, 0, 1140, 1215, 43, P0
2026/07/31 15:02:13.268, 37.35, 250.00, 0, 1140, 1215, 43, P0
2026/07/31 15:02:13.468, 37.33, 250.00, 0, 1140, 1215, 43, P0
2026/07/31 15:02:13.669, 37.33, 250.00, 0, 1140, 1215, 43, P0
2026/07/31 15:02:13.869, 37.35, 250.00, 0, 1140, 1215, 43, P0
2026/07/31 15:02:14.070, 37.41, 250.00, 0, 1140, 1215, 43, P0
2026/07/31 15:02:14.270, 37.42, 250.00, 0, 1140, 1215, 43, P0
2026/07/31 15:02:14.470, 37.43, 250.00, 0, 1140, 1215, 43, P0
2026/07/31 15:02:14.671, 37.42, 250.00, 0, 1140, 1215, 43, P0
2026/07/31 15:02:14.871, 37.45, 250.00, 0, 1140, 1215, 43, P0
2026/07/31 15:02:15.072, 37.45, 250.00, 0, 1140, 1215, 43, P0
2026/07/31 15:02:15.275, 37.41, 250.00, 0, 1140, 1215, 43, P0
2026/07/31 15:02:15.476, 37.43, 250.00, 0, 1140, 1215, 43, P0
2026/07/31 15:02:15.677, 37.74, 250.00, 0, 1140, 1215, 43, P0
2026/07/31 15:02:15.878, 37.72, 250.00, 0, 1140, 1215, 43, P0
2026/07/31 15:02:16.079, 37.74, 250.00, 0, 1140, 1215, 43, P0
2026/07/31 15:02:16.279, 37.55, 250.00, 0, 1140, 1215, 43, P0
2026/07/31 15:02:16.479, 37.55, 250.00, 0, 1140, 1215, 43, P0
2026/07/31 15:02:16.680, 37.63, 250.00, 0, 1140, 1215, 43, P0
2026/07/31 15:02:16.880, 37.64, 250.00, 0, 1140, 1215, 43, P0
2026/07/31 15:02:17.081, 37.60, 250.00, 0, 1140, 1215, 43, P0
2026/07/31 15:02:17.281, 37.52, 250.00, 0, 1140, 1215, 43, P0
2026/07/31 15:02:17.481, 37.54, 250.00, 0, 1140, 1215, 43, P0
2026/07/31 15:02:17.682, 37.55, 250.00, 0, 1140, 1215, 43, P0
2026/07/31 15:02:17.882, 37.55, 250.00, 0, 1140, 1215, 43, P0
2026/07/31 15:02:18.083, 37.54, 250.00, 0, 1140, 1215, 43, P0
2026/07/31 15:02:18.283, 37.52, 250.00, 0, 1140, 1215, 43, P0
2026/07/31 15:02:18.484, 37.53, 250.00, 0, 1140, 1215, 43, P0
2026/07/31 15:02:18.684, 37.55, 250.00, 0, 1140, 1215, 43, P0
2026/07/31 15:02:18.884, 37.53, 250.00, 0, 1140, 1215, 43, P0
2026/07/31 15:02:19.085, 37.42, 250.00, 0, 1140, 1215, 43, P0
2026/07/31 15:02:19.285, 37.35, 250.00, 0, 1140, 1215, 43, P0
2026/07/31 15:02:19.485, 37.43, 250.00, 0, 1140, 1215, 43, P0
2026/07/31 15:02:19.686, 37.33, 250.00, 0, 1140, 1215, 43, P0
2026/07/31 15:02:19.886, 37.45, 250.00, 0, 1140, 1215, 43, P0
2026/07/31 15:02:20.087, 37.39, 250.00, 0, 1140, 1215, 43, P0
2026/07/31 15:02:20.287, 37.43, 250.00, 0, 1140, 1215, 43, P0
2026/07/31 15:02:20.488, 37.34, 250.00, 0, 1140, 1215, 43, P0
2026/07/31 15:02:20.688, 37.34, 250.00, 0, 1140, 1215, 43, P0
2026/07/31 15:02:20.888, 37.42, 250.00, 0, 1140, 1215, 43, P0
2026/07/31 15:02:21.089, 37.35, 250.00, 0, 1140, 1215, 43, P0
2026/07/31 15:02:21.289, 37.45, 250.00, 0, 1140, 1215, 43, P0
2026/07/31 15:02:21.490, 37.44, 250.00, 0, 1140, 1215, 43, P0
2026/07/31 15:02:21.690, 37.35, 250.00, 0, 1140, 1215, 43, P0
2026/07/31 15:02:21.890, 37.35, 250.00, 0, 1140, 1215, 43, P0
2026/07/31 15:02:22.091, 37.33, 250.00, 0, 1140, 1215, 43, P0
2026/07/31 15:02:22.291, 37.35, 250.00, 0, 1140, 1215, 43, P0
2026/07/31 15:02:22.491, 37.35, 250.00, 0, 1140, 1215, 43, P0
2026/07/31 15:02:22.692, 37.35, 250.00, 0, 1140, 1215, 43, P0
2026/07/31 15:02:22.892, 37.35, 250.00, 0, 1140, 1215, 43, P0
2026/07/31 15:02:23.092, 37.33, 250.00, 0, 1140, 1215, 43, P0
2026/07/31 15:02:23.293, 37.33, 250.00, 0, 1140, 1215, 43, P0
2026/07/31 15:02:23.493, 37.35, 250.00, 0, 1140, 1215, 43, P0
2026/07/31 15:02:23.694, 37.43, 250.00, 0, 1140, 1215, 43, P0
2026/07/31 15:02:23.894, 37.35, 250.00, 0, 1140, 1215, 43, P0
2026/07/31 15:02:24.094, 37.35, 250.00, 0, 1140, 1215, 43, P0
2026/07/31 15:02:24.295, 37.34, 250.00, 0, 1140, 1215, 43, P0
2026/07/31 15:02:24.495, 37.33, 250.00, 0, 1140, 1215, 43, P0
2026/07/31 15:02:24.695, 37.34, 250.00, 0, 1140, 1215, 43, P0
2026/07/31 15:02:24.896, 37.35, 250.00, 0, 1140, 1215, 43, P0
2026/07/31 15:02:25.096, 37.34, 250.00, 0, 1140, 1215, 43, P0
2026/07/31 15:02:25.297, 37.24, 250.00, 0, 1140, 1215, 43, P0
2026/07/31 15:02:25.497, 37.35, 250.00, 0, 1140, 1215, 43, P0
2026/07/31 15:02:25.697, 37.33, 250.00, 0, 1140, 1215, 43, P0
2026/07/31 15:02:25.898, 37.35, 250.00, 0, 1140, 1215, 43, P0
2026/07/31 15:02:26.098, 37.33, 250.00, 0, 1140, 1215, 43, P0
2026/07/31 15:02:26.298, 37.33, 250.00, 0, 1140, 1215, 43, P0
2026/07/31 15:02:26.499, 37.35, 250.00, 0, 1140, 1215, 43, P0
2026/07/31 15:02:26.699, 37.35, 250.00, 0, 1140, 1215, 43, P0
2026/07/31 15:02:26.900, 37.22, 250.00, 0, 1140, 1215, 43, P0
2026/07/31 15:02:27.100, 37.35, 250.00, 0, 1140, 1215, 43, P0
2026/07/31 15:02:27.300, 37.31, 250.00, 0, 1140, 1215, 43, P0
2026/07/31 15:02:27.501, 37.35, 250.00, 0, 1140, 1215, 43, P0
2026/07/31 15:02:27.701, 37.25, 250.00, 0, 1140, 1215, 43, P0
2026/07/31 15:02:27.901, 37.25, 250.00, 0, 1140, 1215, 43, P0
2026/07/31 15:02:28.102, 37.33, 250.00, 0, 1140, 1215, 43, P0
2026/07/31 15:02:28.302, 37.24, 250.00, 0, 1140, 1215, 43, P0
2026/07/31 15:02:28.503, 37.25, 250.00, 0, 1140, 1215, 43, P0
2026/07/31 15:02:28.703, 37.25, 250.00, 0, 1140, 1215, 43, P0
2026/07/31 15:02:28.903, 37.23, 250.00, 0, 1140, 1215, 43, P0
2026/07/31 15:02:29.104, 37.33, 250.00, 0, 1140, 1215, 43, P0
2026/07/31 15:02:29.304, 37.32, 250.00, 0, 1140, 1215, 42, P0
2026/07/31 15:02:29.505, 37.25, 250.00, 0, 1140, 1215, 42, P0
2026/07/31 15:02:29.705, 37.25, 250.00, 0, 1140, 1215, 42, P0
2026/07/31 15:02:29.905, 37.25, 250.00, 0, 1140, 1215, 42, P0
2026/07/31 15:02:30.106, 37.25, 250.00, 0, 1140, 1215, 42, P0
2026/07/31 15:02:30.306, 37.25, 250.00, 0, 1140, 1215, 42, P0
2026/07/31 15:02:30.506, 37.23, 250.00, 0, 1140, 1215, 42, P0
2026/07/31 15:02:30.707, 37.34, 250.00, 0, 1140, 1215, 42, P0
2026/07/31 15:02:30.907, 37.34, 250.00, 0, 1140, 1215, 42, P0
2026/07/31 15:02:31.108, 37.25, 250.00, 0, 1140, 1215, 42, P0
2026/07/31 15:02:31.308, 37.24, 250.00, 0, 1140, 1215, 42, P0
2026/07/31 15:02:31.508, 37.35, 250.00, 0, 1140, 1215, 42, P0
2026/07/31 15:02:31.709, 37.23, 250.00, 0, 1140, 1215, 42, P0
2026/07/31 15:02:31.909, 37.24, 250.00, 0, 1140, 1215, 42, P0
2026/07/31 15:02:32.110, 37.25, 250.00, 0, 1140, 1215, 42, P0
2026/07/31 15:02:32.310, 37.25, 250.00, 0, 1140, 1215, 42, P0
2026/07/31 15:02:32.510, 37.25, 250.00, 0, 1140, 1215, 42, P0
2026/07/31 15:02:32.711, 37.25, 250.00, 0, 1140, 1215, 42, P0
2026/07/31 15:02:32.911, 37.12, 250.00, 0, 1140, 1215, 42, P0
2026/07/31 15:02:33.111, 37.14, 250.00, 0, 1140, 1215, 42, P0
2026/07/31 15:02:33.312, 37.14, 250.00, 0, 1140, 1215, 42, P0
2026/07/31 15:02:33.512, 37.14, 250.00, 0, 1140, 1215, 42, P0
2026/07/31 15:02:33.713, 37.24, 250.00, 0, 1140, 1215, 42, P0
2026/07/31 15:02:33.913, 37.24, 250.00, 0, 1140, 1215, 42, P0
2026/07/31 15:02:34.113, 37.22, 250.00, 0, 1140, 1215, 42, P0
2026/07/31 15:02:34.314, 37.23, 250.00, 0, 1140, 1215, 42, P0
2026/07/31 15:02:34.514, 37.23, 250.00, 0, 1140, 1215, 42, P0
2026/07/31 15:02:34.714, 37.13, 250.00, 0, 1140, 1215, 42, P0
2026/07/31 15:02:34.915, 37.14, 250.00, 0, 1140, 1215, 42, P0
2026/07/31 15:02:35.115, 37.12, 250.00, 0, 1140, 1215, 42, P0
2026/07/31 15:02:35.316, 37.12, 250.00, 0, 1140, 1215, 42, P0
2026/07/31 15:02:35.516, 37.21, 250.00, 0, 1140, 1215, 42, P0
2026/07/31 15:02:35.716, 37.24, 250.00, 0, 1140, 1215, 42, P0
2026/07/31 15:02:35.917, 37.24, 250.00, 0, 1140, 1215, 42, P0
2026/07/31 15:02:36.117, 37.43, 250.00, 0, 1140, 1215, 42, P0
2026/07/31 15:02:36.318, 37.50, 250.00, 0, 1140, 1215, 42, P0
2026/07/31 15:02:36.518, 37.45, 250.00, 0, 1140, 1215, 42, P0
2026/07/31 15:02:36.718, 37.33, 250.00, 0, 1140, 1215, 42, P0
2026/07/31 15:02:36.919, 37.45, 250.00, 0, 1140, 1215, 42, P0
2026/07/31 15:02:37.119, 37.42, 250.00, 0, 1140, 1215, 42, P0
2026/07/31 15:02:37.320, 37.45, 250.00, 0, 1140, 1215, 42, P0
2026/07/31 15:02:37.520, 37.35, 250.00, 0, 1140, 1215, 42, P0
2026/07/31 15:02:37.720, 37.45, 250.00, 0, 1140, 1215, 42, P0
2026/07/31 15:02:37.921, 37.33, 250.00, 0, 1140, 1215, 42, P0
2026/07/31 15:02:38.121, 37.32, 250.00, 0, 1140, 1215, 42, P0
2026/07/31 15:02:38.322, 37.33, 250.00, 0, 1140, 1215, 42, P0
2026/07/31 15:02:38.522, 37.34, 250.00, 0, 1140, 1215, 42, P0
2026/07/31 15:02:38.723, 37.33, 250.00, 0, 1140, 1215, 42, P0
2026/07/31 15:02:38.923, 37.24, 250.00, 0, 1140, 1215, 42, P0
2026/07/31 15:02:39.123, 37.33, 250.00, 0, 1140, 1215, 42, P0
2026/07/31 15:02:39.324, 37.30, 250.00, 0, 1140, 1215, 42, P0
2026/07/31 15:02:39.524, 37.25, 250.00, 0, 1140, 1215, 42, P0
2026/07/31 15:02:39.725, 37.32, 250.00, 0, 1140, 1215, 42, P0
2026/07/31 15:02:39.925, 37.25, 250.00, 0, 1140, 1215, 42, P0
2026/07/31 15:02:40.125, 37.14, 250.00, 0, 1140, 1215, 42, P0
2026/07/31 15:02:40.326, 37.22, 250.00, 0, 1140, 1215, 42, P0
2026/07/31 15:02:40.526, 37.24, 250.00, 0, 1140, 1215, 42, P0
2026/07/31 15:02:40.726, 37.14, 250.00, 0, 1140, 1215, 42, P0
2026/07/31 15:02:40.927, 37.13, 250.00, 0, 1140, 1215, 42, P0
2026/07/31 15:02:41.127, 37.32, 250.00, 0, 1140, 1215, 42, P0
2026/07/31 15:02:41.328, 37.12, 250.00, 0, 1140, 1215, 42, P0
2026/07/31 15:02:41.528, 37.12, 250.00, 0, 1140, 1215, 42, P0
2026/07/31 15:02:41.728, 37.14, 250.00, 0, 1140, 1215, 42, P0
2026/07/31 15:02:41.929, 37.14, 250.00, 0, 1140, 1215, 42, P0
2026/07/31 15:02:42.129, 37.24, 250.00, 0, 1140, 1215, 42, P0
2026/07/31 15:02:42.329, 37.10, 250.00, 0, 1140, 1215, 42, P0
2026/07/31 15:02:42.530, 37.14, 250.00, 0, 1140, 1215, 42, P0
2026/07/31 15:02:42.730, 37.12, 250.00, 0, 1140, 1215, 42, P0
2026/07/31 15:02:42.931, 37.05, 250.00, 0, 1140, 1215, 42, P0
2026/07/31 15:02:43.131, 37.13, 250.00, 0, 1140, 1215, 42, P0
2026/07/31 15:02:43.331, 37.14, 250.00, 0, 1140, 1215, 42, P0
2026/07/31 15:02:43.532, 37.14, 250.00, 0, 1140, 1215, 42, P0
2026/07/31 15:02:43.732, 37.14, 250.00, 0, 1140, 1215, 42, P0
2026/07/31 15:02:43.933, 37.12, 250.00, 0, 1140, 1215, 42, P0
2026/07/31 15:02:44.133, 37.10, 250.00, 0, 1140, 1215, 42, P0
2026/07/31 15:02:44.333, 37.12, 250.00, 0, 1140, 1215, 42, P0
2026/07/31 15:02:44.534, 37.13, 250.00, 0, 1140, 1215, 42, P0
2026/07/31 15:02:44.734, 37.14, 250.00, 0, 1140, 1215, 42, P0
2026/07/31 15:02:44.935, 37.14, 250.00, 0, 1140, 1215, 42, P0
2026/07/31 15:02:45.135, 37.12, 250.00, 0, 1140, 1215, 42, P0
2026/07/31 15:02:45.335, 37.00, 250.00, 0, 1140, 1215, 42, P0
2026/07/31 15:02:45.536, 37.14, 250.00, 0, 1140, 1215, 42, P0
2026/07/31 15:02:45.736, 37.14, 250.00, 0, 1140, 1215, 42, P0
2026/07/31 15:02:45.937, 37.14, 250.00, 0, 1140, 1215, 42, P0
2026/07/31 15:02:46.137, 37.04, 250.00, 0, 1140, 1215, 42, P0
2026/07/31 15:02:46.337, 37.12, 250.00, 0, 1140, 1215, 42, P0
2026/07/31 15:02:46.538, 37.14, 250.00, 0, 1140, 1215, 42, P0
2026/07/31 15:02:46.738, 37.14, 250.00, 0, 1140, 1215, 42, P0
2026/07/31 15:02:46.939, 37.23, 250.00, 0, 1140, 1215, 42, P0
2026/07/31 15:02:47.139, 37.12, 250.00, 0, 1140, 1215, 42, P0
2026/07/31 15:02:47.339, 37.12, 250.00, 0, 1140, 1215, 42, P0
2026/07/31 15:02:47.540, 37.12, 250.00, 0, 1140, 1215, 42, P0
2026/07/31 15:02:47.740, 37.14, 250.00, 0, 1140, 1215, 42, P0
2026/07/31 15:02:47.941, 37.11, 250.00, 0, 1140, 1215, 42, P0
2026/07/31 15:02:48.141, 37.14, 250.00, 0, 1140, 1215, 42, P0
2026/07/31 15:02:48.341, 36.92, 250.00, 0, 1140, 1215, 42, P0
2026/07/31 15:02:48.542, 36.95, 250.00, 0, 1140, 1215, 42, P0
2026/07/31 15:02:48.742, 36.93, 250.00, 0, 1140, 1215, 42, P0
2026/07/31 15:02:48.943, 36.94, 250.00, 0, 1140, 1215, 42, P0
2026/07/31 15:02:49.143, 36.95, 250.00, 0, 1140, 1215, 42, P0
2026/07/31 15:02:49.343, 36.95, 250.00, 0, 1140, 1215, 42, P0
2026/07/31 15:02:49.544, 36.95, 250.00, 0, 1140, 1215, 42, P0
2026/07/31 15:02:49.744, 36.85, 250.00, 0, 1140, 1215, 42, P0
2026/07/31 15:02:49.945, 36.93, 250.00, 0, 1140, 1215, 42, P0
2026/07/31 15:02:50.145, 36.90, 250.00, 0, 1140, 1215, 42, P0
2026/07/31 15:02:50.345, 36.92, 250.00, 0, 1140, 1215, 42, P0
2026/07/31 15:02:50.546, 36.95, 250.00, 0, 1140, 1215, 42, P0
2026/07/31 15:02:50.746, 36.84, 250.00, 0, 1140, 1215, 42, P0
2026/07/31 15:02:50.946, 36.84, 250.00, 0, 1140, 1215, 42, P0
2026/07/31 15:02:51.147, 36.84, 250.00, 0, 1140, 1215, 42, P0
2026/07/31 15:02:51.347, 36.92, 250.00, 0, 1140, 1215, 42, P0
2026/07/31 15:02:51.548, 36.85, 250.00, 0, 1140, 1215, 42, P0
2026/07/31 15:02:51.748, 36.84, 250.00, 0, 1140, 1215, 42, P0
2026/07/31 15:02:51.948, 36.84, 250.00, 0, 1140, 1215, 42, P0
2026/07/31 15:02:52.149, 36.95, 250.00, 0, 1140, 1215, 42, P0
2026/07/31 15:02:52.349, 36.74, 250.00, 0, 1140, 1215, 42, P0
2026/07/31 15:02:52.550, 36.92, 250.00, 0, 1140, 1215, 42, P0
2026/07/31 15:02:52.750, 36.85, 250.00, 0, 1140, 1215, 42, P0
2026/07/31 15:02:52.950, 36.84, 250.00, 0, 1140, 1215, 42, P0
2026/07/31 15:02:53.151, 36.92, 250.00, 0, 1140, 1215, 42, P0
2026/07/31 15:02:53.351, 36.92, 250.00, 0, 1140, 1215, 42, P0
2026/07/31 15:02:53.552, 36.92, 250.00, 0, 1140, 1215, 42, P0
2026/07/31 15:02:53.752, 36.92, 250.00, 0, 1140, 1215, 42, P0
2026/07/31 15:02:53.952, 36.85, 250.00, 0, 1140, 1215, 42, P0
2026/07/31 15:02:54.153, 36.94, 250.00, 0, 1140, 1215, 42, P0
2026/07/31 15:02:54.353, 36.85, 250.00, 0, 1140, 1215, 42, P0
2026/07/31 15:02:54.554, 36.84, 250.00, 0, 1140, 1215, 42, P0
2026/07/31 15:02:54.754, 36.84, 250.00, 0, 1140, 1215, 42, P0
2026/07/31 15:02:54.954, 36.92, 250.00, 0, 1140, 1215, 42, P0
2026/07/31 15:02:55.155, 37.13, 250.00, 0, 1140, 1215, 42, P0
2026/07/31 15:02:55.355, 37.05, 250.00, 0, 1140, 1215, 41, P0
2026/07/31 15:02:55.556, 37.05, 250.00, 0, 1140, 1215, 41, P0
2026/07/31 15:02:55.756, 37.14, 250.00, 0, 1140, 1215, 41, P0
2026/07/31 15:02:55.956, 37.14, 250.00, 0, 1140, 1215, 41, P0
2026/07/31 15:02:56.157, 37.01, 250.00, 0, 1140, 1215, 41, P0
2026/07/31 15:02:56.357, 37.12, 250.00, 0, 1140, 1215, 41, P0
2026/07/31 15:02:56.558, 37.03, 250.00, 0, 1140, 1215, 41, P0
2026/07/31 15:02:56.758, 37.03, 250.00, 0, 1140, 1215, 41, P0
2026/07/31 15:02:56.958, 36.95, 250.00, 0, 1140, 1215, 41, P0
2026/07/31 15:02:57.159, 37.05, 250.00, 0, 1140, 1215, 41, P0
2026/07/31 15:02:57.359, 36.88, 250.00, 0, 1140, 1215, 41, P0
2026/07/31 15:02:57.559, 36.94, 250.00, 0, 1140, 1215, 41, P0
2026/07/31 15:02:57.760, 36.94, 250.00, 0, 1140, 1215, 41, P0
2026/07/31 15:02:57.960, 36.94, 250.00, 0, 1140, 1215, 41, P0
2026/07/31 15:02:58.161, 36.95, 250.00, 0, 1140, 1215, 41, P0
2026/07/31 15:02:58.361, 36.94, 250.00, 0, 1140, 1215, 41, P0
2026/07/31 15:02:58.561, 36.95, 250.00, 0, 1140, 1215, 41, P0
2026/07/31 15:02:58.762, 36.90, 250.00, 0, 1140, 1215, 41, P0
2026/07/31 15:02:58.962, 36.95, 250.00, 0, 1140, 1215, 41, P0
2026/07/31 15:02:59.162, 36.83, 250.00, 0, 1140, 1215, 41, P0
2026/07/31 15:02:59.363, 36.92, 250.00, 0, 1140, 1215, 41, P0
2026/07/31 15:02:59.563, 36.94, 250.00, 0, 1140, 1215, 41, P0
2026/07/31 15:02:59.764, 36.95, 250.00, 0, 1140, 1215, 41, P0
2026/07/31 15:02:59.964, 36.82, 250.00, 0, 1140, 1215, 41, P0
2026/07/31 15:03:00.164, 36.95, 250.00, 0, 1140, 1215, 41, P0
2026/07/31 15:03:00.365, 36.78, 250.00, 0, 1140, 1215, 41, P0
2026/07/31 15:03:00.565, 36.85, 250.00, 0, 1140, 1215, 41, P0
2026/07/31 15:03:00.765, 36.85, 250.00, 0, 1140, 1215, 41, P0
2026/07/31 15:03:00.966, 36.83, 250.00, 0, 1140, 1215, 41, P0
2026/07/31 15:03:01.166, 36.83, 250.00, 0, 1140, 1215, 41, P0
2026/07/31 15:03:01.367, 36.74, 250.00, 0, 1140, 1215, 41, P0
2026/07/31 15:03:01.567, 36.85, 250.00, 0, 1140, 1215, 41, P0
2026/07/31 15:03:01.767, 36.74, 250.00, 0, 1140, 1215, 41, P0
2026/07/31 15:03:01.968, 36.85, 250.00, 0, 1140, 1215, 41, P0
2026/07/31 15:03:02.168, 36.72, 250.00, 0, 1140, 1215, 41, P0
2026/07/31 15:03:02.368, 36.81, 250.00, 0, 1140, 1215, 41, P0
2026/07/31 15:03:02.569, 36.84, 250.00, 0, 1140, 1215, 41, P0
2026/07/31 15:03:02.769, 36.74, 250.00, 0, 1140, 1215, 41, P0
2026/07/31 15:03:02.970, 36.74, 250.00, 0, 1140, 1215, 41, P0
2026/07/31 15:03:03.170, 36.81, 250.00, 0, 1140, 1215, 41, P0
2026/07/31 15:03:03.370, 36.69, 250.00, 0, 1140, 1215, 41, P0
2026/07/31 15:03:03.571, 36.83, 250.00, 0, 1140, 1215, 41, P0
2026/07/31 15:03:03.771, 36.74, 250.00, 0, 1140, 1215, 41, P0
2026/07/31 15:03:03.972, 36.74, 250.00, 0, 1140, 1215, 41, P0
2026/07/31 15:03:04.172, 36.73, 250.00, 0, 1140, 1215, 41, P0
2026/07/31 15:03:04.372, 36.74, 250.00, 0, 1140, 1215, 41, P0
2026/07/31 15:03:04.573, 36.74, 250.00, 0, 1140, 1215, 41, P0
2026/07/31 15:03:04.773, 36.72, 250.00, 0, 1140, 1215, 41, P0
2026/07/31 15:03:04.974, 36.85, 250.00, 0, 1140, 1215, 41, P0
2026/07/31 15:03:05.174, 36.83, 250.00, 0, 1140, 1215, 41, P0
2026/07/31 15:03:05.374, 36.72, 250.00, 0, 1140, 1215, 41, P0
2026/07/31 15:03:05.575, 36.85, 250.00, 0, 1140, 1215, 41, P0
2026/07/31 15:03:05.775, 36.85, 250.00, 0, 1140, 1215, 41, P0
2026/07/31 15:03:05.976, 36.83, 250.00, 0, 1140, 1215, 41, P0
2026/07/31 15:03:06.176, 36.84, 250.00, 0, 1140, 1215, 41, P0
2026/07/31 15:03:06.376, 36.69, 250.00, 0, 1140, 1215, 41, P0
2026/07/31 15:03:06.577, 36.73, 250.00, 0, 1140, 1215, 41, P0
2026/07/31 15:03:06.777, 36.74, 250.00, 0, 1140, 1215, 41, P0
2026/07/31 15:03:06.978, 36.72, 250.00, 0, 1140, 1215, 41, P0
2026/07/31 15:03:07.181, 36.81, 250.00, 0, 1140, 1215, 41, P0
2026/07/31 15:03:07.382, 36.72, 250.00, 0, 1140, 1215, 41, P0
2026/07/31 15:03:07.583, 36.74, 250.00, 0, 1140, 1215, 41, P0
2026/07/31 15:03:07.783, 36.83, 250.00, 0, 1140, 1215, 41, P0
2026/07/31 15:03:07.983, 36.73, 250.00, 0, 1140, 1215, 41, P0
2026/07/31 15:03:08.184, 36.80, 250.00, 0, 1140, 1215, 41, P0
2026/07/31 15:03:08.384, 36.83, 250.00, 0, 1140, 1215, 41, P0
2026/07/31 15:03:08.585, 36.85, 250.00, 0, 1140, 1215, 41, P0
2026/07/31 15:03:08.785, 36.84, 250.00, 0, 1140, 1215, 41, P0
2026/07/31 15:03:08.985, 36.74, 250.00, 0, 1140, 1215, 41, P0
2026/07/31 15:03:09.193, 37.12, 250.00, 0, 1140, 1215, 41, P0
2026/07/31 15:03:09.393, 37.05, 250.00, 0, 1140, 1215, 41, P0
2026/07/31 15:03:09.593, 37.12, 250.00, 0, 1140, 1215, 41, P0
2026/07/31 15:03:09.794, 37.14, 250.00, 0, 1140, 1215, 41, P0
2026/07/31 15:03:09.994, 37.14, 250.00, 0, 1140, 1215, 41, P0
2026/07/31 15:03:10.195, 37.14, 250.00, 0, 1140, 1215, 41, P0
2026/07/31 15:03:10.395, 37.13, 250.00, 0, 1140, 1215, 41, P0
2026/07/31 15:03:10.595, 37.12, 250.00, 0, 1140, 1215, 41, P0
2026/07/31 15:03:10.796, 37.02, 250.00, 0, 1140, 1215, 41, P0
2026/07/31 15:03:10.996, 37.13, 250.00, 0, 1140, 1215, 41, P0
2026/07/31 15:03:11.196, 37.12, 250.00, 0, 1140, 1215, 41, P0
2026/07/31 15:03:11.397, 37.12, 250.00, 0, 1140, 1215, 41, P0
2026/07/31 15:03:11.597, 37.12, 250.00, 0, 1140, 1215, 41, P0
2026/07/31 15:03:11.798, 37.14, 250.00, 0, 1140, 1215, 41, P0
2026/07/31 15:03:11.998, 37.12, 250.00, 0, 1140, 1215, 41, P0
2026/07/31 15:03:12.199, 37.12, 250.00, 0, 1140, 1215, 41, P0
2026/07/31 15:03:12.399, 37.12, 250.00, 0, 1140, 1215, 41, P0
2026/07/31 15:03:12.599, 37.12, 250.00, 0, 1140, 1215, 41, P0
2026/07/31 15:03:12.800, 37.04, 250.00, 0, 1140, 1215, 41, P0
2026/07/31 15:03:13.000, 37.05, 250.00, 0, 1140, 1215, 41, P0
2026/07/31 15:03:13.201, 37.12, 250.00, 0, 1140, 1215, 41, P0
2026/07/31 15:03:13.401, 37.05, 250.00, 0, 1140, 1215, 41, P0
2026/07/31 15:03:13.602, 37.14, 250.00, 0, 1140, 1215, 41, P0
2026/07/31 15:03:13.802, 37.12, 250.00, 0, 1140, 1215, 41, P0
2026/07/31 15:03:14.003, 37.14, 250.00, 0, 1140, 1215, 41, P0
2026/07/31 15:03:14.203, 37.12, 250.00, 0, 1140, 1215, 41, P0
2026/07/31 15:03:14.404, 37.33, 250.00, 0, 1140, 1215, 41, P0
2026/07/31 15:03:14.604, 37.35, 250.00, 0, 1140, 1215, 41, P0
2026/07/31 15:03:14.804, 37.34, 250.00, 0, 1140, 1215, 41, P0
2026/07/31 15:03:15.005, 37.35, 250.00, 0, 1140, 1215, 41, P0
2026/07/31 15:03:15.205, 37.33, 250.00, 0, 1140, 1215, 41, P0
2026/07/31 15:03:15.406, 37.30, 250.00, 0, 1140, 1215, 41, P0
2026/07/31 15:03:15.607, 37.22, 250.00, 0, 1140, 1215, 41, P0
2026/07/31 15:03:15.807, 37.33, 250.00, 0, 1140, 1215, 41, P0
2026/07/31 15:03:16.007, 37.45, 250.00, 0, 1140, 1215, 41, P0
2026/07/31 15:03:16.208, 37.33, 250.00, 0, 1140, 1215, 41, P0
2026/07/31 15:03:16.408, 37.24, 250.00, 0, 1140, 1215, 41, P0
2026/07/31 15:03:16.609, 37.24, 250.00, 0, 1140, 1215, 41, P0
2026/07/31 15:03:16.809, 37.10, 250.00, 0, 1140, 1215, 41, P0
2026/07/31 15:03:17.009, 37.22, 250.00, 0, 1140, 1215, 41, P0
2026/07/31 15:03:17.210, 37.12, 250.00, 0, 1140, 1215, 41, P0
2026/07/31 15:03:17.410, 37.12, 250.00, 0, 1140, 1215, 41, P0
2026/07/31 15:03:17.610, 37.13, 250.00, 0, 1140, 1215, 41, P0
2026/07/31 15:03:17.811, 37.14, 250.00, 0, 1140, 1215, 41, P0
2026/07/31 15:03:18.011, 37.12, 250.00, 0, 1140, 1215, 41, P0
2026/07/31 15:03:18.212, 37.22, 250.00, 0, 1140, 1215, 41, P0
2026/07/31 15:03:18.412, 37.11, 250.00, 0, 1140, 1215, 41, P0
2026/07/31 15:03:18.612, 37.05, 250.00, 0, 1140, 1215, 41, P0
2026/07/31 15:03:18.813, 37.14, 250.00, 0, 1140, 1215, 41, P0
2026/07/31 15:03:19.013, 37.13, 250.00, 0, 1140, 1215, 41, P0
2026/07/31 15:03:19.214, 37.13, 250.00, 0, 1140, 1215, 41, P0
2026/07/31 15:03:19.414, 37.12, 250.00, 0, 1140, 1215, 41, P0
2026/07/31 15:03:19.614, 37.14, 250.00, 0, 1140, 1215, 41, P0
2026/07/31 15:03:19.815, 37.05, 250.00, 0, 1140, 1215, 41, P0
2026/07/31 15:03:20.015, 37.14, 250.00, 0, 1140, 1215, 41, P0
2026/07/31 15:03:20.215, 37.01, 250.00, 0, 1140, 1215, 41, P0
2026/07/31 15:03:20.416, 37.02, 250.00, 0, 1140, 1215, 41, P0
2026/07/31 15:03:20.616, 37.03, 250.00, 0, 1140, 1215, 41, P0
2026/07/31 15:03:20.817, 37.05, 250.00, 0, 1140, 1215, 41, P0
2026/07/31 15:03:21.017, 37.14, 250.00, 0, 1140, 1215, 41, P0
2026/07/31 15:03:21.217, 37.05, 250.00, 0, 1140, 1215, 41, P0
2026/07/31 15:03:21.418, 37.02, 250.00, 0, 1140, 1215, 41, P0
2026/07/31 15:03:21.618, 37.14, 250.00, 0, 1140, 1215, 41, P0
2026/07/31 15:03:21.819, 37.03, 250.00, 0, 1140, 1215, 41, P0
2026/07/31 15:03:22.019, 37.14, 250.00, 0, 1140, 1215, 41, P0
2026/07/31 15:03:22.219, 37.13, 250.00, 0, 1140, 1215, 41, P0
2026/07/31 15:03:22.420, 37.05, 250.00, 0, 1140, 1215, 41, P0
2026/07/31 15:03:22.620, 37.04, 250.00, 0, 1140, 1215, 41, P0
2026/07/31 15:03:22.820, 37.14, 250.00, 0, 1140, 1215, 41, P0
2026/07/31 15:03:23.021, 37.12, 250.00, 0, 1140, 1215, 41, P0
2026/07/31 15:03:23.221, 37.11, 250.00, 0, 1140, 1215, 41, P0
2026/07/31 15:03:23.422, 37.02, 250.00, 0, 1140, 1215, 41, P0
2026/07/31 15:03:23.622, 37.05, 250.00, 0, 1140, 1215, 41, P0
2026/07/31 15:03:23.822, 37.05, 250.00, 0, 1140, 1215, 41, P0
2026/07/31 15:03:24.023, 37.02, 250.00, 0, 1140, 1215, 41, P0
2026/07/31 15:03:24.223, 37.03, 250.00, 0, 1140, 1215, 41, P0
2026/07/31 15:03:24.424, 37.02, 250.00, 0, 1140, 1215, 41, P0
2026/07/31 15:03:24.624, 37.05, 250.00, 0, 1140, 1215, 41, P0
2026/07/31 15:03:24.824, 37.05, 250.00, 0, 1140, 1215, 41, P0
2026/07/31 15:03:25.025, 37.12, 250.00, 0, 1140, 1215, 41, P0
2026/07/31 15:03:25.225, 37.05, 250.00, 0, 1140, 1215, 41, P0
2026/07/31 15:03:25.425, 37.03, 250.00, 0, 1140, 1215, 41, P0
2026/07/31 15:03:25.626, 37.05, 250.00, 0, 1140, 1215, 41, P0
2026/07/31 15:03:25.826, 37.05, 250.00, 0, 1140, 1215, 41, P0
2026/07/31 15:03:26.027, 37.05, 250.00, 0, 1140, 1215, 41, P0
2026/07/31 15:03:26.227, 37.02, 250.00, 0, 1140, 1215, 41, P0
2026/07/31 15:03:26.427, 37.03, 250.00, 0, 1140, 1215, 41, P0
2026/07/31 15:03:26.628, 37.12, 250.00, 0, 1140, 1215, 41, P0
2026/07/31 15:03:26.828, 37.05, 250.00, 0, 1140, 1215, 41, P0
2026/07/31 15:03:27.029, 37.05, 250.00, 0, 1140, 1215, 41, P0
2026/07/31 15:03:27.229, 36.95, 250.00, 0, 1140, 1215, 41, P0
2026/07/31 15:03:27.429, 36.94, 250.00, 0, 1140, 1215, 41, P0
2026/07/31 15:03:27.630, 36.95, 250.00, 0, 1140, 1215, 41, P0
2026/07/31 15:03:27.830, 37.03, 250.00, 0, 1140, 1215, 41, P0
2026/07/31 15:03:28.030, 36.95, 250.00, 0, 1140, 1215, 41, P0
2026/07/31 15:03:28.231, 37.05, 250.00, 0, 1140, 1215, 41, P0
2026/07/31 15:03:28.431, 37.05, 250.00, 0, 1140, 1215, 41, P0
2026/07/31 15:03:28.632, 37.05, 250.00, 0, 1140, 1215, 41, P0
2026/07/31 15:03:28.832, 37.05, 250.00, 0, 1140, 1215, 41, P0
2026/07/31 15:03:29.032, 37.03, 250.00, 0, 1140, 1215, 41, P0
2026/07/31 15:03:29.233, 37.04, 250.00, 0, 1140, 1215, 41, P0
2026/07/31 15:03:29.433, 37.05, 250.00, 0, 1140, 1215, 41, P0
2026/07/31 15:03:29.634, 37.05, 250.00, 0, 1140, 1215, 41, P0
2026/07/31 15:03:29.834, 37.05, 250.00, 0, 1140, 1215, 41, P0
2026/07/31 15:03:30.034, 37.04, 250.00, 0, 1140, 1215, 41, P0
2026/07/31 15:03:30.235, 37.02, 250.00, 0, 1140, 1215, 41, P0
2026/07/31 15:03:30.435, 37.03, 250.00, 0, 1140, 1215, 41, P0
2026/07/31 15:03:30.636, 36.95, 250.00, 0, 1140, 1215, 41, P0
2026/07/31 15:03:30.836, 36.95, 250.00, 0, 1140, 1215, 41, P0
2026/07/31 15:03:31.036, 37.04, 250.00, 0, 1140, 1215, 41, P0
2026/07/31 15:03:31.237, 37.04, 250.00, 0, 1140, 1215, 41, P0
2026/07/31 15:03:31.437, 37.02, 250.00, 0, 1140, 1215, 41, P0
2026/07/31 15:03:31.638, 37.05, 250.00, 0, 1140, 1215, 41, P0
2026/07/31 15:03:31.838, 37.05, 250.00, 0, 1140, 1215, 41, P0
2026/07/31 15:03:32.039, 37.05, 250.00, 0, 1140, 1215, 41, P0
2026/07/31 15:03:32.239, 37.00, 250.00, 0, 1140, 1215, 41, P0
2026/07/31 15:03:32.439, 37.02, 250.00, 0, 1140, 1215, 41, P0
2026/07/31 15:03:32.640, 37.02, 250.00, 0, 1140, 1215, 41, P0
2026/07/31 15:03:32.840, 37.05, 250.00, 0, 1140, 1215, 41, P0
2026/07/31 15:03:33.041, 37.05, 250.00, 0, 1140, 1215, 41, P0
2026/07/31 15:03:33.241, 37.02, 250.00, 0, 1140, 1215, 41, P0
2026/07/31 15:03:33.441, 37.14, 250.00, 0, 1140, 1215, 41, P0
2026/07/31 15:03:33.642, 37.24, 250.00, 0, 1140, 1215, 41, P0
2026/07/31 15:03:33.842, 37.44, 250.00, 0, 1140, 1215, 41, P0
2026/07/31 15:03:34.042, 37.28, 250.00, 0, 1140, 1215, 41, P0
2026/07/31 15:03:34.243, 37.34, 250.00, 0, 1140, 1215, 41, P0
2026/07/31 15:03:34.443, 37.55, 250.00, 0, 1140, 1215, 41, P0
2026/07/31 15:03:34.643, 37.35, 250.00, 0, 1140, 1215, 41, P0
2026/07/31 15:03:34.844, 37.35, 250.00, 0, 1140, 1215, 41, P0
2026/07/31 15:03:35.044, 37.23, 250.00, 0, 1140, 1215, 40, P0
2026/07/31 15:03:35.245, 37.20, 250.00, 0, 1140, 1215, 40, P0
2026/07/31 15:03:35.445, 37.42, 250.00, 0, 1140, 1215, 40, P0
2026/07/31 15:03:35.645, 37.12, 250.00, 0, 1140, 1215, 40, P0
2026/07/31 15:03:35.846, 37.14, 250.00, 0, 1140, 1215, 40, P0
2026/07/31 15:03:36.046, 37.24, 250.00, 0, 1140, 1215, 41, P0
2026/07/31 15:03:36.246, 37.14, 250.00, 0, 1140, 1215, 41, P0
2026/07/31 15:03:36.447, 37.17, 250.00, 0, 1140, 1215, 40, P0
2026/07/31 15:03:36.647, 37.14, 250.00, 0, 1140, 1215, 40, P0
2026/07/31 15:03:36.848, 37.14, 250.00, 0, 1140, 1215, 40, P0
2026/07/31 15:03:37.048, 37.18, 250.00, 0, 1140, 1215, 40, P0
2026/07/31 15:03:37.248, 37.13, 250.00, 0, 1140, 1215, 40, P0
2026/07/31 15:03:37.449, 37.22, 250.00, 0, 1140, 1215, 40, P0
2026/07/31 15:03:37.649, 37.12, 250.00, 0, 1140, 1215, 40, P0
2026/07/31 15:03:37.850, 37.13, 250.00, 0, 1140, 1215, 40, P0
2026/07/31 15:03:38.050, 37.05, 250.00, 0, 1140, 1215, 40, P0
2026/07/31 15:03:38.250, 37.02, 250.00, 0, 1140, 1215, 40, P0
2026/07/31 15:03:38.451, 37.22, 250.00, 0, 1140, 1215, 40, P0
2026/07/31 15:03:38.651, 37.04, 250.00, 0, 1140, 1215, 40, P0
2026/07/31 15:03:38.852, 37.12, 250.00, 0, 1140, 1215, 40, P0
2026/07/31 15:03:39.052, 37.04, 250.00, 0, 1140, 1215, 40, P0
2026/07/31 15:03:39.252, 37.04, 250.00, 0, 1140, 1215, 40, P0
2026/07/31 15:03:39.453, 37.19, 250.00, 0, 1140, 1215, 40, P0
2026/07/31 15:03:39.653, 37.05, 250.00, 0, 1140, 1215, 40, P0
2026/07/31 15:03:39.853, 37.14, 250.00, 0, 1140, 1215, 40, P0
2026/07/31 15:03:40.054, 36.99, 250.00, 0, 1140, 1215, 40, P0
2026/07/31 15:03:40.254, 37.04, 250.00, 0, 1140, 1215, 40, P0
2026/07/31 15:03:40.455, 37.05, 250.00, 0, 1140, 1215, 40, P0
2026/07/31 15:03:40.655, 37.05, 250.00, 0, 1140, 1215, 40, P0
2026/07/31 15:03:40.855, 36.95, 250.00, 0, 1140, 1215, 40, P0
2026/07/31 15:03:41.056, 36.94, 250.00, 0, 1140, 1215, 40, P0
2026/07/31 15:03:41.256, 36.90, 250.00, 0, 1140, 1215, 40, P0
2026/07/31 15:03:41.456, 37.02, 250.00, 0, 1140, 1215, 40, P0
2026/07/31 15:03:41.657, 37.04, 250.00, 0, 1140, 1215, 40, P0
2026/07/31 15:03:41.857, 37.05, 250.00, 0, 1140, 1215, 40, P0
2026/07/31 15:03:42.058, 36.95, 250.00, 0, 1140, 1215, 40, P0
2026/07/31 15:03:42.258, 36.95, 250.00, 0, 1140, 1215, 40, P0
2026/07/31 15:03:42.458, 37.10, 250.00, 0, 1140, 1215, 40, P0
2026/07/31 15:03:42.659, 37.05, 250.00, 0, 1140, 1215, 40, P0
2026/07/31 15:03:42.859, 37.05, 250.00, 0, 1140, 1215, 40, P0
2026/07/31 15:03:43.060, 37.11, 250.00, 0, 1140, 1215, 40, P0
2026/07/31 15:03:43.260, 37.04, 250.00, 0, 1140, 1215, 40, P0
2026/07/31 15:03:43.460, 37.14, 250.00, 0, 1140, 1215, 40, P0
2026/07/31 15:03:43.661, 37.02, 250.00, 0, 1140, 1215, 40, P0
2026/07/31 15:03:43.861, 37.04, 250.00, 0, 1140, 1215, 40, P0
2026/07/31 15:03:44.061, 36.95, 250.00, 0, 1140, 1215, 40, P0
2026/07/31 15:03:44.262, 36.92, 250.00, 0, 1140, 1215, 40, P0
2026/07/31 15:03:44.462, 37.03, 250.00, 0, 1140, 1215, 40, P0
2026/07/31 15:03:44.663, 36.92, 250.00, 0, 1140, 1215, 40, P0
2026/07/31 15:03:44.863, 37.02, 250.00, 0, 1140, 1215, 40, P0
2026/07/31 15:03:45.063, 37.10, 250.00, 0, 1140, 1215, 40, P0
2026/07/31 15:03:45.264, 37.04, 250.00, 0, 1140, 1215, 40, P0
2026/07/31 15:03:45.464, 37.19, 250.00, 0, 1140, 1215, 40, P0
2026/07/31 15:03:45.665, 37.01, 250.00, 0, 1140, 1215, 40, P0
2026/07/31 15:03:45.865, 36.95, 250.00, 0, 1140, 1215, 40, P0
2026/07/31 15:03:46.065, 36.97, 250.00, 0, 1140, 1215, 40, P0
2026/07/31 15:03:46.266, 36.92, 250.00, 0, 1140, 1215, 40, P0
2026/07/31 15:03:46.466, 37.12, 250.00, 0, 1140, 1215, 40, P0
2026/07/31 15:03:46.667, 36.93, 250.00, 0, 1140, 1215, 40, P0
2026/07/31 15:03:46.867, 36.94, 250.00, 0, 1140, 1215, 40, P0
2026/07/31 15:03:47.067, 37.04, 250.00, 0, 1140, 1215, 40, P0
2026/07/31 15:03:47.268, 37.02, 250.00, 0, 1140, 1215, 40, P0
2026/07/31 15:03:47.468, 37.01, 250.00, 0, 1140, 1215, 40, P0
2026/07/31 15:03:47.669, 37.02, 250.00, 0, 1140, 1215, 40, P0
2026/07/31 15:03:47.869, 36.95, 250.00, 0, 1140, 1215, 40, P0
2026/07/31 15:03:48.069, 37.34, 250.00, 0, 1140, 1215, 40, P0
2026/07/31 15:03:48.270, 37.05, 250.00, 0, 1140, 1215, 40, P0
2026/07/31 15:03:48.470, 37.10, 250.00, 0, 1140, 1215, 40, P0
2026/07/31 15:03:48.671, 36.92, 250.00, 0, 1140, 1215, 40, P0
2026/07/31 15:03:48.871, 37.04, 250.00, 0, 1140, 1215, 40, P0
2026/07/31 15:03:49.071, 37.00, 250.00, 0, 1140, 1215, 40, P0
2026/07/31 15:03:49.272, 37.04, 250.00, 0, 1140, 1215, 40, P0
2026/07/31 15:03:49.472, 37.13, 250.00, 0, 1140, 1215, 40, P0
2026/07/31 15:03:49.673, 37.02, 250.00, 0, 1140, 1215, 40, P0
2026/07/31 15:03:49.873, 37.02, 250.00, 0, 1140, 1215, 40, P0
2026/07/31 15:03:50.074, 36.93, 250.00, 0, 1140, 1215, 40, P0
2026/07/31 15:03:50.274, 37.11, 250.00, 0, 1140, 1215, 40, P0
2026/07/31 15:03:50.474, 37.02, 250.00, 0, 1140, 1215, 40, P0
2026/07/31 15:03:50.675, 37.04, 250.00, 0, 1140, 1215, 40, P0
2026/07/31 15:03:50.875, 37.02, 250.00, 0, 1140, 1215, 40, P0
2026/07/31 15:03:51.076, 37.02, 250.00, 0, 1140, 1215, 40, P0
2026/07/31 15:03:51.276, 37.04, 250.00, 0, 1140, 1215, 40, P0
2026/07/31 15:03:51.477, 37.01, 250.00, 0, 1140, 1215, 40, P0
2026/07/31 15:03:51.677, 37.01, 250.00, 0, 1140, 1215, 40, P0
2026/07/31 15:03:51.877, 36.93, 250.00, 0, 1140, 1215, 40, P0
2026/07/31 15:03:52.078, 36.90, 250.00, 0, 1140, 1215, 40, P0
2026/07/31 15:03:52.278, 37.02, 250.00, 0, 1140, 1215, 40, P0
2026/07/31 15:03:52.479, 37.04, 250.00, 0, 1140, 1215, 40, P0
2026/07/31 15:03:52.679, 37.04, 250.00, 0, 1140, 1215, 40, P0
2026/07/31 15:03:52.879, 37.02, 250.00, 0, 1140, 1215, 40, P0
2026/07/31 15:03:53.080, 37.13, 250.00, 0, 1140, 1215, 40, P0
2026/07/31 15:03:53.280, 37.22, 250.00, 0, 1140, 1215, 40, P0
2026/07/31 15:03:53.481, 37.31, 250.00, 0, 1140, 1215, 40, P0
2026/07/31 15:03:53.681, 37.32, 250.00, 0, 1140, 1215, 40, P0
2026/07/31 15:03:53.881, 37.33, 250.00, 0, 1140, 1215, 40, P0
2026/07/31 15:03:54.082, 37.22, 250.00, 0, 1140, 1215, 40, P0
2026/07/31 15:03:54.282, 37.23, 250.00, 0, 1140, 1215, 40, P0
2026/07/31 15:03:54.483, 37.22, 250.00, 0, 1140, 1215, 40, P0
2026/07/31 15:03:54.684, 37.33, 250.00, 0, 1140, 1215, 40, P0
2026/07/31 15:03:54.886, 37.13, 250.00, 0, 1140, 1215, 40, P0
2026/07/31 15:03:55.087, 37.19, 250.00, 0, 1140, 1215, 40, P0
2026/07/31 15:03:55.288, 36.94, 250.00, 0, 1140, 1215, 40, P0
2026/07/31 15:03:55.489, 36.94, 250.00, 0, 1140, 1215, 40, P0
2026/07/31 15:03:55.689, 36.94, 250.00, 0, 1140, 1215, 40, P0
2026/07/31 15:03:55.890, 36.92, 250.00, 0, 1140, 1215, 40, P0
2026/07/31 15:03:56.090, 36.92, 250.00, 0, 1140, 1215, 40, P0
2026/07/31 15:03:56.291, 36.92, 250.00, 0, 1140, 1215, 40, P0
2026/07/31 15:03:56.491, 36.92, 250.00, 0, 1140, 1215, 40, P0
2026/07/31 15:03:56.691, 36.93, 250.00, 0, 1140, 1215, 40, P0
2026/07/31 15:03:56.892, 36.94, 250.00, 0, 1140, 1215, 40, P0
2026/07/31 15:03:57.092, 36.83, 250.00, 0, 1140, 1215, 40, P0
2026/07/31 15:03:57.293, 36.83, 250.00, 0, 1140, 1215, 40, P0
2026/07/31 15:03:57.493, 36.83, 250.00, 0, 1140, 1215, 40, P0
2026/07/31 15:03:57.693, 36.85, 250.00, 0, 1140, 1215, 40, P0
2026/07/31 15:03:57.894, 36.83, 250.00, 0, 1140, 1215, 40, P0
2026/07/31 15:03:58.094, 36.90, 250.00, 0, 1140, 1215, 40, P0
2026/07/31 15:03:58.295, 36.83, 250.00, 0, 1140, 1215, 40, P0
2026/07/31 15:03:58.495, 36.83, 250.00, 0, 1140, 1215, 40, P0
2026/07/31 15:03:58.695, 36.83, 250.00, 0, 1140, 1215, 40, P0
2026/07/31 15:03:58.896, 36.73, 250.00, 0, 1140, 1215, 40, P0
2026/07/31 15:03:59.096, 36.72, 250.00, 0, 1140, 1215, 40, P0
2026/07/31 15:03:59.297, 36.71, 250.00, 0, 1140, 1215, 40, P0
2026/07/31 15:03:59.497, 36.83, 250.00, 0, 1140, 1215, 40, P0
2026/07/31 15:03:59.697, 36.72, 250.00, 0, 1140, 1215, 40, P0
2026/07/31 15:03:59.898, 36.73, 250.00, 0, 1140, 1215, 40, P0
2026/07/31 15:04:00.098, 36.83, 250.00, 0, 1140, 1215, 40, P0
2026/07/31 15:04:00.299, 36.72, 250.00, 0, 1140, 1215, 40, P0
2026/07/31 15:04:00.499, 36.83, 250.00, 0, 1140, 1215, 40, P0
2026/07/31 15:04:00.699, 36.83, 250.00, 0, 1140, 1215, 40, P0
2026/07/31 15:04:00.900, 36.72, 250.00, 0, 1140, 1215, 40, P0
2026/07/31 15:04:01.100, 36.69, 250.00, 0, 1140, 1215, 40, P0
2026/07/31 15:04:01.301, 36.84, 250.00, 0, 1140, 1215, 40, P0
2026/07/31 15:04:01.501, 36.84, 250.00, 0, 1140, 1215, 40, P0
2026/07/31 15:04:01.701, 36.84, 250.00, 0, 1140, 1215, 40, P0
2026/07/31 15:04:01.902, 36.72, 250.00, 0, 1140, 1215, 40, P0
2026/07/31 15:04:02.102, 36.80, 250.00, 0, 1140, 1215, 40, P0
2026/07/31 15:04:02.302, 36.83, 250.00, 0, 1140, 1215, 40, P0
2026/07/31 15:04:02.503, 36.81, 250.00, 0, 1140, 1215, 40, P0
2026/07/31 15:04:02.703, 36.73, 250.00, 0, 1140, 1215, 40, P0
2026/07/31 15:04:02.904, 36.72, 250.00, 0, 1140, 1215, 40, P0
2026/07/31 15:04:03.104, 36.84, 250.00, 0, 1140, 1215, 40, P0
2026/07/31 15:04:03.304, 36.83, 250.00, 0, 1140, 1215, 40, P0
2026/07/31 15:04:03.505, 36.72, 250.00, 0, 1140, 1215, 40, P0
2026/07/31 15:04:03.705, 36.74, 250.00, 8, 1140, 1215, 40, P0
2026/07/31 15:04:03.906, 36.85, 250.00, 0, 1140, 1215, 40, P0
2026/07/31 15:04:04.106, 36.72, 250.00, 0, 1140, 1215, 40, P0
2026/07/31 15:04:04.306, 36.74, 250.00, 0, 1140, 1215, 40, P0
2026/07/31 15:04:04.507, 36.72, 250.00, 0, 1140, 1215, 40, P0
2026/07/31 15:04:04.707, 181.65, 250.00, 24, 1140, 1215, 45, P0
2026/07/31 15:04:04.908, 183.10, 250.00, 100, 1320, 1215, 46, P0
2026/07/31 15:04:05.108, 176.73, 250.00, 100, 1365, 1215, 49, P0
2026/07/31 15:04:05.309, 251.94, 250.00, 93, 1320, 1215, 51, P0
2026/07/31 15:04:05.509, 254.19, 250.00, 100, 1350, 1215, 52, P0
2026/07/31 15:04:05.710, 250.18, 250.00, 92, 1320, 1215, 52, P0
2026/07/31 15:04:05.910, 253.79, 250.00, 100, 1320, 1215, 53, P0
2026/07/31 15:04:06.111, 259.40, 250.00, 93, 1335, 1215, 53, P0
2026/07/31 15:04:06.311, 251.01, 250.00, 100, 1320, 1215, 54, P0
2026/07/31 15:04:06.512, 245.83, 250.00, 100, 1395, 1215, 53, P0
2026/07/31 15:04:06.712, 253.52, 250.00, 93, 1320, 1215, 54, P0
2026/07/31 15:04:06.912, 248.32, 250.00, 100, 1320, 1215, 54, P0
2026/07/31 15:04:07.113, 201.00, 250.00, 96, 1395, 1215, 51, P0
2026/07/31 15:04:07.314, 211.92, 250.00, 94, 1410, 1215, 50, P0
2026/07/31 15:04:07.514, 204.33, 250.00, 94, 1410, 1215, 50, P0
2026/07/31 15:04:07.714, 207.30, 250.00, 94, 1410, 1215, 50, P0
2026/07/31 15:04:07.915, 202.71, 250.00, 93, 1410, 1215, 50, P0
2026/07/31 15:04:08.115, 204.02, 250.00, 94, 1410, 1215, 50, P0
2026/07/31 15:04:08.316, 211.43, 250.00, 93, 1410, 1215, 50, P0
2026/07/31 15:04:08.517, 199.10, 250.00, 92, 1410, 1215, 50, P0
2026/07/31 15:04:08.717, 206.92, 250.00, 94, 1410, 1215, 50, P0
2026/07/31 15:04:08.918, 261.23, 250.00, 90, 1320, 1215, 54, P0
2026/07/31 15:04:09.118, 247.84, 250.00, 90, 1320, 1215, 54, P0
2026/07/31 15:04:09.321, 265.28, 250.00, 92, 1320, 1215, 55, P0
2026/07/31 15:04:09.522, 255.35, 250.00, 100, 1320, 1215, 55, P0
2026/07/31 15:04:09.722, 147.85, 250.00, 100, 1365, 1215, 55, P0
2026/07/31 15:04:09.923, 245.08, 250.00, 93, 1320, 1215, 56, P0
2026/07/31 15:04:10.123, 247.10, 250.00, 100, 1320, 1215, 56, P0
2026/07/31 15:04:10.324, 249.62, 250.00, 93, 1320, 1215, 56, P0
2026/07/31 15:04:10.524, 247.75, 250.00, 100, 1320, 1215, 57, P0
2026/07/31 15:04:10.724, 276.85, 250.00, 93, 1380, 1215, 56, P0
2026/07/31 15:04:10.925, 249.09, 250.00, 100, 1320, 1215, 57, P0
2026/07/31 15:04:11.125, 246.06, 250.00, 100, 1305, 1215, 57, P0
2026/07/31 15:04:11.326, 183.67, 250.00, 95, 1410, 1215, 54, P0
2026/07/31 15:04:11.526, 202.88, 250.00, 91, 1410, 1215, 53, P0
2026/07/31 15:04:11.727, 208.12, 250.00, 93, 1410, 1215, 53, P0
2026/07/31 15:04:11.927, 205.59, 250.00, 93, 1410, 1215, 53, P0
2026/07/31 15:04:12.131, 207.62, 250.00, 93, 1410, 1215, 53, P0
2026/07/31 15:04:12.331, 211.31, 250.00, 94, 1410, 1215, 52, P0
2026/07/31 15:04:12.532, 107.79, 250.00, 87, 1305, 1215, 55, P0
2026/07/31 15:04:12.732, 250.66, 250.00, 87, 1320, 1215, 56, P0
2026/07/31 15:04:12.946, 251.82, 250.00, 93, 1365, 1215, 56, P0
2026/07/31 15:04:13.146, 258.15, 250.00, 100, 1320, 1215, 58, P0
2026/07/31 15:04:13.347, 256.67, 250.00, 100, 1320, 1215, 58, P0
2026/07/31 15:04:13.547, 257.46, 250.00, 94, 1320, 1215, 58, P0
2026/07/31 15:04:13.748, 239.71, 250.00, 100, 1320, 1215, 58, P0
2026/07/31 15:04:13.948, 240.64, 250.00, 93, 1320, 1215, 58, P0
2026/07/31 15:04:14.149, 247.47, 250.00, 100, 1320, 1215, 59, P0
2026/07/31 15:04:14.349, 248.22, 250.00, 95, 1380, 1215, 58, P0
2026/07/31 15:04:14.549, 247.24, 250.00, 98, 1320, 1215, 59, P0
2026/07/31 15:04:14.750, 254.20, 250.00, 100, 1320, 1215, 59, P0
2026/07/31 15:04:14.950, 199.00, 250.00, 95, 1395, 1215, 56, P0
2026/07/31 15:04:15.151, 208.91, 250.00, 93, 1410, 1215, 55, P0
2026/07/31 15:04:15.351, 205.12, 250.00, 93, 1410, 1215, 55, P0
2026/07/31 15:04:15.556, 203.64, 250.00, 94, 1410, 1215, 54, P0
2026/07/31 15:04:15.757, 209.85, 250.00, 93, 1410, 1215, 54, P0
2026/07/31 15:04:15.957, 223.95, 250.00, 94, 1410, 1215, 54, P0
2026/07/31 15:04:16.158, 205.95, 250.00, 94, 1410, 1215, 54, P0
2026/07/31 15:04:16.358, 217.33, 250.00, 93, 1410, 1215, 54, P0
2026/07/31 15:04:16.559, 54.49, 250.00, 94, 1410, 1215, 51, P0
2026/07/31 15:04:16.759, 54.11, 250.00, 94, 1410, 1215, 50, P0
2026/07/31 15:04:16.967, 53.32, 250.00, 0, 1410, 1215, 49, P0
2026/07/31 15:04:17.168, 53.15, 250.00, 0, 1410, 1215, 49, P0
2026/07/31 15:04:17.371, 52.92, 250.00, 0, 1410, 1215, 49, P0
2026/07/31 15:04:17.571, 52.73, 250.00, 0, 1410, 1215, 48, P0
2026/07/31 15:04:17.772, 52.63, 250.00, 0, 1410, 1215, 48, P0
2026/07/31 15:04:17.972, 52.63, 250.00, 0, 1410, 1215, 48, P0
2026/07/31 15:04:18.172, 52.57, 250.00, 0, 1410, 1215, 48, P0
2026/07/31 15:04:18.373, 39.00, 250.00, 0, 1140, 1215, 47, P0
2026/07/31 15:04:18.573, 38.61, 250.00, 0, 1140, 1215, 47, P0
2026/07/31 15:04:18.773, 38.51, 250.00, 0, 1140, 1215, 47, P0
2026/07/31 15:04:18.974, 38.51, 250.00, 0, 1140, 1215, 47, P0
2026/07/31 15:04:19.174, 38.57, 250.00, 0, 1140, 1215, 47, P0
2026/07/31 15:04:19.374, 38.41, 250.00, 0, 1140, 1215, 47, P0
2026/07/31 15:04:19.575, 38.42, 250.00, 0, 1140, 1215, 47, P0
2026/07/31 15:04:19.775, 38.41, 250.00, 0, 1140, 1215, 46, P0
2026/07/31 15:04:19.975, 38.42, 250.00, 0, 1140, 1215, 46, P0
2026/07/31 15:04:20.176, 38.41, 250.00, 0, 1140, 1215, 46, P0
2026/07/31 15:04:20.376, 38.39, 250.00, 0, 1140, 1215, 46, P0
2026/07/31 15:04:20.577, 38.31, 250.00, 0, 1140, 1215, 46, P0
2026/07/31 15:04:20.777, 38.22, 250.00, 0, 1140, 1215, 46, P0
2026/07/31 15:04:20.977, 38.22, 250.00, 0, 1140, 1215, 46, P0
2026/07/31 15:04:21.178, 38.22, 250.00, 0, 1140, 1215, 46, P0
2026/07/31 15:04:21.378, 38.21, 250.00, 0, 1140, 1215, 46, P0
2026/07/31 15:04:21.578, 38.20, 250.00, 0, 1140, 1215, 46, P0
2026/07/31 15:04:21.779, 38.12, 250.00, 0, 1140, 1215, 46, P0
2026/07/31 15:04:21.979, 38.21, 250.00, 0, 1140, 1215, 46, P0
2026/07/31 15:04:22.183, 38.10, 250.00, 0, 1140, 1215, 46, P0
2026/07/31 15:04:22.384, 38.02, 250.00, 0, 1140, 1215, 46, P0
2026/07/31 15:04:22.584, 38.12, 250.00, 0, 1140, 1215, 46, P0
2026/07/31 15:04:22.784, 38.20, 250.00, 0, 1140, 1215, 46, P0
2026/07/31 15:04:22.985, 38.12, 250.00, 0, 1140, 1215, 46, P0
2026/07/31 15:04:23.185, 38.11, 250.00, 0, 1140, 1215, 46, P0
2026/07/31 15:04:23.386, 38.19, 250.00, 0, 1140, 1215, 46, P0
2026/07/31 15:04:23.586, 38.01, 250.00, 0, 1140, 1215, 45, P0
2026/07/31 15:04:23.787, 38.09, 250.00, 0, 1140, 1215, 45, P0
2026/07/31 15:04:23.987, 38.01, 250.00, 0, 1140, 1215, 45, P0
2026/07/31 15:04:24.187, 38.01, 250.00, 0, 1140, 1215, 45, P0
2026/07/31 15:04:24.388, 38.02, 250.00, 0, 1140, 1215, 45, P0
2026/07/31 15:04:24.588, 38.12, 250.00, 0, 1140, 1215, 45, P0
2026/07/31 15:04:24.789, 38.11, 250.00, 0, 1140, 1215, 45, P0
2026/07/31 15:04:24.989, 38.01, 250.00, 0, 1140, 1215, 45, P0
2026/07/31 15:04:25.189, 37.98, 250.00, 0, 1140, 1215, 45, P0
2026/07/31 15:04:25.390, 38.01, 250.00, 0, 1140, 1215, 45, P0
2026/07/31 15:04:25.590, 38.02, 250.00, 0, 1140, 1215, 45, P0
2026/07/31 15:04:25.790, 38.02, 250.00, 0, 1140, 1215, 45, P0
2026/07/31 15:04:25.991, 37.93, 250.00, 0, 1140, 1215, 45, P0
2026/07/31 15:04:26.191, 38.01, 250.00, 0, 1140, 1215, 45, P0
2026/07/31 15:04:26.392, 37.98, 250.00, 0, 1140, 1215, 45, P0
2026/07/31 15:04:26.592, 38.01, 250.00, 0, 1140, 1215, 45, P0
2026/07/31 15:04:26.792, 37.94, 250.00, 0, 1140, 1215, 45, P0
2026/07/31 15:04:26.993, 38.01, 250.00, 0, 1140, 1215, 45, P0
2026/07/31 15:04:27.193, 38.21, 250.00, 0, 1140, 1215, 45, P0
2026/07/31 15:04:27.393, 38.21, 250.00, 0, 1140, 1215, 45, P0
2026/07/31 15:04:27.594, 38.21, 250.00, 0, 1140, 1215, 45, P0
2026/07/31 15:04:27.794, 38.48, 250.00, 0, 1140, 1215, 45, P0
2026/07/31 15:04:27.995, 38.30, 250.00, 0, 1140, 1215, 45, P0
2026/07/31 15:04:28.195, 38.17, 250.00, 0, 1140, 1215, 45, P0
2026/07/31 15:04:28.395, 38.20, 250.00, 0, 1140, 1215, 45, P0
2026/07/31 15:04:28.596, 38.11, 250.00, 0, 1140, 1215, 45, P0
2026/07/31 15:04:28.796, 38.51, 250.00, 0, 1140, 1215, 45, P0
2026/07/31 15:04:28.997, 37.98, 250.00, 0, 1140, 1215, 45, P0
2026/07/31 15:04:29.198, 38.02, 250.00, 0, 1140, 1215, 45, P0
2026/07/31 15:04:29.401, 38.08, 250.00, 0, 1140, 1215, 45, P0
2026/07/31 15:04:29.601, 38.01, 250.00, 0, 1140, 1215, 45, P0
2026/07/31 15:04:29.802, 37.93, 250.00, 0, 1140, 1215, 45, P0
2026/07/31 15:04:30.003, 37.91, 250.00, 0, 1140, 1215, 45, P0
2026/07/31 15:04:30.203, 37.93, 250.00, 0, 1140, 1215, 45, P0
2026/07/31 15:04:30.403, 37.93, 250.00, 0, 1140, 1215, 45, P0
2026/07/31 15:04:30.604, 38.02, 250.00, 0, 1140, 1215, 45, P0
2026/07/31 15:04:30.804, 37.92, 250.00, 0, 1140, 1215, 45, P0
2026/07/31 15:04:31.004, 37.93, 250.00, 0, 1140, 1215, 45, P0
2026/07/31 15:04:31.205, 37.90, 250.00, 0, 1140, 1215, 45, P0
2026/07/31 15:04:31.405, 37.93, 250.00, 0, 1140, 1215, 45, P0
2026/07/31 15:04:31.606, 37.93, 250.00, 0, 1140, 1215, 45, P0
2026/07/31 15:04:31.806, 37.83, 250.00, 0, 1140, 1215, 45, P0
2026/07/31 15:04:32.006, 37.81, 250.00, 0, 1140, 1215, 44, P0
2026/07/31 15:04:32.207, 37.83, 250.00, 0, 1140, 1215, 44, P0
2026/07/31 15:04:32.407, 37.79, 250.00, 0, 1140, 1215, 44, P0
2026/07/31 15:04:32.608, 37.72, 250.00, 0, 1140, 1215, 44, P0
2026/07/31 15:04:32.808, 37.73, 250.00, 0, 1140, 1215, 44, P0
2026/07/31 15:04:33.008, 37.71, 250.00, 0, 1140, 1215, 44, P0
2026/07/31 15:04:33.209, 37.83, 250.00, 0, 1140, 1215, 44, P0
2026/07/31 15:04:33.409, 37.73, 250.00, 0, 1140, 1215, 44, P0
2026/07/31 15:04:33.609, 37.81, 250.00, 0, 1140, 1215, 44, P0
2026/07/31 15:04:33.810, 37.72, 250.00, 0, 1140, 1215, 44, P0
2026/07/31 15:04:34.010, 37.72, 250.00, 0, 1140, 1215, 44, P0
2026/07/31 15:04:34.211, 37.72, 250.00, 0, 1140, 1215, 44, P0
2026/07/31 15:04:34.411, 37.81, 250.00, 0, 1140, 1215, 44, P0
2026/07/31 15:04:34.611, 37.83, 250.00, 0, 1140, 1215, 44, P0
2026/07/31 15:04:34.812, 37.81, 250.00, 0, 1140, 1215, 44, P0
2026/07/31 15:04:35.012, 37.81, 250.00, 0, 1140, 1215, 44, P0
2026/07/31 15:04:35.213, 37.72, 250.00, 0, 1140, 1215, 44, P0
2026/07/31 15:04:35.413, 37.69, 250.00, 0, 1140, 1215, 44, P0
2026/07/31 15:04:35.613, 37.72, 250.00, 0, 1140, 1215, 44, P0
2026/07/31 15:04:35.814, 37.73, 250.00, 0, 1140, 1215, 44, P0
2026/07/31 15:04:36.014, 37.72, 250.00, 0, 1140, 1215, 44, P0
2026/07/31 15:04:36.215, 37.72, 250.00, 0, 1140, 1215, 44, P0
2026/07/31 15:04:36.415, 37.72, 250.00, 0, 1140, 1215, 44, P0
2026/07/31 15:04:36.615, 37.73, 250.00, 0, 1140, 1215, 44, P0
2026/07/31 15:04:36.816, 37.63, 250.00, 0, 1140, 1215, 44, P0
2026/07/31 15:04:37.016, 37.73, 250.00, 0, 1140, 1215, 44, P0
2026/07/31 15:04:37.217, 37.69, 250.00, 0, 1140, 1215, 44, P0
2026/07/31 15:04:37.417, 37.72, 250.00, 0, 1140, 1215, 44, P0
2026/07/31 15:04:37.617, 37.72, 250.00, 0, 1140, 1215, 44, P0
2026/07/31 15:04:37.818, 37.62, 250.00, 0, 1140, 1215, 44, P0
2026/07/31 15:04:38.018, 37.62, 250.00, 0, 1140, 1215, 44, P0
2026/07/31 15:04:38.219, 37.72, 250.00, 0, 1140, 1215, 44, P0
2026/07/31 15:04:38.419, 37.69, 250.00, 0, 1140, 1215, 44, P0
2026/07/31 15:04:38.620, 37.69, 250.00, 0, 1140, 1215, 44, P0
2026/07/31 15:04:38.821, 38.01, 250.00, 0, 1140, 1215, 44, P0
2026/07/31 15:04:39.021, 38.11, 250.00, 0, 1140, 1215, 44, P0
2026/07/31 15:04:39.222, 38.11, 250.00, 0, 1140, 1215, 44, P0
2026/07/31 15:04:39.422, 38.11, 250.00, 0, 1140, 1215, 44, P0
2026/07/31 15:04:39.622, 38.11, 250.00, 0, 1140, 1215, 44, P0
2026/07/31 15:04:39.823, 38.20, 250.00, 0, 1140, 1215, 44, P0
2026/07/31 15:04:40.023, 38.11, 250.00, 0, 1140, 1215, 44, P0
2026/07/31 15:04:40.224, 38.19, 250.00, 0, 1140, 1215, 44, P0
2026/07/31 15:04:40.424, 38.11, 250.00, 0, 1140, 1215, 44, P0
2026/07/31 15:04:40.624, 38.11, 250.00, 0, 1140, 1215, 44, P0
2026/07/31 15:04:40.825, 38.06, 250.00, 0, 1140, 1215, 44, P0
2026/07/31 15:04:41.025, 38.00, 250.00, 0, 1140, 1215, 44, P0
2026/07/31 15:04:41.226, 38.10, 250.00, 0, 1140, 1215, 44, P0
2026/07/31 15:04:41.426, 38.08, 250.00, 0, 1140, 1215, 44, P0
2026/07/31 15:04:41.627, 38.11, 250.00, 0, 1140, 1215, 44, P0
2026/07/31 15:04:41.827, 38.01, 250.00, 0, 1140, 1215, 44, P0
2026/07/31 15:04:42.027, 38.01, 250.00, 0, 1140, 1215, 44, P0
2026/07/31 15:04:42.228, 38.01, 250.00, 0, 1140, 1215, 44, P0
2026/07/31 15:04:42.428, 38.01, 250.00, 0, 1140, 1215, 44, P0
2026/07/31 15:04:42.629, 38.11, 250.00, 0, 1140, 1215, 44, P0
2026/07/31 15:04:42.829, 38.01, 250.00, 0, 1140, 1215, 44, P0
2026/07/31 15:04:43.029, 38.01, 250.00, 0, 1140, 1215, 44, P0
2026/07/31 15:04:43.230, 38.01, 250.00, 0, 1140, 1215, 44, P0
2026/07/31 15:04:43.430, 38.01, 250.00, 0, 1140, 1215, 44, P0
2026/07/31 15:04:43.631, 38.01, 250.00, 0, 1140, 1215, 44, P0
2026/07/31 15:04:43.831, 38.11, 250.00, 0, 1140, 1215, 44, P0
2026/07/31 15:04:44.032, 38.01, 250.00, 0, 1140, 1215, 44, P0
2026/07/31 15:04:44.232, 38.01, 250.00, 0, 1140, 1215, 44, P0
2026/07/31 15:04:44.432, 38.00, 250.00, 0, 1140, 1215, 44, P0
2026/07/31 15:04:44.633, 37.89, 250.00, 0, 1140, 1215, 44, P0
2026/07/31 15:04:44.833, 37.92, 250.00, 0, 1140, 1215, 44, P0
2026/07/31 15:04:45.034, 38.01, 250.00, 0, 1140, 1215, 44, P0
2026/07/31 15:04:45.234, 38.01, 250.00, 0, 1140, 1215, 43, P0
2026/07/31 15:04:45.434, 38.01, 250.00, 0, 1140, 1215, 43, P0
2026/07/31 15:04:45.635, 38.01, 250.00, 0, 1140, 1215, 43, P0
2026/07/31 15:04:45.835, 37.91, 250.00, 0, 1140, 1215, 43, P0
2026/07/31 15:04:46.036, 38.01, 250.00, 0, 1140, 1215, 43, P0
2026/07/31 15:04:46.236, 37.91, 250.00, 0, 1140, 1215, 43, P0
2026/07/31 15:04:46.436, 38.01, 250.00, 0, 1140, 1215, 43, P0
2026/07/31 15:04:46.637, 38.01, 250.00, 0, 1140, 1215, 43, P0
2026/07/31 15:04:46.837, 38.01, 250.00, 0, 1140, 1215, 43, P0
2026/07/31 15:04:47.038, 38.32, 250.00, 0, 1140, 1215, 43, P0
2026/07/31 15:04:47.238, 38.31, 250.00, 0, 1140, 1215, 43, P0
2026/07/31 15:04:47.438, 38.29, 250.00, 0, 1140, 1215, 43, P0
2026/07/31 15:04:47.639, 38.30, 250.00, 0, 1140, 1215, 43, P0
2026/07/31 15:04:47.839, 38.31, 250.00, 0, 1140, 1215, 43, P0
2026/07/31 15:04:48.040, 38.21, 250.00, 0, 1140, 1215, 43, P0
2026/07/31 15:04:48.240, 38.20, 250.00, 0, 1140, 1215, 43, P0
2026/07/31 15:04:48.440, 38.19, 250.00, 0, 1140, 1215, 43, P0
2026/07/31 15:04:48.641, 38.21, 250.00, 0, 1140, 1215, 43, P0
2026/07/31 15:04:48.841, 38.20, 250.00, 0, 1140, 1215, 43, P0
2026/07/31 15:04:49.042, 38.11, 250.00, 0, 1140, 1215, 43, P0
2026/07/31 15:04:49.242, 38.06, 250.00, 0, 1140, 1215, 43, P0
2026/07/31 15:04:49.442, 38.11, 250.00, 0, 1140, 1215, 43, P0
2026/07/31 15:04:49.643, 38.11, 250.00, 0, 1140, 1215, 43, P0
2026/07/31 15:04:49.843, 38.11, 250.00, 0, 1140, 1215, 43, P0
2026/07/31 15:04:50.044, 38.11, 250.00, 0, 1140, 1215, 43, P0
2026/07/31 15:04:50.244, 37.91, 250.00, 0, 1140, 1215, 43, P0
2026/07/31 15:04:50.444, 38.08, 250.00, 0, 1140, 1215, 43, P0
2026/07/31 15:04:50.645, 38.00, 250.00, 0, 1140, 1215, 43, P0
2026/07/31 15:04:50.845, 37.99, 250.00, 0, 1140, 1215, 43, P0
2026/07/31 15:04:51.046, 38.01, 250.00, 0, 1140, 1215, 43, P0
2026/07/31 15:04:51.246, 38.01, 250.00, 0, 1140, 1215, 43, P0
2026/07/31 15:04:51.446, 38.11, 250.00, 0, 1140, 1215, 43, P0
2026/07/31 15:04:51.647, 38.01, 250.00, 0, 1140, 1215, 43, P0
2026/07/31 15:04:51.847, 37.91, 250.00, 0, 1140, 1215, 43, P0
2026/07/31 15:04:52.048, 38.01, 250.00, 0, 1140, 1215, 43, P0
2026/07/31 15:04:52.248, 37.98, 250.00, 0, 1140, 1215, 43, P0
2026/07/31 15:04:52.448, 38.01, 250.00, 0, 1140, 1215, 43, P0
2026/07/31 15:04:52.649, 37.98, 250.00, 0, 1140, 1215, 43, P0
2026/07/31 15:04:52.849, 37.92, 250.00, 0, 1140, 1215, 43, P0
2026/07/31 15:04:53.050, 37.93, 250.00, 10, 1140, 1215, 43, P0
2026/07/31 15:04:53.250, 37.91, 250.00, 0, 1140, 1215, 43, P0
2026/07/31 15:04:53.450, 37.90, 250.00, 0, 1140, 1215, 43, P0
2026/07/31 15:04:53.651, 37.90, 250.00, 0, 1140, 1215, 43, P0
2026/07/31 15:04:53.851, 37.93, 250.00, 0, 1140, 1215, 43, P0
2026/07/31 15:04:54.052, 173.11, 250.00, 0, 1140, 1215, 47, P0
2026/07/31 15:04:54.252, 182.27, 250.00, 97, 1335, 1215, 50, P0
2026/07/31 15:04:54.453, 214.45, 250.00, 100, 1365, 1215, 52, P0
2026/07/31 15:04:54.653, 250.38, 250.00, 94, 1320, 1215, 54, P0
2026/07/31 15:04:54.853, 252.30, 250.00, 94, 1320, 1215, 55, P0
2026/07/31 15:04:55.054, 257.54, 250.00, 100, 1320, 1215, 55, P0
2026/07/31 15:04:55.254, 255.19, 250.00, 94, 1320, 1215, 56, P0
2026/07/31 15:04:55.455, 274.76, 250.00, 100, 1320, 1215, 56, P0
2026/07/31 15:04:55.655, 255.71, 250.00, 94, 1320, 1215, 56, P0
2026/07/31 15:04:55.856, 243.78, 250.00, 100, 1380, 1215, 55, P0
2026/07/31 15:04:56.056, 256.30, 250.00, 100, 1320, 1215, 57, P0
2026/07/31 15:04:56.257, 254.95, 250.00, 94, 1305, 1215, 57, P0
2026/07/31 15:04:56.457, 255.87, 250.00, 100, 1320, 1215, 57, P0
2026/07/31 15:04:56.658, 246.54, 250.00, 93, 1320, 1215, 57, P0
2026/07/31 15:04:56.858, 242.95, 250.00, 100, 1320, 1215, 57, P0
2026/07/31 15:04:57.059, 252.22, 250.00, 100, 1320, 1215, 58, P0
2026/07/31 15:04:57.259, 249.88, 250.00, 93, 1320, 1215, 58, P0
2026/07/31 15:04:57.460, 171.54, 250.00, 100, 1380, 1215, 57, P0
2026/07/31 15:04:57.660, 244.09, 250.00, 100, 1320, 1215, 58, P0
2026/07/31 15:04:57.861, 243.45, 250.00, 94, 1320, 1215, 58, P0
2026/07/31 15:04:58.061, 282.14, 250.00, 100, 1335, 1215, 59, P0
2026/07/31 15:04:58.262, 255.80, 250.00, 94, 1320, 1215, 59, P0
2026/07/31 15:04:58.462, 254.56, 250.00, 99, 1320, 1215, 59, P0
2026/07/31 15:04:58.662, 266.76, 250.00, 100, 1320, 1215, 59, P0
2026/07/31 15:04:58.863, 253.42, 250.00, 94, 1320, 1215, 59, P0
2026/07/31 15:04:59.064, 242.26, 250.00, 100, 1320, 1215, 59, P0
2026/07/31 15:04:59.264, 207.12, 250.00, 100, 1395, 1215, 56, P0
2026/07/31 15:04:59.465, 211.05, 250.00, 97, 1410, 1215, 55, P0
2026/07/31 15:04:59.665, 211.62, 250.00, 95, 1410, 1215, 55, P0
2026/07/31 15:04:59.866, 213.44, 250.00, 94, 1410, 1215, 55, P0
2026/07/31 15:05:00.066, 216.78, 250.00, 95, 1410, 1215, 55, P0
2026/07/31 15:05:00.267, 212.76, 250.00, 95, 1410, 1215, 55, P0
2026/07/31 15:05:00.467, 216.36, 250.00, 95, 1410, 1215, 55, P0
2026/07/31 15:05:00.668, 209.49, 250.00, 95, 1410, 1215, 55, P0
2026/07/31 15:05:00.868, 280.97, 250.00, 95, 1350, 1215, 57, P0
2026/07/31 15:05:01.069, 251.41, 250.00, 78, 1305, 1215, 59, P0
2026/07/31 15:05:01.269, 255.35, 250.00, 100, 1380, 1215, 59, P0
2026/07/31 15:05:01.470, 248.14, 250.00, 99, 1320, 1215, 60, P0
2026/07/31 15:05:01.670, 247.84, 250.00, 95, 1305, 1215, 60, P0
2026/07/31 15:05:01.871, 262.52, 250.00, 100, 1320, 1215, 60, P0
2026/07/31 15:05:02.071, 253.41, 250.00, 94, 1305, 1215, 60, P0
2026/07/31 15:05:02.272, 185.22, 250.00, 100, 1320, 1215, 60, P0
2026/07/31 15:05:02.472, 245.58, 250.00, 94, 1320, 1215, 60, P0
2026/07/31 15:05:02.673, 251.32, 250.00, 100, 1350, 1215, 61, P0
2026/07/31 15:05:02.873, 253.18, 250.00, 100, 1320, 1215, 61, P0
2026/07/31 15:05:03.074, 248.64, 250.00, 94, 1320, 1215, 61, P0
2026/07/31 15:05:03.274, 226.70, 250.00, 100, 1320, 1215, 61, P0
2026/07/31 15:05:03.475, 252.82, 250.00, 94, 1320, 1215, 61, P0
2026/07/31 15:05:03.675, 233.58, 250.00, 100, 1305, 1215, 61, P0
2026/07/31 15:05:03.875, 258.93, 250.00, 100, 1320, 1215, 62, P0
2026/07/31 15:05:04.076, 254.19, 250.00, 94, 1305, 1215, 62, P0
2026/07/31 15:05:04.276, 253.30, 250.00, 100, 1380, 1215, 61, P0
2026/07/31 15:05:04.477, 259.12, 250.00, 98, 1320, 1215, 62, P0
2026/07/31 15:05:04.677, 244.44, 250.00, 95, 1305, 1215, 62, P0
2026/07/31 15:05:04.878, 219.25, 250.00, 100, 1335, 1215, 62, P0
2026/07/31 15:05:05.078, 249.52, 250.00, 94, 1320, 1215, 62, P0
2026/07/31 15:05:05.278, 252.07, 250.00, 100, 1320, 1215, 62, P0
2026/07/31 15:05:05.479, 255.82, 250.00, 100, 1320, 1215, 63, P0
2026/07/31 15:05:05.679, 249.57, 250.00, 93, 1320, 1215, 62, P0
2026/07/31 15:05:05.880, 245.08, 250.00, 100, 1320, 1215, 63, P0
2026/07/31 15:05:06.080, 217.34, 250.00, 100, 1395, 1215, 59, P0
2026/07/31 15:05:06.281, 218.71, 250.00, 96, 1410, 1215, 59, P0
2026/07/31 15:05:06.481, 217.14, 250.00, 96, 1410, 1215, 58, P0
2026/07/31 15:05:06.682, 228.84, 250.00, 95, 1410, 1215, 58, P0
2026/07/31 15:05:06.882, 216.65, 250.00, 95, 1410, 1215, 58, P0
2026/07/31 15:05:07.083, 218.52, 250.00, 95, 1410, 1215, 58, P0
2026/07/31 15:05:07.283, 318.87, 250.00, 94, 1410, 1215, 60, P0
2026/07/31 15:05:07.484, 238.11, 250.00, 67, 1290, 1215, 61, P0
2026/07/31 15:05:07.684, 251.24, 250.00, 99, 1305, 1215, 62, P0
2026/07/31 15:05:07.885, 253.91, 250.00, 100, 1305, 1215, 62, P0
2026/07/31 15:05:08.085, 254.43, 250.00, 94, 1305, 1215, 63, P0
2026/07/31 15:05:08.286, 265.72, 250.00, 100, 1305, 1215, 63, P0
2026/07/31 15:05:08.486, 242.64, 250.00, 94, 1305, 1215, 63, P0
2026/07/31 15:05:08.686, 245.82, 250.00, 100, 1305, 1215, 63, P0
2026/07/31 15:05:08.887, 242.97, 250.00, 94, 1305, 1215, 63, P0
2026/07/31 15:05:09.087, 251.04, 250.00, 100, 1305, 1215, 63, P0
2026/07/31 15:05:09.288, 265.77, 250.00, 100, 1305, 1215, 64, P0
2026/07/31 15:05:09.488, 248.61, 250.00, 94, 1305, 1215, 64, P0
2026/07/31 15:05:09.689, 243.39, 250.00, 100, 1305, 1215, 63, P0
2026/07/31 15:05:09.889, 259.23, 250.00, 94, 1320, 1215, 64, P0
2026/07/31 15:05:10.090, 238.79, 250.00, 100, 1275, 1215, 64, P0
2026/07/31 15:05:10.290, 268.65, 250.00, 100, 1320, 1215, 64, P0
2026/07/31 15:05:10.491, 254.20, 250.00, 93, 1305, 1215, 64, P0
2026/07/31 15:05:10.691, 248.99, 250.00, 100, 1320, 1215, 64, P0
2026/07/31 15:05:10.892, 250.35, 250.00, 100, 1305, 1215, 64, P0
2026/07/31 15:05:11.092, 251.52, 250.00, 93, 1305, 1215, 64, P0
2026/07/31 15:05:11.292, 245.33, 250.00, 100, 1305, 1215, 65, P0
2026/07/31 15:05:11.493, 244.71, 250.00, 95, 1305, 1215, 65, P0
2026/07/31 15:05:11.693, 249.87, 250.00, 99, 1305, 1215, 65, P0
2026/07/31 15:05:11.894, 213.11, 250.00, 100, 1350, 1215, 65, P0
2026/07/31 15:05:12.094, 245.52, 250.00, 94, 1320, 1215, 65, P0
2026/07/31 15:05:12.295, 241.08, 250.00, 100, 1290, 1215, 65, P0
2026/07/31 15:05:12.495, 197.87, 250.00, 100, 1365, 1215, 63, P0
2026/07/31 15:05:12.696, 215.04, 250.00, 96, 1410, 1215, 61, P0
2026/07/31 15:05:12.896, 222.26, 250.00, 95, 1410, 1215, 61, P0
2026/07/31 15:05:13.097, 219.24, 250.00, 94, 1410, 1215, 61, P0
2026/07/31 15:05:13.297, 221.13, 250.00, 96, 1410, 1215, 61, P0
2026/07/31 15:05:13.498, 229.46, 250.00, 95, 1410, 1215, 61, P0
2026/07/31 15:05:13.698, 219.62, 250.00, 95, 1410, 1215, 61, P0
2026/07/31 15:05:13.899, 221.72, 250.00, 96, 1410, 1215, 61, P0
2026/07/31 15:05:14.099, 223.13, 250.00, 95, 1410, 1215, 61, P0
2026/07/31 15:05:14.300, 219.64, 250.00, 94, 1410, 1215, 61, P0
2026/07/31 15:05:14.500, 60.58, 250.00, 84, 1410, 1215, 57, P0
2026/07/31 15:05:14.700, 58.92, 250.00, 0, 1410, 1215, 56, P0
2026/07/31 15:05:14.901, 57.74, 250.00, 0, 1410, 1215, 55, P0
2026/07/31 15:05:15.101, 56.65, 250.00, 0, 1410, 1215, 55, P0
2026/07/31 15:05:15.302, 57.14, 250.00, 0, 1410, 1215, 55, P0
2026/07/31 15:05:15.502, 56.29, 250.00, 0, 1410, 1215, 55, P0
2026/07/31 15:05:15.702, 56.68, 250.00, 0, 1410, 1215, 54, P0
2026/07/31 15:05:15.906, 55.88, 250.00, 0, 1410, 1215, 54, P0
2026/07/31 15:05:16.107, 55.88, 250.00, 0, 1140, 1215, 54, P0
2026/07/31 15:05:16.307, 41.52, 250.00, 0, 1140, 1215, 53, P0
2026/07/31 15:05:16.508, 41.17, 250.00, 0, 1140, 1215, 53, P0
2026/07/31 15:05:16.760, 40.98, 250.00, 0, 1140, 1215, 53, P0
2026/07/31 15:05:16.960, 40.88, 250.00, 0, 1140, 1215, 53, P0
2026/07/31 15:05:17.161, 40.87, 250.00, 0, 1140, 1215, 53, P0
2026/07/31 15:05:17.361, 40.79, 250.00, 0, 1140, 1215, 53, P0
2026/07/31 15:05:17.561, 40.67, 250.00, 0, 1140, 1215, 52, P0
2026/07/31 15:05:17.762, 40.67, 250.00, 0, 1140, 1215, 52, P0
2026/07/31 15:05:17.962, 40.69, 250.00, 0, 1140, 1215, 52, P0
2026/07/31 15:05:18.163, 40.58, 250.00, 0, 1140, 1215, 52, P0
2026/07/31 15:05:18.363, 40.48, 250.00, 0, 1140, 1215, 52, P0
2026/07/31 15:05:18.564, 40.50, 250.00, 0, 1140, 1215, 52, P0
2026/07/31 15:05:18.764, 40.38, 250.00, 0, 1140, 1215, 52, P0
2026/07/31 15:05:18.973, 40.47, 250.00, 0, 1140, 1215, 52, P0
2026/07/31 15:05:19.174, 40.29, 250.00, 0, 1140, 1215, 52, P0
2026/07/31 15:05:19.374, 40.29, 250.00, 0, 1140, 1215, 52, P0
2026/07/31 15:05:19.574, 40.40, 250.00, 0, 1140, 1215, 52, P0
2026/07/31 15:05:19.775, 40.29, 250.00, 0, 1140, 1215, 52, P0
2026/07/31 15:05:19.975, 40.19, 250.00, 0, 1140, 1215, 51, P0
2026/07/31 15:05:20.175, 40.29, 250.00, 0, 1140, 1215, 51, P0
2026/07/31 15:05:20.376, 40.30, 250.00, 0, 1140, 1215, 51, P0
2026/07/31 15:05:20.576, 40.30, 250.00, 0, 1140, 1215, 51, P0
2026/07/31 15:05:20.777, 40.19, 250.00, 0, 1140, 1215, 51, P0
2026/07/31 15:05:20.977, 40.10, 250.00, 0, 1140, 1215, 51, P0
2026/07/31 15:05:21.177, 40.08, 250.00, 0, 1140, 1215, 51, P0
2026/07/31 15:05:21.378, 40.19, 250.00, 0, 1140, 1215, 51, P0
2026/07/31 15:05:21.578, 40.00, 250.00, 0, 1140, 1215, 51, P0
2026/07/31 15:05:21.779, 40.11, 250.00, 0, 1140, 1215, 51, P0
2026/07/31 15:05:21.979, 40.01, 250.00, 0, 1140, 1215, 51, P0
2026/07/31 15:05:22.179, 40.00, 250.00, 0, 1140, 1215, 51, P0
2026/07/31 15:05:22.380, 39.90, 250.00, 0, 1140, 1215, 51, P0
2026/07/31 15:05:22.580, 39.99, 250.00, 0, 1140, 1215, 51, P0
2026/07/31 15:05:22.780, 39.90, 250.00, 0, 1140, 1215, 51, P0
2026/07/31 15:05:22.981, 39.91, 250.00, 0, 1140, 1215, 51, P0
2026/07/31 15:05:23.181, 39.80, 250.00, 0, 1140, 1215, 51, P0
2026/07/31 15:05:23.381, 39.90, 250.00, 0, 1140, 1215, 51, P0
2026/07/31 15:05:23.582, 39.78, 250.00, 0, 1140, 1215, 51, P0
2026/07/31 15:05:23.782, 39.88, 250.00, 0, 1140, 1215, 51, P0
2026/07/31 15:05:23.983, 39.81, 250.00, 0, 1140, 1215, 51, P0
2026/07/31 15:05:24.183, 39.80, 250.00, 0, 1140, 1215, 51, P0
2026/07/31 15:05:24.383, 39.80, 250.00, 0, 1140, 1215, 50, P0
2026/07/31 15:05:24.584, 39.78, 250.00, 0, 1140, 1215, 50, P0
2026/07/31 15:05:24.784, 39.80, 250.00, 0, 1140, 1215, 50, P0
