2026/07/31 15:08:38.349, 37.10, 250.00, 0, 1140, 1215, 41, P0
2026/07/31 15:08:38.556, 37.13, 250.00, 0, 1140, 1215, 41, P0
2026/07/31 15:08:38.756, 37.14, 250.00, 0, 1140, 1215, 41, P0
2026/07/31 15:08:38.956, 37.12, 250.00, 0, 1140, 1215, 41, P0
2026/07/31 15:08:39.157, 37.12, 250.00, 0, 1140, 1215, 41, P0
2026/07/31 15:08:39.357, 37.13, 250.00, 0, 1140, 1215, 41, P0
2026/07/31 15:08:39.557, 37.12, 250.00, 0, 1140, 1215, 41, P0
2026/07/31 15:08:39.758, 37.02, 250.00, 0, 1140, 1215, 41, P0
2026/07/31 15:08:39.958, 37.12, 250.00, 0, 1140, 1215, 41, P0
2026/07/31 15:08:40.159, 37.12, 250.00, 0, 1140, 1215, 41, P0
2026/07/31 15:08:40.359, 36.92, 250.00, 0, 1140, 1215, 41, P0
2026/07/31 15:08:40.559, 37.02, 250.00, 0, 1140, 1215, 41, P0
2026/07/31 15:08:40.760, 36.95, 250.00, 0, 1140, 1215, 41, P0
2026/07/31 15:08:40.960, 37.05, 250.00, 0, 1140, 1215, 41, P0
2026/07/31 15:08:41.160, 37.05, 250.00, 0, 1140, 1215, 41, P0
2026/07/31 15:08:41.361, 37.00, 250.00, 0, 1140, 1215, 41, P0
2026/07/31 15:08:41.561, 36.98, 250.00, 0, 1140, 1215, 41, P0
2026/07/31 15:08:41.761, 37.05, 250.00, 0, 1140, 1215, 41, P0
2026/07/31 15:08:41.962, 37.14, 250.00, 0, 1140, 1215, 41, P0
2026/07/31 15:08:42.162, 37.05, 250.00, 0, 1140, 1215, 41, P0
2026/07/31 15:08:42.362, 36.94, 250.00, 0, 1140, 1215, 41, P0
2026/07/31 15:08:42.563, 36.92, 250.00, 0, 1140, 1215, 41, P0
2026/07/31 15:08:42.763, 37.02, 250.00, 0, 1140, 1215, 41, P0
2026/07/31 15:08:42.963, 37.03, 250.00, 0, 1140, 1215, 41, P0
2026/07/31 15:08:43.164, 36.94, 250.00, 0, 1140, 1215, 41, P0
2026/07/31 15:08:43.364, 37.05, 250.00, 0, 1140, 1215, 41, P0
2026/07/31 15:08:43.564, 36.95, 250.00, 0, 1140, 1215, 41, P0
2026/07/31 15:08:43.765, 36.95, 250.00, 0, 1140, 1215, 41, P0
2026/07/31 15:08:43.965, 37.02, 250.00, 0, 1140, 1215, 41, P0
2026/07/31 15:08:44.166, 37.05, 250.00, 0, 1140, 1215, 41, P0
2026/07/31 15:08:44.366, 37.00, 250.00, 0, 1140, 1215, 41, P0
2026/07/31 15:08:44.566, 36.95, 250.00, 0, 1140, 1215, 41, P0
2026/07/31 15:08:44.767, 36.95, 250.00, 0, 1140, 1215, 41, P0
2026/07/31 15:08:44.967, 37.05, 250.00, 0, 1140, 1215, 41, P0
2026/07/31 15:08:45.167, 36.92, 250.00, 0, 1140, 1215, 41, P0
2026/07/31 15:08:45.368, 36.95, 250.00, 0, 1140, 1215, 41, P0
2026/07/31 15:08:45.568, 37.02, 250.00, 0, 1140, 1215, 41, P0
2026/07/31 15:08:45.768, 36.92, 250.00, 0, 1140, 1215, 41, P0
2026/07/31 15:08:45.969, 37.04, 250.00, 0, 1140, 1215, 41, P0
2026/07/31 15:08:46.169, 36.95, 250.00, 0, 1140, 1215, 41, P0
2026/07/31 15:08:46.370, 36.92, 250.00, 0, 1140, 1215, 41, P0
2026/07/31 15:08:46.570, 36.95, 250.00, 0, 1140, 1215, 41, P0
2026/07/31 15:08:46.770, 37.04, 250.00, 0, 1140, 1215, 41, P0
2026/07/31 15:08:46.971, 36.94, 250.00, 0, 1140, 1215, 41, P0
2026/07/31 15:08:47.171, 37.04, 250.00, 0, 1140, 1215, 41, P0
2026/07/31 15:08:47.371, 36.90, 250.00, 0, 1140, 1215, 41, P0
2026/07/31 15:08:47.572, 37.02, 250.00, 0, 1140, 1215, 41, P0
2026/07/31 15:08:47.772, 36.94, 250.00, 0, 1140, 1215, 41, P0
2026/07/31 15:08:47.973, 36.94, 250.00, 0, 1140, 1215, 41, P0
2026/07/31 15:08:48.173, 36.95, 250.00, 0, 1140, 1215, 41, P0
2026/07/31 15:08:48.373, 36.94, 250.00, 0, 1140, 1215, 41, P0
2026/07/31 15:08:48.574, 37.02, 250.00, 0, 1140, 1215, 41, P0
2026/07/31 15:08:48.774, 36.90, 250.00, 0, 1140, 1215, 41, P0
2026/07/31 15:08:48.975, 36.94, 250.00, 0, 1140, 1215, 41, P0
2026/07/31 15:08:49.175, 36.94, 250.00, 0, 1140, 1215, 41, P0
2026/07/31 15:08:49.375, 36.95, 250.00, 0, 1140, 1215, 41, P0
2026/07/31 15:08:49.576, 36.83, 250.00, 0, 1140, 1215, 41, P0
2026/07/31 15:08:49.776, 36.93, 250.00, 0, 1140, 1215, 41, P0
2026/07/31 15:08:49.976, 37.02, 250.00, 0, 1140, 1215, 41, P0
2026/07/31 15:08:50.177, 36.93, 250.00, 0, 1140, 1215, 40, P0
2026/07/31 15:08:50.377, 36.98, 250.00, 0, 1140, 1215, 41, P0
2026/07/31 15:08:50.577, 36.95, 250.00, 0, 1140, 1215, 40, P0
2026/07/31 15:08:50.778, 37.03, 250.00, 0, 1140, 1215, 41, P0
2026/07/31 15:08:50.978, 36.94, 250.00, 0, 1140, 1215, 40, P0
2026/07/31 15:08:51.179, 37.02, 250.00, 0, 1140, 1215, 40, P0
2026/07/31 15:08:51.379, 37.04, 250.00, 0, 1140, 1215, 40, P0
2026/07/31 15:08:51.579, 36.92, 250.00, 0, 1140, 1215, 40, P0
2026/07/31 15:08:51.780, 36.92, 250.00, 0, 1140, 1215, 40, P0
2026/07/31 15:08:51.980, 36.92, 250.00, 0, 1140, 1215, 40, P0
2026/07/31 15:08:52.181, 36.94, 250.00, 0, 1140, 1215, 40, P0
2026/07/31 15:08:52.382, 36.92, 250.00, 0, 1140, 1215, 40, P0
2026/07/31 15:08:52.586, 37.03, 250.00, 0, 1140, 1215, 40, P0
2026/07/31 15:08:52.786, 37.02, 250.00, 0, 1140, 1215, 40, P0
2026/07/31 15:08:52.987, 36.92, 250.00, 0, 1140, 1215, 40, P0
2026/07/31 15:08:53.187, 36.91, 250.00, 0, 1140, 1215, 40, P0
2026/07/31 15:08:53.388, 36.92, 250.00, 0, 1140, 1215, 40, P0
2026/07/31 15:08:53.588, 36.92, 250.00, 0, 1140, 1215, 40, P0
2026/07/31 15:08:53.788, 36.94, 250.00, 0, 1140, 1215, 40, P0
2026/07/31 15:08:53.989, 36.94, 250.00, 0, 1140, 1215, 40, P0
2026/07/31 15:08:54.189, 36.92, 250.00, 0, 1140, 1215, 40, P0
2026/07/31 15:08:54.389, 36.94, 250.00, 0, 1140, 1215, 40, P0
2026/07/31 15:08:54.590, 37.21, 250.00, 0, 1140, 1215, 40, P0
2026/07/31 15:08:54.790, 37.19, 250.00, 0, 1140, 1215, 40, P0
2026/07/31 15:08:54.991, 37.33, 250.00, 0, 1140, 1215, 40, P0
2026/07/31 15:08:55.191, 37.23, 250.00, 0, 1140, 1215, 40, P0
2026/07/31 15:08:55.391, 37.24, 250.00, 0, 1140, 1215, 40, P0
2026/07/31 15:08:55.592, 37.23, 250.00, 0, 1140, 1215, 40, P0
2026/07/31 15:08:55.792, 37.13, 250.00, 0, 1140, 1215, 40, P0
2026/07/31 15:08:55.993, 37.18, 250.00, 0, 1140, 1215, 40, P0
2026/07/31 15:08:56.193, 37.12, 250.00, 0, 1140, 1215, 40, P0
2026/07/31 15:08:56.393, 37.19, 250.00, 0, 1140, 1215, 40, P0
2026/07/31 15:08:56.594, 37.23, 250.00, 0, 1140, 1215, 40, P0
2026/07/31 15:08:56.794, 37.13, 250.00, 0, 1140, 1215, 40, P0
2026/07/31 15:08:56.995, 37.12, 250.00, 0, 1140, 1215, 40, P0
2026/07/31 15:08:57.195, 37.12, 250.00, 0, 1140, 1215, 40, P0
2026/07/31 15:08:57.396, 37.07, 250.00, 0, 1140, 1215, 40, P0
2026/07/31 15:08:57.596, 37.11, 250.00, 0, 1140, 1215, 40, P0
2026/07/31 15:08:57.796, 37.12, 250.00, 0, 1140, 1215, 40, P0
2026/07/31 15:08:57.997, 37.13, 250.00, 0, 1140, 1215, 40, P0
2026/07/31 15:08:58.197, 37.03, 250.00, 0, 1140, 1215, 40, P0
2026/07/31 15:08:58.398, 37.02, 250.00, 0, 1140, 1215, 40, P0
2026/07/31 15:08:58.598, 37.02, 250.00, 0, 1140, 1215, 40, P0
2026/07/31 15:08:58.799, 36.93, 250.00, 0, 1140, 1215, 40, P0
2026/07/31 15:08:58.999, 37.04, 250.00, 0, 1140, 1215, 40, P0
2026/07/31 15:08:59.199, 36.92, 250.00, 0, 1140, 1215, 40, P0
2026/07/31 15:08:59.400, 37.00, 250.00, 0, 1140, 1215, 40, P0
2026/07/31 15:08:59.600, 37.04, 250.00, 0, 1140, 1215, 40, P0
2026/07/31 15:08:59.800, 37.02, 250.00, 0, 1140, 1215, 40, P0
2026/07/31 15:09:00.001, 37.02, 250.00, 0, 1140, 1215, 40, P0
2026/07/31 15:09:00.201, 37.04, 250.00, 0, 1140, 1215, 40, P0
2026/07/31 15:09:00.402, 36.93, 250.00, 0, 1140, 1215, 40, P0
2026/07/31 15:09:00.602, 37.00, 250.00, 0, 1140, 1215, 40, P0
2026/07/31 15:09:00.803, 36.92, 250.00, 0, 1140, 1215, 40, P0
2026/07/31 15:09:01.003, 37.02, 250.00, 0, 1140, 1215, 40, P0
2026/07/31 15:09:01.203, 36.92, 250.00, 0, 1140, 1215, 40, P0
2026/07/31 15:09:01.404, 36.94, 250.00, 0, 1140, 1215, 40, P0
2026/07/31 15:09:01.604, 37.05, 250.00, 0, 1140, 1215, 40, P0
2026/07/31 15:09:01.805, 36.94, 250.00, 0, 1140, 1215, 40, P0
2026/07/31 15:09:02.005, 36.95, 250.00, 0, 1140, 1215, 40, P0
2026/07/31 15:09:02.205, 36.92, 250.00, 0, 1140, 1215, 40, P0
2026/07/31 15:09:02.406, 36.90, 250.00, 0, 1140, 1215, 40, P0
2026/07/31 15:09:02.606, 37.04, 250.00, 0, 1140, 1215, 40, P0
2026/07/31 15:09:02.807, 36.94, 250.00, 0, 1140, 1215, 40, P0
2026/07/31 15:09:03.007, 36.92, 250.00, 0, 1140, 1215, 40, P0
2026/07/31 15:09:03.207, 36.92, 250.00, 0, 1140, 1215, 40, P0
2026/07/31 15:09:03.408, 36.92, 250.00, 0, 1140, 1215, 40, P0
2026/07/31 15:09:03.608, 36.90, 250.00, 0, 1140, 1215, 40, P0
2026/07/31 15:09:03.809, 36.92, 250.00, 0, 1140, 1215, 40, P0
2026/07/31 15:09:04.009, 36.93, 250.00, 0, 1140, 1215, 40, P0
2026/07/31 15:09:04.209, 36.90, 250.00, 0, 1140, 1215, 40, P0
2026/07/31 15:09:04.410, 36.94, 250.00, 0, 1140, 1215, 40, P0
2026/07/31 15:09:04.610, 36.92, 250.00, 0, 1140, 1215, 40, P0
2026/07/31 15:09:04.811, 36.94, 250.00, 0, 1140, 1215, 40, P0
2026/07/31 15:09:05.012, 36.94, 250.00, 0, 1140, 1215, 40, P0
2026/07/31 15:09:05.212, 36.94, 250.00, 0, 1140, 1215, 40, P0
2026/07/31 15:09:05.413, 36.92, 250.00, 0, 1140, 1215, 40, P0
2026/07/31 15:09:05.613, 36.92, 250.00, 0, 1140, 1215, 40, P0
2026/07/31 15:09:05.814, 37.02, 250.00, 0, 1140, 1215, 40, P0
2026/07/31 15:09:06.014, 37.02, 250.00, 0, 1140, 1215, 40, P0
2026/07/31 15:09:06.214, 36.92, 250.00, 0, 1140, 1215, 40, P0
2026/07/31 15:09:06.415, 36.92, 250.00, 0, 1140, 1215, 40, P0
2026/07/31 15:09:06.615, 37.00, 250.00, 0, 1140, 1215, 40, P0
2026/07/31 15:09:06.816, 36.92, 250.00, 0, 1140, 1215, 40, P0
2026/07/31 15:09:07.016, 36.92, 250.00, 0, 1140, 1215, 40, P0
2026/07/31 15:09:07.217, 37.02, 250.00, 0, 1140, 1215, 40, P0
2026/07/31 15:09:07.417, 36.94, 250.00, 0, 1140, 1215, 40, P0
2026/07/31 15:09:07.617, 36.84, 250.00, 0, 1140, 1215, 40, P0
2026/07/31 15:09:07.818, 36.95, 250.00, 0, 1140, 1215, 40, P0
2026/07/31 15:09:08.018, 36.93, 250.00, 0, 1140, 1215, 40, P0
2026/07/31 15:09:08.219, 36.92, 250.00, 0, 1140, 1215, 40, P0
2026/07/31 15:09:08.419, 36.92, 250.00, 0, 1140, 1215, 40, P0
2026/07/31 15:09:08.619, 37.03, 250.00, 0, 1140, 1215, 40, P0
2026/07/31 15:09:08.820, 36.92, 250.00, 0, 1140, 1215, 40, P0
2026/07/31 15:09:09.020, 37.02, 250.00, 0, 1140, 1215, 40, P0
2026/07/31 15:09:09.221, 36.93, 250.00, 0, 1140, 1215, 40, P0
2026/07/31 15:09:09.421, 36.92, 250.00, 0, 1140, 1215, 40, P0
2026/07/31 15:09:09.621, 36.90, 250.00, 0, 1140, 1215, 40, P0
2026/07/31 15:09:09.822, 36.92, 250.00, 0, 1140, 1215, 40, P0
2026/07/31 15:09:10.022, 36.93, 250.00, 0, 1140, 1215, 40, P0
2026/07/31 15:09:10.223, 36.83, 250.00, 0, 1140, 1215, 40, P0
2026/07/31 15:09:10.423, 36.83, 250.00, 0, 1140, 1215, 40, P0
2026/07/31 15:09:10.623, 36.83, 250.00, 0, 1140, 1215, 40, P0
2026/07/31 15:09:10.824, 36.83, 250.00, 0, 1140, 1215, 40, P0
2026/07/31 15:09:11.024, 36.94, 250.00, 0, 1140, 1215, 40, P0
2026/07/31 15:09:11.225, 36.94, 250.00, 0, 1140, 1215, 40, P0
2026/07/31 15:09:11.425, 65.53, 250.00, 0, 1140, 1215, 41, P0
2026/07/31 15:09:11.625, 152.52, 250.00, 8, 1140, 1215, 42, P0
2026/07/31 15:09:11.826, 212.48, 250.00, 51, 1410, 1215, 44, P0
2026/07/31 15:09:12.026, 209.93, 250.00, 100, 1410, 1215, 45, P0
2026/07/31 15:09:12.227, 214.80, 250.00, 100, 1410, 1215, 46, P0
2026/07/31 15:09:12.427, 211.04, 250.00, 100, 1410, 1215, 47, P0
2026/07/31 15:09:12.660, 211.97, 250.00, 100, 1410, 1215, 47, P0
2026/07/31 15:09:12.863, 214.30, 250.00, 100, 1410, 1215, 47, P0
2026/07/31 15:09:13.063, 212.54, 250.00, 100, 1410, 1215, 48, P0
2026/07/31 15:09:13.264, 215.36, 250.00, 100, 1410, 1215, 48, P0
2026/07/31 15:09:13.464, 213.48, 250.00, 100, 1410, 1215, 48, P0
2026/07/31 15:09:13.665, 217.31, 250.00, 100, 1410, 1215, 48, P0
2026/07/31 15:09:13.865, 214.18, 250.00, 100, 1410, 1215, 49, P0
2026/07/31 15:09:14.065, 213.40, 250.00, 100, 1410, 1215, 49, P0
2026/07/31 15:09:14.266, 216.16, 250.00, 100, 1410, 1215, 49, P0
2026/07/31 15:09:14.466, 214.39, 250.00, 100, 1410, 1215, 49, P0
2026/07/31 15:09:14.667, 218.43, 250.00, 100, 1410, 1215, 49, P0
2026/07/31 15:09:14.867, 103.21, 250.00, 96, 1410, 1215, 47, P0
2026/07/31 15:09:15.068, 217.38, 250.00, 31, 1410, 1215, 49, P0
2026/07/31 15:09:15.269, 215.06, 250.00, 100, 1410, 1215, 49, P0
2026/07/31 15:09:15.469, 213.87, 250.00, 100, 1410, 1215, 49, P0
2026/07/31 15:09:15.670, 215.89, 250.00, 100, 1410, 1215, 50, P0
2026/07/31 15:09:15.870, 214.97, 250.00, 100, 1410, 1215, 50, P0
2026/07/31 15:09:16.070, 217.54, 250.00, 100, 1410, 1215, 50, P0
2026/07/31 15:09:16.271, 214.87, 250.00, 100, 1410, 1215, 50, P0
2026/07/31 15:09:16.472, 218.04, 250.00, 100, 1410, 1215, 50, P0
2026/07/31 15:09:16.672, 216.46, 250.00, 100, 1410, 1215, 50, P0
2026/07/31 15:09:16.873, 214.49, 250.00, 100, 1410, 1215, 50, P0
2026/07/31 15:09:17.073, 216.99, 250.00, 100, 1410, 1215, 51, P0
2026/07/31 15:09:17.274, 215.42, 250.00, 100, 1410, 1215, 51, P0
2026/07/31 15:09:17.474, 218.32, 250.00, 100, 1410, 1215, 51, P0
2026/07/31 15:09:17.675, 215.46, 250.00, 100, 1410, 1215, 51, P0
2026/07/31 15:09:17.875, 217.74, 250.00, 100, 1410, 1215, 51, P0
2026/07/31 15:09:18.076, 90.85, 250.00, 100, 1410, 1215, 49, P0
2026/07/31 15:09:18.276, 165.17, 250.00, 35, 1410, 1215, 50, P0
2026/07/31 15:09:18.477, 215.11, 250.00, 73, 1410, 1215, 51, P0
2026/07/31 15:09:18.678, 218.02, 250.00, 100, 1410, 1215, 51, P0
2026/07/31 15:09:18.878, 215.78, 250.00, 100, 1410, 1215, 51, P0
2026/07/31 15:09:19.078, 219.94, 250.00, 100, 1410, 1215, 51, P0
2026/07/31 15:09:19.279, 216.73, 250.00, 100, 1410, 1215, 52, P0
2026/07/31 15:09:19.480, 215.42, 250.00, 100, 1410, 1215, 52, P0
2026/07/31 15:09:19.680, 217.19, 250.00, 100, 1410, 1215, 52, P0
2026/07/31 15:09:19.881, 215.58, 250.00, 100, 1410, 1215, 52, P0
2026/07/31 15:09:20.081, 217.80, 250.00, 100, 1410, 1215, 52, P0
2026/07/31 15:09:20.282, 216.32, 250.00, 100, 1410, 1215, 52, P0
2026/07/31 15:09:20.482, 218.70, 250.00, 100, 1410, 1215, 52, P0
2026/07/31 15:09:20.683, 216.54, 250.00, 100, 1410, 1215, 52, P0
2026/07/31 15:09:20.883, 221.07, 250.00, 100, 1410, 1215, 52, P0
2026/07/31 15:09:21.084, 217.58, 250.00, 100, 1410, 1215, 52, P0
2026/07/31 15:09:21.284, 216.14, 250.00, 100, 1410, 1215, 52, P0
2026/07/31 15:09:21.486, 99.54, 250.00, 65, 1410, 1215, 51, P0
2026/07/31 15:09:21.686, 216.37, 250.00, 63, 1410, 1215, 52, P0
2026/07/31 15:09:21.890, 218.66, 250.00, 100, 1410, 1215, 53, P0
2026/07/31 15:09:22.091, 216.61, 250.00, 100, 1410, 1215, 53, P0
2026/07/31 15:09:22.292, 220.30, 250.00, 100, 1410, 1215, 53, P0
2026/07/31 15:09:22.494, 217.29, 250.00, 100, 1410, 1215, 53, P0
2026/07/31 15:09:22.694, 220.87, 250.00, 100, 1410, 1215, 53, P0
2026/07/31 15:09:22.895, 218.85, 250.00, 100, 1410, 1215, 53, P0
2026/07/31 15:09:23.095, 216.54, 250.00, 100, 1410, 1215, 53, P0
2026/07/31 15:09:23.296, 218.79, 250.00, 100, 1410, 1215, 53, P0
2026/07/31 15:09:23.496, 216.94, 250.00, 100, 1410, 1215, 54, P0
2026/07/31 15:09:23.697, 220.80, 250.00, 100, 1410, 1215, 54, P0
2026/07/31 15:09:23.897, 217.89, 250.00, 100, 1410, 1215, 54, P0
2026/07/31 15:09:24.098, 221.10, 250.00, 100, 1410, 1215, 54, P0
2026/07/31 15:09:24.299, 218.37, 250.00, 100, 1410, 1215, 54, P0
2026/07/31 15:09:24.499, 102.95, 250.00, 82, 1410, 1215, 52, P0
2026/07/31 15:09:24.700, 205.80, 250.00, 41, 1410, 1215, 53, P0
2026/07/31 15:09:24.900, 217.89, 250.00, 100, 1410, 1215, 54, P0
2026/07/31 15:09:25.101, 221.27, 250.00, 100, 1410, 1215, 54, P0
2026/07/31 15:09:25.301, 218.24, 250.00, 100, 1410, 1215, 54, P0
2026/07/31 15:09:25.502, 217.48, 250.00, 100, 1410, 1215, 54, P0
2026/07/31 15:09:25.702, 220.38, 250.00, 100, 1410, 1215, 54, P0
2026/07/31 15:09:25.903, 217.80, 250.00, 100, 1410, 1215, 54, P0
2026/07/31 15:09:26.103, 221.78, 250.00, 100, 1410, 1215, 55, P0
2026/07/31 15:09:26.304, 218.66, 250.00, 100, 1410, 1215, 55, P0
2026/07/31 15:09:26.505, 222.10, 250.00, 100, 1410, 1215, 55, P0
2026/07/31 15:09:26.705, 219.82, 250.00, 100, 1410, 1215, 55, P0
2026/07/31 15:09:26.906, 218.18, 250.00, 100, 1410, 1215, 55, P0
2026/07/31 15:09:27.106, 220.66, 250.00, 100, 1410, 1215, 55, P0
2026/07/31 15:09:27.307, 218.37, 250.00, 100, 1410, 1215, 55, P0
2026/07/31 15:09:27.507, 221.97, 250.00, 100, 1410, 1215, 55, P0
2026/07/31 15:09:27.708, 174.53, 250.00, 100, 1410, 1215, 55, P0
2026/07/31 15:09:27.908, 55.42, 250.00, 6, 1410, 1215, 52, P0
2026/07/31 15:09:28.109, 54.41, 250.00, 0, 1410, 1215, 51, P0
2026/07/31 15:09:28.309, 54.62, 250.00, 0, 1410, 1215, 50, P0
2026/07/31 15:09:28.510, 54.42, 250.00, 0, 1410, 1215, 50, P0
2026/07/31 15:09:28.710, 53.76, 250.00, 0, 1410, 1215, 50, P0
2026/07/31 15:09:28.911, 54.18, 250.00, 0, 1410, 1215, 50, P0
2026/07/31 15:09:29.111, 53.52, 250.00, 0, 1410, 1215, 49, P0
2026/07/31 15:09:29.311, 54.04, 250.00, 0, 1410, 1215, 49, P0
2026/07/31 15:09:29.512, 54.02, 250.00, 0, 1410, 1215, 49, P0
2026/07/31 15:09:29.712, 39.19, 250.00, 0, 1140, 1215, 49, P0
2026/07/31 15:09:29.947, 39.18, 250.00, 0, 1140, 1215, 48, P0
2026/07/31 15:09:30.147, 38.99, 250.00, 0, 1140, 1215, 48, P0
2026/07/31 15:09:30.347, 38.99, 250.00, 0, 1140, 1215, 48, P0
2026/07/31 15:09:30.548, 38.99, 250.00, 0, 1140, 1215, 48, P0
2026/07/31 15:09:30.748, 38.78, 250.00, 0, 1140, 1215, 48, P0
2026/07/31 15:09:30.949, 38.79, 250.00, 0, 1140, 1215, 48, P0
2026/07/31 15:09:31.149, 38.81, 250.00, 0, 1140, 1215, 48, P0
2026/07/31 15:09:31.349, 38.81, 250.00, 0, 1140, 1215, 48, P0
2026/07/31 15:09:31.550, 38.98, 250.00, 0, 1140, 1215, 47, P0
2026/07/31 15:09:31.750, 39.00, 250.00, 0, 1140, 1215, 47, P0
2026/07/31 15:09:31.951, 38.91, 250.00, 0, 1140, 1215, 47, P0
2026/07/31 15:09:32.151, 38.97, 250.00, 0, 1140, 1215, 47, P0
2026/07/31 15:09:32.351, 38.81, 250.00, 0, 1140, 1215, 47, P0
2026/07/31 15:09:32.552, 38.70, 250.00, 0, 1140, 1215, 47, P0
2026/07/31 15:09:32.752, 38.80, 250.00, 0, 1140, 1215, 47, P0
2026/07/31 15:09:32.953, 38.81, 250.00, 0, 1140, 1215, 47, P0
2026/07/31 15:09:33.153, 38.75, 250.00, 0, 1140, 1215, 47, P0
2026/07/31 15:09:33.353, 38.71, 250.00, 0, 1140, 1215, 47, P0
2026/07/31 15:09:33.554, 38.71, 250.00, 0, 1140, 1215, 47, P0
2026/07/31 15:09:33.754, 38.58, 250.00, 0, 1140, 1215, 47, P0
2026/07/31 15:09:33.955, 38.58, 250.00, 0, 1140, 1215, 47, P0
2026/07/31 15:09:34.155, 38.51, 250.00, 0, 1140, 1215, 47, P0
2026/07/31 15:09:34.355, 38.62, 250.00, 0, 1140, 1215, 47, P0
2026/07/31 15:09:34.556, 38.52, 250.00, 0, 1140, 1215, 47, P0
2026/07/31 15:09:34.756, 38.51, 250.00, 0, 1140, 1215, 47, P0
2026/07/31 15:09:34.956, 38.51, 250.00, 0, 1140, 1215, 47, P0
2026/07/31 15:09:35.157, 38.50, 250.00, 0, 1140, 1215, 47, P0
2026/07/31 15:09:35.357, 38.41, 250.00, 0, 1140, 1215, 47, P0
2026/07/31 15:09:35.558, 38.42, 250.00, 0, 1140, 1215, 47, P0
2026/07/31 15:09:35.758, 38.42, 250.00, 0, 1140, 1215, 47, P0
2026/07/31 15:09:35.958, 38.42, 250.00, 0, 1140, 1215, 47, P0
2026/07/31 15:09:36.159, 38.49, 250.00, 0, 1140, 1215, 46, P0
2026/07/31 15:09:36.359, 38.31, 250.00, 0, 1140, 1215, 46, P0
2026/07/31 15:09:36.560, 38.42, 250.00, 0, 1140, 1215, 46, P0
2026/07/31 15:09:36.760, 38.40, 250.00, 0, 1140, 1215, 46, P0
2026/07/31 15:09:36.960, 38.41, 250.00, 0, 1140, 1215, 46, P0
2026/07/31 15:09:37.161, 38.42, 250.00, 0, 1140, 1215, 46, P0
2026/07/31 15:09:37.361, 38.42, 250.00, 0, 1140, 1215, 46, P0
2026/07/31 15:09:37.562, 38.41, 250.00, 0, 1140, 1215, 46, P0
2026/07/31 15:09:37.762, 38.31, 250.00, 0, 1140, 1215, 46, P0
2026/07/31 15:09:37.962, 38.31, 250.00, 0, 1140, 1215, 46, P0
2026/07/31 15:09:38.163, 38.31, 250.00, 0, 1140, 1215, 46, P0
2026/07/31 15:09:38.363, 38.20, 250.00, 0, 1140, 1215, 46, P0
2026/07/31 15:09:38.564, 38.22, 250.00, 0, 1140, 1215, 46, P0
2026/07/31 15:09:38.764, 38.20, 250.00, 0, 1140, 1215, 46, P0
2026/07/31 15:09:38.964, 38.20, 250.00, 0, 1140, 1215, 46, P0
2026/07/31 15:09:39.165, 38.18, 250.00, 0, 1140, 1215, 46, P0
2026/07/31 15:09:39.365, 38.30, 250.00, 0, 1140, 1215, 46, P0
2026/07/31 15:09:39.566, 38.22, 250.00, 0, 1140, 1215, 46, P0
2026/07/31 15:09:39.766, 38.19, 250.00, 0, 1140, 1215, 46, P0
2026/07/31 15:09:39.966, 38.19, 250.00, 0, 1140, 1215, 46, P0
2026/07/31 15:09:40.167, 38.21, 250.00, 0, 1140, 1215, 46, P0
2026/07/31 15:09:40.367, 38.18, 250.00, 0, 1140, 1215, 46, P0
2026/07/31 15:09:40.568, 38.21, 250.00, 0, 1140, 1215, 46, P0
2026/07/31 15:09:40.768, 38.22, 250.00, 0, 1140, 1215, 46, P0
2026/07/31 15:09:40.968, 38.22, 250.00, 0, 1140, 1215, 46, P0
2026/07/31 15:09:41.169, 38.11, 250.00, 0, 1140, 1215, 46, P0
2026/07/31 15:09:41.369, 38.18, 250.00, 0, 1140, 1215, 46, P0
2026/07/31 15:09:41.570, 38.21, 250.00, 0, 1140, 1215, 46, P0
2026/07/31 15:09:41.770, 38.11, 250.00, 0, 1140, 1215, 46, P0
2026/07/31 15:09:41.970, 38.10, 250.00, 0, 1140, 1215, 46, P0
2026/07/31 15:09:42.171, 38.18, 250.00, 0, 1140, 1215, 46, P0
2026/07/31 15:09:42.371, 38.11, 250.00, 0, 1140, 1215, 46, P0
2026/07/31 15:09:42.572, 38.11, 250.00, 0, 1140, 1215, 46, P0
2026/07/31 15:09:42.772, 37.99, 250.00, 0, 1140, 1215, 46, P0
2026/07/31 15:09:42.972, 38.01, 250.00, 0, 1140, 1215, 46, P0
2026/07/31 15:09:43.173, 38.01, 250.00, 0, 1140, 1215, 46, P0
2026/07/31 15:09:43.373, 38.02, 250.00, 0, 1140, 1215, 46, P0
2026/07/31 15:09:43.574, 38.11, 250.00, 0, 1140, 1215, 46, P0
2026/07/31 15:09:43.774, 38.11, 250.00, 0, 1140, 1215, 46, P0
2026/07/31 15:09:43.975, 38.11, 250.00, 0, 1140, 1215, 45, P0
2026/07/31 15:09:44.175, 38.11, 250.00, 0, 1140, 1215, 45, P0
2026/07/31 15:09:44.376, 38.01, 250.00, 0, 1140, 1215, 45, P0
2026/07/31 15:09:44.576, 38.02, 250.00, 0, 1140, 1215, 45, P0
2026/07/31 15:09:44.776, 38.01, 250.00, 0, 1140, 1215, 45, P0
2026/07/31 15:09:44.977, 38.01, 250.00, 0, 1140, 1215, 45, P0
2026/07/31 15:09:45.177, 38.00, 250.00, 0, 1140, 1215, 45, P0
2026/07/31 15:09:45.377, 38.01, 250.00, 0, 1140, 1215, 45, P0
2026/07/31 15:09:45.578, 38.01, 250.00, 0, 1140, 1215, 45, P0
2026/07/31 15:09:45.778, 37.99, 250.00, 0, 1140, 1215, 45, P0
2026/07/31 15:09:45.979, 38.01, 250.00, 0, 1140, 1215, 45, P0
2026/07/31 15:09:46.179, 38.01, 250.00, 0, 1140, 1215, 45, P0
2026/07/31 15:09:46.379, 38.01, 250.00, 0, 1140, 1215, 45, P0
2026/07/31 15:09:46.580, 38.01, 250.00, 0, 1140, 1215, 45, P0
2026/07/31 15:09:46.780, 38.01, 250.00, 0, 1140, 1215, 45, P0
2026/07/31 15:09:46.980, 37.92, 250.00, 0, 1140, 1215, 45, P0
2026/07/31 15:09:47.181, 37.96, 250.00, 0, 1140, 1215, 45, P0
2026/07/31 15:09:47.381, 38.01, 250.00, 0, 1140, 1215, 45, P0
2026/07/31 15:09:47.581, 37.91, 250.00, 0, 1140, 1215, 45, P0
2026/07/31 15:09:47.782, 37.93, 250.00, 0, 1140, 1215, 45, P0
2026/07/31 15:09:47.982, 38.01, 250.00, 0, 1140, 1215, 45, P0
2026/07/31 15:09:48.183, 37.91, 250.00, 0, 1140, 1215, 45, P0
2026/07/31 15:09:48.383, 37.93, 250.00, 0, 1140, 1215, 45, P0
2026/07/31 15:09:48.583, 37.96, 250.00, 0, 1140, 1215, 45, P0
2026/07/31 15:09:48.784, 38.00, 250.00, 0, 1140, 1215, 45, P0
2026/07/31 15:09:48.984, 38.01, 250.00, 0, 1140, 1215, 45, P0
2026/07/31 15:09:49.185, 38.01, 250.00, 0, 1140, 1215, 45, P0
2026/07/31 15:09:49.385, 37.92, 250.00, 0, 1140, 1215, 45, P0
2026/07/31 15:09:49.585, 37.81, 250.00, 0, 1140, 1215, 45, P0
2026/07/31 15:09:49.786, 37.81, 250.00, 0, 1140, 1215, 45, P0
2026/07/31 15:09:49.986, 37.93, 250.00, 0, 1140, 1215, 45, P0
2026/07/31 15:09:50.186, 37.92, 250.00, 0, 1140, 1215, 45, P0
2026/07/31 15:09:50.387, 37.92, 250.00, 0, 1140, 1215, 45, P0
2026/07/31 15:09:50.587, 37.83, 250.00, 0, 1140, 1215, 45, P0
2026/07/31 15:09:50.788, 37.93, 250.00, 0, 1140, 1215, 45, P0
2026/07/31 15:09:50.989, 38.21, 250.00, 0, 1140, 1215, 45, P0
2026/07/31 15:09:51.189, 38.16, 250.00, 0, 1140, 1215, 45, P0
2026/07/31 15:09:51.392, 38.11, 250.00, 0, 1140, 1215, 45, P0
2026/07/31 15:09:51.592, 38.22, 250.00, 0, 1140, 1215, 45, P0
2026/07/31 15:09:51.793, 38.18, 250.00, 0, 1140, 1215, 45, P0
2026/07/31 15:09:51.994, 38.11, 250.00, 0, 1140, 1215, 45, P0
2026/07/31 15:09:52.194, 38.00, 250.00, 0, 1140, 1215, 45, P0
2026/07/31 15:09:52.394, 38.01, 250.00, 0, 1140, 1215, 45, P0
2026/07/31 15:09:52.595, 38.01, 250.00, 0, 1140, 1215, 45, P0
2026/07/31 15:09:52.795, 38.01, 250.00, 0, 1140, 1215, 45, P0
2026/07/31 15:09:52.995, 38.01, 250.00, 0, 1140, 1215, 45, P0
2026/07/31 15:09:53.196, 38.01, 250.00, 0, 1140, 1215, 45, P0
2026/07/31 15:09:53.396, 38.11, 250.00, 0, 1140, 1215, 45, P0
2026/07/31 15:09:53.597, 37.81, 250.00, 0, 1140, 1215, 45, P0
2026/07/31 15:09:53.797, 37.91, 250.00, 0, 1140, 1215, 45, P0
2026/07/31 15:09:53.997, 37.92, 250.00, 0, 1140, 1215, 45, P0
2026/07/31 15:09:54.198, 37.92, 250.00, 0, 1140, 1215, 45, P0
2026/07/31 15:09:54.398, 37.93, 250.00, 0, 1140, 1215, 45, P0
2026/07/31 15:09:54.599, 37.91, 250.00, 0, 1140, 1215, 45, P0
2026/07/31 15:09:54.799, 37.89, 250.00, 0, 1140, 1215, 45, P0
2026/07/31 15:09:55.000, 37.81, 250.00, 0, 1140, 1215, 45, P0
2026/07/31 15:09:55.200, 38.01, 250.00, 0, 1140, 1215, 45, P0
2026/07/31 15:09:55.400, 37.82, 250.00, 0, 1140, 1215, 44, P0
2026/07/31 15:09:55.601, 37.83, 250.00, 0, 1140, 1215, 44, P0
2026/07/31 15:09:55.801, 37.89, 250.00, 0, 1140, 1215, 44, P0
2026/07/31 15:09:56.002, 37.81, 250.00, 0, 1140, 1215, 44, P0
2026/07/31 15:09:56.202, 37.81, 250.00, 0, 1140, 1215, 44, P0
2026/07/31 15:09:56.402, 37.82, 250.00, 0, 1140, 1215, 44, P0
2026/07/31 15:09:56.603, 37.82, 250.00, 0, 1140, 1215, 44, P0
2026/07/31 15:09:56.803, 37.69, 250.00, 0, 1140, 1215, 44, P0
2026/07/31 15:09:57.004, 37.81, 250.00, 0, 1140, 1215, 44, P0
2026/07/31 15:09:57.205, 37.81, 250.00, 0, 1140, 1215, 44, P0
2026/07/31 15:09:57.405, 37.73, 250.00, 0, 1140, 1215, 44, P0
2026/07/31 15:09:57.605, 37.73, 250.00, 0, 1140, 1215, 44, P0
2026/07/31 15:09:57.806, 37.71, 250.00, 0, 1140, 1215, 44, P0
2026/07/31 15:09:58.006, 37.72, 250.00, 0, 1140, 1215, 44, P0
2026/07/31 15:09:58.207, 37.81, 250.00, 0, 1140, 1215, 44, P0
2026/07/31 15:09:58.407, 37.81, 250.00, 0, 1140, 1215, 44, P0
2026/07/31 15:09:58.608, 37.73, 250.00, 0, 1140, 1215, 44, P0
2026/07/31 15:09:58.808, 37.72, 250.00, 0, 1140, 1215, 44, P0
2026/07/31 15:09:59.008, 37.73, 250.00, 0, 1140, 1215, 44, P0
2026/07/31 15:09:59.209, 37.82, 250.00, 0, 1140, 1215, 44, P0
2026/07/31 15:09:59.409, 37.73, 250.00, 0, 1140, 1215, 44, P0
2026/07/31 15:09:59.610, 37.72, 250.00, 0, 1140, 1215, 44, P0
2026/07/31 15:09:59.810, 37.62, 250.00, 0, 1140, 1215, 44, P0
2026/07/31 15:10:00.010, 37.62, 250.00, 0, 1140, 1215, 44, P0
2026/07/31 15:10:00.211, 37.72, 250.00, 0, 1140, 1215, 44, P0
2026/07/31 15:10:00.411, 37.64, 250.00, 0, 1140, 1215, 44, P0
2026/07/31 15:10:00.612, 37.64, 250.00, 0, 1140, 1215, 44, P0
2026/07/31 15:10:00.812, 37.60, 250.00, 0, 1140, 1215, 44, P0
2026/07/31 15:10:01.012, 37.62, 250.00, 0, 1140, 1215, 44, P0
2026/07/31 15:10:01.213, 37.73, 250.00, 0, 1140, 1215, 44, P0
2026/07/31 15:10:01.413, 72.85, 250.00, 0, 1140, 1215, 45, P0
2026/07/31 15:10:01.613, 156.47, 250.00, 27, 1140, 1215, 46, P0
2026/07/31 15:10:01.814, 213.41, 250.00, 99, 1410, 1215, 48, P0
2026/07/31 15:10:02.014, 218.59, 250.00, 100, 1410, 1215, 50, P0
2026/07/31 15:10:02.215, 215.53, 250.00, 100, 1410, 1215, 50, P0
2026/07/31 15:10:02.415, 214.69, 250.00, 100, 1410, 1215, 51, P0
2026/07/31 15:10:02.616, 217.45, 250.00, 100, 1410, 1215, 51, P0
2026/07/31 15:10:02.816, 215.62, 250.00, 100, 1410, 1215, 51, P0
2026/07/31 15:10:03.017, 218.76, 250.00, 100, 1410, 1215, 52, P0
2026/07/31 15:10:03.217, 216.08, 250.00, 100, 1410, 1215, 52, P0
2026/07/31 15:10:03.418, 220.32, 250.00, 100, 1410, 1215, 52, P0
2026/07/31 15:10:03.618, 217.02, 250.00, 100, 1410, 1215, 52, P0
2026/07/31 15:10:03.819, 220.72, 250.00, 100, 1410, 1215, 52, P0
2026/07/31 15:10:04.019, 217.86, 250.00, 100, 1410, 1215, 52, P0
2026/07/31 15:10:04.220, 216.42, 250.00, 100, 1410, 1215, 53, P0
2026/07/31 15:10:04.420, 218.66, 250.00, 100, 1410, 1215, 53, P0
2026/07/31 15:10:04.621, 212.72, 250.00, 100, 1410, 1215, 53, P0
2026/07/31 15:10:04.822, 218.25, 250.00, 100, 1410, 1215, 53, P0
2026/07/31 15:10:05.022, 216.23, 250.00, 100, 1410, 1215, 53, P0
2026/07/31 15:10:05.223, 218.13, 250.00, 100, 1410, 1215, 53, P0
2026/07/31 15:10:05.423, 217.18, 250.00, 100, 1410, 1215, 53, P0
2026/07/31 15:10:05.624, 219.67, 250.00, 100, 1410, 1215, 53, P0
2026/07/31 15:10:05.824, 217.66, 250.00, 100, 1410, 1215, 54, P0
2026/07/31 15:10:06.025, 220.95, 250.00, 100, 1410, 1215, 54, P0
2026/07/31 15:10:06.225, 218.59, 250.00, 100, 1410, 1215, 54, P0
2026/07/31 15:10:06.426, 217.01, 250.00, 100, 1410, 1215, 54, P0
2026/07/31 15:10:06.626, 219.08, 250.00, 100, 1410, 1215, 54, P0
2026/07/31 15:10:06.827, 217.64, 250.00, 100, 1410, 1215, 54, P0
2026/07/31 15:10:07.028, 220.98, 250.00, 100, 1410, 1215, 54, P0
2026/07/31 15:10:07.228, 218.64, 250.00, 100, 1410, 1215, 54, P0
2026/07/31 15:10:07.429, 222.72, 250.00, 100, 1410, 1215, 54, P0
2026/07/31 15:10:07.629, 218.85, 250.00, 100, 1410, 1215, 55, P0
2026/07/31 15:10:07.829, 101.29, 250.00, 100, 1410, 1215, 53, P0
2026/07/31 15:10:08.030, 221.53, 250.00, 62, 1410, 1215, 54, P0
2026/07/31 15:10:08.230, 218.83, 250.00, 64, 1410, 1215, 54, P0
2026/07/31 15:10:08.431, 217.50, 250.00, 100, 1410, 1215, 55, P0
2026/07/31 15:10:08.631, 219.70, 250.00, 100, 1410, 1215, 55, P0
2026/07/31 15:10:08.832, 218.18, 250.00, 100, 1410, 1215, 55, P0
2026/07/31 15:10:09.033, 221.11, 250.00, 100, 1410, 1215, 55, P0
2026/07/31 15:10:09.233, 219.36, 250.00, 100, 1410, 1215, 55, P0
2026/07/31 15:10:09.434, 218.40, 250.00, 100, 1410, 1215, 55, P0
2026/07/31 15:10:09.634, 220.35, 250.00, 100, 1410, 1215, 55, P0
2026/07/31 15:10:09.835, 219.54, 250.00, 100, 1410, 1215, 55, P0
2026/07/31 15:10:10.035, 222.32, 250.00, 100, 1410, 1215, 56, P0
2026/07/31 15:10:10.236, 219.72, 250.00, 100, 1410, 1215, 56, P0
2026/07/31 15:10:10.436, 223.61, 250.00, 100, 1410, 1215, 56, P0
2026/07/31 15:10:10.637, 220.79, 250.00, 100, 1410, 1215, 56, P0
2026/07/31 15:10:10.837, 218.95, 250.00, 100, 1410, 1215, 56, P0
2026/07/31 15:10:11.038, 216.63, 250.00, 100, 1410, 1215, 56, P0
2026/07/31 15:10:11.238, 224.49, 250.00, 100, 1410, 1215, 56, P0
2026/07/31 15:10:11.439, 220.52, 250.00, 100, 1410, 1215, 56, P0
2026/07/31 15:10:11.639, 219.23, 250.00, 100, 1410, 1215, 56, P0
2026/07/31 15:10:11.840, 221.88, 250.00, 100, 1410, 1215, 56, P0
2026/07/31 15:10:12.040, 219.82, 250.00, 100, 1410, 1215, 56, P0
2026/07/31 15:10:12.241, 222.85, 250.00, 100, 1410, 1215, 56, P0
2026/07/31 15:10:12.441, 220.33, 250.00, 100, 1410, 1215, 57, P0
2026/07/31 15:10:12.642, 222.10, 250.00, 100, 1410, 1215, 57, P0
2026/07/31 15:10:12.842, 221.79, 250.00, 100, 1410, 1215, 57, P0
2026/07/31 15:10:13.043, 219.67, 250.00, 100, 1410, 1215, 57, P0
2026/07/31 15:10:13.243, 222.11, 250.00, 100, 1410, 1215, 57, P0
2026/07/31 15:10:13.444, 220.65, 250.00, 100, 1410, 1215, 57, P0
2026/07/31 15:10:13.644, 223.04, 250.00, 100, 1410, 1215, 57, P0
2026/07/31 15:10:13.845, 220.73, 250.00, 100, 1410, 1215, 57, P0
2026/07/31 15:10:14.045, 222.45, 250.00, 100, 1410, 1215, 56, P0
2026/07/31 15:10:14.246, 109.82, 250.00, 96, 1410, 1215, 56, P0
2026/07/31 15:10:14.446, 221.49, 250.00, 28, 1410, 1215, 57, P0
2026/07/31 15:10:14.647, 219.86, 250.00, 100, 1410, 1215, 57, P0
2026/07/31 15:10:14.847, 223.37, 250.00, 100, 1410, 1215, 57, P0
2026/07/31 15:10:15.047, 220.91, 250.00, 100, 1410, 1215, 57, P0
2026/07/31 15:10:15.248, 225.19, 250.00, 100, 1410, 1215, 57, P0
2026/07/31 15:10:15.448, 221.63, 250.00, 100, 1410, 1215, 58, P0
2026/07/31 15:10:15.649, 220.58, 250.00, 100, 1410, 1215, 58, P0
2026/07/31 15:10:15.849, 222.88, 250.00, 100, 1410, 1215, 58, P0
2026/07/31 15:10:16.050, 221.00, 250.00, 100, 1410, 1215, 58, P0
2026/07/31 15:10:16.251, 224.38, 250.00, 100, 1410, 1215, 58, P0
2026/07/31 15:10:16.451, 221.24, 250.00, 100, 1410, 1215, 58, P0
2026/07/31 15:10:16.651, 225.71, 250.00, 100, 1410, 1215, 58, P0
2026/07/31 15:10:16.852, 222.46, 250.00, 100, 1410, 1215, 58, P0
2026/07/31 15:10:17.052, 220.78, 250.00, 100, 1410, 1215, 58, P0
2026/07/31 15:10:17.253, 223.34, 250.00, 100, 1410, 1215, 58, P0
2026/07/31 15:10:17.453, 225.04, 250.00, 100, 1410, 1215, 58, P0
2026/07/31 15:10:17.654, 222.08, 250.00, 100, 1410, 1215, 58, P0
2026/07/31 15:10:17.854, 221.07, 250.00, 100, 1410, 1215, 58, P0
2026/07/31 15:10:18.055, 223.72, 250.00, 100, 1410, 1215, 59, P0
2026/07/31 15:10:18.255, 221.68, 250.00, 100, 1410, 1215, 59, P0
2026/07/31 15:10:18.456, 224.12, 250.00, 100, 1410, 1215, 59, P0
2026/07/31 15:10:18.656, 222.18, 250.00, 100, 1410, 1215, 59, P0
2026/07/31 15:10:18.857, 226.15, 250.00, 100, 1410, 1215, 59, P0
2026/07/31 15:10:19.057, 222.53, 250.00, 100, 1410, 1215, 59, P0
2026/07/31 15:10:19.258, 221.97, 250.00, 100, 1410, 1215, 59, P0
2026/07/31 15:10:19.458, 224.49, 250.00, 100, 1410, 1215, 59, P0
2026/07/31 15:10:19.659, 222.13, 250.00, 100, 1410, 1215, 59, P0
2026/07/31 15:10:19.859, 224.79, 250.00, 100, 1410, 1215, 59, P0
2026/07/31 15:10:20.060, 223.04, 250.00, 100, 1410, 1215, 59, P0
2026/07/31 15:10:20.260, 224.85, 250.00, 100, 1410, 1215, 59, P0
2026/07/31 15:10:20.460, 106.64, 250.00, 100, 1410, 1215, 58, P0
2026/07/31 15:10:20.661, 223.51, 250.00, 56, 1410, 1215, 59, P0
2026/07/31 15:10:20.862, 221.50, 250.00, 67, 1410, 1215, 59, P0
2026/07/31 15:10:21.062, 225.24, 250.00, 100, 1410, 1215, 59, P0
2026/07/31 15:10:21.263, 223.53, 250.00, 100, 1410, 1215, 59, P0
2026/07/31 15:10:21.463, 227.73, 250.00, 100, 1410, 1215, 60, P0
2026/07/31 15:10:21.663, 223.71, 250.00, 100, 1410, 1215, 60, P0
2026/07/31 15:10:21.864, 222.61, 250.00, 100, 1410, 1215, 60, P0
2026/07/31 15:10:22.065, 224.92, 250.00, 100, 1410, 1215, 60, P0
2026/07/31 15:10:22.265, 222.47, 250.00, 100, 1410, 1215, 60, P0
2026/07/31 15:10:22.465, 225.27, 250.00, 100, 1410, 1215, 60, P0
2026/07/31 15:10:22.666, 223.15, 250.00, 100, 1410, 1215, 60, P0
2026/07/31 15:10:22.867, 226.94, 250.00, 100, 1410, 1215, 60, P0
2026/07/31 15:10:23.067, 224.03, 250.00, 100, 1410, 1215, 60, P0
2026/07/31 15:10:23.268, 222.85, 250.00, 100, 1410, 1215, 60, P0
2026/07/31 15:10:23.468, 225.57, 250.00, 100, 1410, 1215, 60, P0
2026/07/31 15:10:23.668, 225.19, 250.00, 100, 1410, 1215, 60, P0
2026/07/31 15:10:23.869, 224.34, 250.00, 100, 1410, 1215, 60, P0
2026/07/31 15:10:24.069, 223.20, 250.00, 100, 1410, 1215, 60, P0
2026/07/31 15:10:24.270, 225.65, 250.00, 100, 1410, 1215, 61, P0
2026/07/31 15:10:24.470, 223.42, 250.00, 100, 1410, 1215, 61, P0
2026/07/31 15:10:24.671, 226.95, 250.00, 100, 1410, 1215, 61, P0
2026/07/31 15:10:24.871, 224.14, 250.00, 100, 1410, 1215, 61, P0
2026/07/31 15:10:25.072, 227.74, 250.00, 100, 1410, 1215, 61, P0
2026/07/31 15:10:25.272, 225.11, 250.00, 100, 1410, 1215, 61, P0
2026/07/31 15:10:25.473, 223.59, 250.00, 100, 1410, 1215, 61, P0
2026/07/31 15:10:25.673, 225.88, 250.00, 100, 1410, 1215, 61, P0
2026/07/31 15:10:25.874, 224.18, 250.00, 100, 1410, 1215, 61, P0
2026/07/31 15:10:26.074, 227.60, 250.00, 100, 1410, 1215, 61, P0
2026/07/31 15:10:26.275, 224.43, 250.00, 100, 1410, 1215, 61, P0
2026/07/31 15:10:26.475, 228.08, 250.00, 100, 1410, 1215, 61, P0
2026/07/31 15:10:26.676, 141.46, 250.00, 100, 1410, 1215, 61, P0
2026/07/31 15:10:26.876, 168.08, 250.00, 92, 1410, 1215, 59, P0
2026/07/31 15:10:27.077, 223.42, 250.00, 31, 1410, 1215, 61, P0
2026/07/31 15:10:27.278, 226.35, 250.00, 100, 1410, 1215, 61, P0
2026/07/31 15:10:27.478, 224.79, 250.00, 100, 1410, 1215, 61, P0
2026/07/31 15:10:27.679, 228.67, 250.00, 100, 1410, 1215, 61, P0
2026/07/31 15:10:27.879, 226.47, 250.00, 100, 1410, 1215, 62, P0
2026/07/31 15:10:28.080, 224.24, 250.00, 100, 1410, 1215, 62, P0
2026/07/31 15:10:28.280, 227.82, 250.00, 100, 1410, 1215, 62, P0
2026/07/31 15:10:28.481, 224.99, 250.00, 100, 1410, 1215, 62, P0
2026/07/31 15:10:28.681, 228.78, 250.00, 100, 1410, 1215, 62, P0
2026/07/31 15:10:28.882, 226.32, 250.00, 100, 1410, 1215, 62, P0
2026/07/31 15:10:29.083, 224.58, 250.00, 100, 1410, 1215, 62, P0
2026/07/31 15:10:29.283, 227.22, 250.00, 100, 1410, 1215, 62, P0
2026/07/31 15:10:29.484, 225.24, 250.00, 100, 1410, 1215, 62, P0
2026/07/31 15:10:29.684, 228.20, 250.00, 100, 1410, 1215, 62, P0
2026/07/31 15:10:29.885, 225.52, 250.00, 100, 1410, 1215, 62, P0
2026/07/31 15:10:30.085, 226.06, 250.00, 100, 1410, 1215, 62, P0
2026/07/31 15:10:30.286, 225.21, 250.00, 100, 1410, 1215, 62, P0
2026/07/31 15:10:30.486, 229.95, 250.00, 100, 1410, 1215, 62, P0
2026/07/31 15:10:30.687, 228.76, 250.00, 100, 1410, 1215, 63, P0
2026/07/31 15:10:30.887, 232.55, 250.00, 100, 1410, 1215, 63, P0
2026/07/31 15:10:31.088, 228.98, 250.00, 100, 1410, 1215, 63, P0
2026/07/31 15:10:31.288, 230.07, 250.00, 100, 1410, 1215, 63, P0
2026/07/31 15:10:31.489, 230.39, 250.00, 100, 1410, 1215, 63, P0
2026/07/31 15:10:31.689, 228.55, 250.00, 100, 1410, 1215, 63, P0
2026/07/31 15:10:31.890, 231.11, 250.00, 100, 1410, 1215, 63, P0
2026/07/31 15:10:32.091, 229.33, 250.00, 100, 1410, 1215, 63, P0
2026/07/31 15:10:32.291, 233.29, 250.00, 100, 1410, 1215, 63, P0
2026/07/31 15:10:32.492, 229.55, 250.00, 100, 1410, 1215, 63, P0
2026/07/31 15:10:32.692, 229.53, 250.00, 100, 1410, 1215, 63, P0
2026/07/31 15:10:32.893, 231.17, 250.00, 100, 1410, 1215, 63, P0
2026/07/31 15:10:33.093, 102.61, 250.00, 100, 1410, 1215, 61, P0
2026/07/31 15:10:33.294, 60.84, 250.00, 38, 1410, 1215, 59, P0
2026/07/31 15:10:33.497, 59.69, 250.00, 0, 1410, 1215, 59, P0
2026/07/31 15:10:33.698, 60.19, 250.00, 0, 1410, 1215, 58, P0
2026/07/31 15:10:33.899, 60.06, 250.00, 0, 1410, 1215, 58, P0
2026/07/31 15:10:34.111, 59.69, 250.00, 0, 1410, 1215, 57, P0
2026/07/31 15:10:34.312, 59.79, 250.00, 0, 1410, 1215, 57, P0
2026/07/31 15:10:34.516, 58.13, 250.00, 0, 1410, 1215, 57, P0
2026/07/31 15:10:34.716, 58.74, 250.00, 0, 1140, 1215, 57, P0
2026/07/31 15:10:34.916, 42.65, 250.00, 0, 1140, 1215, 56, P0
2026/07/31 15:10:35.117, 42.45, 250.00, 0, 1140, 1215, 56, P0
2026/07/31 15:10:35.318, 42.36, 250.00, 0, 1140, 1215, 56, P0
2026/07/31 15:10:35.518, 42.36, 250.00, 0, 1140, 1215, 56, P0
2026/07/31 15:10:35.718, 42.37, 250.00, 0, 1140, 1215, 56, P0
2026/07/31 15:10:35.919, 42.26, 250.00, 0, 1140, 1215, 55, P0
2026/07/31 15:10:36.119, 42.21, 250.00, 0, 1140, 1215, 55, P0
2026/07/31 15:10:36.320, 42.16, 250.00, 0, 1140, 1215, 55, P0
2026/07/31 15:10:36.520, 42.08, 250.00, 0, 1140, 1215, 55, P0
2026/07/31 15:10:36.720, 41.97, 250.00, 0, 1140, 1215, 55, P0
2026/07/31 15:10:36.921, 41.95, 250.00, 0, 1140, 1215, 55, P0
2026/07/31 15:10:37.121, 41.96, 250.00, 0, 1140, 1215, 55, P0
2026/07/31 15:10:37.322, 41.96, 250.00, 0, 1140, 1215, 55, P0
2026/07/31 15:10:37.522, 41.88, 250.00, 0, 1140, 1215, 55, P0
2026/07/31 15:10:37.723, 41.86, 250.00, 0, 1140, 1215, 55, P0
2026/07/31 15:10:37.923, 41.66, 250.00, 0, 1140, 1215, 55, P0
2026/07/31 15:10:38.124, 41.58, 250.00, 0, 1140, 1215, 55, P0
2026/07/31 15:10:38.324, 41.58, 250.00, 0, 1140, 1215, 55, P0
2026/07/31 15:10:38.524, 41.55, 250.00, 0, 1140, 1215, 54, P0
2026/07/31 15:10:38.725, 41.39, 250.00, 0, 1140, 1215, 54, P0
2026/07/31 15:10:38.925, 41.56, 250.00, 0, 1140, 1215, 54, P0
2026/07/31 15:10:39.126, 41.43, 250.00, 0, 1140, 1215, 54, P0
2026/07/31 15:10:39.326, 41.37, 250.00, 0, 1140, 1215, 54, P0
2026/07/31 15:10:39.526, 41.38, 250.00, 0, 1140, 1215, 54, P0
2026/07/31 15:10:39.727, 41.45, 250.00, 0, 1140, 1215, 54, P0
2026/07/31 15:10:39.927, 41.36, 250.00, 0, 1140, 1215, 54, P0
2026/07/31 15:10:40.128, 41.36, 250.00, 0, 1140, 1215, 54, P0
2026/07/31 15:10:40.328, 41.38, 250.00, 0, 1140, 1215, 54, P0
2026/07/31 15:10:40.529, 41.19, 250.00, 0, 1140, 1215, 54, P0
2026/07/31 15:10:40.729, 41.29, 250.00, 0, 1140, 1215, 54, P0
2026/07/31 15:10:40.929, 41.26, 250.00, 0, 1140, 1215, 54, P0
2026/07/31 15:10:41.130, 41.15, 250.00, 0, 1140, 1215, 54, P0
2026/07/31 15:10:41.330, 41.19, 250.00, 0, 1140, 1215, 54, P0
2026/07/31 15:10:41.531, 41.19, 250.00, 0, 1140, 1215, 54, P0
2026/07/31 15:10:41.731, 41.19, 250.00, 0, 1140, 1215, 54, P0
2026/07/31 15:10:41.947, 41.19, 250.00, 0, 1140, 1215, 54, P0
2026/07/31 15:10:42.147, 41.12, 250.00, 0, 1140, 1215, 54, P0
2026/07/31 15:10:42.347, 41.18, 250.00, 0, 1140, 1215, 53, P0
2026/07/31 15:10:42.548, 41.09, 250.00, 0, 1140, 1215, 53, P0
2026/07/31 15:10:42.748, 41.08, 250.00, 0, 1140, 1215, 53, P0
2026/07/31 15:10:42.949, 40.96, 250.00, 0, 1140, 1215, 53, P0
2026/07/31 15:10:43.149, 40.97, 250.00, 0, 1140, 1215, 53, P0
2026/07/31 15:10:43.350, 40.96, 250.00, 0, 1140, 1215, 53, P0
2026/07/31 15:10:43.550, 40.89, 250.00, 0, 1140, 1215, 53, P0
2026/07/31 15:10:43.750, 40.89, 250.00, 0, 1140, 1215, 53, P0
2026/07/31 15:10:43.950, 40.98, 250.00, 0, 1140, 1215, 53, P0
2026/07/31 15:10:44.151, 40.98, 250.00, 0, 1140, 1215, 53, P0
2026/07/31 15:10:44.351, 40.98, 250.00, 0, 1140, 1215, 53, P0
2026/07/31 15:10:44.551, 40.76, 250.00, 0, 1140, 1215, 53, P0
2026/07/31 15:10:44.752, 40.88, 250.00, 0, 1140, 1215, 53, P0
2026/07/31 15:10:44.952, 40.88, 250.00, 0, 1140, 1215, 53, P0
2026/07/31 15:10:45.152, 40.85, 250.00, 0, 1140, 1215, 53, P0
2026/07/31 15:10:45.353, 40.88, 250.00, 0, 1140, 1215, 53, P0
2026/07/31 15:10:45.553, 40.89, 250.00, 0, 1140, 1215, 53, P0
2026/07/31 15:10:45.753, 41.09, 250.00, 0, 1140, 1215, 53, P0
2026/07/31 15:10:45.954, 40.96, 250.00, 0, 1140, 1215, 53, P0
2026/07/31 15:10:46.154, 40.97, 250.00, 0, 1140, 1215, 53, P0
2026/07/31 15:10:46.355, 40.98, 250.00, 0, 1140, 1215, 53, P0
2026/07/31 15:10:46.555, 40.98, 250.00, 0, 1140, 1215, 53, P0
2026/07/31 15:10:46.755, 40.89, 250.00, 0, 1140, 1215, 53, P0
2026/07/31 15:10:46.956, 40.89, 250.00, 0, 1140, 1215, 52, P0
2026/07/31 15:10:47.156, 40.87, 250.00, 0, 1140, 1215, 52, P0
2026/07/31 15:10:47.356, 40.68, 250.00, 0, 1140, 1215, 52, P0
2026/07/31 15:10:47.557, 40.77, 250.00, 0, 1140, 1215, 52, P0
2026/07/31 15:10:47.757, 40.79, 250.00, 0, 1140, 1215, 52, P0
2026/07/31 15:10:47.958, 40.79, 250.00, 0, 1140, 1215, 52, P0
2026/07/31 15:10:48.158, 40.77, 250.00, 0, 1140, 1215, 52, P0
2026/07/31 15:10:48.358, 40.76, 250.00, 0, 1140, 1215, 52, P0
2026/07/31 15:10:48.559, 40.69, 250.00, 0, 1140, 1215, 52, P0
2026/07/31 15:10:48.759, 40.69, 250.00, 0, 1140, 1215, 52, P0
2026/07/31 15:10:48.960, 40.66, 250.00, 0, 1140, 1215, 52, P0
2026/07/31 15:10:49.160, 40.58, 250.00, 0, 1140, 1215, 52, P0
2026/07/31 15:10:49.361, 40.59, 250.00, 0, 1140, 1215, 52, P0
2026/07/31 15:10:49.561, 40.46, 250.00, 0, 1140, 1215, 52, P0
2026/07/31 15:10:49.761, 40.49, 250.00, 0, 1140, 1215, 52, P0
2026/07/31 15:10:49.962, 40.48, 250.00, 0, 1140, 1215, 52, P0
2026/07/31 15:10:50.162, 40.49, 250.00, 0, 1140, 1215, 52, P0
2026/07/31 15:10:50.363, 40.50, 250.00, 0, 1140, 1215, 52, P0
2026/07/31 15:10:50.563, 40.49, 250.00, 0, 1140, 1215, 52, P0
2026/07/31 15:10:50.763, 40.38, 250.00, 0, 1140, 1215, 52, P0
2026/07/31 15:10:50.964, 40.38, 250.00, 0, 1140, 1215, 52, P0
2026/07/31 15:10:51.164, 40.50, 250.00, 0, 1140, 1215, 52, P0
2026/07/31 15:10:51.364, 40.48, 250.00, 0, 1140, 1215, 52, P0
2026/07/31 15:10:51.565, 40.49, 250.00, 0, 1140, 1215, 52, P0
2026/07/31 15:10:51.765, 40.29, 250.00, 0, 1140, 1215, 52, P0
2026/07/31 15:10:51.966, 40.25, 250.00, 0, 1140, 1215, 52, P0
2026/07/31 15:10:52.166, 40.17, 250.00, 0, 1140, 1215, 52, P0
2026/07/31 15:10:52.367, 40.30, 250.00, 0, 1140, 1215, 51, P0
2026/07/31 15:10:52.567, 40.37, 250.00, 0, 1140, 1215, 51, P0
2026/07/31 15:10:52.767, 40.18, 250.00, 0, 1140, 1215, 51, P0
2026/07/31 15:10:52.968, 40.30, 250.00, 0, 1140, 1215, 51, P0
2026/07/31 15:10:53.168, 40.19, 250.00, 0, 1140, 1215, 51, P0
2026/07/31 15:10:53.369, 40.19, 250.00, 0, 1140, 1215, 51, P0
2026/07/31 15:10:53.569, 40.16, 250.00, 0, 1140, 1215, 51, P0
2026/07/31 15:10:53.769, 40.10, 250.00, 0, 1140, 1215, 51, P0
2026/07/31 15:10:53.970, 40.24, 250.00, 0, 1140, 1215, 51, P0
2026/07/31 15:10:54.170, 40.19, 250.00, 0, 1140, 1215, 51, P0
2026/07/31 15:10:54.371, 40.18, 250.00, 0, 1140, 1215, 51, P0
2026/07/31 15:10:54.571, 40.19, 250.00, 0, 1140, 1215, 51, P0
2026/07/31 15:10:54.771, 40.10, 250.00, 0, 1140, 1215, 51, P0
2026/07/31 15:10:54.972, 40.19, 250.00, 0, 1140, 1215, 51, P0
2026/07/31 15:10:55.172, 39.99, 250.00, 0, 1140, 1215, 51, P0
2026/07/31 15:10:55.373, 40.11, 250.00, 0, 1140, 1215, 51, P0
2026/07/31 15:10:55.573, 39.97, 250.00, 0, 1140, 1215, 51, P0
2026/07/31 15:10:55.774, 40.10, 250.00, 0, 1140, 1215, 51, P0
2026/07/31 15:10:55.974, 39.99, 250.00, 0, 1140, 1215, 51, P0
2026/07/31 15:10:56.174, 40.00, 250.00, 0, 1140, 1215, 51, P0
2026/07/31 15:10:56.375, 40.01, 250.00, 0, 1140, 1215, 51, P0
2026/07/31 15:10:56.575, 39.90, 250.00, 0, 1140, 1215, 51, P0
2026/07/31 15:10:56.776, 39.88, 250.00, 0, 1140, 1215, 51, P0
2026/07/31 15:10:56.976, 39.90, 250.00, 0, 1140, 1215, 51, P0
2026/07/31 15:10:57.176, 39.90, 250.00, 0, 1140, 1215, 51, P0
2026/07/31 15:10:57.377, 40.01, 250.00, 0, 1140, 1215, 51, P0
2026/07/31 15:10:57.577, 39.80, 250.00, 0, 1140, 1215, 51, P0
2026/07/31 15:10:57.778, 39.80, 250.00, 0, 1140, 1215, 51, P0
2026/07/31 15:10:57.978, 39.87, 250.00, 0, 1140, 1215, 51, P0
2026/07/31 15:10:58.178, 39.88, 250.00, 0, 1140, 1215, 51, P0
2026/07/31 15:10:58.379, 40.01, 250.00, 0, 1140, 1215, 51, P0
2026/07/31 15:10:58.579, 39.88, 250.00, 0, 1140, 1215, 50, P0
2026/07/31 15:10:58.780, 39.88, 250.00, 0, 1140, 1215, 50, P0
2026/07/31 15:10:58.980, 39.88, 250.00, 0, 1140, 1215, 50, P0
2026/07/31 15:10:59.181, 39.88, 250.00, 0, 1140, 1215, 50, P0
2026/07/31 15:10:59.381, 39.79, 250.00, 0, 1140, 1215, 50, P0
2026/07/31 15:10:59.581, 39.69, 250.00, 0, 1140, 1215, 50, P0
2026/07/31 15:10:59.782, 39.79, 250.00, 0, 1140, 1215, 50, P0
2026/07/31 15:10:59.982, 39.80, 250.00, 0, 1140, 1215, 50, P0
2026/07/31 15:11:00.183, 39.80, 250.00, 0, 1140, 1215, 50, P0
2026/07/31 15:11:00.383, 39.79, 250.00, 0, 1140, 1215, 50, P0
2026/07/31 15:11:00.583, 39.79, 250.00, 0, 1140, 1215, 50, P0
2026/07/31 15:11:00.784, 39.66, 250.00, 0, 1140, 1215, 50, P0
2026/07/31 15:11:00.984, 39.67, 250.00, 0, 1140, 1215, 50, P0
2026/07/31 15:11:01.185, 39.69, 250.00, 0, 1140, 1215, 50, P0
2026/07/31 15:11:01.385, 39.58, 250.00, 0, 1140, 1215, 50, P0
2026/07/31 15:11:01.585, 39.69, 250.00, 0, 1140, 1215, 50, P0
2026/07/31 15:11:01.786, 39.65, 250.00, 0, 1140, 1215, 50, P0
2026/07/31 15:11:01.986, 39.69, 250.00, 0, 1140, 1215, 50, P0
2026/07/31 15:11:02.187, 39.59, 250.00, 0, 1140, 1215, 50, P0
2026/07/31 15:11:02.387, 39.59, 250.00, 0, 1140, 1215, 50, P0
2026/07/31 15:11:02.588, 39.60, 250.00, 0, 1140, 1215, 50, P0
2026/07/31 15:11:02.788, 39.59, 250.00, 0, 1140, 1215, 50, P0
2026/07/31 15:11:02.988, 39.58, 250.00, 0, 1140, 1215, 50, P0
2026/07/31 15:11:03.189, 39.58, 250.00, 0, 1140, 1215, 50, P0
2026/07/31 15:11:03.389, 39.58, 250.00, 0, 1140, 1215, 50, P0
2026/07/31 15:11:03.590, 39.60, 250.00, 0, 1140, 1215, 50, P0
2026/07/31 15:11:03.790, 39.59, 250.00, 0, 1140, 1215, 50, P0
2026/07/31 15:11:03.990, 39.58, 250.00, 0, 1140, 1215, 50, P0
2026/07/31 15:11:04.191, 39.46, 250.00, 0, 1140, 1215, 50, P0
2026/07/31 15:11:04.391, 39.59, 250.00, 0, 1140, 1215, 50, P0
2026/07/31 15:11:04.592, 39.58, 250.00, 0, 1140, 1215, 50, P0
2026/07/31 15:11:04.792, 39.59, 250.00, 0, 1140, 1215, 50, P0
2026/07/31 15:11:04.992, 39.57, 250.00, 0, 1140, 1215, 50, P0
2026/07/31 15:11:05.193, 39.80, 250.00, 0, 1140, 1215, 50, P0
2026/07/31 15:11:05.393, 39.79, 250.00, 0, 1140, 1215, 50, P0
2026/07/31 15:11:05.594, 39.80, 250.00, 0, 1140, 1215, 49, P0
2026/07/31 15:11:05.794, 39.80, 250.00, 0, 1140, 1215, 49, P0
2026/07/31 15:11:05.994, 39.78, 250.00, 0, 1140, 1215, 49, P0
2026/07/31 15:11:06.195, 39.67, 250.00, 0, 1140, 1215, 49, P0
2026/07/31 15:11:06.395, 39.58, 250.00, 0, 1140, 1215, 49, P0
2026/07/31 15:11:06.596, 39.59, 250.00, 0, 1140, 1215, 50, P0
2026/07/31 15:11:06.796, 69.49, 250.00, 19, 1140, 1215, 51, P0
2026/07/31 15:11:06.997, 158.25, 250.00, 80, 1410, 1215, 53, P0
2026/07/31 15:11:07.197, 221.45, 250.00, 100, 1410, 1215, 54, P0
2026/07/31 15:11:07.398, 219.14, 250.00, 100, 1410, 1215, 55, P0
2026/07/31 15:11:07.600, 220.53, 250.00, 100, 1410, 1215, 55, P0
2026/07/31 15:11:07.803, 219.66, 250.00, 100, 1410, 1215, 56, P0
2026/07/31 15:11:08.004, 223.99, 250.00, 100, 1410, 1215, 56, P0
2026/07/31 15:11:08.206, 220.44, 250.00, 100, 1410, 1215, 56, P0
2026/07/31 15:11:08.406, 219.52, 250.00, 100, 1410, 1215, 57, P0
2026/07/31 15:11:08.607, 221.58, 250.00, 100, 1410, 1215, 57, P0
2026/07/31 15:11:08.807, 219.97, 250.00, 100, 1410, 1215, 57, P0
2026/07/31 15:11:09.008, 223.03, 250.00, 100, 1410, 1215, 57, P0
2026/07/31 15:11:09.208, 220.78, 250.00, 100, 1410, 1215, 57, P0
2026/07/31 15:11:09.409, 224.39, 250.00, 100, 1410, 1215, 58, P0
2026/07/31 15:11:09.609, 221.01, 250.00, 100, 1410, 1215, 58, P0
2026/07/31 15:11:09.810, 170.62, 250.00, 100, 1410, 1215, 57, P0
2026/07/31 15:11:10.010, 220.87, 250.00, 100, 1410, 1215, 58, P0
2026/07/31 15:11:10.211, 223.76, 250.00, 100, 1410, 1215, 58, P0
2026/07/31 15:11:10.411, 221.72, 250.00, 100, 1410, 1215, 58, P0
2026/07/31 15:11:10.612, 224.22, 250.00, 100, 1410, 1215, 58, P0
2026/07/31 15:11:10.812, 222.75, 250.00, 100, 1410, 1215, 58, P0
2026/07/31 15:11:11.013, 221.36, 250.00, 100, 1410, 1215, 58, P0
2026/07/31 15:11:11.213, 223.74, 250.00, 100, 1410, 1215, 59, P0
2026/07/31 15:11:11.414, 222.17, 250.00, 100, 1410, 1215, 59, P0
2026/07/31 15:11:11.614, 225.38, 250.00, 100, 1410, 1215, 59, P0
2026/07/31 15:11:11.815, 222.47, 250.00, 100, 1410, 1215, 59, P0
2026/07/31 15:11:12.015, 222.38, 250.00, 100, 1410, 1215, 59, P0
2026/07/31 15:11:12.216, 223.37, 250.00, 100, 1410, 1215, 59, P0
2026/07/31 15:11:12.416, 221.78, 250.00, 100, 1410, 1215, 59, P0
2026/07/31 15:11:12.617, 224.34, 250.00, 100, 1410, 1215, 59, P0
2026/07/31 15:11:12.817, 222.56, 250.00, 100, 1410, 1215, 59, P0
2026/07/31 15:11:13.018, 226.16, 250.00, 100, 1410, 1215, 59, P0
2026/07/31 15:11:13.219, 223.44, 250.00, 100, 1410, 1215, 59, P0
2026/07/31 15:11:13.419, 222.07, 250.00, 100, 1410, 1215, 60, P0
2026/07/31 15:11:13.620, 224.48, 250.00, 100, 1410, 1215, 60, P0
2026/07/31 15:11:13.820, 222.61, 250.00, 100, 1410, 1215, 60, P0
2026/07/31 15:11:14.021, 225.84, 250.00, 100, 1410, 1215, 60, P0
2026/07/31 15:11:14.221, 223.11, 250.00, 100, 1410, 1215, 60, P0
2026/07/31 15:11:14.422, 227.49, 250.00, 100, 1410, 1215, 60, P0
2026/07/31 15:11:14.622, 224.19, 250.00, 100, 1410, 1215, 60, P0
2026/07/31 15:11:14.823, 222.57, 250.00, 100, 1410, 1215, 60, P0
2026/07/31 15:11:15.023, 225.01, 250.00, 100, 1410, 1215, 60, P0
2026/07/31 15:11:15.224, 223.31, 250.00, 100, 1410, 1215, 60, P0
2026/07/31 15:11:15.424, 227.33, 250.00, 100, 1410, 1215, 60, P0
2026/07/31 15:11:15.625, 224.10, 250.00, 100, 1410, 1215, 60, P0
2026/07/31 15:11:15.825, 225.56, 250.00, 100, 1410, 1215, 60, P0
2026/07/31 15:11:16.026, 223.32, 250.00, 100, 1410, 1215, 60, P0
2026/07/31 15:11:16.226, 226.50, 250.00, 100, 1410, 1215, 61, P0
2026/07/31 15:11:16.427, 224.05, 250.00, 100, 1410, 1215, 61, P0
2026/07/31 15:11:16.627, 227.62, 250.00, 100, 1410, 1215, 61, P0
2026/07/31 15:11:16.828, 225.35, 250.00, 100, 1410, 1215, 61, P0
2026/07/31 15:11:17.028, 224.00, 250.00, 100, 1410, 1215, 61, P0
2026/07/31 15:11:17.229, 226.85, 250.00, 100, 1410, 1215, 61, P0
2026/07/31 15:11:17.430, 224.23, 250.00, 100, 1410, 1215, 61, P0
2026/07/31 15:11:17.630, 228.27, 250.00, 100, 1410, 1215, 61, P0
2026/07/31 15:11:17.831, 225.35, 250.00, 100, 1410, 1215, 61, P0
2026/07/31 15:11:18.031, 224.12, 250.00, 100, 1410, 1215, 61, P0
2026/07/31 15:11:18.231, 226.52, 250.00, 100, 1410, 1215, 61, P0
2026/07/31 15:11:18.432, 224.23, 250.00, 100, 1410, 1215, 61, P0
2026/07/31 15:11:18.632, 227.05, 250.00, 100, 1410, 1215, 62, P0
2026/07/31 15:11:18.833, 225.01, 250.00, 100, 1410, 1215, 62, P0
2026/07/31 15:11:19.033, 108.34, 250.00, 100, 1410, 1215, 60, P0
2026/07/31 15:11:19.234, 220.98, 250.00, 43, 1410, 1215, 60, P0
2026/07/31 15:11:19.434, 226.07, 250.00, 80, 1410, 1215, 61, P0
2026/07/31 15:11:19.635, 224.02, 250.00, 100, 1410, 1215, 61, P0
2026/07/31 15:11:19.835, 227.34, 250.00, 100, 1410, 1215, 62, P0
2026/07/31 15:11:20.036, 225.18, 250.00, 100, 1410, 1215, 62, P0
2026/07/31 15:11:20.236, 227.89, 250.00, 100, 1410, 1215, 62, P0
2026/07/31 15:11:20.437, 225.11, 250.00, 100, 1410, 1215, 62, P0
2026/07/31 15:11:20.637, 230.04, 250.00, 100, 1410, 1215, 62, P0
2026/07/31 15:11:20.838, 226.43, 250.00, 100, 1410, 1215, 62, P0
2026/07/31 15:11:21.038, 224.72, 250.00, 100, 1410, 1215, 62, P0
2026/07/31 15:11:21.239, 227.69, 250.00, 100, 1410, 1215, 62, P0
2026/07/31 15:11:21.439, 225.35, 250.00, 100, 1410, 1215, 62, P0
2026/07/31 15:11:21.640, 228.20, 250.00, 100, 1410, 1215, 62, P0
2026/07/31 15:11:21.840, 228.01, 250.00, 100, 1410, 1215, 62, P0
2026/07/31 15:11:22.041, 232.67, 250.00, 100, 1410, 1215, 63, P0
2026/07/31 15:11:22.242, 229.94, 250.00, 100, 1410, 1215, 62, P0
2026/07/31 15:11:22.442, 232.20, 250.00, 100, 1410, 1215, 63, P0
2026/07/31 15:11:22.643, 228.70, 250.00, 100, 1410, 1215, 63, P0
2026/07/31 15:11:22.843, 230.42, 250.00, 100, 1410, 1215, 63, P0
2026/07/31 15:11:23.044, 229.68, 250.00, 100, 1410, 1215, 63, P0
2026/07/31 15:11:23.244, 228.30, 250.00, 100, 1410, 1215, 63, P0
2026/07/31 15:11:23.445, 230.72, 250.00, 100, 1410, 1215, 63, P0
2026/07/31 15:11:23.645, 228.71, 250.00, 100, 1410, 1215, 63, P0
2026/07/31 15:11:23.846, 232.46, 250.00, 100, 1410, 1215, 63, P0
2026/07/31 15:11:24.046, 229.66, 250.00, 100, 1410, 1215, 63, P0
2026/07/31 15:11:24.247, 231.64, 250.00, 100, 1410, 1215, 63, P0
2026/07/31 15:11:24.447, 230.52, 250.00, 100, 1410, 1215, 63, P0
2026/07/31 15:11:24.648, 228.76, 250.00, 100, 1410, 1215, 64, P0
2026/07/31 15:11:24.848, 232.07, 250.00, 100, 1410, 1215, 64, P0
2026/07/31 15:11:25.049, 229.49, 250.00, 100, 1410, 1215, 64, P0
2026/07/31 15:11:25.249, 232.98, 250.00, 100, 1410, 1215, 64, P0
2026/07/31 15:11:25.450, 230.51, 250.00, 100, 1410, 1215, 64, P0
2026/07/31 15:11:25.650, 229.07, 250.00, 100, 1410, 1215, 64, P0
2026/07/31 15:11:25.851, 231.69, 250.00, 100, 1410, 1215, 64, P0
2026/07/31 15:11:26.051, 229.55, 250.00, 100, 1410, 1215, 64, P0
2026/07/31 15:11:26.252, 232.82, 250.00, 100, 1410, 1215, 64, P0
2026/07/31 15:11:26.452, 229.94, 250.00, 100, 1410, 1215, 64, P0
2026/07/31 15:11:26.653, 233.72, 250.00, 100, 1410, 1215, 64, P0
2026/07/31 15:11:26.853, 231.57, 250.00, 100, 1410, 1215, 64, P0
2026/07/31 15:11:27.054, 229.72, 250.00, 100, 1410, 1215, 64, P0
2026/07/31 15:11:27.254, 232.32, 250.00, 100, 1410, 1215, 64, P0
2026/07/31 15:11:27.455, 230.06, 250.00, 100, 1410, 1215, 64, P0
2026/07/31 15:11:27.655, 233.90, 250.00, 100, 1410, 1215, 65, P0
2026/07/31 15:11:27.856, 230.80, 250.00, 100, 1410, 1215, 65, P0
2026/07/31 15:11:28.056, 230.83, 250.00, 100, 1410, 1215, 65, P0
2026/07/31 15:11:28.257, 231.32, 250.00, 100, 1410, 1215, 65, P0
2026/07/31 15:11:28.457, 192.25, 250.00, 100, 1410, 1215, 65, P0
2026/07/31 15:11:28.658, 230.88, 250.00, 100, 1410, 1215, 65, P0
2026/07/31 15:11:28.858, 233.70, 250.00, 100, 1410, 1215, 65, P0
2026/07/31 15:11:29.059, 232.18, 250.00, 100, 1410, 1215, 65, P0
2026/07/31 15:11:29.259, 230.31, 250.00, 100, 1410, 1215, 65, P0
2026/07/31 15:11:29.460, 233.06, 250.00, 100, 1410, 1215, 65, P0
2026/07/31 15:11:29.660, 230.86, 250.00, 100, 1410, 1215, 65, P0
2026/07/31 15:11:29.861, 234.52, 250.00, 100, 1410, 1215, 65, P0
2026/07/31 15:11:30.061, 232.45, 250.00, 100, 1410, 1215, 65, P0
2026/07/31 15:11:30.262, 230.36, 250.00, 100, 1410, 1215, 65, P0
2026/07/31 15:11:30.463, 232.78, 250.00, 100, 1410, 1215, 65, P0
2026/07/31 15:11:30.663, 230.90, 250.00, 100, 1410, 1215, 65, P0
2026/07/31 15:11:30.864, 233.65, 250.00, 100, 1410, 1215, 66, P0
2026/07/31 15:11:31.064, 232.10, 250.00, 100, 1410, 1215, 66, P0
2026/07/31 15:11:31.265, 234.60, 250.00, 100, 1410, 1215, 66, P0
2026/07/31 15:11:31.465, 232.84, 250.00, 100, 1410, 1215, 66, P0
2026/07/31 15:11:31.666, 105.61, 250.00, 100, 1410, 1215, 63, P0
2026/07/31 15:11:31.866, 232.37, 250.00, 37, 1410, 1215, 65, P0
2026/07/31 15:11:32.067, 231.09, 250.00, 81, 1410, 1215, 65, P0
2026/07/31 15:11:32.267, 234.99, 250.00, 100, 1410, 1215, 66, P0
2026/07/31 15:11:32.468, 231.78, 250.00, 100, 1410, 1215, 66, P0
2026/07/31 15:11:32.668, 234.70, 250.00, 100, 1410, 1215, 66, P0
2026/07/31 15:11:32.869, 233.23, 250.00, 100, 1410, 1215, 66, P0
2026/07/31 15:11:33.069, 231.30, 250.00, 100, 1410, 1215, 66, P0
2026/07/31 15:11:33.270, 233.79, 250.00, 100, 1410, 1215, 66, P0
2026/07/31 15:11:33.470, 232.32, 250.00, 100, 1410, 1215, 66, P0
2026/07/31 15:11:33.671, 235.48, 250.00, 100, 1410, 1215, 66, P0
2026/07/31 15:11:33.871, 232.13, 250.00, 100, 1410, 1215, 66, P0
2026/07/31 15:11:34.072, 231.90, 250.00, 100, 1410, 1215, 66, P0
2026/07/31 15:11:34.272, 233.63, 250.00, 100, 1410, 1215, 66, P0
2026/07/31 15:11:34.473, 231.79, 250.00, 100, 1410, 1215, 66, P0
2026/07/31 15:11:34.673, 235.12, 250.00, 100, 1410, 1215, 66, P0
2026/07/31 15:11:34.874, 235.09, 250.00, 100, 1410, 1215, 66, P0
2026/07/31 15:11:35.074, 233.61, 250.00, 100, 1410, 1215, 67, P0
2026/07/31 15:11:35.275, 232.33, 250.00, 100, 1410, 1215, 67, P0
2026/07/31 15:11:35.475, 234.19, 250.00, 100, 1410, 1215, 67, P0
2026/07/31 15:11:35.676, 236.91, 250.00, 100, 1410, 1215, 67, P0
2026/07/31 15:11:35.876, 234.15, 250.00, 100, 1410, 1215, 67, P0
2026/07/31 15:11:36.077, 232.95, 250.00, 100, 1410, 1215, 67, P0
2026/07/31 15:11:36.277, 235.41, 250.00, 100, 1410, 1215, 67, P0
2026/07/31 15:11:36.478, 233.23, 250.00, 100, 1410, 1215, 67, P0
2026/07/31 15:11:36.678, 237.87, 250.00, 100, 1410, 1215, 67, P0
2026/07/31 15:11:36.879, 233.96, 250.00, 100, 1410, 1215, 67, P0
2026/07/31 15:11:37.080, 233.17, 250.00, 100, 1410, 1215, 67, P0
2026/07/31 15:11:37.280, 236.13, 250.00, 100, 1410, 1215, 67, P0
2026/07/31 15:11:37.481, 233.33, 250.00, 100, 1410, 1215, 67, P0
2026/07/31 15:11:37.681, 237.40, 250.00, 100, 1410, 1215, 67, P0
2026/07/31 15:11:37.882, 234.36, 250.00, 100, 1410, 1215, 67, P0
2026/07/31 15:11:38.082, 238.17, 250.00, 100, 1410, 1215, 68, P0
2026/07/31 15:11:38.283, 233.25, 250.00, 100, 1410, 1215, 68, P0
2026/07/31 15:11:38.483, 235.92, 250.00, 100, 1410, 1215, 68, P0
2026/07/31 15:11:38.684, 235.46, 250.00, 100, 1410, 1215, 68, P0
2026/07/31 15:11:38.884, 233.44, 250.00, 100, 1410, 1215, 68, P0
2026/07/31 15:11:39.085, 235.67, 250.00, 100, 1410, 1215, 68, P0
2026/07/31 15:11:39.285, 234.35, 250.00, 100, 1410, 1215, 68, P0
2026/07/31 15:11:39.486, 237.26, 250.00, 100, 1410, 1215, 68, P0
2026/07/31 15:11:39.686, 234.22, 250.00, 100, 1410, 1215, 68, P0
2026/07/31 15:11:39.887, 236.47, 250.00, 100, 1410, 1215, 68, P0
2026/07/31 15:11:40.087, 235.58, 250.00, 100, 1410, 1215, 68, P0
2026/07/31 15:11:40.288, 234.80, 250.00, 100, 1410, 1215, 68, P0
2026/07/31 15:11:40.489, 238.17, 250.00, 100, 1410, 1215, 68, P0
2026/07/31 15:11:40.689, 236.03, 250.00, 100, 1410, 1215, 68, P0
2026/07/31 15:11:40.890, 234.00, 250.00, 100, 1410, 1215, 68, P0
2026/07/31 15:11:41.090, 234.31, 250.00, 100, 1410, 1215, 68, P0
2026/07/31 15:11:41.291, 238.48, 250.00, 100, 1410, 1215, 68, P0
2026/07/31 15:11:41.491, 235.85, 250.00, 100, 1410, 1215, 68, P0
2026/07/31 15:11:41.692, 234.48, 250.00, 100, 1410, 1215, 69, P0
2026/07/31 15:11:41.892, 237.01, 250.00, 100, 1410, 1215, 69, P0
2026/07/31 15:11:42.093, 234.94, 250.00, 100, 1410, 1215, 69, P0
2026/07/31 15:11:42.293, 238.64, 250.00, 100, 1410, 1215, 69, P0
2026/07/31 15:11:42.494, 235.65, 250.00, 100, 1410, 1215, 69, P0
2026/07/31 15:11:42.694, 238.48, 250.00, 100, 1410, 1215, 69, P0
2026/07/31 15:11:42.895, 236.16, 250.00, 100, 1410, 1215, 69, P0
2026/07/31 15:11:43.095, 234.80, 250.00, 100, 1410, 1215, 69, P0
2026/07/31 15:11:43.296, 237.90, 250.00, 100, 1410, 1215, 69, P0
2026/07/31 15:11:43.496, 235.37, 250.00, 100, 1410, 1215, 69, P0
2026/07/31 15:11:43.697, 239.47, 250.00, 100, 1410, 1215, 69, P0
2026/07/31 15:11:43.897, 235.89, 250.00, 100, 1410, 1215, 69, P0
2026/07/31 15:11:44.098, 114.30, 250.00, 100, 1410, 1215, 67, P0
2026/07/31 15:11:44.298, 236.22, 250.00, 38, 1410, 1215, 68, P0
2026/07/31 15:11:44.499, 234.81, 250.00, 90, 1410, 1215, 69, P0
2026/07/31 15:11:44.699, 239.52, 250.00, 100, 1410, 1215, 69, P0
2026/07/31 15:11:44.900, 236.14, 250.00, 100, 1410, 1215, 69, P0
2026/07/31 15:11:45.100, 235.07, 250.00, 100, 1410, 1215, 69, P0
2026/07/31 15:11:45.301, 238.53, 250.00, 100, 1410, 1215, 69, P0
2026/07/31 15:11:45.501, 235.77, 250.00, 100, 1410, 1215, 69, P0
2026/07/31 15:11:45.702, 239.17, 250.00, 100, 1410, 1215, 69, P0
2026/07/31 15:11:45.902, 237.08, 250.00, 100, 1410, 1215, 69, P0
2026/07/31 15:11:46.103, 236.04, 250.00, 100, 1410, 1215, 70, P0
2026/07/31 15:11:46.304, 237.59, 250.00, 100, 1410, 1215, 70, P0
2026/07/31 15:11:46.506, 235.73, 250.00, 100, 1410, 1215, 70, P0
2026/07/31 15:11:46.709, 237.73, 250.00, 100, 1410, 1215, 70, P0
2026/07/31 15:11:46.911, 236.05, 250.00, 100, 1410, 1215, 70, P0
2026/07/31 15:11:47.111, 238.55, 250.00, 100, 1410, 1215, 70, P0
2026/07/31 15:11:47.312, 240.61, 250.00, 100, 1410, 1215, 70, P0
2026/07/31 15:11:47.514, 237.48, 250.00, 100, 1410, 1215, 70, P0
2026/07/31 15:11:47.714, 236.11, 250.00, 100, 1410, 1215, 70, P0
2026/07/31 15:11:47.915, 238.65, 250.00, 100, 1410, 1215, 70, P0
2026/07/31 15:11:48.115, 236.44, 250.00, 100, 1410, 1215, 70, P0
2026/07/31 15:11:48.316, 239.46, 250.00, 100, 1410, 1215, 70, P0
2026/07/31 15:11:48.516, 237.02, 250.00, 100, 1410, 1215, 70, P0
2026/07/31 15:11:48.717, 241.16, 250.00, 100, 1410, 1215, 70, P0
2026/07/31 15:11:48.917, 237.57, 250.00, 100, 1410, 1215, 70, P0
2026/07/31 15:11:49.118, 236.91, 250.00, 100, 1410, 1215, 70, P0
2026/07/31 15:11:49.318, 238.97, 250.00, 100, 1410, 1215, 70, P0
2026/07/31 15:11:49.519, 237.03, 250.00, 100, 1410, 1215, 70, P0
2026/07/31 15:11:49.719, 240.61, 250.00, 100, 1410, 1215, 71, P0
2026/07/31 15:11:49.920, 237.79, 250.00, 100, 1410, 1215, 71, P0
2026/07/31 15:11:50.121, 237.68, 250.00, 100, 1410, 1215, 71, P0
2026/07/31 15:11:50.321, 238.66, 250.00, 100, 1410, 1215, 71, P0
2026/07/31 15:11:50.522, 237.41, 250.00, 100, 1410, 1215, 71, P0
2026/07/31 15:11:50.722, 240.94, 250.00, 100, 1410, 1215, 71, P0
2026/07/31 15:11:50.923, 237.60, 250.00, 100, 1410, 1215, 71, P0
2026/07/31 15:11:51.123, 241.02, 250.00, 100, 1410, 1215, 71, P0
2026/07/31 15:11:51.324, 238.76, 250.00, 100, 1410, 1215, 71, P0
2026/07/31 15:11:51.524, 237.49, 250.00, 100, 1410, 1215, 71, P0
2026/07/31 15:11:51.725, 239.75, 250.00, 100, 1410, 1215, 71, P0
2026/07/31 15:11:51.925, 237.73, 250.00, 100, 1410, 1215, 71, P0
2026/07/31 15:11:52.126, 241.45, 250.00, 100, 1410, 1215, 71, P0
2026/07/31 15:11:52.326, 238.37, 250.00, 100, 1410, 1215, 71, P0
2026/07/31 15:11:52.527, 242.53, 250.00, 100, 1410, 1215, 71, P0
2026/07/31 15:11:52.728, 239.85, 250.00, 100, 1410, 1215, 71, P0
2026/07/31 15:11:52.928, 238.00, 250.00, 100, 1410, 1215, 71, P0
2026/07/31 15:11:53.129, 240.40, 250.00, 100, 1410, 1215, 71, P0
2026/07/31 15:11:53.329, 234.93, 250.00, 100, 1410, 1215, 71, P0
2026/07/31 15:11:53.530, 239.25, 250.00, 100, 1410, 1215, 71, P0
2026/07/31 15:11:53.730, 238.36, 250.00, 100, 1410, 1215, 71, P0
2026/07/31 15:11:53.935, 239.85, 250.00, 100, 1410, 1215, 72, P0
2026/07/31 15:11:54.135, 238.37, 250.00, 100, 1410, 1215, 72, P0
2026/07/31 15:11:54.336, 241.45, 250.00, 100, 1410, 1215, 72, P0
2026/07/31 15:11:54.536, 238.97, 250.00, 100, 1410, 1215, 72, P0
2026/07/31 15:11:54.737, 242.44, 250.00, 100, 1410, 1215, 72, P0
2026/07/31 15:11:54.937, 239.58, 250.00, 100, 1410, 1215, 72, P0
2026/07/31 15:11:55.138, 238.56, 250.00, 100, 1410, 1215, 72, P0
2026/07/31 15:11:55.338, 241.17, 250.00, 100, 1410, 1215, 72, P0
2026/07/31 15:11:55.539, 238.67, 250.00, 100, 1410, 1215, 72, P0
2026/07/31 15:11:55.739, 242.47, 250.00, 100, 1410, 1215, 72, P0
2026/07/31 15:11:55.940, 239.15, 250.00, 100, 1410, 1215, 72, P0
2026/07/31 15:11:56.141, 244.48, 250.00, 100, 1410, 1215, 72, P0
2026/07/31 15:11:56.341, 240.23, 250.00, 100, 1410, 1215, 72, P0
2026/07/31 15:11:56.542, 122.19, 250.00, 30, 1410, 1215, 70, P0
2026/07/31 15:11:56.742, 238.95, 250.00, 90, 1410, 1215, 71, P0
2026/07/31 15:11:56.943, 238.06, 250.00, 100, 1410, 1215, 72, P0
2026/07/31 15:11:57.143, 241.07, 250.00, 100, 1410, 1215, 72, P0
2026/07/31 15:11:57.344, 238.78, 250.00, 100, 1410, 1215, 72, P0
2026/07/31 15:11:57.544, 242.53, 250.00, 100, 1410, 1215, 72, P0
2026/07/31 15:11:57.745, 239.64, 250.00, 100, 1410, 1215, 72, P0
2026/07/31 15:11:57.945, 243.34, 250.00, 100, 1410, 1215, 72, P0
2026/07/31 15:11:58.146, 240.68, 250.00, 100, 1410, 1215, 72, P0
2026/07/31 15:11:58.347, 239.43, 250.00, 100, 1410, 1215, 72, P0
2026/07/31 15:11:58.559, 240.78, 250.00, 100, 1410, 1215, 73, P0
2026/07/31 15:11:58.760, 240.04, 250.00, 100, 1410, 1215, 73, P0
2026/07/31 15:11:58.960, 243.64, 250.00, 100, 1410, 1215, 73, P0
2026/07/31 15:11:59.161, 240.52, 250.00, 100, 1410, 1215, 73, P0
2026/07/31 15:11:59.361, 239.25, 250.00, 100, 1410, 1215, 73, P0
2026/07/31 15:11:59.562, 241.57, 250.00, 100, 1410, 1215, 73, P0
2026/07/31 15:11:59.762, 236.05, 250.00, 100, 1410, 1215, 73, P0
2026/07/31 15:11:59.963, 240.50, 250.00, 100, 1410, 1215, 73, P0
2026/07/31 15:12:00.163, 241.09, 250.00, 100, 1410, 1215, 73, P0
2026/07/31 15:12:00.364, 241.40, 250.00, 100, 1410, 1215, 73, P0
2026/07/31 15:12:00.564, 239.73, 250.00, 100, 1410, 1215, 73, P0
2026/07/31 15:12:00.765, 243.01, 250.00, 100, 1410, 1215, 73, P0
2026/07/31 15:12:00.966, 240.34, 250.00, 100, 1410, 1215, 73, P0
2026/07/31 15:12:01.166, 244.37, 250.00, 100, 1410, 1215, 73, P0
2026/07/31 15:12:01.367, 241.10, 250.00, 100, 1410, 1215, 73, P0
2026/07/31 15:12:01.567, 239.96, 250.00, 100, 1410, 1215, 73, P0
2026/07/31 15:12:01.768, 242.65, 250.00, 100, 1410, 1215, 73, P0
2026/07/31 15:12:01.968, 240.32, 250.00, 100, 1410, 1215, 73, P0
2026/07/31 15:12:02.169, 243.41, 250.00, 100, 1410, 1215, 73, P0
2026/07/31 15:12:02.369, 241.08, 250.00, 100, 1410, 1215, 74, P0
2026/07/31 15:12:02.570, 246.15, 250.00, 100, 1410, 1215, 74, P0
2026/07/31 15:12:02.771, 241.50, 250.00, 100, 1410, 1215, 74, P0
2026/07/31 15:12:02.971, 240.40, 250.00, 100, 1410, 1215, 74, P0
2026/07/31 15:12:03.172, 243.27, 250.00, 100, 1410, 1215, 74, P0
2026/07/31 15:12:03.372, 240.71, 250.00, 100, 1410, 1215, 74, P0
2026/07/31 15:12:03.573, 243.82, 250.00, 100, 1410, 1215, 74, P0
2026/07/31 15:12:03.773, 241.58, 250.00, 100, 1410, 1215, 74, P0
2026/07/31 15:12:03.974, 244.23, 250.00, 100, 1410, 1215, 74, P0
2026/07/31 15:12:04.174, 242.72, 250.00, 100, 1410, 1215, 74, P0
2026/07/31 15:12:04.375, 240.62, 250.00, 100, 1410, 1215, 74, P0
2026/07/31 15:12:04.575, 244.09, 250.00, 100, 1410, 1215, 74, P0
2026/07/31 15:12:04.776, 241.71, 250.00, 100, 1410, 1215, 74, P0
2026/07/31 15:12:04.976, 245.07, 250.00, 100, 1410, 1215, 74, P0
2026/07/31 15:12:05.177, 242.55, 250.00, 100, 1410, 1215, 74, P0
2026/07/31 15:12:05.378, 241.25, 250.00, 100, 1410, 1215, 74, P0
2026/07/31 15:12:05.578, 243.59, 250.00, 100, 1410, 1215, 74, P0
2026/07/31 15:12:05.779, 241.51, 250.00, 100, 1410, 1215, 74, P0
2026/07/31 15:12:05.979, 242.16, 250.00, 100, 1410, 1215, 74, P0
2026/07/31 15:12:06.180, 241.97, 250.00, 100, 1410, 1215, 74, P0
2026/07/31 15:12:06.381, 243.24, 250.00, 100, 1410, 1215, 74, P0
2026/07/31 15:12:06.581, 242.02, 250.00, 100, 1410, 1215, 74, P0
2026/07/31 15:12:06.782, 244.87, 250.00, 100, 1410, 1215, 75, P0
2026/07/31 15:12:06.982, 242.28, 250.00, 100, 1410, 1215, 75, P0
2026/07/31 15:12:07.183, 245.92, 250.00, 100, 1410, 1215, 75, P0
2026/07/31 15:12:07.383, 243.01, 250.00, 100, 1410, 1215, 75, P0
2026/07/31 15:12:07.584, 241.86, 250.00, 100, 1410, 1215, 75, P0
2026/07/31 15:12:07.784, 244.57, 250.00, 100, 1410, 1215, 75, P0
2026/07/31 15:12:07.985, 242.17, 250.00, 100, 1410, 1215, 75, P0
2026/07/31 15:12:08.185, 245.62, 250.00, 100, 1410, 1215, 75, P0
2026/07/31 15:12:08.386, 242.74, 250.00, 100, 1410, 1215, 75, P0
2026/07/31 15:12:08.586, 247.66, 250.00, 100, 1410, 1215, 75, P0
2026/07/31 15:12:08.787, 243.71, 250.00, 100, 1410, 1215, 75, P0
2026/07/31 15:12:08.987, 71.43, 250.00, 100, 1410, 1215, 72, P0
2026/07/31 15:12:09.188, 69.39, 250.00, 8, 1410, 1215, 70, P0
2026/07/31 15:12:09.388, 68.79, 250.00, 0, 1410, 1215, 69, P0
2026/07/31 15:12:09.588, 68.22, 250.00, 0, 1410, 1215, 69, P0
2026/07/31 15:12:09.789, 67.80, 250.00, 0, 1410, 1215, 68, P0
2026/07/31 15:12:09.989, 67.61, 250.00, 0, 1410, 1215, 68, P0
2026/07/31 15:12:10.189, 67.32, 250.00, 0, 1410, 1215, 68, P0
2026/07/31 15:12:10.390, 67.14, 250.00, 0, 1410, 1215, 68, P0
2026/07/31 15:12:10.590, 67.12, 250.00, 0, 1410, 1215, 67, P0
2026/07/31 15:12:10.791, 49.31, 250.00, 0, 1140, 1215, 67, P0
2026/07/31 15:12:10.991, 48.32, 250.00, 0, 1140, 1215, 66, P0
2026/07/31 15:12:11.191, 48.13, 250.00, 0, 1140, 1215, 66, P0
2026/07/31 15:12:11.394, 47.96, 250.00, 0, 1140, 1215, 66, P0
2026/07/31 15:12:11.594, 47.86, 250.00, 0, 1140, 1215, 66, P0
2026/07/31 15:12:11.795, 47.66, 250.00, 0, 1140, 1215, 66, P0
2026/07/31 15:12:11.995, 47.66, 250.00, 0, 1140, 1215, 66, P0
2026/07/31 15:12:12.195, 47.47, 250.00, 0, 1140, 1215, 65, P0
2026/07/31 15:12:12.396, 47.46, 250.00, 0, 1140, 1215, 65, P0
2026/07/31 15:12:12.596, 47.37, 250.00, 0, 1140, 1215, 65, P0
2026/07/31 15:12:12.796, 47.27, 250.00, 0, 1140, 1215, 65, P0
2026/07/31 15:12:12.997, 47.23, 250.00, 0, 1140, 1215, 65, P0
2026/07/31 15:12:13.197, 47.18, 250.00, 0, 1140, 1215, 65, P0
2026/07/31 15:12:13.398, 47.08, 250.00, 0, 1140, 1215, 65, P0
2026/07/31 15:12:13.598, 47.16, 250.00, 0, 1140, 1215, 65, P0
2026/07/31 15:12:13.799, 46.87, 250.00, 0, 1140, 1215, 64, P0
2026/07/31 15:12:13.999, 46.95, 250.00, 0, 1140, 1215, 64, P0
2026/07/31 15:12:14.199, 46.88, 250.00, 0, 1140, 1215, 64, P0
2026/07/31 15:12:14.400, 46.90, 250.00, 0, 1140, 1215, 64, P0
2026/07/31 15:12:14.600, 46.80, 250.00, 0, 1140, 1215, 64, P0
2026/07/31 15:12:14.800, 46.79, 250.00, 0, 1140, 1215, 64, P0
2026/07/31 15:12:15.001, 46.64, 250.00, 0, 1140, 1215, 64, P0
2026/07/31 15:12:15.201, 46.58, 250.00, 0, 1140, 1215, 64, P0
2026/07/31 15:12:15.401, 46.58, 250.00, 0, 1140, 1215, 64, P0
2026/07/31 15:12:15.602, 46.39, 250.00, 0, 1140, 1215, 64, P0
2026/07/31 15:12:15.802, 46.48, 250.00, 0, 1140, 1215, 64, P0
2026/07/31 15:12:16.002, 46.41, 250.00, 0, 1140, 1215, 64, P0
2026/07/31 15:12:16.203, 46.47, 250.00, 0, 1140, 1215, 63, P0
2026/07/31 15:12:16.403, 46.48, 250.00, 0, 1140, 1215, 63, P0
2026/07/31 15:12:16.603, 46.58, 250.00, 0, 1140, 1215, 63, P0
2026/07/31 15:12:16.804, 46.56, 250.00, 0, 1140, 1215, 63, P0
2026/07/31 15:12:17.004, 46.47, 250.00, 0, 1140, 1215, 63, P0
2026/07/31 15:12:17.205, 46.47, 250.00, 0, 1140, 1215, 63, P0
2026/07/31 15:12:17.405, 46.47, 250.00, 0, 1140, 1215, 63, P0
2026/07/31 15:12:17.605, 46.57, 250.00, 0, 1140, 1215, 63, P0
2026/07/31 15:12:17.806, 46.39, 250.00, 0, 1140, 1215, 63, P0
2026/07/31 15:12:18.006, 46.48, 250.00, 0, 1140, 1215, 63, P0
2026/07/31 15:12:18.207, 46.17, 250.00, 0, 1140, 1215, 63, P0
2026/07/31 15:12:18.407, 46.18, 250.00, 0, 1140, 1215, 63, P0
2026/07/31 15:12:18.607, 45.95, 250.00, 0, 1140, 1215, 63, P0
2026/07/31 15:12:18.808, 45.90, 250.00, 0, 1140, 1215, 62, P0
2026/07/31 15:12:19.008, 45.90, 250.00, 0, 1140, 1215, 62, P0
2026/07/31 15:12:19.212, 45.95, 250.00, 0, 1140, 1215, 62, P0
2026/07/31 15:12:19.414, 45.80, 250.00, 0, 1140, 1215, 62, P0
2026/07/31 15:12:19.614, 45.69, 250.00, 0, 1140, 1215, 62, P0
2026/07/31 15:12:19.814, 45.58, 250.00, 0, 1140, 1215, 62, P0
2026/07/31 15:12:20.015, 45.71, 250.00, 0, 1140, 1215, 62, P0
2026/07/31 15:12:20.215, 45.51, 250.00, 0, 1140, 1215, 62, P0
2026/07/31 15:12:20.416, 45.41, 250.00, 0, 1140, 1215, 62, P0
2026/07/31 15:12:20.616, 45.51, 250.00, 0, 1140, 1215, 62, P0
2026/07/31 15:12:20.816, 45.43, 250.00, 0, 1140, 1215, 62, P0
2026/07/31 15:12:21.017, 45.50, 250.00, 0, 1140, 1215, 62, P0
2026/07/31 15:12:21.217, 45.41, 250.00, 0, 1140, 1215, 62, P0
2026/07/31 15:12:21.418, 45.41, 250.00, 0, 1140, 1215, 62, P0
2026/07/31 15:12:21.618, 45.32, 250.00, 0, 1140, 1215, 62, P0
2026/07/31 15:12:21.818, 45.21, 250.00, 0, 1140, 1215, 62, P0
2026/07/31 15:12:22.019, 45.27, 250.00, 0, 1140, 1215, 61, P0
2026/07/31 15:12:22.219, 45.18, 250.00, 0, 1140, 1215, 61, P0
2026/07/31 15:12:22.420, 45.22, 250.00, 0, 1140, 1215, 61, P0
2026/07/31 15:12:22.620, 45.09, 250.00, 0, 1140, 1215, 61, P0
2026/07/31 15:12:22.820, 45.09, 250.00, 0, 1140, 1215, 61, P0
2026/07/31 15:12:23.021, 45.00, 250.00, 0, 1140, 1215, 61, P0
2026/07/31 15:12:23.221, 44.88, 250.00, 0, 1140, 1215, 61, P0
2026/07/31 15:12:23.422, 44.99, 250.00, 0, 1140, 1215, 61, P0
2026/07/31 15:12:23.622, 44.93, 250.00, 0, 1140, 1215, 61, P0
2026/07/31 15:12:23.822, 44.92, 250.00, 0, 1140, 1215, 61, P0
2026/07/31 15:12:24.023, 44.82, 250.00, 0, 1140, 1215, 61, P0
2026/07/31 15:12:24.223, 44.90, 250.00, 0, 1140, 1215, 61, P0
2026/07/31 15:12:24.424, 44.82, 250.00, 0, 1140, 1215, 61, P0
2026/07/31 15:12:24.624, 44.88, 250.00, 0, 1140, 1215, 61, P0
2026/07/31 15:12:24.824, 44.72, 250.00, 0, 1140, 1215, 61, P0
2026/07/31 15:12:25.025, 44.69, 250.00, 0, 1140, 1215, 61, P0
2026/07/31 15:12:25.225, 44.61, 250.00, 0, 1140, 1215, 61, P0
2026/07/31 15:12:25.426, 44.72, 250.00, 0, 1140, 1215, 61, P0
2026/07/31 15:12:25.626, 44.61, 250.00, 0, 1140, 1215, 60, P0
2026/07/31 15:12:25.826, 44.59, 250.00, 0, 1140, 1215, 60, P0
2026/07/31 15:12:26.027, 44.53, 250.00, 0, 1140, 1215, 60, P0
2026/07/31 15:12:26.227, 44.62, 250.00, 0, 1140, 1215, 60, P0
2026/07/31 15:12:26.427, 44.52, 250.00, 0, 1140, 1215, 60, P0
2026/07/31 15:12:26.628, 44.43, 250.00, 0, 1140, 1215, 60, P0
2026/07/31 15:12:26.828, 44.53, 250.00, 0, 1140, 1215, 60, P0
2026/07/31 15:12:27.028, 44.30, 250.00, 0, 1140, 1215, 60, P0
2026/07/31 15:12:27.229, 44.44, 250.00, 0, 1140, 1215, 60, P0
2026/07/31 15:12:27.429, 44.32, 250.00, 0, 1140, 1215, 60, P0
2026/07/31 15:12:27.631, 44.32, 250.00, 0, 1140, 1215, 60, P0
2026/07/31 15:12:27.832, 44.33, 250.00, 0, 1140, 1215, 60, P0
2026/07/31 15:12:28.032, 44.30, 250.00, 0, 1140, 1215, 60, P0
2026/07/31 15:12:28.233, 44.22, 250.00, 0, 1140, 1215, 60, P0
2026/07/31 15:12:28.433, 44.30, 250.00, 0, 1140, 1215, 60, P0
2026/07/31 15:12:28.633, 44.20, 250.00, 0, 1140, 1215, 60, P0
2026/07/31 15:12:28.834, 44.20, 250.00, 0, 1140, 1215, 60, P0
2026/07/31 15:12:29.034, 44.12, 250.00, 0, 1140, 1215, 60, P0
2026/07/31 15:12:29.235, 44.13, 250.00, 0, 1140, 1215, 60, P0
2026/07/31 15:12:29.435, 44.20, 250.00, 0, 1140, 1215, 59, P0
2026/07/31 15:12:29.636, 44.04, 250.00, 0, 1140, 1215, 59, P0
2026/07/31 15:12:29.836, 44.04, 250.00, 0, 1140, 1215, 59, P0
2026/07/31 15:12:30.036, 44.04, 250.00, 0, 1140, 1215, 59, P0
2026/07/31 15:12:30.237, 44.03, 250.00, 0, 1140, 1215, 59, P0
2026/07/31 15:12:30.437, 44.01, 250.00, 0, 1140, 1215, 59, P0
2026/07/31 15:12:30.638, 43.90, 250.00, 0, 1140, 1215, 59, P0
2026/07/31 15:12:30.838, 43.83, 250.00, 0, 1140, 1215, 59, P0
2026/07/31 15:12:31.038, 43.90, 250.00, 0, 1140, 1215, 59, P0
2026/07/31 15:12:31.239, 43.82, 250.00, 0, 1140, 1215, 59, P0
2026/07/31 15:12:31.439, 43.90, 250.00, 0, 1140, 1215, 59, P0
2026/07/31 15:12:31.639, 43.90, 250.00, 0, 1140, 1215, 59, P0
2026/07/31 15:12:31.840, 43.79, 250.00, 0, 1140, 1215, 59, P0
2026/07/31 15:12:32.040, 43.81, 250.00, 0, 1140, 1215, 59, P0
2026/07/31 15:12:32.241, 43.62, 250.00, 0, 1140, 1215, 59, P0
2026/07/31 15:12:32.441, 43.72, 250.00, 0, 1140, 1215, 59, P0
2026/07/31 15:12:32.642, 43.72, 250.00, 0, 1140, 1215, 59, P0
2026/07/31 15:12:32.842, 43.63, 250.00, 0, 1140, 1215, 59, P0
2026/07/31 15:12:33.042, 43.72, 250.00, 0, 1140, 1215, 59, P0
2026/07/31 15:12:33.243, 43.62, 250.00, 0, 1140, 1215, 59, P0
2026/07/31 15:12:33.443, 43.62, 250.00, 0, 1140, 1215, 58, P0
2026/07/31 15:12:33.644, 43.62, 250.00, 0, 1140, 1215, 58, P0
2026/07/31 15:12:33.844, 43.54, 250.00, 0, 1140, 1215, 58, P0
2026/07/31 15:12:34.044, 43.51, 250.00, 0, 1140, 1215, 58, P0
2026/07/31 15:12:34.245, 43.53, 250.00, 0, 1140, 1215, 58, P0
2026/07/31 15:12:34.445, 43.51, 250.00, 0, 1140, 1215, 58, P0
2026/07/31 15:12:34.646, 43.51, 250.00, 0, 1140, 1215, 58, P0
2026/07/31 15:12:34.846, 43.51, 250.00, 0, 1140, 1215, 58, P0
2026/07/31 15:12:35.047, 43.43, 250.00, 0, 1140, 1215, 58, P0
2026/07/31 15:12:35.247, 43.44, 250.00, 0, 1140, 1215, 58, P0
2026/07/31 15:12:35.447, 43.63, 250.00, 0, 1140, 1215, 58, P0
2026/07/31 15:12:35.648, 43.68, 250.00, 0, 1140, 1215, 58, P0
2026/07/31 15:12:35.848, 43.62, 250.00, 0, 1140, 1215, 58, P0
2026/07/31 15:12:36.049, 43.63, 250.00, 0, 1140, 1215, 58, P0
2026/07/31 15:12:36.249, 43.63, 250.00, 0, 1140, 1215, 58, P0
2026/07/31 15:12:36.450, 43.53, 250.00, 0, 1140, 1215, 58, P0
2026/07/31 15:12:36.650, 43.49, 250.00, 0, 1140, 1215, 58, P0
2026/07/31 15:12:36.850, 43.51, 250.00, 0, 1140, 1215, 58, P0
2026/07/31 15:12:37.051, 43.48, 250.00, 0, 1140, 1215, 58, P0
2026/07/31 15:12:37.251, 43.51, 250.00, 0, 1140, 1215, 58, P0
2026/07/31 15:12:37.452, 43.33, 250.00, 0, 1140, 1215, 58, P0
2026/07/31 15:12:37.652, 43.32, 250.00, 0, 1140, 1215, 57, P0
2026/07/31 15:12:37.852, 43.41, 250.00, 0, 1140, 1215, 57, P0
2026/07/31 15:12:38.053, 43.22, 250.00, 0, 1140, 1215, 57, P0
2026/07/31 15:12:38.253, 43.24, 250.00, 0, 1140, 1215, 57, P0
2026/07/31 15:12:38.454, 43.44, 250.00, 0, 1140, 1215, 57, P0
2026/07/31 15:12:38.654, 43.14, 250.00, 0, 1140, 1215, 57, P0
2026/07/31 15:12:38.854, 43.14, 250.00, 0, 1140, 1215, 57, P0
2026/07/31 15:12:39.055, 43.05, 250.00, 0, 1140, 1215, 57, P0
2026/07/31 15:12:39.255, 43.14, 250.00, 0, 1140, 1215, 57, P0
2026/07/31 15:12:39.456, 43.04, 250.00, 0, 1140, 1215, 57, P0
2026/07/31 15:12:39.656, 43.12, 250.00, 0, 1140, 1215, 57, P0
2026/07/31 15:12:39.856, 42.95, 250.00, 0, 1140, 1215, 57, P0
2026/07/31 15:12:40.057, 42.91, 250.00, 0, 1140, 1215, 57, P0
2026/07/31 15:12:40.257, 42.95, 250.00, 0, 1140, 1215, 57, P0
2026/07/31 15:12:40.458, 42.86, 250.00, 0, 1140, 1215, 57, P0
2026/07/31 15:12:40.658, 42.94, 250.00, 0, 1140, 1215, 57, P0
2026/07/31 15:12:40.858, 42.94, 250.00, 0, 1140, 1215, 57, P0
2026/07/31 15:12:41.059, 42.86, 250.00, 0, 1140, 1215, 57, P0
2026/07/31 15:12:41.259, 42.86, 250.00, 0, 1140, 1215, 57, P0
2026/07/31 15:12:41.460, 187.28, 250.00, 0, 1140, 1215, 62, P0
2026/07/31 15:12:41.660, 189.07, 250.00, 40, 1305, 1215, 63, P0
2026/07/31 15:12:41.860, 241.03, 250.00, 100, 1305, 1215, 66, P0
2026/07/31 15:12:42.061, 251.87, 250.00, 95, 1305, 1215, 67, P0
2026/07/31 15:12:42.261, 254.87, 250.00, 100, 1320, 1215, 67, P0
2026/07/31 15:12:42.462, 256.57, 250.00, 100, 1290, 1215, 68, P0
2026/07/31 15:12:42.662, 256.61, 250.00, 95, 1290, 1215, 69, P0
2026/07/31 15:12:42.862, 253.32, 250.00, 100, 1290, 1215, 69, P0
2026/07/31 15:12:43.063, 248.54, 250.00, 89, 1305, 1215, 69, P0
2026/07/31 15:12:43.263, 263.90, 250.00, 100, 1290, 1215, 70, P0
2026/07/31 15:12:43.464, 253.51, 250.00, 95, 1305, 1215, 70, P0
2026/07/31 15:12:43.664, 248.90, 250.00, 100, 1275, 1215, 70, P0
2026/07/31 15:12:43.864, 230.74, 250.00, 100, 1410, 1215, 66, P0
2026/07/31 15:12:44.065, 234.60, 250.00, 100, 1410, 1215, 66, P0
2026/07/31 15:12:44.266, 232.87, 250.00, 100, 1410, 1215, 66, P0
2026/07/31 15:12:44.466, 232.54, 250.00, 100, 1410, 1215, 66, P0
2026/07/31 15:12:44.666, 236.90, 250.00, 100, 1410, 1215, 66, P0
2026/07/31 15:12:44.867, 234.60, 250.00, 100, 1410, 1215, 66, P0
2026/07/31 15:12:45.067, 233.06, 250.00, 100, 1410, 1215, 66, P0
2026/07/31 15:12:45.268, 232.36, 250.00, 100, 1410, 1215, 66, P0
2026/07/31 15:12:45.468, 236.46, 250.00, 100, 1410, 1215, 66, P0
2026/07/31 15:12:45.669, 234.33, 250.00, 100, 1410, 1215, 66, P0
2026/07/31 15:12:45.869, 233.62, 250.00, 100, 1410, 1215, 66, P0
2026/07/31 15:12:46.070, 232.70, 250.00, 100, 1410, 1215, 66, P0
2026/07/31 15:12:46.270, 236.24, 250.00, 100, 1410, 1215, 66, P0
2026/07/31 15:12:46.471, 234.49, 250.00, 100, 1410, 1215, 67, P0
2026/07/31 15:12:46.671, 233.75, 250.00, 100, 1410, 1215, 67, P0
2026/07/31 15:12:46.872, 253.53, 250.00, 100, 1335, 1215, 69, P0
2026/07/31 15:12:47.072, 238.74, 250.00, 86, 1275, 1215, 70, P0
2026/07/31 15:12:47.273, 183.28, 250.00, 100, 1275, 1215, 70, P0
2026/07/31 15:12:47.473, 251.11, 250.00, 100, 1290, 1215, 71, P0
2026/07/31 15:12:47.674, 246.91, 250.00, 96, 1290, 1215, 71, P0
2026/07/31 15:12:47.874, 242.90, 250.00, 100, 1290, 1215, 72, P0
2026/07/31 15:12:48.075, 246.01, 250.00, 96, 1290, 1215, 72, P0
2026/07/31 15:12:48.275, 256.51, 250.00, 100, 1290, 1215, 72, P0
2026/07/31 15:12:48.476, 251.99, 250.00, 92, 1290, 1215, 72, P0
2026/07/31 15:12:48.676, 180.13, 250.00, 100, 1305, 1215, 71, P0
2026/07/31 15:12:48.877, 249.65, 250.00, 100, 1290, 1215, 72, P0
2026/07/31 15:12:49.077, 244.13, 250.00, 96, 1290, 1215, 72, P0
2026/07/31 15:12:49.277, 226.92, 250.00, 100, 1395, 1215, 69, P0
2026/07/31 15:12:49.478, 237.22, 250.00, 100, 1410, 1215, 69, P0
2026/07/31 15:12:49.679, 238.27, 250.00, 100, 1410, 1215, 69, P0
2026/07/31 15:12:49.879, 236.83, 250.00, 100, 1410, 1215, 68, P0
2026/07/31 15:12:50.080, 235.66, 250.00, 100, 1410, 1215, 68, P0
2026/07/31 15:12:50.280, 235.48, 250.00, 100, 1410, 1215, 68, P0
2026/07/31 15:12:50.481, 237.87, 250.00, 100, 1410, 1215, 68, P0
2026/07/31 15:12:50.681, 236.41, 250.00, 100, 1410, 1215, 68, P0
2026/07/31 15:12:50.882, 235.64, 250.00, 100, 1410, 1215, 68, P0
2026/07/31 15:12:51.083, 238.48, 250.00, 100, 1410, 1215, 68, P0
2026/07/31 15:12:51.283, 239.48, 250.00, 100, 1410, 1215, 69, P0
2026/07/31 15:12:51.484, 236.66, 250.00, 100, 1410, 1215, 69, P0
2026/07/31 15:12:51.684, 236.22, 250.00, 100, 1410, 1215, 69, P0
2026/07/31 15:12:51.885, 235.64, 250.00, 100, 1410, 1215, 69, P0
2026/07/31 15:12:52.085, 240.60, 250.00, 100, 1410, 1215, 69, P0
2026/07/31 15:12:52.286, 237.80, 250.00, 100, 1410, 1215, 69, P0
2026/07/31 15:12:52.486, 147.08, 250.00, 100, 1275, 1215, 72, P0
2026/07/31 15:12:52.688, 242.58, 250.00, 93, 1290, 1215, 73, P0
2026/07/31 15:12:52.889, 255.97, 250.00, 100, 1290, 1215, 73, P0
2026/07/31 15:12:53.089, 255.55, 250.00, 95, 1275, 1215, 73, P0
2026/07/31 15:12:53.290, 243.54, 250.00, 100, 1290, 1215, 74, P0
2026/07/31 15:12:53.490, 253.91, 250.00, 95, 1290, 1215, 74, P0
2026/07/31 15:12:53.691, 252.37, 250.00, 100, 1335, 1215, 73, P0
2026/07/31 15:12:53.891, 252.57, 250.00, 96, 1290, 1215, 74, P0
2026/07/31 15:12:54.092, 246.11, 250.00, 100, 1260, 1215, 74, P0
2026/07/31 15:12:54.292, 284.01, 250.00, 100, 1290, 1215, 74, P0
2026/07/31 15:12:54.493, 242.69, 250.00, 75, 1290, 1215, 74, P0
2026/07/31 15:12:54.693, 251.31, 250.00, 100, 1335, 1215, 73, P0
2026/07/31 15:12:54.894, 232.65, 250.00, 100, 1410, 1215, 71, P0
2026/07/31 15:12:55.094, 237.44, 250.00, 100, 1410, 1215, 70, P0
2026/07/31 15:12:55.295, 240.70, 250.00, 100, 1410, 1215, 70, P0
2026/07/31 15:12:55.495, 239.74, 250.00, 100, 1410, 1215, 70, P0
2026/07/31 15:12:55.696, 238.07, 250.00, 100, 1410, 1215, 70, P0
2026/07/31 15:12:55.896, 236.85, 250.00, 100, 1410, 1215, 70, P0
2026/07/31 15:12:56.097, 241.67, 250.00, 100, 1410, 1215, 70, P0
2026/07/31 15:12:56.298, 239.92, 250.00, 100, 1410, 1215, 70, P0
2026/07/31 15:12:56.498, 238.37, 250.00, 100, 1410, 1215, 70, P0
2026/07/31 15:12:56.699, 237.59, 250.00, 100, 1410, 1215, 70, P0
2026/07/31 15:12:56.899, 242.21, 250.00, 100, 1410, 1215, 70, P0
2026/07/31 15:12:57.100, 234.87, 250.00, 100, 1410, 1215, 70, P0
2026/07/31 15:12:57.300, 237.13, 250.00, 100, 1410, 1215, 70, P0
2026/07/31 15:12:57.501, 241.10, 250.00, 100, 1410, 1215, 70, P0
2026/07/31 15:12:57.701, 239.15, 250.00, 100, 1410, 1215, 70, P0
2026/07/31 15:12:57.902, 76.04, 250.00, 100, 1410, 1215, 68, P0
2026/07/31 15:12:58.102, 65.71, 250.00, 37, 1410, 1215, 66, P0
2026/07/31 15:12:58.303, 64.93, 250.00, 0, 1410, 1215, 65, P0
2026/07/31 15:12:58.503, 64.51, 250.00, 0, 1410, 1215, 65, P0
2026/07/31 15:12:58.703, 64.02, 250.00, 0, 1410, 1215, 64, P0
2026/07/31 15:12:58.904, 63.87, 250.00, 0, 1410, 1215, 64, P0
2026/07/31 15:12:59.104, 63.72, 250.00, 0, 1410, 1215, 64, P0
2026/07/31 15:12:59.305, 63.40, 250.00, 0, 1410, 1215, 64, P0
2026/07/31 15:12:59.505, 63.35, 250.00, 0, 1410, 1215, 63, P0
2026/07/31 15:12:59.705, 45.90, 250.00, 0, 1140, 1215, 63, P0
2026/07/31 15:12:59.906, 45.61, 250.00, 0, 1140, 1215, 62, P0
2026/07/31 15:13:00.106, 45.48, 250.00, 0, 1140, 1215, 62, P0
2026/07/31 15:13:00.307, 45.40, 250.00, 0, 1140, 1215, 62, P0
2026/07/31 15:13:00.507, 45.32, 250.00, 0, 1140, 1215, 62, P0
2026/07/31 15:13:00.707, 45.22, 250.00, 0, 1140, 1215, 62, P0
2026/07/31 15:13:00.908, 45.12, 250.00, 0, 1140, 1215, 62, P0
2026/07/31 15:13:01.108, 45.08, 250.00, 0, 1140, 1215, 61, P0
2026/07/31 15:13:01.309, 44.99, 250.00, 0, 1140, 1215, 61, P0
2026/07/31 15:13:01.509, 44.93, 250.00, 0, 1140, 1215, 61, P0
2026/07/31 15:13:01.709, 44.90, 250.00, 0, 1140, 1215, 61, P0
2026/07/31 15:13:01.910, 44.80, 250.00, 0, 1140, 1215, 61, P0
2026/07/31 15:13:02.110, 44.82, 250.00, 0, 1140, 1215, 61, P0
2026/07/31 15:13:02.311, 44.72, 250.00, 0, 1140, 1215, 61, P0
2026/07/31 15:13:02.511, 44.72, 250.00, 0, 1140, 1215, 61, P0
2026/07/31 15:13:02.711, 44.73, 250.00, 0, 1140, 1215, 61, P0
2026/07/31 15:13:02.913, 44.54, 250.00, 0, 1140, 1215, 61, P0
2026/07/31 15:13:03.114, 44.54, 250.00, 0, 1140, 1215, 60, P0
2026/07/31 15:13:03.314, 44.54, 250.00, 0, 1140, 1215, 60, P0
2026/07/31 15:13:03.514, 44.44, 250.00, 0, 1140, 1215, 60, P0
2026/07/31 15:13:03.714, 44.42, 250.00, 0, 1140, 1215, 60, P0
2026/07/31 15:13:03.915, 44.41, 250.00, 0, 1140, 1215, 60, P0
2026/07/31 15:13:04.115, 44.40, 250.00, 0, 1140, 1215, 60, P0
2026/07/31 15:13:04.316, 44.33, 250.00, 0, 1140, 1215, 60, P0
2026/07/31 15:13:04.516, 44.33, 250.00, 0, 1140, 1215, 60, P0
2026/07/31 15:13:04.716, 44.22, 250.00, 0, 1140, 1215, 60, P0
2026/07/31 15:13:04.917, 44.30, 250.00, 0, 1140, 1215, 60, P0
2026/07/31 15:13:05.117, 44.22, 250.00, 0, 1140, 1215, 60, P0
2026/07/31 15:13:05.318, 44.04, 250.00, 0, 1140, 1215, 60, P0
2026/07/31 15:13:05.518, 44.13, 250.00, 0, 1140, 1215, 60, P0
2026/07/31 15:13:05.718, 44.13, 250.00, 0, 1140, 1215, 60, P0
2026/07/31 15:13:05.919, 44.04, 250.00, 0, 1140, 1215, 60, P0
2026/07/31 15:13:06.119, 44.03, 250.00, 0, 1140, 1215, 59, P0
2026/07/31 15:13:06.320, 44.04, 250.00, 0, 1140, 1215, 59, P0
2026/07/31 15:13:06.520, 44.32, 250.00, 0, 1140, 1215, 59, P0
2026/07/31 15:13:06.720, 44.23, 250.00, 0, 1140, 1215, 59, P0
2026/07/31 15:13:06.921, 44.30, 250.00, 0, 1140, 1215, 59, P0
2026/07/31 15:13:07.121, 44.23, 250.00, 0, 1140, 1215, 59, P0
2026/07/31 15:13:07.321, 44.11, 250.00, 0, 1140, 1215, 59, P0
2026/07/31 15:13:07.522, 44.11, 250.00, 0, 1140, 1215, 59, P0
2026/07/31 15:13:07.723, 44.13, 250.00, 0, 1140, 1215, 59, P0
2026/07/31 15:13:07.926, 44.03, 250.00, 0, 1140, 1215, 59, P0
2026/07/31 15:13:08.127, 43.93, 250.00, 0, 1140, 1215, 59, P0
2026/07/31 15:13:08.327, 43.83, 250.00, 0, 1140, 1215, 59, P0
2026/07/31 15:13:08.528, 43.80, 250.00, 0, 1140, 1215, 59, P0
2026/07/31 15:13:08.729, 43.73, 250.00, 0, 1140, 1215, 59, P0
2026/07/31 15:13:08.929, 43.83, 250.00, 0, 1140, 1215, 59, P0
2026/07/31 15:13:09.130, 43.73, 250.00, 0, 1140, 1215, 59, P0
2026/07/31 15:13:09.331, 43.63, 250.00, 0, 1140, 1215, 59, P0
2026/07/31 15:13:09.531, 43.72, 250.00, 0, 1140, 1215, 59, P0
2026/07/31 15:13:09.731, 43.63, 250.00, 0, 1140, 1215, 58, P0
2026/07/31 15:13:09.932, 43.54, 250.00, 0, 1140, 1215, 58, P0
2026/07/31 15:13:10.133, 43.51, 250.00, 0, 1140, 1215, 58, P0
2026/07/31 15:13:10.333, 43.43, 250.00, 0, 1140, 1215, 58, P0
2026/07/31 15:13:10.533, 43.44, 250.00, 0, 1140, 1215, 58, P0
2026/07/31 15:13:10.734, 43.53, 250.00, 0, 1140, 1215, 58, P0
2026/07/31 15:13:10.934, 43.51, 250.00, 0, 1140, 1215, 58, P0
2026/07/31 15:13:11.135, 43.43, 250.00, 0, 1140, 1215, 58, P0
2026/07/31 15:13:11.335, 43.34, 250.00, 0, 1140, 1215, 58, P0
2026/07/31 15:13:11.535, 43.34, 250.00, 0, 1140, 1215, 58, P0
2026/07/31 15:13:11.736, 43.25, 250.00, 0, 1140, 1215, 58, P0
2026/07/31 15:13:11.936, 43.25, 250.00, 0, 1140, 1215, 58, P0
2026/07/31 15:13:12.137, 43.25, 250.00, 0, 1140, 1215, 58, P0
2026/07/31 15:13:12.337, 43.14, 250.00, 0, 1140, 1215, 58, P0
2026/07/31 15:13:12.538, 43.15, 250.00, 0, 1140, 1215, 58, P0
2026/07/31 15:13:12.738, 43.15, 250.00, 0, 1140, 1215, 58, P0
2026/07/31 15:13:12.938, 43.15, 250.00, 0, 1140, 1215, 58, P0
2026/07/31 15:13:13.139, 43.11, 250.00, 0, 1140, 1215, 58, P0
2026/07/31 15:13:13.339, 43.14, 250.00, 0, 1140, 1215, 58, P0
2026/07/31 15:13:13.540, 43.04, 250.00, 0, 1140, 1215, 58, P0
2026/07/31 15:13:13.740, 43.04, 250.00, 0, 1140, 1215, 58, P0
2026/07/31 15:13:13.940, 43.03, 250.00, 0, 1140, 1215, 57, P0
2026/07/31 15:13:14.141, 42.94, 250.00, 0, 1140, 1215, 57, P0
2026/07/31 15:13:14.341, 43.04, 250.00, 0, 1140, 1215, 57, P0
2026/07/31 15:13:14.542, 43.04, 250.00, 0, 1140, 1215, 57, P0
2026/07/31 15:13:14.742, 42.92, 250.00, 0, 1140, 1215, 57, P0
2026/07/31 15:13:14.942, 42.95, 250.00, 0, 1140, 1215, 57, P0
2026/07/31 15:13:15.143, 42.86, 250.00, 0, 1140, 1215, 57, P0
2026/07/31 15:13:15.343, 42.95, 250.00, 0, 1140, 1215, 57, P0
2026/07/31 15:13:15.543, 42.86, 250.00, 0, 1140, 1215, 57, P0
2026/07/31 15:13:15.744, 42.83, 250.00, 0, 1140, 1215, 57, P0
2026/07/31 15:13:15.944, 42.85, 250.00, 0, 1140, 1215, 57, P0
2026/07/31 15:13:16.145, 42.92, 250.00, 0, 1140, 1215, 57, P0
2026/07/31 15:13:16.345, 42.75, 250.00, 0, 1140, 1215, 57, P0
2026/07/31 15:13:16.545, 42.76, 250.00, 0, 1140, 1215, 57, P0
2026/07/31 15:13:16.746, 42.73, 250.00, 0, 1140, 1215, 57, P0
2026/07/31 15:13:16.946, 42.75, 250.00, 0, 1140, 1215, 57, P0
2026/07/31 15:13:17.146, 42.65, 250.00, 0, 1140, 1215, 57, P0
2026/07/31 15:13:17.347, 42.66, 250.00, 0, 1140, 1215, 57, P0
2026/07/31 15:13:17.547, 42.66, 250.00, 0, 1140, 1215, 57, P0
2026/07/31 15:13:17.747, 42.65, 250.00, 0, 1140, 1215, 57, P0
2026/07/31 15:13:17.948, 42.66, 250.00, 0, 1140, 1215, 57, P0
2026/07/31 15:13:18.148, 42.55, 250.00, 0, 1140, 1215, 57, P0
2026/07/31 15:13:18.349, 42.44, 250.00, 0, 1140, 1215, 57, P0
2026/07/31 15:13:18.549, 42.45, 250.00, 0, 1140, 1215, 56, P0
2026/07/31 15:13:18.749, 42.55, 250.00, 0, 1140, 1215, 56, P0
2026/07/31 15:13:18.950, 42.45, 250.00, 0, 1140, 1215, 56, P0
2026/07/31 15:13:19.150, 42.43, 250.00, 0, 1140, 1215, 56, P0
2026/07/31 15:13:19.350, 42.55, 250.00, 0, 1140, 1215, 56, P0
2026/07/31 15:13:19.551, 42.44, 250.00, 0, 1140, 1215, 56, P0
2026/07/31 15:13:19.751, 42.44, 250.00, 0, 1140, 1215, 56, P0
2026/07/31 15:13:19.952, 42.44, 250.00, 0, 1140, 1215, 56, P0
2026/07/31 15:13:20.152, 42.25, 250.00, 0, 1140, 1215, 56, P0
2026/07/31 15:13:20.352, 42.36, 250.00, 0, 1140, 1215, 56, P0
2026/07/31 15:13:20.553, 42.26, 250.00, 0, 1140, 1215, 56, P0
2026/07/31 15:13:20.753, 42.25, 250.00, 0, 1140, 1215, 56, P0
2026/07/31 15:13:20.953, 42.36, 250.00, 0, 1140, 1215, 56, P0
2026/07/31 15:13:21.154, 42.26, 250.00, 0, 1140, 1215, 56, P0
2026/07/31 15:13:21.354, 42.26, 250.00, 0, 1140, 1215, 56, P0
2026/07/31 15:13:21.555, 42.26, 250.00, 0, 1140, 1215, 56, P0
2026/07/31 15:13:21.755, 42.27, 250.00, 0, 1140, 1215, 56, P0
2026/07/31 15:13:21.955, 42.25, 250.00, 0, 1140, 1215, 56, P0
2026/07/31 15:13:22.156, 42.23, 250.00, 0, 1140, 1215, 56, P0
2026/07/31 15:13:22.356, 42.15, 250.00, 0, 1140, 1215, 56, P0
2026/07/31 15:13:22.557, 42.26, 250.00, 0, 1140, 1215, 56, P0
2026/07/31 15:13:22.757, 42.15, 250.00, 0, 1140, 1215, 56, P0
2026/07/31 15:13:22.957, 42.13, 250.00, 0, 1140, 1215, 56, P0
2026/07/31 15:13:23.158, 42.13, 250.00, 0, 1140, 1215, 56, P0
2026/07/31 15:13:23.358, 42.16, 250.00, 0, 1140, 1215, 55, P0
2026/07/31 15:13:23.559, 42.06, 250.00, 0, 1140, 1215, 55, P0
2026/07/31 15:13:23.759, 42.06, 250.00, 0, 1140, 1215, 55, P0
2026/07/31 15:13:23.960, 42.14, 250.00, 0, 1140, 1215, 55, P0
2026/07/31 15:13:24.160, 42.06, 250.00, 0, 1140, 1215, 55, P0
2026/07/31 15:13:24.361, 41.96, 250.00, 0, 1140, 1215, 55, P0
2026/07/31 15:13:24.561, 41.97, 250.00, 0, 1140, 1215, 55, P0
2026/07/31 15:13:24.762, 41.97, 250.00, 0, 1140, 1215, 55, P0
2026/07/31 15:13:24.962, 41.96, 250.00, 0, 1140, 1215, 55, P0
2026/07/31 15:13:25.162, 42.04, 250.00, 0, 1140, 1215, 55, P0
2026/07/31 15:13:25.363, 41.97, 250.00, 0, 1140, 1215, 55, P0
2026/07/31 15:13:25.563, 41.96, 250.00, 0, 1140, 1215, 55, P0
2026/07/31 15:13:25.764, 42.05, 250.00, 0, 1140, 1215, 55, P0
2026/07/31 15:13:25.964, 42.15, 250.00, 0, 1140, 1215, 55, P0
2026/07/31 15:13:26.165, 42.15, 250.00, 0, 1140, 1215, 55, P0
2026/07/31 15:13:26.365, 42.16, 250.00, 0, 1140, 1215, 55, P0
2026/07/31 15:13:26.565, 42.16, 250.00, 0, 1140, 1215, 55, P0
2026/07/31 15:13:26.766, 42.16, 250.00, 0, 1140, 1215, 55, P0
2026/07/31 15:13:26.966, 42.05, 250.00, 0, 1140, 1215, 55, P0
2026/07/31 15:13:27.166, 42.06, 250.00, 0, 1140, 1215, 55, P0
2026/07/31 15:13:27.367, 41.98, 250.00, 0, 1140, 1215, 55, P0
2026/07/31 15:13:27.567, 41.86, 250.00, 0, 1140, 1215, 55, P0
2026/07/31 15:13:27.768, 41.87, 250.00, 0, 1140, 1215, 55, P0
2026/07/31 15:13:27.968, 41.95, 250.00, 0, 1140, 1215, 55, P0
2026/07/31 15:13:28.169, 41.90, 250.00, 0, 1140, 1215, 55, P0
2026/07/31 15:13:28.369, 41.88, 250.00, 0, 1140, 1215, 55, P0
2026/07/31 15:13:28.569, 41.77, 250.00, 0, 1140, 1215, 55, P0
2026/07/31 15:13:28.770, 41.75, 250.00, 0, 1140, 1215, 55, P0
2026/07/31 15:13:28.970, 41.75, 250.00, 0, 1140, 1215, 54, P0
2026/07/31 15:13:29.171, 41.75, 250.00, 0, 1140, 1215, 54, P0
2026/07/31 15:13:29.371, 41.65, 250.00, 0, 1140, 1215, 54, P0
2026/07/31 15:13:29.571, 41.56, 250.00, 0, 1140, 1215, 54, P0
2026/07/31 15:13:29.772, 41.58, 250.00, 0, 1140, 1215, 54, P0
2026/07/31 15:13:29.972, 41.58, 250.00, 0, 1140, 1215, 54, P0
2026/07/31 15:13:30.173, 41.66, 250.00, 10, 1140, 1215, 54, P0
2026/07/31 15:13:30.373, 41.68, 250.00, 0, 1140, 1215, 54, P0
2026/07/31 15:13:30.573, 41.56, 250.00, 0, 1140, 1215, 54, P0
2026/07/31 15:13:30.774, 41.58, 250.00, 0, 1140, 1215, 54, P0
2026/07/31 15:13:30.974, 41.46, 250.00, 0, 1140, 1215, 54, P0
2026/07/31 15:13:31.174, 169.38, 250.00, 5, 1140, 1215, 58, P0
2026/07/31 15:13:31.375, 232.73, 250.00, 100, 1305, 1215, 61, P0
2026/07/31 15:13:31.575, 254.91, 250.00, 100, 1365, 1215, 63, P0
2026/07/31 15:13:31.776, 258.22, 250.00, 96, 1305, 1215, 65, P0
2026/07/31 15:13:31.976, 251.93, 250.00, 100, 1290, 1215, 65, P0
2026/07/31 15:13:32.177, 243.15, 250.00, 96, 1275, 1215, 66, P0
2026/07/31 15:13:32.377, 248.86, 250.00, 100, 1305, 1215, 66, P0
2026/07/31 15:13:32.578, 252.56, 250.00, 96, 1290, 1215, 66, P0
2026/07/31 15:13:32.778, 250.12, 250.00, 100, 1305, 1215, 67, P0
2026/07/31 15:13:32.979, 202.20, 250.00, 100, 1335, 1215, 67, P0
2026/07/31 15:13:33.179, 259.47, 250.00, 96, 1290, 1215, 67, P0
2026/07/31 15:13:33.380, 255.63, 250.00, 100, 1275, 1215, 67, P0
2026/07/31 15:13:33.580, 253.58, 250.00, 96, 1305, 1215, 68, P0
2026/07/31 15:13:33.780, 256.62, 250.00, 100, 1290, 1215, 68, P0
2026/07/31 15:13:33.981, 162.20, 250.00, 100, 1320, 1215, 67, P0
2026/07/31 15:13:34.181, 252.06, 250.00, 95, 1305, 1215, 68, P0
2026/07/31 15:13:34.382, 254.84, 250.00, 100, 1275, 1215, 68, P0
2026/07/31 15:13:34.582, 257.66, 250.00, 95, 1290, 1215, 68, P0
2026/07/31 15:13:34.783, 256.71, 250.00, 100, 1290, 1215, 69, P0
2026/07/31 15:13:34.983, 254.70, 250.00, 100, 1305, 1215, 69, P0
2026/07/31 15:13:35.184, 253.24, 250.00, 95, 1290, 1215, 69, P0
2026/07/31 15:13:35.384, 248.24, 250.00, 100, 1290, 1215, 69, P0
2026/07/31 15:13:35.584, 200.29, 250.00, 100, 1335, 1215, 69, P0
2026/07/31 15:13:35.785, 254.45, 250.00, 95, 1305, 1215, 69, P0
2026/07/31 15:13:35.985, 240.55, 250.00, 100, 1290, 1215, 69, P0
2026/07/31 15:13:36.186, 211.75, 250.00, 100, 1380, 1215, 67, P0
2026/07/31 15:13:36.386, 232.51, 250.00, 100, 1410, 1215, 65, P0
2026/07/31 15:13:36.587, 235.80, 250.00, 100, 1410, 1215, 65, P0
2026/07/31 15:13:36.787, 231.58, 250.00, 100, 1410, 1215, 65, P0
2026/07/31 15:13:36.988, 234.71, 250.00, 100, 1410, 1215, 65, P0
2026/07/31 15:13:37.189, 236.27, 250.00, 100, 1410, 1215, 65, P0
2026/07/31 15:13:37.389, 235.29, 250.00, 100, 1410, 1215, 65, P0
2026/07/31 15:13:37.590, 233.96, 250.00, 100, 1410, 1215, 65, P0
2026/07/31 15:13:37.790, 233.18, 250.00, 100, 1410, 1215, 65, P0
2026/07/31 15:13:37.991, 233.44, 250.00, 100, 1410, 1215, 65, P0
2026/07/31 15:13:38.191, 233.14, 250.00, 100, 1410, 1215, 65, P0
2026/07/31 15:13:38.392, 232.00, 250.00, 100, 1410, 1215, 65, P0
2026/07/31 15:13:38.592, 232.47, 250.00, 100, 1410, 1215, 65, P0
2026/07/31 15:13:38.792, 232.17, 250.00, 100, 1410, 1215, 65, P0
2026/07/31 15:13:38.993, 232.62, 250.00, 100, 1410, 1215, 65, P0
2026/07/31 15:13:39.193, 236.38, 250.00, 100, 1410, 1215, 65, P0
2026/07/31 15:13:39.394, 305.66, 250.00, 80, 1335, 1215, 66, P0
2026/07/31 15:13:39.594, 238.44, 250.00, 100, 1275, 1215, 69, P0
2026/07/31 15:13:39.795, 206.13, 250.00, 100, 1350, 1215, 69, P0
2026/07/31 15:13:39.995, 253.93, 250.00, 96, 1290, 1215, 70, P0
2026/07/31 15:13:40.196, 256.90, 250.00, 100, 1290, 1215, 71, P0
2026/07/31 15:13:40.396, 252.49, 250.00, 95, 1290, 1215, 71, P0
2026/07/31 15:13:40.596, 241.38, 250.00, 100, 1275, 1215, 71, P0
2026/07/31 15:13:40.797, 158.67, 250.00, 96, 1290, 1215, 71, P0
2026/07/31 15:13:40.997, 244.20, 250.00, 100, 1290, 1215, 71, P0
2026/07/31 15:13:41.198, 254.19, 250.00, 96, 1335, 1215, 71, P0
2026/07/31 15:13:41.398, 254.44, 250.00, 99, 1290, 1215, 71, P0
2026/07/31 15:13:41.599, 255.45, 250.00, 100, 1275, 1215, 71, P0
2026/07/31 15:13:41.799, 244.91, 250.00, 95, 1305, 1215, 71, P0
2026/07/31 15:13:42.000, 250.63, 250.00, 100, 1290, 1215, 72, P0
2026/07/31 15:13:42.200, 254.41, 250.00, 97, 1320, 1215, 71, P0
2026/07/31 15:13:42.400, 249.01, 250.00, 99, 1305, 1215, 72, P0
2026/07/31 15:13:42.601, 251.33, 250.00, 100, 1260, 1215, 72, P0
2026/07/31 15:13:42.801, 186.63, 250.00, 95, 1290, 1215, 72, P0
2026/07/31 15:13:43.002, 245.13, 250.00, 100, 1290, 1215, 72, P0
2026/07/31 15:13:43.202, 242.24, 250.00, 100, 1290, 1215, 72, P0
2026/07/31 15:13:43.403, 267.65, 250.00, 95, 1290, 1215, 72, P0
2026/07/31 15:13:43.603, 259.29, 250.00, 95, 1275, 1215, 72, P0
2026/07/31 15:13:43.803, 247.57, 250.00, 100, 1305, 1215, 72, P0
2026/07/31 15:13:44.004, 248.16, 250.00, 100, 1290, 1215, 73, P0
2026/07/31 15:13:44.204, 254.60, 250.00, 95, 1290, 1215, 73, P0
2026/07/31 15:13:44.416, 250.05, 250.00, 100, 1305, 1215, 73, P0
2026/07/31 15:13:44.617, 231.10, 250.00, 100, 1410, 1215, 69, P0
2026/07/31 15:13:44.819, 239.21, 250.00, 100, 1410, 1215, 68, P0
2026/07/31 15:13:45.019, 238.18, 250.00, 100, 1410, 1215, 68, P0
2026/07/31 15:13:45.220, 237.50, 250.00, 100, 1410, 1215, 68, P0
2026/07/31 15:13:45.420, 236.90, 250.00, 100, 1410, 1215, 68, P0
2026/07/31 15:13:45.621, 236.05, 250.00, 100, 1410, 1215, 68, P0
2026/07/31 15:13:45.821, 235.31, 250.00, 100, 1410, 1215, 68, P0
2026/07/31 15:13:46.022, 235.75, 250.00, 100, 1410, 1215, 68, P0
2026/07/31 15:13:46.222, 235.34, 250.00, 100, 1410, 1215, 68, P0
2026/07/31 15:13:46.423, 235.20, 250.00, 100, 1410, 1215, 68, P0
2026/07/31 15:13:46.623, 234.62, 250.00, 100, 1410, 1215, 68, P0
2026/07/31 15:13:46.824, 238.22, 250.00, 100, 1410, 1215, 68, P0
2026/07/31 15:13:47.024, 240.28, 250.00, 100, 1410, 1215, 68, P0
2026/07/31 15:13:47.225, 238.67, 250.00, 100, 1410, 1215, 68, P0
2026/07/31 15:13:47.425, 237.42, 250.00, 100, 1410, 1215, 68, P0
2026/07/31 15:13:47.626, 237.03, 250.00, 100, 1410, 1215, 67, P0
2026/07/31 15:13:47.826, 242.55, 250.00, 78, 1275, 1215, 71, P0
2026/07/31 15:13:48.027, 253.71, 250.00, 100, 1290, 1215, 72, P0
2026/07/31 15:13:48.227, 241.61, 250.00, 100, 1275, 1215, 72, P0
2026/07/31 15:13:48.428, 248.62, 250.00, 96, 1275, 1215, 73, P0
2026/07/31 15:13:48.628, 270.82, 250.00, 100, 1290, 1215, 73, P0
2026/07/31 15:13:48.829, 252.37, 250.00, 96, 1290, 1215, 73, P0
2026/07/31 15:13:49.029, 162.82, 250.00, 100, 1350, 1215, 73, P0
2026/07/31 15:13:49.230, 249.90, 250.00, 95, 1290, 1215, 74, P0
2026/07/31 15:13:49.430, 249.50, 250.00, 100, 1275, 1215, 74, P0
2026/07/31 15:13:49.631, 248.62, 250.00, 97, 1290, 1215, 74, P0
2026/07/31 15:13:49.831, 252.06, 250.00, 98, 1290, 1215, 74, P0
2026/07/31 15:13:50.031, 245.70, 250.00, 100, 1320, 1215, 74, P0
2026/07/31 15:13:50.232, 253.05, 250.00, 94, 1290, 1215, 74, P0
2026/07/31 15:13:50.432, 251.11, 250.00, 100, 1290, 1215, 74, P0
2026/07/31 15:13:50.633, 249.27, 250.00, 100, 1290, 1215, 74, P0
2026/07/31 15:13:50.833, 256.11, 250.00, 95, 1290, 1215, 74, P0
2026/07/31 15:13:51.034, 247.34, 250.00, 100, 1290, 1215, 75, P0
2026/07/31 15:13:51.234, 251.03, 250.00, 95, 1290, 1215, 74, P0
2026/07/31 15:13:51.435, 249.92, 250.00, 100, 1290, 1215, 75, P0
2026/07/31 15:13:51.635, 273.52, 250.00, 100, 1305, 1215, 75, P0
2026/07/31 15:13:51.835, 248.68, 250.00, 95, 1290, 1215, 75, P0
2026/07/31 15:13:52.038, 250.17, 250.00, 100, 1290, 1215, 75, P0
2026/07/31 15:13:52.238, 248.85, 250.00, 100, 1290, 1215, 75, P0
2026/07/31 15:13:52.439, 255.10, 250.00, 95, 1305, 1215, 75, P0
2026/07/31 15:13:52.639, 251.28, 250.00, 100, 1290, 1215, 75, P0
2026/07/31 15:13:52.840, 240.66, 250.00, 100, 1410, 1215, 72, P0
2026/07/31 15:13:53.042, 241.01, 250.00, 100, 1410, 1215, 71, P0
2026/07/31 15:13:53.247, 240.60, 250.00, 100, 1410, 1215, 71, P0
2026/07/31 15:13:53.448, 239.26, 250.00, 100, 1410, 1215, 71, P0
2026/07/31 15:13:53.649, 239.06, 250.00, 100, 1410, 1215, 71, P0
2026/07/31 15:13:53.849, 238.89, 250.00, 100, 1410, 1215, 71, P0
2026/07/31 15:13:54.050, 238.45, 250.00, 100, 1410, 1215, 71, P0
2026/07/31 15:13:54.251, 238.26, 250.00, 100, 1410, 1215, 71, P0
2026/07/31 15:13:54.451, 238.25, 250.00, 100, 1410, 1215, 71, P0
2026/07/31 15:13:54.652, 237.80, 250.00, 100, 1410, 1215, 71, P0
2026/07/31 15:13:54.852, 241.61, 250.00, 100, 1410, 1215, 71, P0
2026/07/31 15:13:55.053, 242.09, 250.00, 100, 1410, 1215, 71, P0
2026/07/31 15:13:55.253, 242.06, 250.00, 100, 1410, 1215, 71, P0
2026/07/31 15:13:55.454, 240.51, 250.00, 100, 1410, 1215, 71, P0
2026/07/31 15:13:55.654, 239.95, 250.00, 100, 1410, 1215, 71, P0
2026/07/31 15:13:55.855, 239.71, 250.00, 100, 1410, 1215, 71, P0
2026/07/31 15:13:56.096, 66.70, 250.00, 57, 1410, 1215, 66, P0
2026/07/31 15:13:56.296, 65.85, 250.00, 0, 1410, 1215, 65, P0
2026/07/31 15:13:56.496, 65.28, 250.00, 0, 1410, 1215, 65, P0
2026/07/31 15:13:56.697, 65.09, 250.00, 0, 1410, 1215, 65, P0
2026/07/31 15:13:56.900, 64.60, 250.00, 0, 1410, 1215, 64, P0
2026/07/31 15:13:57.100, 64.31, 250.00, 0, 1410, 1215, 64, P0
2026/07/31 15:13:57.300, 64.10, 250.00, 0, 1410, 1215, 64, P0
2026/07/31 15:13:57.501, 63.99, 250.00, 0, 1410, 1215, 64, P0
2026/07/31 15:13:57.701, 63.81, 250.00, 0, 1410, 1215, 63, P0
2026/07/31 15:13:57.902, 49.45, 250.00, 0, 1140, 1215, 63, P0
2026/07/31 15:13:58.109, 45.98, 250.00, 0, 1140, 1215, 63, P0
2026/07/31 15:13:58.309, 45.68, 250.00, 0, 1140, 1215, 62, P0
2026/07/31 15:13:58.510, 45.69, 250.00, 0, 1140, 1215, 62, P0
2026/07/31 15:13:58.710, 45.59, 250.00, 0, 1140, 1215, 62, P0
2026/07/31 15:13:58.910, 45.50, 250.00, 0, 1140, 1215, 62, P0
2026/07/31 15:13:59.111, 45.51, 250.00, 0, 1140, 1215, 62, P0
2026/07/31 15:13:59.311, 45.23, 250.00, 0, 1140, 1215, 62, P0
2026/07/31 15:13:59.512, 45.12, 250.00, 0, 1140, 1215, 62, P0
2026/07/31 15:13:59.712, 45.02, 250.00, 0, 1140, 1215, 61, P0
2026/07/31 15:13:59.912, 45.01, 250.00, 0, 1140, 1215, 61, P0
2026/07/31 15:14:00.113, 44.83, 250.00, 0, 1140, 1215, 61, P0
2026/07/31 15:14:00.313, 44.93, 250.00, 0, 1140, 1215, 61, P0
2026/07/31 15:14:00.514, 44.83, 250.00, 0, 1140, 1215, 61, P0
2026/07/31 15:14:00.714, 44.83, 250.00, 0, 1140, 1215, 61, P0
2026/07/31 15:14:00.914, 44.63, 250.00, 0, 1140, 1215, 61, P0
2026/07/31 15:14:01.115, 44.69, 250.00, 0, 1140, 1215, 61, P0
2026/07/31 15:14:01.315, 44.62, 250.00, 0, 1140, 1215, 61, P0
2026/07/31 15:14:01.516, 44.62, 250.00, 0, 1140, 1215, 61, P0
2026/07/31 15:14:01.716, 44.63, 250.00, 0, 1140, 1215, 61, P0
2026/07/31 15:14:01.916, 44.43, 250.00, 0, 1140, 1215, 60, P0
2026/07/31 15:14:02.117, 44.50, 250.00, 0, 1140, 1215, 60, P0
2026/07/31 15:14:02.317, 44.41, 250.00, 0, 1140, 1215, 60, P0
2026/07/31 15:14:02.518, 44.44, 250.00, 0, 1140, 1215, 60, P0
2026/07/31 15:14:02.718, 44.33, 250.00, 0, 1140, 1215, 60, P0
2026/07/31 15:14:02.921, 44.33, 250.00, 0, 1140, 1215, 60, P0
2026/07/31 15:14:03.122, 44.23, 250.00, 0, 1140, 1215, 60, P0
2026/07/31 15:14:03.322, 44.33, 250.00, 0, 1140, 1215, 60, P0
2026/07/31 15:14:03.522, 44.22, 250.00, 0, 1140, 1215, 60, P0
2026/07/31 15:14:03.723, 44.13, 250.00, 0, 1140, 1215, 60, P0
2026/07/31 15:14:03.923, 44.13, 250.00, 0, 1140, 1215, 60, P0
2026/07/31 15:14:04.123, 44.12, 250.00, 0, 1140, 1215, 60, P0
2026/07/31 15:14:04.324, 44.12, 250.00, 0, 1140, 1215, 60, P0
2026/07/31 15:14:04.524, 44.13, 250.00, 0, 1140, 1215, 60, P0
2026/07/31 15:14:04.725, 44.03, 250.00, 0, 1140, 1215, 60, P0
2026/07/31 15:14:04.925, 43.93, 250.00, 0, 1140, 1215, 59, P0
2026/07/31 15:14:05.125, 44.00, 250.00, 0, 1140, 1215, 59, P0
2026/07/31 15:14:05.326, 43.94, 250.00, 0, 1140, 1215, 59, P0
2026/07/31 15:14:05.526, 43.84, 250.00, 0, 1140, 1215, 59, P0
2026/07/31 15:14:05.726, 43.83, 250.00, 0, 1140, 1215, 59, P0
2026/07/31 15:14:05.927, 43.82, 250.00, 0, 1140, 1215, 59, P0
2026/07/31 15:14:06.127, 43.83, 250.00, 0, 1140, 1215, 59, P0
2026/07/31 15:14:06.328, 43.83, 250.00, 0, 1140, 1215, 59, P0
2026/07/31 15:14:06.528, 43.73, 250.00, 0, 1140, 1215, 59, P0
2026/07/31 15:14:06.728, 43.73, 250.00, 0, 1140, 1215, 59, P0
2026/07/31 15:14:06.929, 43.63, 250.00, 0, 1140, 1215, 59, P0
